site_id,time,temp_c
AQ,2026-03-02T00:00:00.000000,2.173629999
AQ,2026-03-02T01:00:00.000000,2.265526295
AQ,2026-03-02T02:00:00.000000,2.346730232
AQ,2026-03-02T03:00:00.000000,2.345557451
AQ,2026-03-02T04:00:00.000000,2.240067244
AQ,2026-03-02T05:00:00.000000,2.201370239
AQ,2026-03-02T06:00:00.000000,2.196902514
AQ,2026-03-02T07:00:00.000000,2.196680546
AQ,2026-03-02T08:00:00.000000,2.167271376
AQ,2026-03-02T09:00:00.000000,2.143077135
AQ,2026-03-02T10:00:00.000000,2.11717701
AQ,2026-03-02T11:00:00.000000,2.064702034
AQ,2026-03-02T12:00:00.000000,1.999840498
AQ,2026-03-02T13:00:00.000000,1.998433948
AQ,2026-03-02T14:00:00.000000,1.992257237
AQ,2026-03-02T15:00:00.000000,2.003372669
AQ,2026-03-02T16:00:00.000000,1.988704443
AQ,2026-03-02T17:00:00.000000,2.045295715
AQ,2026-03-02T18:00:00.000000,2.111055613
AQ,2026-03-02T19:00:00.000000,2.150773764
AQ,2026-03-02T20:00:00.000000,2.187159061
AQ,2026-03-02T21:00:00.000000,2.186855078
AQ,2026-03-02T22:00:00.000000,2.190638542
AQ,2026-03-02T23:00:00.000000,2.179703712
AQ,2026-03-03T00:00:00.000000,2.178350687
AQ,2026-03-03T01:00:00.000000,2.140571594
AQ,2026-03-03T02:00:00.000000,2.042426825
AQ,2026-03-03T03:00:00.000000,2.005163193
AQ,2026-03-03T04:00:00.000000,2.008277655
AQ,2026-03-03T05:00:00.000000,1.91093421
AQ,2026-03-03T06:00:00.000000,1.852814555
AQ,2026-03-03T07:00:00.000000,1.870723248
AQ,2026-03-03T08:00:00.000000,1.867737532
AQ,2026-03-03T09:00:00.000000,1.851502657
AQ,2026-03-03T10:00:00.000000,1.815075755
AQ,2026-03-03T11:00:00.000000,1.738710284
AQ,2026-03-03T12:00:00.000000,1.717848063
AQ,2026-03-03T13:00:00.000000,1.734201193
AQ,2026-03-03T14:00:00.000000,1.823389292
AQ,2026-03-03T15:00:00.000000,1.940381765
AQ,2026-03-03T16:00:00.000000,2.00833106
AQ,2026-03-03T17:00:00.000000,2.001447439
AQ,2026-03-03T18:00:00.000000,1.955249548
AQ,2026-03-03T19:00:00.000000,1.987240791
AQ,2026-03-03T20:00:00.000000,1.994331121
AQ,2026-03-03T21:00:00.000000,2.014712334
AQ,2026-03-03T22:00:00.000000,2.00011158
AQ,2026-03-03T23:00:00.000000,2.002405643
AQ,2026-03-04T00:00:00.000000,2.020498753
AQ,2026-03-04T01:00:00.000000,2.08763814
AQ,2026-03-04T02:00:00.000000,2.18142724
AQ,2026-03-04T03:00:00.000000,2.218050241
AQ,2026-03-04T04:00:00.000000,2.241497755
AQ,2026-03-04T05:00:00.000000,2.243871212
AQ,2026-03-04T06:00:00.000000,2.176803589
AQ,2026-03-04T07:00:00.000000,2.159875631
AQ,2026-03-04T08:00:00.000000,2.178505182
AQ,2026-03-04T09:00:00.000000,2.171003103
AQ,2026-03-04T10:00:00.000000,2.151202202
AQ,2026-03-04T11:00:00.000000,2.140156269
AQ,2026-03-04T12:00:00.000000,2.144377708
AQ,2026-03-04T13:00:00.000000,2.159955025
AQ,2026-03-04T14:00:00.000000,2.178083897
AQ,2026-03-04T15:00:00.000000,2.214014053
AQ,2026-03-04T16:00:00.000000,2.284016371
AQ,2026-03-04T17:00:00.000000,2.337003708
AQ,2026-03-04T18:00:00.000000,2.40004611
AQ,2026-03-04T19:00:00.000000,2.443820715
AQ,2026-03-04T20:00:00.000000,2.465852499
AQ,2026-03-04T21:00:00.000000,2.471710205
AQ,2026-03-04T22:00:00.000000,2.469495296
AQ,2026-03-04T23:00:00.000000,2.45631814
AQ,2026-03-05T00:00:00.000000,2.430325985
AQ,2026-03-05T01:00:00.000000,2.399099588
AQ,2026-03-05T02:00:00.000000,2.383613825
AQ,2026-03-05T03:00:00.000000,2.367828131
AQ,2026-03-05T04:00:00.000000,2.369145632
AQ,2026-03-05T05:00:00.000000,2.385425568
AQ,2026-03-05T06:00:00.000000,2.388232946
AQ,2026-03-05T07:00:00.000000,2.29703331
AQ,2026-03-05T08:00:00.000000,2.266295433
AQ,2026-03-05T09:00:00.000000,2.287561417
AQ,2026-03-05T10:00:00.000000,2.283890009
AQ,2026-03-05T11:00:00.000000,2.268759489
AQ,2026-03-05T12:00:00.000000,2.263758421
AQ,2026-03-05T13:00:00.000000,2.282963753
AQ,2026-03-05T14:00:00.000000,2.299208164
AQ,2026-03-05T15:00:00.000000,2.329776049
AQ,2026-03-05T16:00:00.000000,2.392244101
AQ,2026-03-05T17:00:00.000000,2.42578721
AQ,2026-03-05T18:00:00.000000,2.448442459
AQ,2026-03-05T19:00:00.000000,2.383134842
AQ,2026-03-05T20:00:00.000000,2.395955086
AQ,2026-03-05T21:00:00.000000,2.420224667
AQ,2026-03-05T22:00:00.000000,2.431815147
AQ,2026-03-05T23:00:00.000000,2.434407711
AQ,2026-03-06T00:00:00.000000,2.434406281
AQ,2026-03-06T01:00:00.000000,2.431476116
AQ,2026-03-06T02:00:00.000000,2.422303915
AQ,2026-03-06T03:00:00.000000,2.417197943
AQ,2026-03-06T04:00:00.000000,2.413171768
AQ,2026-03-06T05:00:00.000000,2.421012163
AQ,2026-03-06T06:00:00.000000,2.427906275
AQ,2026-03-06T07:00:00.000000,2.420176268
AQ,2026-03-06T08:00:00.000000,2.395013332
AQ,2026-03-06T09:00:00.000000,2.395139933
AQ,2026-03-06T10:00:00.000000,2.396941185
AQ,2026-03-06T11:00:00.000000,2.396149158
AQ,2026-03-06T12:00:00.000000,2.396312952
AQ,2026-03-06T13:00:00.000000,2.396060467
AQ,2026-03-06T14:00:00.000000,2.376525879
AQ,2026-03-06T15:00:00.000000,2.371641397
AQ,2026-03-06T16:00:00.000000,2.374598742
AQ,2026-03-06T17:00:00.000000,2.385599136
AQ,2026-03-06T18:00:00.000000,2.402309656
AQ,2026-03-06T19:00:00.000000,2.413121223
AQ,2026-03-06T20:00:00.000000,2.402900457
AQ,2026-03-06T21:00:00.000000,2.399460793
AQ,2026-03-06T22:00:00.000000,2.408618927
AQ,2026-03-06T23:00:00.000000,2.413912296
AQ,2026-03-07T00:00:00.000000,2.420624256
AQ,2026-03-07T01:00:00.000000,2.416481972
AQ,2026-03-07T02:00:00.000000,2.417731762
AQ,2026-03-07T03:00:00.000000,2.428720474
AQ,2026-03-07T04:00:00.000000,2.524573326
AQ,2026-03-07T05:00:00.000000,2.621174335
AQ,2026-03-07T06:00:00.000000,2.654399633
AQ,2026-03-07T07:00:00.000000,2.652979374
AQ,2026-03-07T08:00:00.000000,2.476662636
AQ,2026-03-07T09:00:00.000000,2.405214787
AQ,2026-03-07T10:00:00.000000,2.405331612
AQ,2026-03-07T11:00:00.000000,2.408826113
AQ,2026-03-07T12:00:00.000000,2.390625715
AQ,2026-03-07T13:00:00.000000,2.387160301
AQ,2026-03-07T14:00:00.000000,2.400733232
AQ,2026-03-07T15:00:00.000000,2.420743465
AQ,2026-03-07T16:00:00.000000,2.439416409
AQ,2026-03-07T17:00:00.000000,2.500986576
AQ,2026-03-07T18:00:00.000000,2.591293812
AQ,2026-03-07T19:00:00.000000,2.641785622
AQ,2026-03-07T20:00:00.000000,2.609170198
AQ,2026-03-07T21:00:00.000000,2.537175894
AQ,2026-03-07T22:00:00.000000,2.5604527
AQ,2026-03-07T23:00:00.000000,2.585258245
AQ,2026-03-08T00:00:00.000000,2.588394642
CB,2026-03-02T00:00:00.000000,2.424252033
CB,2026-03-02T01:00:00.000000,1.985990167
CB,2026-03-02T02:00:00.000000,1.799711585
CB,2026-03-02T03:00:00.000000,1.75513494
CB,2026-03-02T04:00:00.000000,1.77583909
CB,2026-03-02T05:00:00.000000,1.802555442
CB,2026-03-02T06:00:00.000000,1.837231278
CB,2026-03-02T07:00:00.000000,1.844684601
CB,2026-03-02T08:00:00.000000,1.844514966
CB,2026-03-02T09:00:00.000000,1.847980976
CB,2026-03-02T10:00:00.000000,1.844449162
CB,2026-03-02T11:00:00.000000,1.840786338
CB,2026-03-02T12:00:00.000000,1.77773571
CB,2026-03-02T13:00:00.000000,1.580116987
CB,2026-03-02T14:00:00.000000,1.442474246
CB,2026-03-02T15:00:00.000000,1.38980186
CB,2026-03-02T16:00:00.000000,1.401174188
CB,2026-03-02T17:00:00.000000,1.555662155
CB,2026-03-02T18:00:00.000000,1.640779495
CB,2026-03-02T19:00:00.000000,1.709501505
CB,2026-03-02T20:00:00.000000,1.723366022
CB,2026-03-02T21:00:00.000000,1.718701005
CB,2026-03-02T22:00:00.000000,1.733073115
CB,2026-03-02T23:00:00.000000,1.74495399
CB,2026-03-03T00:00:00.000000,1.743162632
CB,2026-03-03T01:00:00.000000,1.793133616
CB,2026-03-03T02:00:00.000000,1.838818431
CB,2026-03-03T03:00:00.000000,1.831062317
CB,2026-03-03T04:00:00.000000,1.831700921
CB,2026-03-03T05:00:00.000000,1.846970201
CB,2026-03-03T06:00:00.000000,1.848592162
CB,2026-03-03T07:00:00.000000,1.906516433
CB,2026-03-03T08:00:00.000000,1.926504731
CB,2026-03-03T09:00:00.000000,1.924146652
CB,2026-03-03T10:00:00.000000,1.921919107
CB,2026-03-03T11:00:00.000000,1.920123219
CB,2026-03-03T12:00:00.000000,1.916474581
CB,2026-03-03T13:00:00.000000,1.845068216
CB,2026-03-03T14:00:00.000000,1.795851946
CB,2026-03-03T15:00:00.000000,1.830501914
CB,2026-03-03T16:00:00.000000,1.84151876
CB,2026-03-03T17:00:00.000000,1.821660638
CB,2026-03-03T18:00:00.000000,1.816069007
CB,2026-03-03T19:00:00.000000,1.856651902
CB,2026-03-03T20:00:00.000000,1.910580516
CB,2026-03-03T21:00:00.000000,1.918129444
CB,2026-03-03T22:00:00.000000,1.914203048
CB,2026-03-03T23:00:00.000000,1.914313555
CB,2026-03-04T00:00:00.000000,1.912732482
CB,2026-03-04T01:00:00.000000,1.983891845
CB,2026-03-04T02:00:00.000000,2.006691694
CB,2026-03-04T03:00:00.000000,2.028765202
CB,2026-03-04T04:00:00.000000,2.053614378
CB,2026-03-04T05:00:00.000000,2.072118282
CB,2026-03-04T06:00:00.000000,2.093364477
CB,2026-03-04T07:00:00.000000,2.085152149
CB,2026-03-04T08:00:00.000000,2.088478565
CB,2026-03-04T09:00:00.000000,2.091574192
CB,2026-03-04T10:00:00.000000,2.081209898
CB,2026-03-04T11:00:00.000000,2.082514524
CB,2026-03-04T12:00:00.000000,2.076946974
CB,2026-03-04T13:00:00.000000,2.079928637
CB,2026-03-04T14:00:00.000000,2.071479082
CB,2026-03-04T15:00:00.000000,2.08345294
CB,2026-03-04T16:00:00.000000,2.137874365
CB,2026-03-04T17:00:00.000000,2.164423704
CB,2026-03-04T18:00:00.000000,2.174494505
CB,2026-03-04T19:00:00.000000,2.173863649
CB,2026-03-04T20:00:00.000000,2.15264678
CB,2026-03-04T21:00:00.000000,2.1531322
CB,2026-03-04T22:00:00.000000,2.143289566
CB,2026-03-04T23:00:00.000000,2.143926382
CB,2026-03-05T00:00:00.000000,2.1415658
CB,2026-03-05T01:00:00.000000,2.145550013
CB,2026-03-05T02:00:00.000000,2.129913807
CB,2026-03-05T03:00:00.000000,2.094069719
CB,2026-03-05T04:00:00.000000,2.104370832
CB,2026-03-05T05:00:00.000000,2.117455482
CB,2026-03-05T06:00:00.000000,2.112314701
CB,2026-03-05T07:00:00.000000,2.071530342
CB,2026-03-05T08:00:00.000000,2.086350203
CB,2026-03-05T09:00:00.000000,2.111616611
CB,2026-03-05T10:00:00.000000,2.113219023
CB,2026-03-05T11:00:00.000000,2.116125345
CB,2026-03-05T12:00:00.000000,2.117991447
CB,2026-03-05T13:00:00.000000,2.112877607
CB,2026-03-05T14:00:00.000000,2.119782209
CB,2026-03-05T15:00:00.000000,2.129221916
CB,2026-03-05T16:00:00.000000,2.152457952
CB,2026-03-05T17:00:00.000000,2.186003208
CB,2026-03-05T18:00:00.000000,2.206652403
CB,2026-03-05T19:00:00.000000,2.163708687
CB,2026-03-05T20:00:00.000000,2.140526533
CB,2026-03-05T21:00:00.000000,2.141156912
CB,2026-03-05T22:00:00.000000,2.148310661
CB,2026-03-05T23:00:00.000000,2.143101215
CB,2026-03-06T00:00:00.000000,2.144351482
CB,2026-03-06T01:00:00.000000,2.146537066
CB,2026-03-06T02:00:00.000000,2.162274599
CB,2026-03-06T03:00:00.000000,2.306434393
CB,2026-03-06T04:00:00.000000,2.319327116
CB,2026-03-06T05:00:00.000000,2.315402985
CB,2026-03-06T06:00:00.000000,2.316448927
CB,2026-03-06T07:00:00.000000,2.320110559
CB,2026-03-06T08:00:00.000000,2.288470745
CB,2026-03-06T09:00:00.000000,2.274190664
CB,2026-03-06T10:00:00.000000,2.25831604
CB,2026-03-06T11:00:00.000000,2.257905006
CB,2026-03-06T12:00:00.000000,2.255732775
CB,2026-03-06T13:00:00.000000,2.258119345
CB,2026-03-06T14:00:00.000000,2.266209364
CB,2026-03-06T15:00:00.000000,2.306941032
CB,2026-03-06T16:00:00.000000,2.322710514
CB,2026-03-06T17:00:00.000000,2.321619511
CB,2026-03-06T18:00:00.000000,2.325896025
CB,2026-03-06T19:00:00.000000,2.332561255
CB,2026-03-06T20:00:00.000000,2.314504623
CB,2026-03-06T21:00:00.000000,2.304143667
CB,2026-03-06T22:00:00.000000,2.304702044
CB,2026-03-06T23:00:00.000000,2.307109594
CB,2026-03-07T00:00:00.000000,2.303393602
CB,2026-03-07T01:00:00.000000,2.302406073
CB,2026-03-07T02:00:00.000000,2.312525511
CB,2026-03-07T03:00:00.000000,2.329414129
CB,2026-03-07T04:00:00.000000,2.343570471
CB,2026-03-07T05:00:00.000000,2.331809759
CB,2026-03-07T06:00:00.000000,2.331460238
CB,2026-03-07T07:00:00.000000,2.329144716
CB,2026-03-07T08:00:00.000000,2.329770803
CB,2026-03-07T09:00:00.000000,2.313747168
CB,2026-03-07T10:00:00.000000,2.313503742
CB,2026-03-07T11:00:00.000000,2.321847916
CB,2026-03-07T12:00:00.000000,2.318124056
CB,2026-03-07T13:00:00.000000,2.315632582
CB,2026-03-07T14:00:00.000000,2.316253424
CB,2026-03-07T15:00:00.000000,2.326690435
CB,2026-03-07T16:00:00.000000,2.342545271
CB,2026-03-07T17:00:00.000000,2.365757227
CB,2026-03-07T18:00:00.000000,2.389080048
CB,2026-03-07T19:00:00.000000,2.399069309
CB,2026-03-07T20:00:00.000000,2.396378994
CB,2026-03-07T21:00:00.000000,2.376379251
CB,2026-03-07T22:00:00.000000,2.363303185
CB,2026-03-07T23:00:00.000000,2.369736195
CB,2026-03-08T00:00:00.000000,2.368578196
CI,2026-03-02T00:00:00.000000,2.02016139
CI,2026-03-02T01:00:00.000000,1.78414619
CI,2026-03-02T02:00:00.000000,1.650280833
CI,2026-03-02T03:00:00.000000,1.632554293
CI,2026-03-02T04:00:00.000000,1.592671394
CI,2026-03-02T05:00:00.000000,1.55302608
CI,2026-03-02T06:00:00.000000,1.517892003
CI,2026-03-02T07:00:00.000000,1.529295921
CI,2026-03-02T08:00:00.000000,1.529295921
CI,2026-03-02T09:00:00.000000,1.529295921
CI,2026-03-02T10:00:00.000000,1.529295921
CI,2026-03-02T11:00:00.000000,1.529295921
CI,2026-03-02T12:00:00.000000,1.426701427
CI,2026-03-02T13:00:00.000000,1.469758987
CI,2026-03-02T14:00:00.000000,1.437450647
CI,2026-03-02T15:00:00.000000,1.415282488
CI,2026-03-02T16:00:00.000000,1.434313774
CI,2026-03-02T17:00:00.000000,1.480240345
CI,2026-03-02T18:00:00.000000,1.491428733
CI,2026-03-02T19:00:00.000000,1.496440887
CI,2026-03-02T20:00:00.000000,1.496440887
CI,2026-03-02T21:00:00.000000,1.496440887
CI,2026-03-02T22:00:00.000000,1.496440887
CI,2026-03-02T23:00:00.000000,1.496440887
CI,2026-03-03T00:00:00.000000,1.496440887
CI,2026-03-03T01:00:00.000000,1.320471764
CI,2026-03-03T02:00:00.000000,1.294866681
CI,2026-03-03T03:00:00.000000,1.256721377
CI,2026-03-03T04:00:00.000000,1.218471885
CI,2026-03-03T05:00:00.000000,1.211254954
CI,2026-03-03T06:00:00.000000,1.250302553
CI,2026-03-03T07:00:00.000000,1.283771157
CI,2026-03-03T08:00:00.000000,1.293010235
CI,2026-03-03T09:00:00.000000,1.293010235
CI,2026-03-03T10:00:00.000000,1.293010235
CI,2026-03-03T11:00:00.000000,1.293010235
CI,2026-03-03T12:00:00.000000,1.293010235
CI,2026-03-03T13:00:00.000000,1.210377932
CI,2026-03-03T14:00:00.000000,1.241331458
CI,2026-03-03T15:00:00.000000,1.268309593
CI,2026-03-03T16:00:00.000000,1.321981668
CI,2026-03-03T17:00:00.000000,1.319738626
CI,2026-03-03T18:00:00.000000,1.370254993
CI,2026-03-03T19:00:00.000000,1.3444947
CI,2026-03-03T20:00:00.000000,1.323649406
CI,2026-03-03T21:00:00.000000,1.323649406
CI,2026-03-03T22:00:00.000000,1.323649406
CI,2026-03-03T23:00:00.000000,1.323649406
CI,2026-03-04T00:00:00.000000,1.323649406
CI,2026-03-04T01:00:00.000000,1.323649406
CI,2026-03-04T02:00:00.000000,1.735642314
CI,2026-03-04T03:00:00.000000,1.888676047
CI,2026-03-04T04:00:00.000000,1.928018212
CI,2026-03-04T05:00:00.000000,1.933493495
CI,2026-03-04T06:00:00.000000,1.956001163
CI,2026-03-04T07:00:00.000000,1.941624522
CI,2026-03-04T08:00:00.000000,1.85995543
CI,2026-03-04T09:00:00.000000,1.828145027
CI,2026-03-04T10:00:00.000000,1.828145027
CI,2026-03-04T11:00:00.000000,1.828145027
CI,2026-03-04T12:00:00.000000,1.828145027
CI,2026-03-04T13:00:00.000000,1.828145027
CI,2026-03-04T14:00:00.000000,1.769259095
CI,2026-03-04T15:00:00.000000,1.962402344
CI,2026-03-04T16:00:00.000000,2.051785231
CI,2026-03-04T17:00:00.000000,2.082881689
CI,2026-03-04T18:00:00.000000,2.127627134
CI,2026-03-04T19:00:00.000000,2.153460741
CI,2026-03-04T20:00:00.000000,2.031895399
CI,2026-03-04T21:00:00.000000,1.95541954
CI,2026-03-04T22:00:00.000000,1.95541954
CI,2026-03-04T23:00:00.000000,1.95541954
CI,2026-03-05T00:00:00.000000,1.95541954
CI,2026-03-05T01:00:00.000000,1.95541954
CI,2026-03-05T02:00:00.000000,1.868075013
CI,2026-03-05T03:00:00.000000,1.863819122
CI,2026-03-05T04:00:00.000000,2.106240988
CI,2026-03-05T05:00:00.000000,2.141872644
CI,2026-03-05T06:00:00.000000,2.132614613
CI,2026-03-05T07:00:00.000000,2.123185635
CI,2026-03-05T08:00:00.000000,2.032764196
CI,2026-03-05T09:00:00.000000,1.911779881
CI,2026-03-05T10:00:00.000000,1.911779881
CI,2026-03-05T11:00:00.000000,1.911779881
CI,2026-03-05T12:00:00.000000,1.911779881
CI,2026-03-05T13:00:00.000000,1.911779881
CI,2026-03-05T14:00:00.000000,1.911779881
CI,2026-03-05T15:00:00.000000,1.961364388
CI,2026-03-05T16:00:00.000000,2.203066587
CI,2026-03-05T17:00:00.000000,2.242023468
CI,2026-03-05T18:00:00.000000,2.245320082
CI,2026-03-05T19:00:00.000000,2.252023935
CI,2026-03-05T20:00:00.000000,2.247420549
CI,2026-03-05T21:00:00.000000,2.082414627
CI,2026-03-05T22:00:00.000000,2.040841103
CI,2026-03-05T23:00:00.000000,2.040841103
CI,2026-03-06T00:00:00.000000,2.040841103
CI,2026-03-06T01:00:00.000000,2.040841103
CI,2026-03-06T02:00:00.000000,2.040841103
CI,2026-03-06T03:00:00.000000,2.053728342
CI,2026-03-06T04:00:00.000000,2.318445921
CI,2026-03-06T05:00:00.000000,2.360220909
CI,2026-03-06T06:00:00.000000,2.36501193
CI,2026-03-06T07:00:00.000000,2.355591536
CI,2026-03-06T08:00:00.000000,2.348781109
CI,2026-03-06T09:00:00.000000,2.265228033
CI,2026-03-06T10:00:00.000000,2.095668077
CI,2026-03-06T11:00:00.000000,2.110285759
CI,2026-03-06T12:00:00.000000,2.110285759
CI,2026-03-06T13:00:00.000000,2.110285759
CI,2026-03-06T14:00:00.000000,2.110285759
CI,2026-03-06T15:00:00.000000,2.05439496
CI,2026-03-06T16:00:00.000000,2.279834509
CI,2026-03-06T17:00:00.000000,2.436775208
CI,2026-03-06T18:00:00.000000,2.455694437
CI,2026-03-06T19:00:00.000000,2.454982758
CI,2026-03-06T20:00:00.000000,2.455689192
CI,2026-03-06T21:00:00.000000,2.383859158
CI,2026-03-06T22:00:00.000000,2.185372353
CI,2026-03-06T23:00:00.000000,2.19287014
CI,2026-03-07T00:00:00.000000,2.19287014
CI,2026-03-07T01:00:00.000000,2.19287014
CI,2026-03-07T02:00:00.000000,2.19287014
CI,2026-03-07T03:00:00.000000,2.127441883
CI,2026-03-07T04:00:00.000000,2.272516012
CI,2026-03-07T05:00:00.000000,2.479034424
CI,2026-03-07T06:00:00.000000,2.496076345
CI,2026-03-07T07:00:00.000000,2.481445074
CI,2026-03-07T08:00:00.000000,2.481252193
CI,2026-03-07T09:00:00.000000,2.461164713
CI,2026-03-07T10:00:00.000000,2.287308455
CI,2026-03-07T11:00:00.000000,2.230772972
CI,2026-03-07T12:00:00.000000,2.230772972
CI,2026-03-07T13:00:00.000000,2.230772972
CI,2026-03-07T14:00:00.000000,2.230772972
CI,2026-03-07T15:00:00.000000,2.230772972
CI,2026-03-07T16:00:00.000000,2.194734335
CI,2026-03-07T17:00:00.000000,2.343987942
CI,2026-03-07T18:00:00.000000,2.533707142
CI,2026-03-07T19:00:00.000000,2.547700644
CI,2026-03-07T20:00:00.000000,2.557647467
CI,2026-03-07T21:00:00.000000,2.556038857
CI,2026-03-07T22:00:00.000000,2.423205137
CI,2026-03-07T23:00:00.000000,2.341217041
CI,2026-03-08T00:00:00.000000,2.341217041
DC,2026-03-02T00:00:00.000000,2.450615168
DC,2026-03-02T01:00:00.000000,2.116882324
DC,2026-03-02T02:00:00.000000,1.875943422
DC,2026-03-02T03:00:00.000000,1.817592263
DC,2026-03-02T04:00:00.000000,1.826097727
DC,2026-03-02T05:00:00.000000,1.824117064
DC,2026-03-02T06:00:00.000000,1.829598784
DC,2026-03-02T07:00:00.000000,1.84318924
DC,2026-03-02T08:00:00.000000,1.84318924
DC,2026-03-02T09:00:00.000000,1.84318924
DC,2026-03-02T10:00:00.000000,1.84318924
DC,2026-03-02T11:00:00.000000,1.84318924
DC,2026-03-02T12:00:00.000000,1.687282801
DC,2026-03-02T13:00:00.000000,1.616595507
DC,2026-03-02T14:00:00.000000,1.545406938
DC,2026-03-02T15:00:00.000000,1.506513953
DC,2026-03-02T16:00:00.000000,1.545043588
DC,2026-03-02T17:00:00.000000,1.487119555
DC,2026-03-02T18:00:00.000000,1.552147746
DC,2026-03-02T19:00:00.000000,1.57008934
DC,2026-03-02T20:00:00.000000,1.57008934
DC,2026-03-02T21:00:00.000000,1.57008934
DC,2026-03-02T22:00:00.000000,1.57008934
DC,2026-03-02T23:00:00.000000,1.57008934
DC,2026-03-03T00:00:00.000000,1.57008934
DC,2026-03-03T01:00:00.000000,1.675367713
DC,2026-03-03T02:00:00.000000,1.724731445
DC,2026-03-03T03:00:00.000000,1.737136126
DC,2026-03-03T04:00:00.000000,1.800134659
DC,2026-03-03T05:00:00.000000,1.839118004
DC,2026-03-03T06:00:00.000000,1.861091018
DC,2026-03-03T07:00:00.000000,1.880964637
DC,2026-03-03T08:00:00.000000,1.882815361
DC,2026-03-03T09:00:00.000000,1.882815361
DC,2026-03-03T10:00:00.000000,1.882815361
DC,2026-03-03T11:00:00.000000,1.882815361
DC,2026-03-03T12:00:00.000000,1.882815361
DC,2026-03-03T13:00:00.000000,1.799432993
DC,2026-03-03T14:00:00.000000,1.810527682
DC,2026-03-03T15:00:00.000000,1.849578142
DC,2026-03-03T16:00:00.000000,1.902890086
DC,2026-03-03T17:00:00.000000,1.959028125
DC,2026-03-03T18:00:00.000000,1.929697633
DC,2026-03-03T19:00:00.000000,1.893215537
DC,2026-03-03T20:00:00.000000,1.908774853
DC,2026-03-03T21:00:00.000000,1.908774853
DC,2026-03-03T22:00:00.000000,1.908774853
DC,2026-03-03T23:00:00.000000,1.908774853
DC,2026-03-04T00:00:00.000000,1.908774853
DC,2026-03-04T01:00:00.000000,2.018234253
DC,2026-03-04T02:00:00.000000,2.012987852
DC,2026-03-04T03:00:00.000000,2.009427547
DC,2026-03-04T04:00:00.000000,2.03015995
DC,2026-03-04T05:00:00.000000,2.073425055
DC,2026-03-04T06:00:00.000000,2.095297575
DC,2026-03-04T07:00:00.000000,2.096688032
DC,2026-03-04T08:00:00.000000,2.10222435
DC,2026-03-04T09:00:00.000000,2.102071762
DC,2026-03-04T10:00:00.000000,2.102071762
DC,2026-03-04T11:00:00.000000,2.102071762
DC,2026-03-04T12:00:00.000000,2.102071762
DC,2026-03-04T13:00:00.000000,2.102071762
DC,2026-03-04T14:00:00.000000,2.064496517
DC,2026-03-04T15:00:00.000000,2.091930389
DC,2026-03-04T16:00:00.000000,2.147107363
DC,2026-03-04T17:00:00.000000,2.226218939
DC,2026-03-04T18:00:00.000000,2.264461994
DC,2026-03-04T19:00:00.000000,2.239119053
DC,2026-03-04T20:00:00.000000,2.211436987
DC,2026-03-04T21:00:00.000000,2.203395844
DC,2026-03-04T22:00:00.000000,2.203395844
DC,2026-03-04T23:00:00.000000,2.203395844
DC,2026-03-05T00:00:00.000000,2.203395844
DC,2026-03-05T01:00:00.000000,2.203395844
DC,2026-03-05T02:00:00.000000,2.218106508
DC,2026-03-05T03:00:00.000000,2.22866559
DC,2026-03-05T04:00:00.000000,2.212123632
DC,2026-03-05T05:00:00.000000,2.213273287
DC,2026-03-05T06:00:00.000000,2.208957911
DC,2026-03-05T07:00:00.000000,2.204848289
DC,2026-03-05T08:00:00.000000,2.229051828
DC,2026-03-05T09:00:00.000000,2.222850323
DC,2026-03-05T10:00:00.000000,2.222850323
DC,2026-03-05T11:00:00.000000,2.222850323
DC,2026-03-05T12:00:00.000000,2.222850323
DC,2026-03-05T13:00:00.000000,2.222850323
DC,2026-03-05T14:00:00.000000,2.245367527
DC,2026-03-05T15:00:00.000000,2.238045216
DC,2026-03-05T16:00:00.000000,2.24589324
DC,2026-03-05T17:00:00.000000,2.265992165
DC,2026-03-05T18:00:00.000000,2.290995598
DC,2026-03-05T19:00:00.000000,2.326720476
DC,2026-03-05T20:00:00.000000,2.353608847
DC,2026-03-05T21:00:00.000000,2.370011091
DC,2026-03-05T22:00:00.000000,2.372488022
DC,2026-03-05T23:00:00.000000,2.372488022
DC,2026-03-06T00:00:00.000000,2.372488022
DC,2026-03-06T01:00:00.000000,2.372488022
DC,2026-03-06T02:00:00.000000,2.377717495
DC,2026-03-06T03:00:00.000000,2.344971895
DC,2026-03-06T04:00:00.000000,2.33898735
DC,2026-03-06T05:00:00.000000,2.34049201
DC,2026-03-06T06:00:00.000000,2.342604876
DC,2026-03-06T07:00:00.000000,2.342480183
DC,2026-03-06T08:00:00.000000,2.351096392
DC,2026-03-06T09:00:00.000000,2.393131256
DC,2026-03-06T10:00:00.000000,2.400003433
DC,2026-03-06T11:00:00.000000,2.400003433
DC,2026-03-06T12:00:00.000000,2.400003433
DC,2026-03-06T13:00:00.000000,2.400003433
DC,2026-03-06T14:00:00.000000,2.400003433
DC,2026-03-06T15:00:00.000000,2.361520767
DC,2026-03-06T16:00:00.000000,2.350637197
DC,2026-03-06T17:00:00.000000,2.356609344
DC,2026-03-06T18:00:00.000000,2.371745586
DC,2026-03-06T19:00:00.000000,2.372243643
DC,2026-03-06T20:00:00.000000,2.369180679
DC,2026-03-06T21:00:00.000000,2.412593603
DC,2026-03-06T22:00:00.000000,2.460933685
DC,2026-03-06T23:00:00.000000,2.460907936
DC,2026-03-07T00:00:00.000000,2.460907936
DC,2026-03-07T01:00:00.000000,2.460907936
DC,2026-03-07T02:00:00.000000,2.460907936
DC,2026-03-07T03:00:00.000000,2.405133009
DC,2026-03-07T04:00:00.000000,2.38183713
DC,2026-03-07T05:00:00.000000,2.36594367
DC,2026-03-07T06:00:00.000000,2.365310431
DC,2026-03-07T07:00:00.000000,2.372118473
DC,2026-03-07T08:00:00.000000,2.380354404
DC,2026-03-07T09:00:00.000000,2.382563353
DC,2026-03-07T10:00:00.000000,2.406744719
DC,2026-03-07T11:00:00.000000,2.407819748
DC,2026-03-07T12:00:00.000000,2.407819748
DC,2026-03-07T13:00:00.000000,2.407819748
DC,2026-03-07T14:00:00.000000,2.407819748
DC,2026-03-07T15:00:00.000000,2.407819748
DC,2026-03-07T16:00:00.000000,2.426459074
DC,2026-03-07T17:00:00.000000,2.442766905
DC,2026-03-07T18:00:00.000000,2.469363213
DC,2026-03-07T19:00:00.000000,2.495646
DC,2026-03-07T20:00:00.000000,2.484392643
DC,2026-03-07T21:00:00.000000,2.461199999
DC,2026-03-07T22:00:00.000000,2.465381384
DC,2026-03-07T23:00:00.000000,2.48223877
DC,2026-03-08T00:00:00.000000,2.48223877
LH,2026-03-02T00:00:00.000000,2.030668497
LH,2026-03-02T01:00:00.000000,1.879782915
LH,2026-03-02T02:00:00.000000,1.773293853
LH,2026-03-02T03:00:00.000000,1.775481224
LH,2026-03-02T04:00:00.000000,1.857304811
LH,2026-03-02T05:00:00.000000,1.845278382
LH,2026-03-02T06:00:00.000000,1.83338964
LH,2026-03-02T07:00:00.000000,1.843027711
LH,2026-03-02T08:00:00.000000,1.85558033
LH,2026-03-02T09:00:00.000000,1.85558033
LH,2026-03-02T10:00:00.000000,1.85558033
LH,2026-03-02T11:00:00.000000,1.85558033
LH,2026-03-02T12:00:00.000000,1.719722748
LH,2026-03-02T13:00:00.000000,1.599088788
LH,2026-03-02T14:00:00.000000,1.571620345
LH,2026-03-02T15:00:00.000000,1.573443294
LH,2026-03-02T16:00:00.000000,1.580594301
LH,2026-03-02T17:00:00.000000,1.718453407
LH,2026-03-02T18:00:00.000000,1.705956817
LH,2026-03-02T19:00:00.000000,1.745731354
LH,2026-03-02T20:00:00.000000,1.776007056
LH,2026-03-02T21:00:00.000000,1.776499748
LH,2026-03-02T22:00:00.000000,1.776499748
LH,2026-03-02T23:00:00.000000,1.776499748
LH,2026-03-03T00:00:00.000000,1.776499748
LH,2026-03-03T01:00:00.000000,1.724838614
LH,2026-03-03T02:00:00.000000,1.66172874
LH,2026-03-03T03:00:00.000000,1.646067619
LH,2026-03-03T04:00:00.000000,1.644105554
LH,2026-03-03T05:00:00.000000,1.679762721
LH,2026-03-03T06:00:00.000000,1.725560188
LH,2026-03-03T07:00:00.000000,1.754687548
LH,2026-03-03T08:00:00.000000,1.82238996
LH,2026-03-03T09:00:00.000000,1.854654908
LH,2026-03-03T10:00:00.000000,1.856397629
LH,2026-03-03T11:00:00.000000,1.856397629
LH,2026-03-03T12:00:00.000000,1.856397629
LH,2026-03-03T13:00:00.000000,1.747382045
LH,2026-03-03T14:00:00.000000,1.5816046
LH,2026-03-03T15:00:00.000000,1.530309677
LH,2026-03-03T16:00:00.000000,1.523992896
LH,2026-03-03T17:00:00.000000,1.518212676
LH,2026-03-03T18:00:00.000000,1.667365432
LH,2026-03-03T19:00:00.000000,1.684549928
LH,2026-03-03T20:00:00.000000,1.757460952
LH,2026-03-03T21:00:00.000000,1.805749536
LH,2026-03-03T22:00:00.000000,1.826086998
LH,2026-03-03T23:00:00.000000,1.826086998
LH,2026-03-04T00:00:00.000000,1.826086998
LH,2026-03-04T01:00:00.000000,2.08917284
LH,2026-03-04T02:00:00.000000,2.356524706
LH,2026-03-04T03:00:00.000000,2.376565218
LH,2026-03-04T04:00:00.000000,2.377079487
LH,2026-03-04T05:00:00.000000,2.365566254
LH,2026-03-04T06:00:00.000000,2.376105785
LH,2026-03-04T07:00:00.000000,2.377975464
LH,2026-03-04T08:00:00.000000,2.398633957
LH,2026-03-04T09:00:00.000000,2.420498371
LH,2026-03-04T10:00:00.000000,2.450619936
LH,2026-03-04T11:00:00.000000,2.456647873
LH,2026-03-04T12:00:00.000000,2.456647873
LH,2026-03-04T13:00:00.000000,2.456647873
LH,2026-03-04T14:00:00.000000,2.435212374
LH,2026-03-04T15:00:00.000000,2.430599928
LH,2026-03-04T16:00:00.000000,2.44729352
LH,2026-03-04T17:00:00.000000,2.443046808
LH,2026-03-04T18:00:00.000000,2.413643599
LH,2026-03-04T19:00:00.000000,2.425741911
LH,2026-03-04T20:00:00.000000,2.426823139
LH,2026-03-04T21:00:00.000000,2.461657286
LH,2026-03-04T22:00:00.000000,2.493337393
LH,2026-03-04T23:00:00.000000,2.496052742
LH,2026-03-05T00:00:00.000000,2.496052742
LH,2026-03-05T01:00:00.000000,2.496052742
LH,2026-03-05T02:00:00.000000,2.522183657
LH,2026-03-05T03:00:00.000000,2.490504265
LH,2026-03-05T04:00:00.000000,2.507576704
LH,2026-03-05T05:00:00.000000,2.53574729
LH,2026-03-05T06:00:00.000000,2.52422905
LH,2026-03-05T07:00:00.000000,2.517170429
LH,2026-03-05T08:00:00.000000,2.529334307
LH,2026-03-05T09:00:00.000000,2.531642437
LH,2026-03-05T10:00:00.000000,2.534749269
LH,2026-03-05T11:00:00.000000,2.539000034
LH,2026-03-05T12:00:00.000000,2.539000034
LH,2026-03-05T13:00:00.000000,2.539000034
LH,2026-03-05T14:00:00.000000,2.544090271
LH,2026-03-05T15:00:00.000000,2.56829071
LH,2026-03-05T16:00:00.000000,2.628011703
LH,2026-03-05T17:00:00.000000,2.643794775
LH,2026-03-05T18:00:00.000000,2.648246527
LH,2026-03-05T19:00:00.000000,2.616604328
LH,2026-03-05T20:00:00.000000,2.549310207
LH,2026-03-05T21:00:00.000000,2.550468206
LH,2026-03-05T22:00:00.000000,2.567153931
LH,2026-03-05T23:00:00.000000,2.587127447
LH,2026-03-06T00:00:00.000000,2.587168694
LH,2026-03-06T01:00:00.000000,2.587168694
LH,2026-03-06T02:00:00.000000,2.636328936
LH,2026-03-06T03:00:00.000000,2.697595596
LH,2026-03-06T04:00:00.000000,2.726866007
LH,2026-03-06T05:00:00.000000,2.736322165
LH,2026-03-06T06:00:00.000000,2.743223906
LH,2026-03-06T07:00:00.000000,2.739275694
LH,2026-03-06T08:00:00.000000,2.679578543
LH,2026-03-06T09:00:00.000000,2.673685312
LH,2026-03-06T10:00:00.000000,2.648902416
LH,2026-03-06T11:00:00.000000,2.678319693
LH,2026-03-06T12:00:00.000000,2.695314407
LH,2026-03-06T13:00:00.000000,2.695314407
LH,2026-03-06T14:00:00.000000,2.695314407
LH,2026-03-06T15:00:00.000000,2.749200583
LH,2026-03-06T16:00:00.000000,2.785400391
LH,2026-03-06T17:00:00.000000,2.784728289
LH,2026-03-06T18:00:00.000000,2.783039808
LH,2026-03-06T19:00:00.000000,2.78324008
LH,2026-03-06T20:00:00.000000,2.759555578
LH,2026-03-06T21:00:00.000000,2.728191137
LH,2026-03-06T22:00:00.000000,2.706884861
LH,2026-03-06T23:00:00.000000,2.729505301
LH,2026-03-07T00:00:00.000000,2.760174751
LH,2026-03-07T01:00:00.000000,2.760174751
LH,2026-03-07T02:00:00.000000,2.760174751
LH,2026-03-07T03:00:00.000000,2.801832676
LH,2026-03-07T04:00:00.000000,2.803251028
LH,2026-03-07T05:00:00.000000,2.789783955
LH,2026-03-07T06:00:00.000000,2.784369707
LH,2026-03-07T07:00:00.000000,2.786156654
LH,2026-03-07T08:00:00.000000,2.796714544
LH,2026-03-07T09:00:00.000000,2.776333332
LH,2026-03-07T10:00:00.000000,2.794179678
LH,2026-03-07T11:00:00.000000,2.798454285
LH,2026-03-07T12:00:00.000000,2.836487055
LH,2026-03-07T13:00:00.000000,2.836229324
LH,2026-03-07T14:00:00.000000,2.836229324
LH,2026-03-07T15:00:00.000000,2.836229324
LH,2026-03-07T16:00:00.000000,2.86257267
LH,2026-03-07T17:00:00.000000,2.856393576
LH,2026-03-07T18:00:00.000000,2.841334105
LH,2026-03-07T19:00:00.000000,2.843650103
LH,2026-03-07T20:00:00.000000,2.844770908
LH,2026-03-07T21:00:00.000000,2.850473404
LH,2026-03-07T22:00:00.000000,2.883486509
LH,2026-03-07T23:00:00.000000,2.861195564
LH,2026-03-08T00:00:00.000000,2.960671663
NB,2026-03-02T00:00:00.000000,2.466889381
NB,2026-03-02T01:00:00.000000,2.418772459
NB,2026-03-02T02:00:00.000000,2.367507935
NB,2026-03-02T03:00:00.000000,2.327167034
NB,2026-03-02T04:00:00.000000,2.286990881
NB,2026-03-02T05:00:00.000000,2.283476591
NB,2026-03-02T06:00:00.000000,2.252614975
NB,2026-03-02T07:00:00.000000,2.268024683
NB,2026-03-02T08:00:00.000000,2.268239021
NB,2026-03-02T09:00:00.000000,2.268239021
NB,2026-03-02T10:00:00.000000,2.268239021
NB,2026-03-02T11:00:00.000000,2.015307903
NB,2026-03-02T12:00:00.000000,2.042794943
NB,2026-03-02T13:00:00.000000,2.021855116
NB,2026-03-02T14:00:00.000000,2.023973227
NB,2026-03-02T15:00:00.000000,2.016773701
NB,2026-03-02T16:00:00.000000,2.021436453
NB,2026-03-02T17:00:00.000000,2.029339552
NB,2026-03-02T18:00:00.000000,2.05062604
NB,2026-03-02T19:00:00.000000,2.085671425
NB,2026-03-02T20:00:00.000000,2.091964722
NB,2026-03-02T21:00:00.000000,2.091964722
NB,2026-03-02T22:00:00.000000,2.091964722
NB,2026-03-02T23:00:00.000000,2.091964722
NB,2026-03-03T00:00:00.000000,2.074976683
NB,2026-03-03T01:00:00.000000,2.106348753
NB,2026-03-03T02:00:00.000000,2.136460781
NB,2026-03-03T03:00:00.000000,2.139587164
NB,2026-03-03T04:00:00.000000,2.143582106
NB,2026-03-03T05:00:00.000000,2.161153078
NB,2026-03-03T06:00:00.000000,2.178541183
NB,2026-03-03T07:00:00.000000,2.204350471
NB,2026-03-03T08:00:00.000000,2.1940732
NB,2026-03-03T09:00:00.000000,2.20583725
NB,2026-03-03T10:00:00.000000,2.20583725
NB,2026-03-03T11:00:00.000000,2.20583725
NB,2026-03-03T12:00:00.000000,1.965715051
NB,2026-03-03T13:00:00.000000,1.962055087
NB,2026-03-03T14:00:00.000000,2.006811857
NB,2026-03-03T15:00:00.000000,2.069034338
NB,2026-03-03T16:00:00.000000,2.125030041
NB,2026-03-03T17:00:00.000000,2.170223713
NB,2026-03-03T18:00:00.000000,2.212796211
NB,2026-03-03T19:00:00.000000,2.268370152
NB,2026-03-03T20:00:00.000000,2.291712523
NB,2026-03-03T21:00:00.000000,2.297866344
NB,2026-03-03T22:00:00.000000,2.297866344
NB,2026-03-03T23:00:00.000000,2.297866344
NB,2026-03-04T00:00:00.000000,2.281875372
NB,2026-03-04T01:00:00.000000,2.301128149
NB,2026-03-04T02:00:00.000000,2.30358839
NB,2026-03-04T03:00:00.000000,2.31470418
NB,2026-03-04T04:00:00.000000,2.317102432
NB,2026-03-04T05:00:00.000000,2.332721472
NB,2026-03-04T06:00:00.000000,2.352302551
NB,2026-03-04T07:00:00.000000,2.350188255
NB,2026-03-04T08:00:00.000000,2.34688592
NB,2026-03-04T09:00:00.000000,2.346835136
NB,2026-03-04T10:00:00.000000,2.346834183
NB,2026-03-04T11:00:00.000000,2.346834183
NB,2026-03-04T12:00:00.000000,2.346834183
NB,2026-03-04T13:00:00.000000,2.315041304
NB,2026-03-04T14:00:00.000000,2.32034111
NB,2026-03-04T15:00:00.000000,2.334751368
NB,2026-03-04T16:00:00.000000,2.36091733
NB,2026-03-04T17:00:00.000000,2.380523443
NB,2026-03-04T18:00:00.000000,2.387999296
NB,2026-03-04T19:00:00.000000,2.3796134
NB,2026-03-04T20:00:00.000000,2.384032488
NB,2026-03-04T21:00:00.000000,2.409052134
NB,2026-03-04T22:00:00.000000,2.413693428
NB,2026-03-04T23:00:00.000000,2.413693428
NB,2026-03-05T00:00:00.000000,2.413693428
NB,2026-03-05T01:00:00.000000,2.426101685
NB,2026-03-05T02:00:00.000000,2.427846909
NB,2026-03-05T03:00:00.000000,2.417531252
NB,2026-03-05T04:00:00.000000,2.420257568
NB,2026-03-05T05:00:00.000000,2.41862154
NB,2026-03-05T06:00:00.000000,2.427625656
NB,2026-03-05T07:00:00.000000,2.442512751
NB,2026-03-05T08:00:00.000000,2.460904837
NB,2026-03-05T09:00:00.000000,2.46088028
NB,2026-03-05T10:00:00.000000,2.46088028
NB,2026-03-05T11:00:00.000000,2.46088028
NB,2026-03-05T12:00:00.000000,2.46088028
NB,2026-03-05T13:00:00.000000,2.444739103
NB,2026-03-05T14:00:00.000000,2.442286253
NB,2026-03-05T15:00:00.000000,2.431921721
NB,2026-03-05T16:00:00.000000,2.422679901
NB,2026-03-05T17:00:00.000000,2.416757107
NB,2026-03-05T18:00:00.000000,2.417943716
NB,2026-03-05T19:00:00.000000,2.434035063
NB,2026-03-05T20:00:00.000000,2.459761143
NB,2026-03-05T21:00:00.000000,2.502531767
NB,2026-03-05T22:00:00.000000,2.534678698
NB,2026-03-05T23:00:00.000000,2.534678459
NB,2026-03-06T00:00:00.000000,2.534678459
NB,2026-03-06T01:00:00.000000,2.531463861
NB,2026-03-06T02:00:00.000000,2.526800871
NB,2026-03-06T03:00:00.000000,2.522684574
NB,2026-03-06T04:00:00.000000,2.521505833
NB,2026-03-06T05:00:00.000000,2.521509171
NB,2026-03-06T06:00:00.000000,2.5215137
NB,2026-03-06T07:00:00.000000,2.521514177
NB,2026-03-06T08:00:00.000000,2.536684752
NB,2026-03-06T09:00:00.000000,2.564910173
NB,2026-03-06T10:00:00.000000,2.615948677
NB,2026-03-06T11:00:00.000000,2.615950584
NB,2026-03-06T12:00:00.000000,2.615950584
NB,2026-03-06T13:00:00.000000,2.615950584
NB,2026-03-06T14:00:00.000000,2.580784798
NB,2026-03-06T15:00:00.000000,2.571104765
NB,2026-03-06T16:00:00.000000,2.553039074
NB,2026-03-06T17:00:00.000000,2.545757532
NB,2026-03-06T18:00:00.000000,2.547688246
NB,2026-03-06T19:00:00.000000,2.554468632
NB,2026-03-06T20:00:00.000000,2.569119215
NB,2026-03-06T21:00:00.000000,2.589562893
NB,2026-03-06T22:00:00.000000,2.632323265
NB,2026-03-06T23:00:00.000000,2.650663376
NB,2026-03-07T00:00:00.000000,2.650663376
NB,2026-03-07T01:00:00.000000,2.650663376
NB,2026-03-07T02:00:00.000000,2.612778425
NB,2026-03-07T03:00:00.000000,2.5995152
NB,2026-03-07T04:00:00.000000,2.598120928
NB,2026-03-07T05:00:00.000000,2.596418381
NB,2026-03-07T06:00:00.000000,2.600705862
NB,2026-03-07T07:00:00.000000,2.61595583
NB,2026-03-07T08:00:00.000000,2.644778013
NB,2026-03-07T09:00:00.000000,2.672603607
NB,2026-03-07T10:00:00.000000,2.688895464
NB,2026-03-07T11:00:00.000000,2.688887835
NB,2026-03-07T12:00:00.000000,2.688887596
NB,2026-03-07T13:00:00.000000,2.688887596
NB,2026-03-07T14:00:00.000000,2.688887596
NB,2026-03-07T15:00:00.000000,2.65588522
NB,2026-03-07T16:00:00.000000,2.672560453
NB,2026-03-07T17:00:00.000000,2.684282064
NB,2026-03-07T18:00:00.000000,2.712948322
NB,2026-03-07T19:00:00.000000,2.754865885
NB,2026-03-07T20:00:00.000000,2.804029226
NB,2026-03-07T21:00:00.000000,2.848304033
NB,2026-03-07T22:00:00.000000,2.848824024
NB,2026-03-07T23:00:00.000000,2.855070829
NB,2026-03-08T00:00:00.000000,2.86771965
PC,2026-03-02T00:00:00.000000,1.896120071
PC,2026-03-02T01:00:00.000000,1.580231071
PC,2026-03-02T02:00:00.000000,1.56794107
PC,2026-03-02T03:00:00.000000,1.598411322
PC,2026-03-02T04:00:00.000000,1.589593291
PC,2026-03-02T05:00:00.000000,1.559954643
PC,2026-03-02T06:00:00.000000,1.549261928
PC,2026-03-02T07:00:00.000000,1.546750546
PC,2026-03-02T08:00:00.000000,1.54500556
PC,2026-03-02T09:00:00.000000,1.54415381
PC,2026-03-02T10:00:00.000000,1.54359591
PC,2026-03-02T11:00:00.000000,1.543447495
PC,2026-03-02T12:00:00.000000,1.543481588
PC,2026-03-02T13:00:00.000000,1.551682115
PC,2026-03-02T14:00:00.000000,1.478532791
PC,2026-03-02T15:00:00.000000,1.448250651
PC,2026-03-02T16:00:00.000000,1.440661788
PC,2026-03-02T17:00:00.000000,1.431344986
PC,2026-03-02T18:00:00.000000,1.474901795
PC,2026-03-02T19:00:00.000000,1.491698623
PC,2026-03-02T20:00:00.000000,1.492219567
PC,2026-03-02T21:00:00.000000,1.492647052
PC,2026-03-02T22:00:00.000000,1.492909908
PC,2026-03-02T23:00:00.000000,1.493100405
PC,2026-03-03T00:00:00.000000,1.493215442
PC,2026-03-03T01:00:00.000000,1.26463294
PC,2026-03-03T02:00:00.000000,1.226997733
PC,2026-03-03T03:00:00.000000,1.168946505
PC,2026-03-03T04:00:00.000000,1.192573786
PC,2026-03-03T05:00:00.000000,1.157391548
PC,2026-03-03T06:00:00.000000,1.143818378
PC,2026-03-03T07:00:00.000000,1.175226212
PC,2026-03-03T08:00:00.000000,1.189523935
PC,2026-03-03T09:00:00.000000,1.19261837
PC,2026-03-03T10:00:00.000000,1.19317472
PC,2026-03-03T11:00:00.000000,1.193524003
PC,2026-03-03T12:00:00.000000,1.193893313
PC,2026-03-03T13:00:00.000000,1.194641829
PC,2026-03-03T14:00:00.000000,1.200790048
PC,2026-03-03T15:00:00.000000,1.133486867
PC,2026-03-03T16:00:00.000000,1.151498556
PC,2026-03-03T17:00:00.000000,1.117578626
PC,2026-03-03T18:00:00.000000,1.095128059
PC,2026-03-03T19:00:00.000000,1.119676828
PC,2026-03-03T20:00:00.000000,1.149430633
PC,2026-03-03T21:00:00.000000,1.157028079
PC,2026-03-03T22:00:00.000000,1.157713413
PC,2026-03-03T23:00:00.000000,1.157948136
PC,2026-03-04T00:00:00.000000,1.158115745
PC,2026-03-04T01:00:00.000000,1.491203666
PC,2026-03-04T02:00:00.000000,1.542319655
PC,2026-03-04T03:00:00.000000,1.645735979
PC,2026-03-04T04:00:00.000000,1.777858138
PC,2026-03-04T05:00:00.000000,1.793495178
PC,2026-03-04T06:00:00.000000,1.787075877
PC,2026-03-04T07:00:00.000000,1.742851853
PC,2026-03-04T08:00:00.000000,1.686686873
PC,2026-03-04T09:00:00.000000,1.663967729
PC,2026-03-04T10:00:00.000000,1.655060649
PC,2026-03-04T11:00:00.000000,1.653684258
PC,2026-03-04T12:00:00.000000,1.653421879
PC,2026-03-04T13:00:00.000000,1.653439403
PC,2026-03-04T14:00:00.000000,1.653638124
PC,2026-03-04T15:00:00.000000,1.693426371
PC,2026-03-04T16:00:00.000000,1.821461678
PC,2026-03-04T17:00:00.000000,1.923846841
PC,2026-03-04T18:00:00.000000,1.923328042
PC,2026-03-04T19:00:00.000000,1.875585794
PC,2026-03-04T20:00:00.000000,1.782622933
PC,2026-03-04T21:00:00.000000,1.753371477
PC,2026-03-04T22:00:00.000000,1.741821527
PC,2026-03-04T23:00:00.000000,1.740401149
PC,2026-03-05T00:00:00.000000,1.740199924
PC,2026-03-05T01:00:00.000000,1.740187645
PC,2026-03-05T02:00:00.000000,1.740620255
PC,2026-03-05T03:00:00.000000,1.74152267
PC,2026-03-05T04:00:00.000000,1.784516215
PC,2026-03-05T05:00:00.000000,1.903688312
PC,2026-03-05T06:00:00.000000,1.962318063
PC,2026-03-05T07:00:00.000000,1.941675544
PC,2026-03-05T08:00:00.000000,1.820022583
PC,2026-03-05T09:00:00.000000,1.803588271
PC,2026-03-05T10:00:00.000000,1.798299789
PC,2026-03-05T11:00:00.000000,1.796554804
PC,2026-03-05T12:00:00.000000,1.796470523
PC,2026-03-05T13:00:00.000000,1.796510935
PC,2026-03-05T14:00:00.000000,1.7965101
PC,2026-03-05T15:00:00.000000,1.801615
PC,2026-03-05T16:00:00.000000,1.868632913
PC,2026-03-05T17:00:00.000000,1.981541514
PC,2026-03-05T18:00:00.000000,2.059076071
PC,2026-03-05T19:00:00.000000,2.051075697
PC,2026-03-05T20:00:00.000000,1.973398566
PC,2026-03-05T21:00:00.000000,1.891131997
PC,2026-03-05T22:00:00.000000,1.878835678
PC,2026-03-05T23:00:00.000000,1.873458862
PC,2026-03-06T00:00:00.000000,1.871982932
PC,2026-03-06T01:00:00.000000,1.870683551
PC,2026-03-06T02:00:00.000000,1.869563937
PC,2026-03-06T03:00:00.000000,1.878154039
PC,2026-03-06T04:00:00.000000,1.939947963
PC,2026-03-06T05:00:00.000000,2.064661264
PC,2026-03-06T06:00:00.000000,2.192480087
PC,2026-03-06T07:00:00.000000,2.194498777
PC,2026-03-06T08:00:00.000000,2.158497572
PC,2026-03-06T09:00:00.000000,1.986840606
PC,2026-03-06T10:00:00.000000,1.96790719
PC,2026-03-06T11:00:00.000000,1.958688617
PC,2026-03-06T12:00:00.000000,1.955315828
PC,2026-03-06T13:00:00.000000,1.954895616
PC,2026-03-06T14:00:00.000000,1.954280496
PC,2026-03-06T15:00:00.000000,1.953410506
PC,2026-03-06T16:00:00.000000,1.978702545
PC,2026-03-06T17:00:00.000000,2.046191692
PC,2026-03-06T18:00:00.000000,2.223519087
PC,2026-03-06T19:00:00.000000,2.27306056
PC,2026-03-06T20:00:00.000000,2.233821869
PC,2026-03-06T21:00:00.000000,2.069815636
PC,2026-03-06T22:00:00.000000,2.038821936
PC,2026-03-06T23:00:00.000000,2.029820204
PC,2026-03-07T00:00:00.000000,2.026422501
PC,2026-03-07T01:00:00.000000,2.026373386
PC,2026-03-07T02:00:00.000000,2.026465178
PC,2026-03-07T03:00:00.000000,2.026687622
PC,2026-03-07T04:00:00.000000,2.042375088
PC,2026-03-07T05:00:00.000000,2.102897406
PC,2026-03-07T06:00:00.000000,2.256999731
PC,2026-03-07T07:00:00.000000,2.330159903
PC,2026-03-07T08:00:00.000000,2.315149069
PC,2026-03-07T09:00:00.000000,2.209424734
PC,2026-03-07T10:00:00.000000,2.115575075
PC,2026-03-07T11:00:00.000000,2.107597113
PC,2026-03-07T12:00:00.000000,2.102817535
PC,2026-03-07T13:00:00.000000,2.102500677
PC,2026-03-07T14:00:00.000000,2.102529287
PC,2026-03-07T15:00:00.000000,2.102821112
PC,2026-03-07T16:00:00.000000,2.10334754
PC,2026-03-07T17:00:00.000000,2.118011236
PC,2026-03-07T18:00:00.000000,2.20684886
PC,2026-03-07T19:00:00.000000,2.355575085
PC,2026-03-07T20:00:00.000000,2.3827672
PC,2026-03-07T21:00:00.000000,2.302544594
PC,2026-03-07T22:00:00.000000,2.200892687
PC,2026-03-07T23:00:00.000000,2.183699846
PC,2026-03-08T00:00:00.000000,2.179472446
PV,2026-03-02T00:00:00.000000,2.079529285
PV,2026-03-02T01:00:00.000000,1.93746841
PV,2026-03-02T02:00:00.000000,1.881052256
PV,2026-03-02T03:00:00.000000,1.853250504
PV,2026-03-02T04:00:00.000000,1.799596429
PV,2026-03-02T05:00:00.000000,1.797064185
PV,2026-03-02T06:00:00.000000,1.814380646
PV,2026-03-02T07:00:00.000000,1.840102673
PV,2026-03-02T08:00:00.000000,1.851294518
PV,2026-03-02T09:00:00.000000,1.851294518
PV,2026-03-02T10:00:00.000000,1.851294518
PV,2026-03-02T11:00:00.000000,1.77118659
PV,2026-03-02T12:00:00.000000,1.735254645
PV,2026-03-02T13:00:00.000000,1.706303596
PV,2026-03-02T14:00:00.000000,1.69611764
PV,2026-03-02T15:00:00.000000,1.689545035
PV,2026-03-02T16:00:00.000000,1.672779083
PV,2026-03-02T17:00:00.000000,1.678014994
PV,2026-03-02T18:00:00.000000,1.685770035
PV,2026-03-02T19:00:00.000000,1.701440811
PV,2026-03-02T20:00:00.000000,1.727763653
PV,2026-03-02T21:00:00.000000,1.727763653
PV,2026-03-02T22:00:00.000000,1.727763653
PV,2026-03-02T23:00:00.000000,1.727763653
PV,2026-03-03T00:00:00.000000,1.734761238
PV,2026-03-03T01:00:00.000000,1.767844796
PV,2026-03-03T02:00:00.000000,1.803500414
PV,2026-03-03T03:00:00.000000,1.798184633
PV,2026-03-03T04:00:00.000000,1.775019526
PV,2026-03-03T05:00:00.000000,1.730723619
PV,2026-03-03T06:00:00.000000,1.722341895
PV,2026-03-03T07:00:00.000000,1.743736625
PV,2026-03-03T08:00:00.000000,1.792936683
PV,2026-03-03T09:00:00.000000,1.792870998
PV,2026-03-03T10:00:00.000000,1.792870998
PV,2026-03-03T11:00:00.000000,1.792870998
PV,2026-03-03T12:00:00.000000,1.687453508
PV,2026-03-03T13:00:00.000000,1.678081393
PV,2026-03-03T14:00:00.000000,1.671239138
PV,2026-03-03T15:00:00.000000,1.655454636
PV,2026-03-03T16:00:00.000000,1.643894434
PV,2026-03-03T17:00:00.000000,1.676861644
PV,2026-03-03T18:00:00.000000,1.709683776
PV,2026-03-03T19:00:00.000000,1.717651367
PV,2026-03-03T20:00:00.000000,1.713321328
PV,2026-03-03T21:00:00.000000,1.715935707
PV,2026-03-03T22:00:00.000000,1.715935707
PV,2026-03-03T23:00:00.000000,1.715935707
PV,2026-03-04T00:00:00.000000,1.808583021
PV,2026-03-04T01:00:00.000000,2.011668921
PV,2026-03-04T02:00:00.000000,2.301459074
PV,2026-03-04T03:00:00.000000,2.373379946
PV,2026-03-04T04:00:00.000000,2.402721405
PV,2026-03-04T05:00:00.000000,2.41206336
PV,2026-03-04T06:00:00.000000,2.416483879
PV,2026-03-04T07:00:00.000000,2.427991867
PV,2026-03-04T08:00:00.000000,2.440411568
PV,2026-03-04T09:00:00.000000,2.443110704
PV,2026-03-04T10:00:00.000000,2.443124771
PV,2026-03-04T11:00:00.000000,2.443124771
PV,2026-03-04T12:00:00.000000,2.443124771
PV,2026-03-04T13:00:00.000000,2.44200635
PV,2026-03-04T14:00:00.000000,2.447508335
PV,2026-03-04T15:00:00.000000,2.448869705
PV,2026-03-04T16:00:00.000000,2.450187445
PV,2026-03-04T17:00:00.000000,2.454428434
PV,2026-03-04T18:00:00.000000,2.498928308
PV,2026-03-04T19:00:00.000000,2.537656069
PV,2026-03-04T20:00:00.000000,2.554543495
PV,2026-03-04T21:00:00.000000,2.575426817
PV,2026-03-04T22:00:00.000000,2.599657059
PV,2026-03-04T23:00:00.000000,2.599657059
PV,2026-03-05T00:00:00.000000,2.599657059
PV,2026-03-05T01:00:00.000000,2.599699736
PV,2026-03-05T02:00:00.000000,2.613856077
PV,2026-03-05T03:00:00.000000,2.600632906
PV,2026-03-05T04:00:00.000000,2.591438055
PV,2026-03-05T05:00:00.000000,2.581889868
PV,2026-03-05T06:00:00.000000,2.568544149
PV,2026-03-05T07:00:00.000000,2.550712347
PV,2026-03-05T08:00:00.000000,2.573784113
PV,2026-03-05T09:00:00.000000,2.599029541
PV,2026-03-05T10:00:00.000000,2.599025726
PV,2026-03-05T11:00:00.000000,2.599025726
PV,2026-03-05T12:00:00.000000,2.599025726
PV,2026-03-05T13:00:00.000000,2.612606764
PV,2026-03-05T14:00:00.000000,2.631243229
PV,2026-03-05T15:00:00.000000,2.644021988
PV,2026-03-05T16:00:00.000000,2.648741484
PV,2026-03-05T17:00:00.000000,2.64712429
PV,2026-03-05T18:00:00.000000,2.647127867
PV,2026-03-05T19:00:00.000000,2.668861628
PV,2026-03-05T20:00:00.000000,2.7120893
PV,2026-03-05T21:00:00.000000,2.756407022
PV,2026-03-05T22:00:00.000000,2.792411089
PV,2026-03-05T23:00:00.000000,2.792410851
PV,2026-03-06T00:00:00.000000,2.792410851
PV,2026-03-06T01:00:00.000000,2.815922499
PV,2026-03-06T02:00:00.000000,2.825091839
PV,2026-03-06T03:00:00.000000,2.83814168
PV,2026-03-06T04:00:00.000000,2.833216906
PV,2026-03-06T05:00:00.000000,2.820401907
PV,2026-03-06T06:00:00.000000,2.813253641
PV,2026-03-06T07:00:00.000000,2.827370405
PV,2026-03-06T08:00:00.000000,2.832128525
PV,2026-03-06T09:00:00.000000,2.837193489
PV,2026-03-06T10:00:00.000000,2.837190628
PV,2026-03-06T11:00:00.000000,2.837190628
PV,2026-03-06T12:00:00.000000,2.837190628
PV,2026-03-06T13:00:00.000000,2.837190628
PV,2026-03-06T14:00:00.000000,2.837187529
PV,2026-03-06T15:00:00.000000,2.837090731
PV,2026-03-06T16:00:00.000000,2.823233128
PV,2026-03-06T17:00:00.000000,2.792051554
PV,2026-03-06T18:00:00.000000,2.790273428
PV,2026-03-06T19:00:00.000000,2.807825089
PV,2026-03-06T20:00:00.000000,2.832572222
PV,2026-03-06T21:00:00.000000,2.837202072
PV,2026-03-06T22:00:00.000000,2.872738838
PV,2026-03-06T23:00:00.000000,2.891353607
PV,2026-03-07T00:00:00.000000,2.891353607
PV,2026-03-07T01:00:00.000000,2.891353607
PV,2026-03-07T02:00:00.000000,2.891349554
PV,2026-03-07T03:00:00.000000,2.889065504
PV,2026-03-07T04:00:00.000000,2.883134127
PV,2026-03-07T05:00:00.000000,2.86888051
PV,2026-03-07T06:00:00.000000,2.858677387
PV,2026-03-07T07:00:00.000000,2.840794086
PV,2026-03-07T08:00:00.000000,2.822171926
PV,2026-03-07T09:00:00.000000,2.839986563
PV,2026-03-07T10:00:00.000000,2.860625982
PV,2026-03-07T11:00:00.000000,2.877030134
PV,2026-03-07T12:00:00.000000,2.877023697
PV,2026-03-07T13:00:00.000000,2.877023697
PV,2026-03-07T14:00:00.000000,2.876993656
PV,2026-03-07T15:00:00.000000,2.87622714
PV,2026-03-07T16:00:00.000000,2.872962713
PV,2026-03-07T17:00:00.000000,2.866009474
PV,2026-03-07T18:00:00.000000,2.85574007
PV,2026-03-07T19:00:00.000000,2.850803614
PV,2026-03-07T20:00:00.000000,2.877554417
PV,2026-03-07T21:00:00.000000,2.904008865
PV,2026-03-07T22:00:00.000000,2.924665451
PV,2026-03-07T23:00:00.000000,2.94755435
PV,2026-03-08T00:00:00.000000,2.959064484
SH,2026-03-02T00:00:00.000000,2.108554363
SH,2026-03-02T01:00:00.000000,1.97102201
SH,2026-03-02T02:00:00.000000,1.729705691
SH,2026-03-02T03:00:00.000000,1.678307533
SH,2026-03-02T04:00:00.000000,1.641563058
SH,2026-03-02T05:00:00.000000,1.642727137
SH,2026-03-02T06:00:00.000000,1.647705436
SH,2026-03-02T07:00:00.000000,1.644252419
SH,2026-03-02T08:00:00.000000,1.640854359
SH,2026-03-02T09:00:00.000000,1.640854359
SH,2026-03-02T10:00:00.000000,1.640854359
SH,2026-03-02T11:00:00.000000,1.640854359
SH,2026-03-02T12:00:00.000000,1.468961596
SH,2026-03-02T13:00:00.000000,1.419732928
SH,2026-03-02T14:00:00.000000,1.359350204
SH,2026-03-02T15:00:00.000000,1.344206691
SH,2026-03-02T16:00:00.000000,1.337079406
SH,2026-03-02T17:00:00.000000,1.347725391
SH,2026-03-02T18:00:00.000000,1.395296574
SH,2026-03-02T19:00:00.000000,1.386554837
SH,2026-03-02T20:00:00.000000,1.451087952
SH,2026-03-02T21:00:00.000000,1.449902534
SH,2026-03-02T22:00:00.000000,1.449902534
SH,2026-03-02T23:00:00.000000,1.449902534
SH,2026-03-03T00:00:00.000000,1.469473362
SH,2026-03-03T01:00:00.000000,1.44318223
SH,2026-03-03T02:00:00.000000,1.375525475
SH,2026-03-03T03:00:00.000000,1.312671304
SH,2026-03-03T04:00:00.000000,1.295427918
SH,2026-03-03T05:00:00.000000,1.234068036
SH,2026-03-03T06:00:00.000000,1.256255031
SH,2026-03-03T07:00:00.000000,1.305878282
SH,2026-03-03T08:00:00.000000,1.317918301
SH,2026-03-03T09:00:00.000000,1.321455479
SH,2026-03-03T10:00:00.000000,1.321455479
SH,2026-03-03T11:00:00.000000,1.321455479
SH,2026-03-03T12:00:00.000000,1.321142197
SH,2026-03-03T13:00:00.000000,1.317046404
SH,2026-03-03T14:00:00.000000,1.316760302
SH,2026-03-03T15:00:00.000000,1.323333383
SH,2026-03-03T16:00:00.000000,1.346701622
SH,2026-03-03T17:00:00.000000,1.343331337
SH,2026-03-03T18:00:00.000000,1.35602951
SH,2026-03-03T19:00:00.000000,1.370898366
SH,2026-03-03T20:00:00.000000,1.394445658
SH,2026-03-03T21:00:00.000000,1.400170803
SH,2026-03-03T22:00:00.000000,1.387440681
SH,2026-03-03T23:00:00.000000,1.387440681
SH,2026-03-04T00:00:00.000000,1.387440681
SH,2026-03-04T01:00:00.000000,1.687174082
SH,2026-03-04T02:00:00.000000,1.848042727
SH,2026-03-04T03:00:00.000000,1.879288077
SH,2026-03-04T04:00:00.000000,1.890279055
SH,2026-03-04T05:00:00.000000,1.891083717
SH,2026-03-04T06:00:00.000000,1.892900109
SH,2026-03-04T07:00:00.000000,1.915339351
SH,2026-03-04T08:00:00.000000,1.918258548
SH,2026-03-04T09:00:00.000000,1.911847115
SH,2026-03-04T10:00:00.000000,1.892528534
SH,2026-03-04T11:00:00.000000,1.892528534
SH,2026-03-04T12:00:00.000000,1.892528534
SH,2026-03-04T13:00:00.000000,1.950507164
SH,2026-03-04T14:00:00.000000,1.995513916
SH,2026-03-04T15:00:00.000000,1.998312354
SH,2026-03-04T16:00:00.000000,2.025244951
SH,2026-03-04T17:00:00.000000,2.049010515
SH,2026-03-04T18:00:00.000000,2.038029671
SH,2026-03-04T19:00:00.000000,2.065248489
SH,2026-03-04T20:00:00.000000,2.073899508
SH,2026-03-04T21:00:00.000000,2.066733122
SH,2026-03-04T22:00:00.000000,2.056325912
SH,2026-03-04T23:00:00.000000,2.056325912
SH,2026-03-05T00:00:00.000000,2.056325912
SH,2026-03-05T01:00:00.000000,2.056325912
SH,2026-03-05T02:00:00.000000,2.155752897
SH,2026-03-05T03:00:00.000000,2.174216032
SH,2026-03-05T04:00:00.000000,2.174370527
SH,2026-03-05T05:00:00.000000,2.174371481
SH,2026-03-05T06:00:00.000000,2.177613974
SH,2026-03-05T07:00:00.000000,2.177651644
SH,2026-03-05T08:00:00.000000,2.180747509
SH,2026-03-05T09:00:00.000000,2.182642698
SH,2026-03-05T10:00:00.000000,2.182604313
SH,2026-03-05T11:00:00.000000,2.182616234
SH,2026-03-05T12:00:00.000000,2.182616234
SH,2026-03-05T13:00:00.000000,2.182616234
SH,2026-03-05T14:00:00.000000,2.226627111
SH,2026-03-05T15:00:00.000000,2.230487585
SH,2026-03-05T16:00:00.000000,2.23500371
SH,2026-03-05T17:00:00.000000,2.242414236
SH,2026-03-05T18:00:00.000000,2.248356342
SH,2026-03-05T19:00:00.000000,2.252155781
SH,2026-03-05T20:00:00.000000,2.274232149
SH,2026-03-05T21:00:00.000000,2.275188208
SH,2026-03-05T22:00:00.000000,2.275126457
SH,2026-03-05T23:00:00.000000,2.275126457
SH,2026-03-06T00:00:00.000000,2.275126457
SH,2026-03-06T01:00:00.000000,2.275126457
SH,2026-03-06T02:00:00.000000,2.338565588
SH,2026-03-06T03:00:00.000000,2.350950241
SH,2026-03-06T04:00:00.000000,2.356581211
SH,2026-03-06T05:00:00.000000,2.369613409
SH,2026-03-06T06:00:00.000000,2.373929739
SH,2026-03-06T07:00:00.000000,2.375745296
SH,2026-03-06T08:00:00.000000,2.381028891
SH,2026-03-06T09:00:00.000000,2.381029129
SH,2026-03-06T10:00:00.000000,2.381203413
SH,2026-03-06T11:00:00.000000,2.381146431
SH,2026-03-06T12:00:00.000000,2.381150246
SH,2026-03-06T13:00:00.000000,2.381150246
SH,2026-03-06T14:00:00.000000,2.390114546
SH,2026-03-06T15:00:00.000000,2.436050177
SH,2026-03-06T16:00:00.000000,2.4436903
SH,2026-03-06T17:00:00.000000,2.450078249
SH,2026-03-06T18:00:00.000000,2.459115028
SH,2026-03-06T19:00:00.000000,2.464823484
SH,2026-03-06T20:00:00.000000,2.470056295
SH,2026-03-06T21:00:00.000000,2.475428581
SH,2026-03-06T22:00:00.000000,2.475423574
SH,2026-03-06T23:00:00.000000,2.4753685
SH,2026-03-07T00:00:00.000000,2.475352287
SH,2026-03-07T01:00:00.000000,2.475352287
SH,2026-03-07T02:00:00.000000,2.475352287
SH,2026-03-07T03:00:00.000000,2.510089636
SH,2026-03-07T04:00:00.000000,2.510089874
SH,2026-03-07T05:00:00.000000,2.510089636
SH,2026-03-07T06:00:00.000000,2.510089636
SH,2026-03-07T07:00:00.000000,2.510086775
SH,2026-03-07T08:00:00.000000,2.494786978
SH,2026-03-07T09:00:00.000000,2.511018038
SH,2026-03-07T10:00:00.000000,2.512531996
SH,2026-03-07T11:00:00.000000,2.512479544
SH,2026-03-07T12:00:00.000000,2.5125103
SH,2026-03-07T13:00:00.000000,2.512512207
SH,2026-03-07T14:00:00.000000,2.512512207
SH,2026-03-07T15:00:00.000000,2.513685942
SH,2026-03-07T16:00:00.000000,2.53776145
SH,2026-03-07T17:00:00.000000,2.544118643
SH,2026-03-07T18:00:00.000000,2.557076216
SH,2026-03-07T19:00:00.000000,2.570976973
SH,2026-03-07T20:00:00.000000,2.559079409
SH,2026-03-07T21:00:00.000000,2.5707798
SH,2026-03-07T22:00:00.000000,2.581722021
SH,2026-03-07T23:00:00.000000,2.582453489
SH,2026-03-08T00:00:00.000000,2.582444191
WB,2026-03-02T00:00:00.000000,2.213615417
WB,2026-03-02T01:00:00.000000,2.162150145
WB,2026-03-02T02:00:00.000000,2.14039588
WB,2026-03-02T03:00:00.000000,2.145029306
WB,2026-03-02T04:00:00.000000,2.176171064
WB,2026-03-02T05:00:00.000000,2.16406703
WB,2026-03-02T06:00:00.000000,2.163090706
WB,2026-03-02T07:00:00.000000,2.16885519
WB,2026-03-02T08:00:00.000000,2.180354118
WB,2026-03-02T09:00:00.000000,2.200859308
WB,2026-03-02T10:00:00.000000,2.138354063
WB,2026-03-02T11:00:00.000000,2.049622774
WB,2026-03-02T12:00:00.000000,1.986746073
WB,2026-03-02T13:00:00.000000,1.899280787
WB,2026-03-02T14:00:00.000000,1.845259309
WB,2026-03-02T15:00:00.000000,1.875223756
WB,2026-03-02T16:00:00.000000,1.908098221
WB,2026-03-02T17:00:00.000000,1.867016435
WB,2026-03-02T18:00:00.000000,1.912888408
WB,2026-03-02T19:00:00.000000,1.942218542
WB,2026-03-02T20:00:00.000000,1.964339256
WB,2026-03-02T21:00:00.000000,1.974390864
WB,2026-03-02T22:00:00.000000,1.998683929
WB,2026-03-02T23:00:00.000000,1.992203355
WB,2026-03-03T00:00:00.000000,1.976757407
WB,2026-03-03T01:00:00.000000,2.001189947
WB,2026-03-03T02:00:00.000000,1.979853868
WB,2026-03-03T03:00:00.000000,1.976028085
WB,2026-03-03T04:00:00.000000,1.996343255
WB,2026-03-03T05:00:00.000000,1.951001406
WB,2026-03-03T06:00:00.000000,1.94043386
WB,2026-03-03T07:00:00.000000,1.942367196
WB,2026-03-03T08:00:00.000000,1.954357743
WB,2026-03-03T09:00:00.000000,1.933276653
WB,2026-03-03T10:00:00.000000,1.91317153
WB,2026-03-03T11:00:00.000000,1.89332664
WB,2026-03-03T12:00:00.000000,1.874764681
WB,2026-03-03T13:00:00.000000,1.854912162
WB,2026-03-03T14:00:00.000000,1.814123988
WB,2026-03-03T15:00:00.000000,1.750902772
WB,2026-03-03T16:00:00.000000,1.76113987
WB,2026-03-03T17:00:00.000000,1.853355765
WB,2026-03-03T18:00:00.000000,1.892267227
WB,2026-03-03T19:00:00.000000,1.924540877
WB,2026-03-03T20:00:00.000000,1.95433712
WB,2026-03-03T21:00:00.000000,1.994774699
WB,2026-03-03T22:00:00.000000,2.012405634
WB,2026-03-03T23:00:00.000000,2.027372122
WB,2026-03-04T00:00:00.000000,2.040441275
WB,2026-03-04T01:00:00.000000,2.090744019
WB,2026-03-04T02:00:00.000000,2.118846178
WB,2026-03-04T03:00:00.000000,2.114758253
WB,2026-03-04T04:00:00.000000,2.110897779
WB,2026-03-04T05:00:00.000000,2.132447004
WB,2026-03-04T06:00:00.000000,2.156563759
WB,2026-03-04T07:00:00.000000,2.164654016
WB,2026-03-04T08:00:00.000000,2.178257465
WB,2026-03-04T09:00:00.000000,2.191388369
WB,2026-03-04T10:00:00.000000,2.196599007
WB,2026-03-04T11:00:00.000000,2.201950312
WB,2026-03-04T12:00:00.000000,2.193192482
WB,2026-03-04T13:00:00.000000,2.183307648
WB,2026-03-04T14:00:00.000000,2.173836708
WB,2026-03-04T15:00:00.000000,2.17250514
WB,2026-03-04T16:00:00.000000,2.183532476
WB,2026-03-04T17:00:00.000000,2.179663181
WB,2026-03-04T18:00:00.000000,2.197733641
WB,2026-03-04T19:00:00.000000,2.318375111
WB,2026-03-04T20:00:00.000000,2.386570215
WB,2026-03-04T21:00:00.000000,2.413137197
WB,2026-03-04T22:00:00.000000,2.429489851
WB,2026-03-04T23:00:00.000000,2.435465097
WB,2026-03-05T00:00:00.000000,2.431171179
WB,2026-03-05T01:00:00.000000,2.370501518
WB,2026-03-05T02:00:00.000000,2.363442898
WB,2026-03-05T03:00:00.000000,2.356880903
WB,2026-03-05T04:00:00.000000,2.338763237
WB,2026-03-05T05:00:00.000000,2.315850019
WB,2026-03-05T06:00:00.000000,2.391646147
WB,2026-03-05T07:00:00.000000,2.418516397
WB,2026-03-05T08:00:00.000000,2.404092312
WB,2026-03-05T09:00:00.000000,2.407560349
WB,2026-03-05T10:00:00.000000,2.416472197
WB,2026-03-05T11:00:00.000000,2.424136877
WB,2026-03-05T12:00:00.000000,2.43504262
WB,2026-03-05T13:00:00.000000,2.420454979
WB,2026-03-05T14:00:00.000000,2.407912731
WB,2026-03-05T15:00:00.000000,2.395065784
WB,2026-03-05T16:00:00.000000,2.381425142
WB,2026-03-05T17:00:00.000000,2.389355183
WB,2026-03-05T18:00:00.000000,2.410829544
WB,2026-03-05T19:00:00.000000,2.4211061
WB,2026-03-05T20:00:00.000000,2.435820103
WB,2026-03-05T21:00:00.000000,2.459511757
WB,2026-03-05T22:00:00.000000,2.476812601
WB,2026-03-05T23:00:00.000000,2.491639853
WB,2026-03-06T00:00:00.000000,2.494441986
WB,2026-03-06T01:00:00.000000,2.474953413
WB,2026-03-06T02:00:00.000000,2.446397543
WB,2026-03-06T03:00:00.000000,2.419491053
WB,2026-03-06T04:00:00.000000,2.447058916
WB,2026-03-06T05:00:00.000000,2.491147518
WB,2026-03-06T06:00:00.000000,2.513790607
WB,2026-03-06T07:00:00.000000,2.519627094
WB,2026-03-06T08:00:00.000000,2.523586035
WB,2026-03-06T09:00:00.000000,2.527483463
WB,2026-03-06T10:00:00.000000,2.526320219
WB,2026-03-06T11:00:00.000000,2.529969931
WB,2026-03-06T12:00:00.000000,2.526821613
WB,2026-03-06T13:00:00.000000,2.516037703
WB,2026-03-06T14:00:00.000000,2.503590345
WB,2026-03-06T15:00:00.000000,2.497085333
WB,2026-03-06T16:00:00.000000,2.531245947
WB,2026-03-06T17:00:00.000000,2.589774609
WB,2026-03-06T18:00:00.000000,2.629207373
WB,2026-03-06T19:00:00.000000,2.645721197
WB,2026-03-06T20:00:00.000000,2.649674892
WB,2026-03-06T21:00:00.000000,2.649226189
WB,2026-03-06T22:00:00.000000,2.654042482
WB,2026-03-06T23:00:00.000000,2.655936718
WB,2026-03-07T00:00:00.000000,2.659735441
WB,2026-03-07T01:00:00.000000,2.670287609
WB,2026-03-07T02:00:00.000000,2.666991234
WB,2026-03-07T03:00:00.000000,2.652484655
WB,2026-03-07T04:00:00.000000,2.628252029
WB,2026-03-07T05:00:00.000000,2.634233236
WB,2026-03-07T06:00:00.000000,2.665890455
WB,2026-03-07T07:00:00.000000,2.679126024
WB,2026-03-07T08:00:00.000000,2.673515081
WB,2026-03-07T09:00:00.000000,2.70287323
WB,2026-03-07T10:00:00.000000,2.72478652
WB,2026-03-07T11:00:00.000000,2.739108801
WB,2026-03-07T12:00:00.000000,2.75203824
WB,2026-03-07T13:00:00.000000,2.756124258
WB,2026-03-07T14:00:00.000000,2.758975506
WB,2026-03-07T15:00:00.000000,2.753419161
WB,2026-03-07T16:00:00.000000,2.747241974
WB,2026-03-07T17:00:00.000000,2.742821455
WB,2026-03-07T18:00:00.000000,2.747941971
WB,2026-03-07T19:00:00.000000,2.748260736
WB,2026-03-07T20:00:00.000000,2.796924591
WB,2026-03-07T21:00:00.000000,2.912744999
WB,2026-03-07T22:00:00.000000,2.967399359
WB,2026-03-07T23:00:00.000000,2.994157553
WB,2026-03-08T00:00:00.000000,3.014314651
CC,2026-03-02T00:00:00.000000,0.814620614
CC,2026-03-02T01:00:00.000000,0.574597061
CC,2026-03-02T02:00:00.000000,0.522956967
CC,2026-03-02T03:00:00.000000,0.499511659
CC,2026-03-02T04:00:00.000000,0.474251181
CC,2026-03-02T05:00:00.000000,0.443104029
CC,2026-03-02T06:00:00.000000,0.410556912
CC,2026-03-02T07:00:00.000000,0.379835546
CC,2026-03-02T08:00:00.000000,0.349594265
CC,2026-03-02T09:00:00.000000,0.319855452
CC,2026-03-02T10:00:00.000000,0.294284195
CC,2026-03-02T11:00:00.000000,0.261741489
CC,2026-03-02T12:00:00.000000,0.239417985
CC,2026-03-02T13:00:00.000000,0.255212665
CC,2026-03-02T14:00:00.000000,0.320223987
CC,2026-03-02T15:00:00.000000,0.39664939
CC,2026-03-02T16:00:00.000000,0.468136221
CC,2026-03-02T17:00:00.000000,0.548288345
CC,2026-03-02T18:00:00.000000,0.627060354
CC,2026-03-02T19:00:00.000000,0.678477764
CC,2026-03-02T20:00:00.000000,0.702651739
CC,2026-03-02T21:00:00.000000,0.701109052
CC,2026-03-02T22:00:00.000000,0.658851743
CC,2026-03-02T23:00:00.000000,0.59747982
CC,2026-03-03T00:00:00.000000,0.550922453
CC,2026-03-03T01:00:00.000000,0.026414035
CC,2026-03-03T02:00:00.000000,-0.064436398
CC,2026-03-03T03:00:00.000000,-0.080300793
CC,2026-03-03T04:00:00.000000,-0.091910802
CC,2026-03-03T05:00:00.000000,-0.105821051
CC,2026-03-03T06:00:00.000000,-0.122091867
CC,2026-03-03T07:00:00.000000,-0.139383137
CC,2026-03-03T08:00:00.000000,-0.156532422
CC,2026-03-03T09:00:00.000000,-0.169999346
CC,2026-03-03T10:00:00.000000,-0.176440671
CC,2026-03-03T11:00:00.000000,-0.187183782
CC,2026-03-03T12:00:00.000000,-0.195882693
CC,2026-03-03T13:00:00.000000,-0.174145266
CC,2026-03-03T14:00:00.000000,-0.112317748
CC,2026-03-03T15:00:00.000000,-0.015391352
CC,2026-03-03T16:00:00.000000,0.063797936
CC,2026-03-03T17:00:00.000000,0.15470688
CC,2026-03-03T18:00:00.000000,0.253097534
CC,2026-03-03T19:00:00.000000,0.321911305
CC,2026-03-03T20:00:00.000000,0.371879488
CC,2026-03-03T21:00:00.000000,0.384577543
CC,2026-03-03T22:00:00.000000,0.371441007
CC,2026-03-03T23:00:00.000000,0.339250565
CC,2026-03-04T00:00:00.000000,0.322181523
CC,2026-03-04T01:00:00.000000,0.691102266
CC,2026-03-04T02:00:00.000000,0.849075854
CC,2026-03-04T03:00:00.000000,0.880280435
CC,2026-03-04T04:00:00.000000,0.908282876
CC,2026-03-04T05:00:00.000000,0.922081411
CC,2026-03-04T06:00:00.000000,0.931478262
CC,2026-03-04T07:00:00.000000,0.938512921
CC,2026-03-04T08:00:00.000000,0.939715624
CC,2026-03-04T09:00:00.000000,0.939979255
CC,2026-03-04T10:00:00.000000,0.935270011
CC,2026-03-04T11:00:00.000000,0.925087035
CC,2026-03-04T12:00:00.000000,0.917437494
CC,2026-03-04T13:00:00.000000,0.926953256
CC,2026-03-04T14:00:00.000000,0.965615749
CC,2026-03-04T15:00:00.000000,1.039715528
CC,2026-03-04T16:00:00.000000,1.123960853
CC,2026-03-04T17:00:00.000000,1.203266382
CC,2026-03-04T18:00:00.000000,1.274557471
CC,2026-03-04T19:00:00.000000,1.326219916
CC,2026-03-04T20:00:00.000000,1.344915628
CC,2026-03-04T21:00:00.000000,1.332687616
CC,2026-03-04T22:00:00.000000,1.315451264
CC,2026-03-04T23:00:00.000000,1.282430053
CC,2026-03-05T00:00:00.000000,1.259729028
CC,2026-03-05T01:00:00.000000,1.250157595
CC,2026-03-05T02:00:00.000000,1.243713975
CC,2026-03-05T03:00:00.000000,1.240554214
CC,2026-03-05T04:00:00.000000,1.242236376
CC,2026-03-05T05:00:00.000000,1.245466352
CC,2026-03-05T06:00:00.000000,1.24437356
CC,2026-03-05T07:00:00.000000,1.237600088
CC,2026-03-05T08:00:00.000000,1.230863452
CC,2026-03-05T09:00:00.000000,1.225927591
CC,2026-03-05T10:00:00.000000,1.219012022
CC,2026-03-05T11:00:00.000000,1.207551122
CC,2026-03-05T12:00:00.000000,1.195478797
CC,2026-03-05T13:00:00.000000,1.189141512
CC,2026-03-05T14:00:00.000000,1.191356659
CC,2026-03-05T15:00:00.000000,1.203009963
CC,2026-03-05T16:00:00.000000,1.224420905
CC,2026-03-05T17:00:00.000000,1.256868124
CC,2026-03-05T18:00:00.000000,1.299416304
CC,2026-03-05T19:00:00.000000,1.344538927
CC,2026-03-05T20:00:00.000000,1.380017042
CC,2026-03-05T21:00:00.000000,1.404678702
CC,2026-03-05T22:00:00.000000,1.421353459
CC,2026-03-05T23:00:00.000000,1.425172448
CC,2026-03-06T00:00:00.000000,1.41829145
CC,2026-03-06T01:00:00.000000,1.406350136
CC,2026-03-06T02:00:00.000000,1.400152922
CC,2026-03-06T03:00:00.000000,1.399530768
CC,2026-03-06T04:00:00.000000,1.40418613
CC,2026-03-06T05:00:00.000000,1.413287401
CC,2026-03-06T06:00:00.000000,1.423906446
CC,2026-03-06T07:00:00.000000,1.432139993
CC,2026-03-06T08:00:00.000000,1.434512258
CC,2026-03-06T09:00:00.000000,1.43390286
CC,2026-03-06T10:00:00.000000,1.434775233
CC,2026-03-06T11:00:00.000000,1.435885429
CC,2026-03-06T12:00:00.000000,1.432585239
CC,2026-03-06T13:00:00.000000,1.424351692
CC,2026-03-06T14:00:00.000000,1.419231057
CC,2026-03-06T15:00:00.000000,1.422275782
CC,2026-03-06T16:00:00.000000,1.436519623
CC,2026-03-06T17:00:00.000000,1.459310889
CC,2026-03-06T18:00:00.000000,1.490018368
CC,2026-03-06T19:00:00.000000,1.519376516
CC,2026-03-06T20:00:00.000000,1.544258237
CC,2026-03-06T21:00:00.000000,1.56111443
CC,2026-03-06T22:00:00.000000,1.571385264
CC,2026-03-06T23:00:00.000000,1.574680924
CC,2026-03-07T00:00:00.000000,1.572508931
CC,2026-03-07T01:00:00.000000,1.564679742
CC,2026-03-07T02:00:00.000000,1.557666063
CC,2026-03-07T03:00:00.000000,1.554552913
CC,2026-03-07T04:00:00.000000,1.556836367
CC,2026-03-07T05:00:00.000000,1.562076926
CC,2026-03-07T06:00:00.000000,1.569954634
CC,2026-03-07T07:00:00.000000,1.576406598
CC,2026-03-07T08:00:00.000000,1.581040382
CC,2026-03-07T09:00:00.000000,1.583075404
CC,2026-03-07T10:00:00.000000,1.585681438
CC,2026-03-07T11:00:00.000000,1.588586688
CC,2026-03-07T12:00:00.000000,1.589206457
CC,2026-03-07T13:00:00.000000,1.587490916
CC,2026-03-07T14:00:00.000000,1.588277578
CC,2026-03-07T15:00:00.000000,1.59637022
CC,2026-03-07T16:00:00.000000,1.613389254
CC,2026-03-07T17:00:00.000000,1.639930844
CC,2026-03-07T18:00:00.000000,1.674025655
CC,2026-03-07T19:00:00.000000,1.7098701
CC,2026-03-07T20:00:00.000000,1.744921327
CC,2026-03-07T21:00:00.000000,1.771950483
CC,2026-03-07T22:00:00.000000,1.788281441
CC,2026-03-07T23:00:00.000000,1.799899697
CC,2026-03-08T00:00:00.000000,1.810029984
DL,2026-03-02T00:00:00.000000,0.765997529
DL,2026-03-02T01:00:00.000000,0.740466952
DL,2026-03-02T02:00:00.000000,0.627561629
DL,2026-03-02T03:00:00.000000,0.600468576
DL,2026-03-02T04:00:00.000000,0.599269629
DL,2026-03-02T05:00:00.000000,0.608130872
DL,2026-03-02T06:00:00.000000,0.605597556
DL,2026-03-02T07:00:00.000000,0.604057372
DL,2026-03-02T08:00:00.000000,0.605570555
DL,2026-03-02T09:00:00.000000,0.615124404
DL,2026-03-02T10:00:00.000000,0.629973054
DL,2026-03-02T11:00:00.000000,0.626957119
DL,2026-03-02T12:00:00.000000,0.587773561
DL,2026-03-02T13:00:00.000000,0.579325259
DL,2026-03-02T14:00:00.000000,0.593289077
DL,2026-03-02T15:00:00.000000,0.592273474
DL,2026-03-02T16:00:00.000000,0.585438669
DL,2026-03-02T17:00:00.000000,0.579103887
DL,2026-03-02T18:00:00.000000,0.57773447
DL,2026-03-02T19:00:00.000000,0.583168566
DL,2026-03-02T20:00:00.000000,0.584493876
DL,2026-03-02T21:00:00.000000,0.582706511
DL,2026-03-02T22:00:00.000000,0.57756269
DL,2026-03-02T23:00:00.000000,0.563939869
DL,2026-03-03T00:00:00.000000,0.540211201
DL,2026-03-03T01:00:00.000000,0.501452088
DL,2026-03-03T02:00:00.000000,0.273982078
DL,2026-03-03T03:00:00.000000,0.220465824
DL,2026-03-03T04:00:00.000000,0.221126154
DL,2026-03-03T05:00:00.000000,0.221416578
DL,2026-03-03T06:00:00.000000,0.221155316
DL,2026-03-03T07:00:00.000000,0.223293975
DL,2026-03-03T08:00:00.000000,0.226282567
DL,2026-03-03T09:00:00.000000,0.232973114
DL,2026-03-03T10:00:00.000000,0.238117963
DL,2026-03-03T11:00:00.000000,0.246699035
DL,2026-03-03T12:00:00.000000,0.24516812
DL,2026-03-03T13:00:00.000000,0.24056147
DL,2026-03-03T14:00:00.000000,0.241833121
DL,2026-03-03T15:00:00.000000,0.251461595
DL,2026-03-03T16:00:00.000000,0.261281908
DL,2026-03-03T17:00:00.000000,0.262485087
DL,2026-03-03T18:00:00.000000,0.2605021
DL,2026-03-03T19:00:00.000000,0.258387715
DL,2026-03-03T20:00:00.000000,0.255210102
DL,2026-03-03T21:00:00.000000,0.25336194
DL,2026-03-03T22:00:00.000000,0.250552744
DL,2026-03-03T23:00:00.000000,0.244794145
DL,2026-03-04T00:00:00.000000,0.240646183
DL,2026-03-04T01:00:00.000000,0.308957338
DL,2026-03-04T02:00:00.000000,0.747179687
DL,2026-03-04T03:00:00.000000,0.951876998
DL,2026-03-04T04:00:00.000000,0.971902668
DL,2026-03-04T05:00:00.000000,0.964823902
DL,2026-03-04T06:00:00.000000,0.971407473
DL,2026-03-04T07:00:00.000000,0.973584354
DL,2026-03-04T08:00:00.000000,0.984115303
DL,2026-03-04T09:00:00.000000,0.993182123
DL,2026-03-04T10:00:00.000000,0.999324679
DL,2026-03-04T11:00:00.000000,1.019409418
DL,2026-03-04T12:00:00.000000,1.069261312
DL,2026-03-04T13:00:00.000000,1.10693121
DL,2026-03-04T14:00:00.000000,1.11312747
DL,2026-03-04T15:00:00.000000,1.087200403
DL,2026-03-04T16:00:00.000000,1.064434528
DL,2026-03-04T17:00:00.000000,1.066211939
DL,2026-03-04T18:00:00.000000,1.08317256
DL,2026-03-04T19:00:00.000000,1.091296792
DL,2026-03-04T20:00:00.000000,1.098181129
DL,2026-03-04T21:00:00.000000,1.101059675
DL,2026-03-04T22:00:00.000000,1.106470346
DL,2026-03-04T23:00:00.000000,1.119510651
DL,2026-03-05T00:00:00.000000,1.12851131
DL,2026-03-05T01:00:00.000000,1.142389774
DL,2026-03-05T02:00:00.000000,1.145841241
DL,2026-03-05T03:00:00.000000,1.128249288
DL,2026-03-05T04:00:00.000000,1.126088142
DL,2026-03-05T05:00:00.000000,1.13241148
DL,2026-03-05T06:00:00.000000,1.140310764
DL,2026-03-05T07:00:00.000000,1.14863193
DL,2026-03-05T08:00:00.000000,1.151157856
DL,2026-03-05T09:00:00.000000,1.144684434
DL,2026-03-05T10:00:00.000000,1.137474775
DL,2026-03-05T11:00:00.000000,1.141787648
DL,2026-03-05T12:00:00.000000,1.160620928
DL,2026-03-05T13:00:00.000000,1.175071955
DL,2026-03-05T14:00:00.000000,1.180747747
DL,2026-03-05T15:00:00.000000,1.167378426
DL,2026-03-05T16:00:00.000000,1.156620979
DL,2026-03-05T17:00:00.000000,1.158753753
DL,2026-03-05T18:00:00.000000,1.162922263
DL,2026-03-05T19:00:00.000000,1.165428281
DL,2026-03-05T20:00:00.000000,1.16931963
DL,2026-03-05T21:00:00.000000,1.172392845
DL,2026-03-05T22:00:00.000000,1.169932246
DL,2026-03-05T23:00:00.000000,1.171687365
DL,2026-03-06T00:00:00.000000,1.179247618
DL,2026-03-06T01:00:00.000000,1.186100125
DL,2026-03-06T02:00:00.000000,1.191336751
DL,2026-03-06T03:00:00.000000,1.193891644
DL,2026-03-06T04:00:00.000000,1.177361369
DL,2026-03-06T05:00:00.000000,1.173930407
DL,2026-03-06T06:00:00.000000,1.178155303
DL,2026-03-06T07:00:00.000000,1.184412837
DL,2026-03-06T08:00:00.000000,1.190323114
DL,2026-03-06T09:00:00.000000,1.194585919
DL,2026-03-06T10:00:00.000000,1.1892519
DL,2026-03-06T11:00:00.000000,1.180557013
DL,2026-03-06T12:00:00.000000,1.186726451
DL,2026-03-06T13:00:00.000000,1.208208084
DL,2026-03-06T14:00:00.000000,1.232816458
DL,2026-03-06T15:00:00.000000,1.26454103
DL,2026-03-06T16:00:00.000000,1.250535011
DL,2026-03-06T17:00:00.000000,1.243812323
DL,2026-03-06T18:00:00.000000,1.246431708
DL,2026-03-06T19:00:00.000000,1.25609839
DL,2026-03-06T20:00:00.000000,1.257171988
DL,2026-03-06T21:00:00.000000,1.262083173
DL,2026-03-06T22:00:00.000000,1.260736465
DL,2026-03-06T23:00:00.000000,1.259097815
DL,2026-03-07T00:00:00.000000,1.261242032
DL,2026-03-07T01:00:00.000000,1.273521423
DL,2026-03-07T02:00:00.000000,1.278145909
DL,2026-03-07T03:00:00.000000,1.280495167
DL,2026-03-07T04:00:00.000000,1.271028399
DL,2026-03-07T05:00:00.000000,1.254604936
DL,2026-03-07T06:00:00.000000,1.256946206
DL,2026-03-07T07:00:00.000000,1.266676784
DL,2026-03-07T08:00:00.000000,1.273483992
DL,2026-03-07T09:00:00.000000,1.28360188
DL,2026-03-07T10:00:00.000000,1.284421086
DL,2026-03-07T11:00:00.000000,1.283854842
DL,2026-03-07T12:00:00.000000,1.290672541
DL,2026-03-07T13:00:00.000000,1.303513646
DL,2026-03-07T14:00:00.000000,1.314192653
DL,2026-03-07T15:00:00.000000,1.312882185
DL,2026-03-07T16:00:00.000000,1.296045423
DL,2026-03-07T17:00:00.000000,1.272421122
DL,2026-03-07T18:00:00.000000,1.269147396
DL,2026-03-07T19:00:00.000000,1.277127028
DL,2026-03-07T20:00:00.000000,1.283957243
DL,2026-03-07T21:00:00.000000,1.294652224
DL,2026-03-07T22:00:00.000000,1.30332756
DL,2026-03-07T23:00:00.000000,1.307065368
DL,2026-03-08T00:00:00.000000,1.313566804
GB,2026-03-02T00:00:00.000000,0.814631045
GB,2026-03-02T01:00:00.000000,0.479491591
GB,2026-03-02T02:00:00.000000,0.428785443
GB,2026-03-02T03:00:00.000000,0.414174885
GB,2026-03-02T04:00:00.000000,0.414836079
GB,2026-03-02T05:00:00.000000,0.363165319
GB,2026-03-02T06:00:00.000000,0.338858068
GB,2026-03-02T07:00:00.000000,0.345333725
GB,2026-03-02T08:00:00.000000,0.327455193
GB,2026-03-02T09:00:00.000000,0.370828718
GB,2026-03-02T10:00:00.000000,0.307427019
GB,2026-03-02T11:00:00.000000,0.252535433
GB,2026-03-02T12:00:00.000000,0.235230729
GB,2026-03-02T13:00:00.000000,0.235239774
GB,2026-03-02T14:00:00.000000,0.249680743
GB,2026-03-02T15:00:00.000000,0.271328479
GB,2026-03-02T16:00:00.000000,0.353537083
GB,2026-03-02T17:00:00.000000,0.374420881
GB,2026-03-02T18:00:00.000000,0.421096861
GB,2026-03-02T19:00:00.000000,0.470524013
GB,2026-03-02T20:00:00.000000,0.511608839
GB,2026-03-02T21:00:00.000000,0.52569437
GB,2026-03-02T22:00:00.000000,0.599895418
GB,2026-03-02T23:00:00.000000,0.493239969
GB,2026-03-03T00:00:00.000000,0.431748688
GB,2026-03-03T01:00:00.000000,0.244453773
GB,2026-03-03T02:00:00.000000,0.203601524
GB,2026-03-03T03:00:00.000000,0.186632872
GB,2026-03-03T04:00:00.000000,0.187864944
GB,2026-03-03T05:00:00.000000,0.181067944
GB,2026-03-03T06:00:00.000000,0.177360922
GB,2026-03-03T07:00:00.000000,0.189401969
GB,2026-03-03T08:00:00.000000,0.198027164
GB,2026-03-03T09:00:00.000000,0.213844642
GB,2026-03-03T10:00:00.000000,0.20521079
GB,2026-03-03T11:00:00.000000,0.186668083
GB,2026-03-03T12:00:00.000000,0.144037232
GB,2026-03-03T13:00:00.000000,0.141664132
GB,2026-03-03T14:00:00.000000,0.158367321
GB,2026-03-03T15:00:00.000000,0.189427108
GB,2026-03-03T16:00:00.000000,0.228014857
GB,2026-03-03T17:00:00.000000,0.326812446
GB,2026-03-03T18:00:00.000000,0.379231334
GB,2026-03-03T19:00:00.000000,0.43514508
GB,2026-03-03T20:00:00.000000,0.499308825
GB,2026-03-03T21:00:00.000000,0.547909379
GB,2026-03-03T22:00:00.000000,0.559061468
GB,2026-03-03T23:00:00.000000,0.596588135
GB,2026-03-04T00:00:00.000000,0.49437353
GB,2026-03-04T01:00:00.000000,1.180861354
GB,2026-03-04T02:00:00.000000,1.293417454
GB,2026-03-04T03:00:00.000000,1.289043903
GB,2026-03-04T04:00:00.000000,1.295628309
GB,2026-03-04T05:00:00.000000,1.350160003
GB,2026-03-04T06:00:00.000000,1.368587375
GB,2026-03-04T07:00:00.000000,1.3565346
GB,2026-03-04T08:00:00.000000,1.382797599
GB,2026-03-04T09:00:00.000000,1.406453967
GB,2026-03-04T10:00:00.000000,1.420704246
GB,2026-03-04T11:00:00.000000,1.443889022
GB,2026-03-04T12:00:00.000000,1.375016689
GB,2026-03-04T13:00:00.000000,1.354042768
GB,2026-03-04T14:00:00.000000,1.353062153
GB,2026-03-04T15:00:00.000000,1.373409271
GB,2026-03-04T16:00:00.000000,1.400270104
GB,2026-03-04T17:00:00.000000,1.450075626
GB,2026-03-04T18:00:00.000000,1.557068944
GB,2026-03-04T19:00:00.000000,1.541071177
GB,2026-03-04T20:00:00.000000,1.58618319
GB,2026-03-04T21:00:00.000000,1.631014347
GB,2026-03-04T22:00:00.000000,1.649601221
GB,2026-03-04T23:00:00.000000,1.654479623
GB,2026-03-05T00:00:00.000000,1.666959882
GB,2026-03-05T01:00:00.000000,1.637410283
GB,2026-03-05T02:00:00.000000,1.619507909
GB,2026-03-05T03:00:00.000000,1.602930188
GB,2026-03-05T04:00:00.000000,1.595748425
GB,2026-03-05T05:00:00.000000,1.583557963
GB,2026-03-05T06:00:00.000000,1.633752227
GB,2026-03-05T07:00:00.000000,1.61136055
GB,2026-03-05T08:00:00.000000,1.623699665
GB,2026-03-05T09:00:00.000000,1.642696857
GB,2026-03-05T10:00:00.000000,1.653897762
GB,2026-03-05T11:00:00.000000,1.653255582
GB,2026-03-05T12:00:00.000000,1.72051394
GB,2026-03-05T13:00:00.000000,1.661128163
GB,2026-03-05T14:00:00.000000,1.639104009
GB,2026-03-05T15:00:00.000000,1.627826095
GB,2026-03-05T16:00:00.000000,1.623342514
GB,2026-03-05T17:00:00.000000,1.62410593
GB,2026-03-05T18:00:00.000000,1.681715727
GB,2026-03-05T19:00:00.000000,1.727347255
GB,2026-03-05T20:00:00.000000,1.746806979
GB,2026-03-05T21:00:00.000000,1.810665369
GB,2026-03-05T22:00:00.000000,1.851393819
GB,2026-03-05T23:00:00.000000,1.875199556
GB,2026-03-06T00:00:00.000000,1.893711686
GB,2026-03-06T01:00:00.000000,1.914476395
GB,2026-03-06T02:00:00.000000,1.808291554
GB,2026-03-06T03:00:00.000000,1.770208955
GB,2026-03-06T04:00:00.000000,1.753696561
GB,2026-03-06T05:00:00.000000,1.745583534
GB,2026-03-06T06:00:00.000000,1.743530631
GB,2026-03-06T07:00:00.000000,1.781391978
GB,2026-03-06T08:00:00.000000,1.825556993
GB,2026-03-06T09:00:00.000000,1.886650205
GB,2026-03-06T10:00:00.000000,1.92007041
GB,2026-03-06T11:00:00.000000,1.943212748
GB,2026-03-06T12:00:00.000000,1.951714158
GB,2026-03-06T13:00:00.000000,2.01064229
GB,2026-03-06T14:00:00.000000,1.908968568
GB,2026-03-06T15:00:00.000000,1.869242668
GB,2026-03-06T16:00:00.000000,1.846327305
GB,2026-03-06T17:00:00.000000,1.835216522
GB,2026-03-06T18:00:00.000000,1.818077445
GB,2026-03-06T19:00:00.000000,1.88605082
GB,2026-03-06T20:00:00.000000,1.93031764
GB,2026-03-06T21:00:00.000000,1.970602274
GB,2026-03-06T22:00:00.000000,2.001614809
GB,2026-03-06T23:00:00.000000,2.027003288
GB,2026-03-07T00:00:00.000000,2.040803909
GB,2026-03-07T01:00:00.000000,2.084346056
GB,2026-03-07T02:00:00.000000,1.966941357
GB,2026-03-07T03:00:00.000000,1.911295533
GB,2026-03-07T04:00:00.000000,1.874043107
GB,2026-03-07T05:00:00.000000,1.852653146
GB,2026-03-07T06:00:00.000000,1.83535707
GB,2026-03-07T07:00:00.000000,1.877025843
GB,2026-03-07T08:00:00.000000,1.898006439
GB,2026-03-07T09:00:00.000000,1.935015917
GB,2026-03-07T10:00:00.000000,1.96276772
GB,2026-03-07T11:00:00.000000,1.986653805
GB,2026-03-07T12:00:00.000000,2.012026072
GB,2026-03-07T13:00:00.000000,2.014485359
GB,2026-03-07T14:00:00.000000,2.054426908
GB,2026-03-07T15:00:00.000000,1.938634872
GB,2026-03-07T16:00:00.000000,1.914607406
GB,2026-03-07T17:00:00.000000,1.907422185
GB,2026-03-07T18:00:00.000000,1.907363534
GB,2026-03-07T19:00:00.000000,1.896345139
GB,2026-03-07T20:00:00.000000,1.974843621
GB,2026-03-07T21:00:00.000000,2.013622522
GB,2026-03-07T22:00:00.000000,2.043335676
GB,2026-03-07T23:00:00.000000,2.069175482
GB,2026-03-08T00:00:00.000000,2.09793973
LI,2026-03-02T00:00:00.000000,1.059590459
LI,2026-03-02T01:00:00.000000,0.799373269
LI,2026-03-02T02:00:00.000000,0.740142584
LI,2026-03-02T03:00:00.000000,0.72053349
LI,2026-03-02T04:00:00.000000,0.679104209
LI,2026-03-02T05:00:00.000000,0.615914345
LI,2026-03-02T06:00:00.000000,0.562879205
LI,2026-03-02T07:00:00.000000,0.609302521
LI,2026-03-02T08:00:00.000000,0.584183812
LI,2026-03-02T09:00:00.000000,0.501420796
LI,2026-03-02T10:00:00.000000,0.478345841
LI,2026-03-02T11:00:00.000000,0.547471881
LI,2026-03-02T12:00:00.000000,0.522291064
LI,2026-03-02T13:00:00.000000,0.483225673
LI,2026-03-02T14:00:00.000000,0.465026706
LI,2026-03-02T15:00:00.000000,0.484722435
LI,2026-03-02T16:00:00.000000,0.516462326
LI,2026-03-02T17:00:00.000000,0.574998617
LI,2026-03-02T18:00:00.000000,0.645904481
LI,2026-03-02T19:00:00.000000,0.661562145
LI,2026-03-02T20:00:00.000000,0.644431412
LI,2026-03-02T21:00:00.000000,0.64614284
LI,2026-03-02T22:00:00.000000,0.622309804
LI,2026-03-02T23:00:00.000000,0.591703176
LI,2026-03-03T00:00:00.000000,0.577682614
LI,2026-03-03T01:00:00.000000,0.389429599
LI,2026-03-03T02:00:00.000000,0.347973108
LI,2026-03-03T03:00:00.000000,0.368881732
LI,2026-03-03T04:00:00.000000,0.383116245
LI,2026-03-03T05:00:00.000000,0.388666093
LI,2026-03-03T06:00:00.000000,0.329249471
LI,2026-03-03T07:00:00.000000,0.360629171
LI,2026-03-03T08:00:00.000000,0.345195621
LI,2026-03-03T09:00:00.000000,0.329497844
LI,2026-03-03T10:00:00.000000,0.285591841
LI,2026-03-03T11:00:00.000000,0.318229675
LI,2026-03-03T12:00:00.000000,0.308565944
LI,2026-03-03T13:00:00.000000,0.322940826
LI,2026-03-03T14:00:00.000000,0.36368838
LI,2026-03-03T15:00:00.000000,0.43672502
LI,2026-03-03T16:00:00.000000,0.501366079
LI,2026-03-03T17:00:00.000000,0.552019656
LI,2026-03-03T18:00:00.000000,0.636125147
LI,2026-03-03T19:00:00.000000,0.701398492
LI,2026-03-03T20:00:00.000000,0.727585912
LI,2026-03-03T21:00:00.000000,0.717857361
LI,2026-03-03T22:00:00.000000,0.710507035
LI,2026-03-03T23:00:00.000000,0.640112579
LI,2026-03-04T00:00:00.000000,0.624600053
LI,2026-03-04T01:00:00.000000,1.22431004
LI,2026-03-04T02:00:00.000000,1.416736007
LI,2026-03-04T03:00:00.000000,1.435094118
LI,2026-03-04T04:00:00.000000,1.470238686
LI,2026-03-04T05:00:00.000000,1.526804566
LI,2026-03-04T06:00:00.000000,1.538132429
LI,2026-03-04T07:00:00.000000,1.543504596
LI,2026-03-04T08:00:00.000000,1.549333692
LI,2026-03-04T09:00:00.000000,1.540897846
LI,2026-03-04T10:00:00.000000,1.53911984
LI,2026-03-04T11:00:00.000000,1.539813519
LI,2026-03-04T12:00:00.000000,1.54167676
LI,2026-03-04T13:00:00.000000,1.555500865
LI,2026-03-04T14:00:00.000000,1.583390236
LI,2026-03-04T15:00:00.000000,1.634435058
LI,2026-03-04T16:00:00.000000,1.697012424
LI,2026-03-04T17:00:00.000000,1.758732557
LI,2026-03-04T18:00:00.000000,1.811182857
LI,2026-03-04T19:00:00.000000,1.869083405
LI,2026-03-04T20:00:00.000000,1.868106365
LI,2026-03-04T21:00:00.000000,1.817918539
LI,2026-03-04T22:00:00.000000,1.808063149
LI,2026-03-04T23:00:00.000000,1.801604271
LI,2026-03-05T00:00:00.000000,1.795619488
LI,2026-03-05T01:00:00.000000,1.809143305
LI,2026-03-05T02:00:00.000000,1.806450248
LI,2026-03-05T03:00:00.000000,1.784917235
LI,2026-03-05T04:00:00.000000,1.762908101
LI,2026-03-05T05:00:00.000000,1.762494922
LI,2026-03-05T06:00:00.000000,1.767189741
LI,2026-03-05T07:00:00.000000,1.761877894
LI,2026-03-05T08:00:00.000000,1.757818937
LI,2026-03-05T09:00:00.000000,1.76469624
LI,2026-03-05T10:00:00.000000,1.764393926
LI,2026-03-05T11:00:00.000000,1.75166893
LI,2026-03-05T12:00:00.000000,1.748356462
LI,2026-03-05T13:00:00.000000,1.747468352
LI,2026-03-05T14:00:00.000000,1.748870611
LI,2026-03-05T15:00:00.000000,1.756616354
LI,2026-03-05T16:00:00.000000,1.78165555
LI,2026-03-05T17:00:00.000000,1.813937664
LI,2026-03-05T18:00:00.000000,1.844703555
LI,2026-03-05T19:00:00.000000,1.880821943
LI,2026-03-05T20:00:00.000000,1.914179564
LI,2026-03-05T21:00:00.000000,1.931933284
LI,2026-03-05T22:00:00.000000,1.92617929
LI,2026-03-05T23:00:00.000000,1.919501305
LI,2026-03-06T00:00:00.000000,1.910647631
LI,2026-03-06T01:00:00.000000,1.889828563
LI,2026-03-06T02:00:00.000000,1.880120158
LI,2026-03-06T03:00:00.000000,1.87843132
LI,2026-03-06T04:00:00.000000,1.882408261
LI,2026-03-06T05:00:00.000000,1.915499449
LI,2026-03-06T06:00:00.000000,1.948583484
LI,2026-03-06T07:00:00.000000,1.958674312
LI,2026-03-06T08:00:00.000000,1.957051158
LI,2026-03-06T09:00:00.000000,1.957899332
LI,2026-03-06T10:00:00.000000,1.958235025
LI,2026-03-06T11:00:00.000000,1.959287286
LI,2026-03-06T12:00:00.000000,1.95714879
LI,2026-03-06T13:00:00.000000,1.949270964
LI,2026-03-06T14:00:00.000000,1.936073184
LI,2026-03-06T15:00:00.000000,1.927788019
LI,2026-03-06T16:00:00.000000,1.935514212
LI,2026-03-06T17:00:00.000000,1.967577815
LI,2026-03-06T18:00:00.000000,1.998366475
LI,2026-03-06T19:00:00.000000,2.019892693
LI,2026-03-06T20:00:00.000000,2.036789417
LI,2026-03-06T21:00:00.000000,2.047629595
LI,2026-03-06T22:00:00.000000,2.053790569
LI,2026-03-06T23:00:00.000000,2.05264616
LI,2026-03-07T00:00:00.000000,2.046466351
LI,2026-03-07T01:00:00.000000,2.035384178
LI,2026-03-07T02:00:00.000000,2.019112825
LI,2026-03-07T03:00:00.000000,2.00652051
LI,2026-03-07T04:00:00.000000,2.00112915
LI,2026-03-07T05:00:00.000000,2.013023376
LI,2026-03-07T06:00:00.000000,2.039143562
LI,2026-03-07T07:00:00.000000,2.053454876
LI,2026-03-07T08:00:00.000000,2.057000399
LI,2026-03-07T09:00:00.000000,2.057912111
LI,2026-03-07T10:00:00.000000,2.058625698
LI,2026-03-07T11:00:00.000000,2.058989048
LI,2026-03-07T12:00:00.000000,2.05862093
LI,2026-03-07T13:00:00.000000,2.052865267
LI,2026-03-07T14:00:00.000000,2.042114973
LI,2026-03-07T15:00:00.000000,2.032784224
LI,2026-03-07T16:00:00.000000,2.035158634
LI,2026-03-07T17:00:00.000000,2.056981802
LI,2026-03-07T18:00:00.000000,2.098198891
LI,2026-03-07T19:00:00.000000,2.134406567
LI,2026-03-07T20:00:00.000000,2.161077499
LI,2026-03-07T21:00:00.000000,2.182944059
LI,2026-03-07T22:00:00.000000,2.194857836
LI,2026-03-07T23:00:00.000000,2.191061735
LI,2026-03-08T00:00:00.000000,2.191133499
OB,2026-03-02T00:00:00.000000,1.311473727
OB,2026-03-02T01:00:00.000000,0.940794051
OB,2026-03-02T02:00:00.000000,0.88817507
OB,2026-03-02T03:00:00.000000,0.869317174
OB,2026-03-02T04:00:00.000000,0.859081388
OB,2026-03-02T05:00:00.000000,0.857695341
OB,2026-03-02T06:00:00.000000,0.852921188
OB,2026-03-02T07:00:00.000000,0.853972316
OB,2026-03-02T08:00:00.000000,0.850069225
OB,2026-03-02T09:00:00.000000,0.850052178
OB,2026-03-02T10:00:00.000000,0.867966056
OB,2026-03-02T11:00:00.000000,0.914261818
OB,2026-03-02T12:00:00.000000,0.979571462
OB,2026-03-02T13:00:00.000000,0.996920109
OB,2026-03-02T14:00:00.000000,0.958229601
OB,2026-03-02T15:00:00.000000,0.928295195
OB,2026-03-02T16:00:00.000000,0.90825218
OB,2026-03-02T17:00:00.000000,0.89798671
OB,2026-03-02T18:00:00.000000,0.891070545
OB,2026-03-02T19:00:00.000000,0.88966471
OB,2026-03-02T20:00:00.000000,0.88618964
OB,2026-03-02T21:00:00.000000,0.883328855
OB,2026-03-02T22:00:00.000000,0.904638767
OB,2026-03-02T23:00:00.000000,0.945268035
OB,2026-03-03T00:00:00.000000,1.000343442
OB,2026-03-03T01:00:00.000000,0.750501871
OB,2026-03-03T02:00:00.000000,0.710310161
OB,2026-03-03T03:00:00.000000,0.691686153
OB,2026-03-03T04:00:00.000000,0.656193733
OB,2026-03-03T05:00:00.000000,0.640360653
OB,2026-03-03T06:00:00.000000,0.632976234
OB,2026-03-03T07:00:00.000000,0.631684422
OB,2026-03-03T08:00:00.000000,0.627680123
OB,2026-03-03T09:00:00.000000,0.628767371
OB,2026-03-03T10:00:00.000000,0.635775983
OB,2026-03-03T11:00:00.000000,0.67408675
OB,2026-03-03T12:00:00.000000,0.726930141
OB,2026-03-03T13:00:00.000000,0.752349138
OB,2026-03-03T14:00:00.000000,0.740737557
OB,2026-03-03T15:00:00.000000,0.732051432
OB,2026-03-03T16:00:00.000000,0.710032582
OB,2026-03-03T17:00:00.000000,0.694990098
OB,2026-03-03T18:00:00.000000,0.679751039
OB,2026-03-03T19:00:00.000000,0.671326876
OB,2026-03-03T20:00:00.000000,0.674460411
OB,2026-03-03T21:00:00.000000,0.671180427
OB,2026-03-03T22:00:00.000000,0.67480433
OB,2026-03-03T23:00:00.000000,0.680416644
OB,2026-03-04T00:00:00.000000,0.718120515
OB,2026-03-04T01:00:00.000000,1.554441333
OB,2026-03-04T02:00:00.000000,1.781668544
OB,2026-03-04T03:00:00.000000,1.721681595
OB,2026-03-04T04:00:00.000000,1.695770502
OB,2026-03-04T05:00:00.000000,1.676920295
OB,2026-03-04T06:00:00.000000,1.663421869
OB,2026-03-04T07:00:00.000000,1.651962161
OB,2026-03-04T08:00:00.000000,1.645543933
OB,2026-03-04T09:00:00.000000,1.646972179
OB,2026-03-04T10:00:00.000000,1.644940853
OB,2026-03-04T11:00:00.000000,1.64435339
OB,2026-03-04T12:00:00.000000,1.675924301
OB,2026-03-04T13:00:00.000000,1.766782045
OB,2026-03-04T14:00:00.000000,1.826978922
OB,2026-03-04T15:00:00.000000,1.810241699
OB,2026-03-04T16:00:00.000000,1.746691346
OB,2026-03-04T17:00:00.000000,1.711894512
OB,2026-03-04T18:00:00.000000,1.691591501
OB,2026-03-04T19:00:00.000000,1.680991292
OB,2026-03-04T20:00:00.000000,1.674335122
OB,2026-03-04T21:00:00.000000,1.67049706
OB,2026-03-04T22:00:00.000000,1.667539358
OB,2026-03-04T23:00:00.000000,1.671543956
OB,2026-03-05T00:00:00.000000,1.699733853
OB,2026-03-05T01:00:00.000000,1.701277375
OB,2026-03-05T02:00:00.000000,1.732097268
OB,2026-03-05T03:00:00.000000,1.75187552
OB,2026-03-05T04:00:00.000000,1.706519723
OB,2026-03-05T05:00:00.000000,1.707764626
OB,2026-03-05T06:00:00.000000,1.71122539
OB,2026-03-05T07:00:00.000000,1.713637233
OB,2026-03-05T08:00:00.000000,1.715835214
OB,2026-03-05T09:00:00.000000,1.717201471
OB,2026-03-05T10:00:00.000000,1.716681838
OB,2026-03-05T11:00:00.000000,1.721941829
OB,2026-03-05T12:00:00.000000,1.726527452
OB,2026-03-05T13:00:00.000000,1.745865822
OB,2026-03-05T14:00:00.000000,1.781806231
OB,2026-03-05T15:00:00.000000,1.775394797
OB,2026-03-05T16:00:00.000000,1.75952661
OB,2026-03-05T17:00:00.000000,1.748987198
OB,2026-03-05T18:00:00.000000,1.741151214
OB,2026-03-05T19:00:00.000000,1.738643527
OB,2026-03-05T20:00:00.000000,1.738812804
OB,2026-03-05T21:00:00.000000,1.739215136
OB,2026-03-05T22:00:00.000000,1.740389228
OB,2026-03-05T23:00:00.000000,1.738990068
OB,2026-03-06T00:00:00.000000,1.74310112
OB,2026-03-06T01:00:00.000000,1.76459682
OB,2026-03-06T02:00:00.000000,1.772644877
OB,2026-03-06T03:00:00.000000,1.769184351
OB,2026-03-06T04:00:00.000000,1.757774353
OB,2026-03-06T05:00:00.000000,1.752277017
OB,2026-03-06T06:00:00.000000,1.748759151
OB,2026-03-06T07:00:00.000000,1.74800384
OB,2026-03-06T08:00:00.000000,1.748288512
OB,2026-03-06T09:00:00.000000,1.750498176
OB,2026-03-06T10:00:00.000000,1.750897288
OB,2026-03-06T11:00:00.000000,1.749604106
OB,2026-03-06T12:00:00.000000,1.751925111
OB,2026-03-06T13:00:00.000000,1.757780075
OB,2026-03-06T14:00:00.000000,1.771865487
OB,2026-03-06T15:00:00.000000,1.769986749
OB,2026-03-06T16:00:00.000000,1.764599204
OB,2026-03-06T17:00:00.000000,1.756288409
OB,2026-03-06T18:00:00.000000,1.755067468
OB,2026-03-06T19:00:00.000000,1.756255388
OB,2026-03-06T20:00:00.000000,1.756897807
OB,2026-03-06T21:00:00.000000,1.756613731
OB,2026-03-06T22:00:00.000000,1.757360697
OB,2026-03-06T23:00:00.000000,1.757876992
OB,2026-03-07T00:00:00.000000,1.76113832
OB,2026-03-07T01:00:00.000000,1.764523745
OB,2026-03-07T02:00:00.000000,1.776327014
OB,2026-03-07T03:00:00.000000,1.78276825
OB,2026-03-07T04:00:00.000000,1.785174608
OB,2026-03-07T05:00:00.000000,1.771356225
OB,2026-03-07T06:00:00.000000,1.762910247
OB,2026-03-07T07:00:00.000000,1.760625839
OB,2026-03-07T08:00:00.000000,1.761157274
OB,2026-03-07T09:00:00.000000,1.762071609
OB,2026-03-07T10:00:00.000000,1.763528466
OB,2026-03-07T11:00:00.000000,1.763428926
OB,2026-03-07T12:00:00.000000,1.764390826
OB,2026-03-07T13:00:00.000000,1.768228769
OB,2026-03-07T14:00:00.000000,1.776274085
OB,2026-03-07T15:00:00.000000,1.793461442
OB,2026-03-07T16:00:00.000000,1.797817469
OB,2026-03-07T17:00:00.000000,1.791960359
OB,2026-03-07T18:00:00.000000,1.784077287
OB,2026-03-07T19:00:00.000000,1.779754281
OB,2026-03-07T20:00:00.000000,1.774754763
OB,2026-03-07T21:00:00.000000,1.773782015
OB,2026-03-07T22:00:00.000000,1.776998758
OB,2026-03-07T23:00:00.000000,1.778392076
OB,2026-03-08T00:00:00.000000,1.778181076
WC,2026-03-02T00:00:00.000000,1.090461016
WC,2026-03-02T01:00:00.000000,0.738733649
WC,2026-03-02T02:00:00.000000,0.691093147
WC,2026-03-02T03:00:00.000000,0.722489297
WC,2026-03-02T04:00:00.000000,0.722373962
WC,2026-03-02T05:00:00.000000,0.722373962
WC,2026-03-02T06:00:00.000000,0.786381185
WC,2026-03-02T07:00:00.000000,0.823806465
WC,2026-03-02T08:00:00.000000,0.843742788
WC,2026-03-02T09:00:00.000000,0.793370545
WC,2026-03-02T10:00:00.000000,0.507681072
WC,2026-03-02T11:00:00.000000,0.413653612
WC,2026-03-02T12:00:00.000000,0.377173483
WC,2026-03-02T13:00:00.000000,0.374466866
WC,2026-03-02T14:00:00.000000,0.429047644
WC,2026-03-02T15:00:00.000000,0.469567031
WC,2026-03-02T16:00:00.000000,0.641322315
WC,2026-03-02T17:00:00.000000,0.786735475
WC,2026-03-02T18:00:00.000000,0.821320951
WC,2026-03-02T19:00:00.000000,0.852662444
WC,2026-03-02T20:00:00.000000,0.88068825
WC,2026-03-02T21:00:00.000000,0.977088094
WC,2026-03-02T22:00:00.000000,0.863786042
WC,2026-03-02T23:00:00.000000,0.717927098
WC,2026-03-03T00:00:00.000000,0.645370424
WC,2026-03-03T01:00:00.000000,0.45165363
WC,2026-03-03T02:00:00.000000,0.452585071
WC,2026-03-03T03:00:00.000000,0.49368012
WC,2026-03-03T04:00:00.000000,0.511386991
WC,2026-03-03T05:00:00.000000,0.559738696
WC,2026-03-03T06:00:00.000000,0.595089912
WC,2026-03-03T07:00:00.000000,0.599644244
WC,2026-03-03T08:00:00.000000,0.616725564
WC,2026-03-03T09:00:00.000000,0.644835591
WC,2026-03-03T10:00:00.000000,0.510631502
WC,2026-03-03T11:00:00.000000,0.322575361
WC,2026-03-03T12:00:00.000000,0.295146465
WC,2026-03-03T13:00:00.000000,0.280705512
WC,2026-03-03T14:00:00.000000,0.28047815
WC,2026-03-03T15:00:00.000000,0.328833342
WC,2026-03-03T16:00:00.000000,0.361689508
WC,2026-03-03T17:00:00.000000,0.482458144
WC,2026-03-03T18:00:00.000000,0.596125305
WC,2026-03-03T19:00:00.000000,0.642353296
WC,2026-03-03T20:00:00.000000,0.661167145
WC,2026-03-03T21:00:00.000000,0.682200253
WC,2026-03-03T22:00:00.000000,0.747376025
WC,2026-03-03T23:00:00.000000,0.737464488
WC,2026-03-04T00:00:00.000000,0.708816648
WC,2026-03-04T01:00:00.000000,1.337452888
WC,2026-03-04T02:00:00.000000,1.506215334
WC,2026-03-04T03:00:00.000000,1.511231303
WC,2026-03-04T04:00:00.000000,1.510812163
WC,2026-03-04T05:00:00.000000,1.507324457
WC,2026-03-04T06:00:00.000000,1.503693342
WC,2026-03-04T07:00:00.000000,1.501417398
WC,2026-03-04T08:00:00.000000,1.50201261
WC,2026-03-04T09:00:00.000000,1.503904581
WC,2026-03-04T10:00:00.000000,1.543842196
WC,2026-03-04T11:00:00.000000,1.577550888
WC,2026-03-04T12:00:00.000000,1.574563026
WC,2026-03-04T13:00:00.000000,1.574245095
WC,2026-03-04T14:00:00.000000,1.576047182
WC,2026-03-04T15:00:00.000000,1.576969385
WC,2026-03-04T16:00:00.000000,1.588973761
WC,2026-03-04T17:00:00.000000,1.598484278
WC,2026-03-04T18:00:00.000000,1.618124485
WC,2026-03-04T19:00:00.000000,1.63970685
WC,2026-03-04T20:00:00.000000,1.64370501
WC,2026-03-04T21:00:00.000000,1.653018117
WC,2026-03-04T22:00:00.000000,1.748844624
WC,2026-03-04T23:00:00.000000,1.884242654
WC,2026-03-05T00:00:00.000000,1.885356188
WC,2026-03-05T01:00:00.000000,1.886444092
WC,2026-03-05T02:00:00.000000,1.854708672
WC,2026-03-05T03:00:00.000000,1.874086618
WC,2026-03-05T04:00:00.000000,1.875281572
WC,2026-03-05T05:00:00.000000,1.875281572
WC,2026-03-05T06:00:00.000000,1.864529252
WC,2026-03-05T07:00:00.000000,1.823343277
WC,2026-03-05T08:00:00.000000,1.809755564
WC,2026-03-05T09:00:00.000000,1.807594299
WC,2026-03-05T10:00:00.000000,1.807540894
WC,2026-03-05T11:00:00.000000,1.806863785
WC,2026-03-05T12:00:00.000000,1.802427173
WC,2026-03-05T13:00:00.000000,1.804396033
WC,2026-03-05T14:00:00.000000,1.806418777
WC,2026-03-05T15:00:00.000000,1.806427002
WC,2026-03-05T16:00:00.000000,1.806427002
WC,2026-03-05T17:00:00.000000,1.806427002
WC,2026-03-05T18:00:00.000000,1.806427002
WC,2026-03-05T19:00:00.000000,1.805976868
WC,2026-03-05T20:00:00.000000,1.805739641
WC,2026-03-05T21:00:00.000000,1.805694222
WC,2026-03-05T22:00:00.000000,1.809845567
WC,2026-03-05T23:00:00.000000,1.850708604
WC,2026-03-06T00:00:00.000000,1.932524562
WC,2026-03-06T01:00:00.000000,1.964609742
WC,2026-03-06T02:00:00.000000,1.965668082
WC,2026-03-06T03:00:00.000000,1.965831757
WC,2026-03-06T04:00:00.000000,1.969685435
WC,2026-03-06T05:00:00.000000,1.969685435
WC,2026-03-06T06:00:00.000000,1.969685435
WC,2026-03-06T07:00:00.000000,1.946537018
WC,2026-03-06T08:00:00.000000,1.904356837
WC,2026-03-06T09:00:00.000000,1.896515727
WC,2026-03-06T10:00:00.000000,1.894514441
WC,2026-03-06T11:00:00.000000,1.897236705
WC,2026-03-06T12:00:00.000000,1.915572524
WC,2026-03-06T13:00:00.000000,1.955047965
WC,2026-03-06T14:00:00.000000,1.963457108
WC,2026-03-06T15:00:00.000000,1.965726137
WC,2026-03-06T16:00:00.000000,1.97283709
WC,2026-03-06T17:00:00.000000,1.977153778
WC,2026-03-06T18:00:00.000000,1.977153778
WC,2026-03-06T19:00:00.000000,1.973448753
WC,2026-03-06T20:00:00.000000,1.94652617
WC,2026-03-06T21:00:00.000000,1.935901999
WC,2026-03-06T22:00:00.000000,1.932934761
WC,2026-03-06T23:00:00.000000,1.937661171
WC,2026-03-07T00:00:00.000000,1.995188713
WC,2026-03-07T01:00:00.000000,2.048095942
WC,2026-03-07T02:00:00.000000,2.056959152
WC,2026-03-07T03:00:00.000000,2.057427645
WC,2026-03-07T04:00:00.000000,2.057503939
WC,2026-03-07T05:00:00.000000,2.060309172
WC,2026-03-07T06:00:00.000000,2.060309649
WC,2026-03-07T07:00:00.000000,2.060309649
WC,2026-03-07T08:00:00.000000,2.036869049
WC,2026-03-07T09:00:00.000000,2.010800362
WC,2026-03-07T10:00:00.000000,2.002334356
WC,2026-03-07T11:00:00.000000,2.001842737
WC,2026-03-07T12:00:00.000000,2.002586126
WC,2026-03-07T13:00:00.000000,2.03981185
WC,2026-03-07T14:00:00.000000,2.067671299
WC,2026-03-07T15:00:00.000000,2.074236393
WC,2026-03-07T16:00:00.000000,2.081308603
WC,2026-03-07T17:00:00.000000,2.09080267
WC,2026-03-07T18:00:00.000000,2.095864058
WC,2026-03-07T19:00:00.000000,2.095864058
WC,2026-03-07T20:00:00.000000,2.093628883
WC,2026-03-07T21:00:00.000000,2.082538605
WC,2026-03-07T22:00:00.000000,2.069107533
WC,2026-03-07T23:00:00.000000,2.071912766
WC,2026-03-08T00:00:00.000000,2.102133512
WI,2026-03-02T00:00:00.000000,0.761398315
WI,2026-03-02T01:00:00.000000,0.470890015
WI,2026-03-02T02:00:00.000000,0.396310776
WI,2026-03-02T03:00:00.000000,0.391669929
WI,2026-03-02T04:00:00.000000,0.358659655
WI,2026-03-02T05:00:00.000000,0.413460284
WI,2026-03-02T06:00:00.000000,0.400772989
WI,2026-03-02T07:00:00.000000,0.344852746
WI,2026-03-02T08:00:00.000000,0.313777834
WI,2026-03-02T09:00:00.000000,0.312981248
WI,2026-03-02T10:00:00.000000,0.279178977
WI,2026-03-02T11:00:00.000000,0.230493501
WI,2026-03-02T12:00:00.000000,0.173572764
WI,2026-03-02T13:00:00.000000,0.171705529
WI,2026-03-02T14:00:00.000000,0.210668623
WI,2026-03-02T15:00:00.000000,0.254092306
WI,2026-03-02T16:00:00.000000,0.309351951
WI,2026-03-02T17:00:00.000000,0.34459129
WI,2026-03-02T18:00:00.000000,0.338893086
WI,2026-03-02T19:00:00.000000,0.353182107
WI,2026-03-02T20:00:00.000000,0.357252657
WI,2026-03-02T21:00:00.000000,0.41723451
WI,2026-03-02T22:00:00.000000,0.474537492
WI,2026-03-02T23:00:00.000000,0.44262287
WI,2026-03-03T00:00:00.000000,0.396928102
WI,2026-03-03T01:00:00.000000,-0.043676868
WI,2026-03-03T02:00:00.000000,-0.121300563
WI,2026-03-03T03:00:00.000000,-0.120658137
WI,2026-03-03T04:00:00.000000,-0.136445865
WI,2026-03-03T05:00:00.000000,-0.15610005
WI,2026-03-03T06:00:00.000000,-0.077638932
WI,2026-03-03T07:00:00.000000,-0.093960561
WI,2026-03-03T08:00:00.000000,-0.116930671
WI,2026-03-03T09:00:00.000000,-0.1351908
WI,2026-03-03T10:00:00.000000,-0.145811617
WI,2026-03-03T11:00:00.000000,-0.176844642
WI,2026-03-03T12:00:00.000000,-0.202597335
WI,2026-03-03T13:00:00.000000,-0.194960713
WI,2026-03-03T14:00:00.000000,-0.117659532
WI,2026-03-03T15:00:00.000000,-0.0089027
WI,2026-03-03T16:00:00.000000,0.048238486
WI,2026-03-03T17:00:00.000000,0.12333183
WI,2026-03-03T18:00:00.000000,0.118513614
WI,2026-03-03T19:00:00.000000,0.044536103
WI,2026-03-03T20:00:00.000000,0.041361392
WI,2026-03-03T21:00:00.000000,0.054886814
WI,2026-03-03T22:00:00.000000,0.160155579
WI,2026-03-03T23:00:00.000000,0.215584919
WI,2026-03-04T00:00:00.000000,0.225036055
WI,2026-03-04T01:00:00.000000,0.757319748
WI,2026-03-04T02:00:00.000000,1.040509462
WI,2026-03-04T03:00:00.000000,1.113107562
WI,2026-03-04T04:00:00.000000,1.172220707
WI,2026-03-04T05:00:00.000000,1.16793859
WI,2026-03-04T06:00:00.000000,1.13187027
WI,2026-03-04T07:00:00.000000,1.095701575
WI,2026-03-04T08:00:00.000000,1.095497012
WI,2026-03-04T09:00:00.000000,1.099668026
WI,2026-03-04T10:00:00.000000,1.105389595
WI,2026-03-04T11:00:00.000000,1.117273092
WI,2026-03-04T12:00:00.000000,1.116877079
WI,2026-03-04T13:00:00.000000,1.129179239
WI,2026-03-04T14:00:00.000000,1.17566812
WI,2026-03-04T15:00:00.000000,1.260356307
WI,2026-03-04T16:00:00.000000,1.327352762
WI,2026-03-04T17:00:00.000000,1.389893174
WI,2026-03-04T18:00:00.000000,1.413764596
WI,2026-03-04T19:00:00.000000,1.301713943
WI,2026-03-04T20:00:00.000000,1.278212309
WI,2026-03-04T21:00:00.000000,1.271375895
WI,2026-03-04T22:00:00.000000,1.295346498
WI,2026-03-04T23:00:00.000000,1.365505695
WI,2026-03-05T00:00:00.000000,1.378942609
WI,2026-03-05T01:00:00.000000,1.371722102
WI,2026-03-05T02:00:00.000000,1.361737132
WI,2026-03-05T03:00:00.000000,1.389868736
WI,2026-03-05T04:00:00.000000,1.420214415
WI,2026-03-05T05:00:00.000000,1.428812623
WI,2026-03-05T06:00:00.000000,1.41238153
WI,2026-03-05T07:00:00.000000,1.416086793
WI,2026-03-05T08:00:00.000000,1.419338465
WI,2026-03-05T09:00:00.000000,1.41802752
WI,2026-03-05T10:00:00.000000,1.41234076
WI,2026-03-05T11:00:00.000000,1.386054516
WI,2026-03-05T12:00:00.000000,1.346979022
WI,2026-03-05T13:00:00.000000,1.32151556
WI,2026-03-05T14:00:00.000000,1.319625139
WI,2026-03-05T15:00:00.000000,1.371962309
WI,2026-03-05T16:00:00.000000,1.4292804
WI,2026-03-05T17:00:00.000000,1.474404097
WI,2026-03-05T18:00:00.000000,1.512141228
WI,2026-03-05T19:00:00.000000,1.503255129
WI,2026-03-05T20:00:00.000000,1.476066828
WI,2026-03-05T21:00:00.000000,1.472362876
WI,2026-03-05T22:00:00.000000,1.4778198
WI,2026-03-05T23:00:00.000000,1.491141081
WI,2026-03-06T00:00:00.000000,1.51475668
WI,2026-03-06T01:00:00.000000,1.504606843
WI,2026-03-06T02:00:00.000000,1.493788242
WI,2026-03-06T03:00:00.000000,1.50799346
WI,2026-03-06T04:00:00.000000,1.559353948
WI,2026-03-06T05:00:00.000000,1.623230457
WI,2026-03-06T06:00:00.000000,1.664498448
WI,2026-03-06T07:00:00.000000,1.631175518
WI,2026-03-06T08:00:00.000000,1.605295539
WI,2026-03-06T09:00:00.000000,1.595042586
WI,2026-03-06T10:00:00.000000,1.591439128
WI,2026-03-06T11:00:00.000000,1.590875864
WI,2026-03-06T12:00:00.000000,1.575948477
WI,2026-03-06T13:00:00.000000,1.551487684
WI,2026-03-06T14:00:00.000000,1.519991398
WI,2026-03-06T15:00:00.000000,1.532641888
WI,2026-03-06T16:00:00.000000,1.620406389
WI,2026-03-06T17:00:00.000000,1.725647688
WI,2026-03-06T18:00:00.000000,1.763044119
WI,2026-03-06T19:00:00.000000,1.794218302
WI,2026-03-06T20:00:00.000000,1.749874353
WI,2026-03-06T21:00:00.000000,1.68467319
WI,2026-03-06T22:00:00.000000,1.646351814
WI,2026-03-06T23:00:00.000000,1.620092154
WI,2026-03-07T00:00:00.000000,1.601106763
WI,2026-03-07T01:00:00.000000,1.634990454
WI,2026-03-07T02:00:00.000000,1.642897964
WI,2026-03-07T03:00:00.000000,1.64270401
WI,2026-03-07T04:00:00.000000,1.661898971
WI,2026-03-07T05:00:00.000000,1.754285455
WI,2026-03-07T06:00:00.000000,1.83353138
WI,2026-03-07T07:00:00.000000,1.866437793
WI,2026-03-07T08:00:00.000000,1.803584456
WI,2026-03-07T09:00:00.000000,1.746106386
WI,2026-03-07T10:00:00.000000,1.728659511
WI,2026-03-07T11:00:00.000000,1.726146817
WI,2026-03-07T12:00:00.000000,1.699268103
WI,2026-03-07T13:00:00.000000,1.711554766
WI,2026-03-07T14:00:00.000000,1.726276398
WI,2026-03-07T15:00:00.000000,1.729620218
WI,2026-03-07T16:00:00.000000,1.751473427
WI,2026-03-07T17:00:00.000000,1.811258793
WI,2026-03-07T18:00:00.000000,1.898173332
WI,2026-03-07T19:00:00.000000,1.968973041
WI,2026-03-07T20:00:00.000000,1.990457892
WI,2026-03-07T21:00:00.000000,1.94610858
WI,2026-03-07T22:00:00.000000,1.909685731
WI,2026-03-07T23:00:00.000000,1.906196594
WI,2026-03-08T00:00:00.000000,1.915478587
