site_id,time,temp_c
AQ,2026-03-03T00:00:00.000000,2.178350687
AQ,2026-03-03T01:00:00.000000,2.140571594
AQ,2026-03-03T02:00:00.000000,2.042426825
AQ,2026-03-03T03:00:00.000000,2.005163193
AQ,2026-03-03T04:00:00.000000,2.008277655
AQ,2026-03-03T05:00:00.000000,1.91093421
AQ,2026-03-03T06:00:00.000000,1.852814555
AQ,2026-03-03T07:00:00.000000,1.870723248
AQ,2026-03-03T08:00:00.000000,1.867737532
AQ,2026-03-03T09:00:00.000000,1.851502657
AQ,2026-03-03T10:00:00.000000,1.815075755
AQ,2026-03-03T11:00:00.000000,1.738710284
AQ,2026-03-03T12:00:00.000000,1.717848063
AQ,2026-03-03T13:00:00.000000,1.734201193
AQ,2026-03-03T14:00:00.000000,1.823389292
AQ,2026-03-03T15:00:00.000000,1.940381765
AQ,2026-03-03T16:00:00.000000,2.00833106
AQ,2026-03-03T17:00:00.000000,2.001447439
AQ,2026-03-03T18:00:00.000000,1.955249548
AQ,2026-03-03T19:00:00.000000,1.987240791
AQ,2026-03-03T20:00:00.000000,1.994331121
AQ,2026-03-03T21:00:00.000000,2.014712334
AQ,2026-03-03T22:00:00.000000,2.00011158
AQ,2026-03-03T23:00:00.000000,2.002405643
AQ,2026-03-04T00:00:00.000000,2.020498753
AQ,2026-03-04T01:00:00.000000,2.08763814
AQ,2026-03-04T02:00:00.000000,2.18142724
AQ,2026-03-04T03:00:00.000000,2.218050241
AQ,2026-03-04T04:00:00.000000,2.241497755
AQ,2026-03-04T05:00:00.000000,2.243871212
AQ,2026-03-04T06:00:00.000000,2.176803589
AQ,2026-03-04T07:00:00.000000,2.159875631
AQ,2026-03-04T08:00:00.000000,2.178505182
AQ,2026-03-04T09:00:00.000000,2.171003103
AQ,2026-03-04T10:00:00.000000,2.151202202
AQ,2026-03-04T11:00:00.000000,2.140156269
AQ,2026-03-04T12:00:00.000000,2.144377708
AQ,2026-03-04T13:00:00.000000,2.159955025
AQ,2026-03-04T14:00:00.000000,2.178083897
AQ,2026-03-04T15:00:00.000000,2.214014053
AQ,2026-03-04T16:00:00.000000,2.284016371
AQ,2026-03-04T17:00:00.000000,2.337003708
AQ,2026-03-04T18:00:00.000000,2.40004611
AQ,2026-03-04T19:00:00.000000,2.443820715
AQ,2026-03-04T20:00:00.000000,2.465852499
AQ,2026-03-04T21:00:00.000000,2.471710205
AQ,2026-03-04T22:00:00.000000,2.469495296
AQ,2026-03-04T23:00:00.000000,2.45631814
AQ,2026-03-05T00:00:00.000000,2.430325985
AQ,2026-03-05T01:00:00.000000,1.741528988
AQ,2026-03-05T02:00:00.000000,1.608212113
AQ,2026-03-05T03:00:00.000000,1.581131816
AQ,2026-03-05T04:00:00.000000,1.582199574
AQ,2026-03-05T05:00:00.000000,1.600600004
AQ,2026-03-05T06:00:00.000000,1.607637525
AQ,2026-03-05T07:00:00.000000,1.532473683
AQ,2026-03-05T08:00:00.000000,1.502009034
AQ,2026-03-05T09:00:00.000000,1.513511777
AQ,2026-03-05T10:00:00.000000,1.503316283
AQ,2026-03-05T11:00:00.000000,1.492824912
AQ,2026-03-05T12:00:00.000000,1.489366531
AQ,2026-03-05T13:00:00.000000,1.50647223
AQ,2026-03-05T14:00:00.000000,1.525769949
AQ,2026-03-05T15:00:00.000000,1.558746934
AQ,2026-03-05T16:00:00.000000,1.605023861
AQ,2026-03-05T17:00:00.000000,1.632271051
AQ,2026-03-05T18:00:00.000000,1.655377507
AQ,2026-03-05T19:00:00.000000,1.6140306
AQ,2026-03-05T20:00:00.000000,1.575362682
AQ,2026-03-05T21:00:00.000000,1.582615614
AQ,2026-03-05T22:00:00.000000,1.582357168
AQ,2026-03-05T23:00:00.000000,1.577624679
AQ,2026-03-06T00:00:00.000000,1.57979095
AQ,2026-03-06T01:00:00.000000,1.572592497
AQ,2026-03-06T02:00:00.000000,1.571873903
AQ,2026-03-06T03:00:00.000000,1.599460959
AQ,2026-03-06T04:00:00.000000,1.622063398
AQ,2026-03-06T05:00:00.000000,1.631292939
AQ,2026-03-06T06:00:00.000000,1.642273188
AQ,2026-03-06T07:00:00.000000,1.644320011
AQ,2026-03-06T08:00:00.000000,1.58032155
AQ,2026-03-06T09:00:00.000000,1.577837467
AQ,2026-03-06T10:00:00.000000,1.56327045
AQ,2026-03-06T11:00:00.000000,1.544853449
AQ,2026-03-06T12:00:00.000000,1.562748075
AQ,2026-03-06T13:00:00.000000,1.588671803
AQ,2026-03-06T14:00:00.000000,1.600195765
AQ,2026-03-06T15:00:00.000000,1.607406974
AQ,2026-03-06T16:00:00.000000,1.608127475
AQ,2026-03-06T17:00:00.000000,1.621366501
AQ,2026-03-06T18:00:00.000000,1.641902804
AQ,2026-03-06T19:00:00.000000,1.654551864
AQ,2026-03-06T20:00:00.000000,1.630179048
AQ,2026-03-06T21:00:00.000000,1.612968802
AQ,2026-03-06T22:00:00.000000,1.615915418
AQ,2026-03-06T23:00:00.000000,1.620620251
AQ,2026-03-07T00:00:00.000000,1.622083306
AQ,2026-03-07T01:00:00.000000,1.632183433
AQ,2026-03-07T02:00:00.000000,1.644251227
AQ,2026-03-07T03:00:00.000000,1.663330078
AQ,2026-03-07T04:00:00.000000,1.816452742
AQ,2026-03-07T05:00:00.000000,1.961562395
AQ,2026-03-07T06:00:00.000000,1.999201179
AQ,2026-03-07T07:00:00.000000,2.00236392
AQ,2026-03-07T08:00:00.000000,1.773995638
AQ,2026-03-07T09:00:00.000000,1.645056844
AQ,2026-03-07T10:00:00.000000,1.641396403
AQ,2026-03-07T11:00:00.000000,1.62774992
AQ,2026-03-07T12:00:00.000000,1.587771535
AQ,2026-03-07T13:00:00.000000,1.582621455
AQ,2026-03-07T14:00:00.000000,1.596873522
AQ,2026-03-07T15:00:00.000000,1.628896952
AQ,2026-03-07T16:00:00.000000,1.672312379
AQ,2026-03-07T17:00:00.000000,1.799779296
AQ,2026-03-07T18:00:00.000000,1.919321418
AQ,2026-03-07T19:00:00.000000,1.973839641
AQ,2026-03-07T20:00:00.000000,1.960719466
AQ,2026-03-07T21:00:00.000000,1.801346183
AQ,2026-03-07T22:00:00.000000,1.809377909
AQ,2026-03-07T23:00:00.000000,1.821642518
AQ,2026-03-08T00:00:00.000000,1.808684587
AQ,2026-03-08T01:00:00.000000,1.797049284
AQ,2026-03-08T02:00:00.000000,1.812278509
AQ,2026-03-08T03:00:00.000000,1.834012508
AQ,2026-03-08T04:00:00.000000,1.854492903
AQ,2026-03-08T05:00:00.000000,1.922583222
AQ,2026-03-08T06:00:00.000000,2.025785446
AQ,2026-03-08T07:00:00.000000,2.056483269
AQ,2026-03-08T08:00:00.000000,1.988960505
AQ,2026-03-08T09:00:00.000000,1.892167807
AQ,2026-03-08T10:00:00.000000,1.889882326
AQ,2026-03-08T11:00:00.000000,1.890853643
AQ,2026-03-08T12:00:00.000000,1.852309704
AQ,2026-03-08T13:00:00.000000,1.823777676
AQ,2026-03-08T14:00:00.000000,1.845521569
AQ,2026-03-08T15:00:00.000000,1.897637963
AQ,2026-03-08T16:00:00.000000,1.946311116
AQ,2026-03-08T17:00:00.000000,1.990802169
AQ,2026-03-08T18:00:00.000000,2.058495522
AQ,2026-03-08T19:00:00.000000,2.125073433
AQ,2026-03-08T20:00:00.000000,2.146708727
AQ,2026-03-08T21:00:00.000000,2.140815735
AQ,2026-03-08T22:00:00.000000,2.137291193
AQ,2026-03-08T23:00:00.000000,2.158190012
AQ,2026-03-09T00:00:00.000000,2.159519196
CB,2026-03-03T00:00:00.000000,1.743162632
CB,2026-03-03T01:00:00.000000,1.793133616
CB,2026-03-03T02:00:00.000000,1.838818431
CB,2026-03-03T03:00:00.000000,1.831062317
CB,2026-03-03T04:00:00.000000,1.831700921
CB,2026-03-03T05:00:00.000000,1.846970201
CB,2026-03-03T06:00:00.000000,1.848592162
CB,2026-03-03T07:00:00.000000,1.906516433
CB,2026-03-03T08:00:00.000000,1.926504731
CB,2026-03-03T09:00:00.000000,1.924146652
CB,2026-03-03T10:00:00.000000,1.921919107
CB,2026-03-03T11:00:00.000000,1.920123219
CB,2026-03-03T12:00:00.000000,1.916474581
CB,2026-03-03T13:00:00.000000,1.845068216
CB,2026-03-03T14:00:00.000000,1.795851946
CB,2026-03-03T15:00:00.000000,1.830501914
CB,2026-03-03T16:00:00.000000,1.84151876
CB,2026-03-03T17:00:00.000000,1.821660638
CB,2026-03-03T18:00:00.000000,1.816069007
CB,2026-03-03T19:00:00.000000,1.856651902
CB,2026-03-03T20:00:00.000000,1.910580516
CB,2026-03-03T21:00:00.000000,1.918129444
CB,2026-03-03T22:00:00.000000,1.914203048
CB,2026-03-03T23:00:00.000000,1.914313555
CB,2026-03-04T00:00:00.000000,1.912732482
CB,2026-03-04T01:00:00.000000,1.983891845
CB,2026-03-04T02:00:00.000000,2.006691694
CB,2026-03-04T03:00:00.000000,2.028765202
CB,2026-03-04T04:00:00.000000,2.053614378
CB,2026-03-04T05:00:00.000000,2.072118282
CB,2026-03-04T06:00:00.000000,2.093364477
CB,2026-03-04T07:00:00.000000,2.085152149
CB,2026-03-04T08:00:00.000000,2.088478565
CB,2026-03-04T09:00:00.000000,2.091574192
CB,2026-03-04T10:00:00.000000,2.081209898
CB,2026-03-04T11:00:00.000000,2.082514524
CB,2026-03-04T12:00:00.000000,2.076946974
CB,2026-03-04T13:00:00.000000,2.079928637
CB,2026-03-04T14:00:00.000000,2.071479082
CB,2026-03-04T15:00:00.000000,2.08345294
CB,2026-03-04T16:00:00.000000,2.137874365
CB,2026-03-04T17:00:00.000000,2.164423704
CB,2026-03-04T18:00:00.000000,2.174494505
CB,2026-03-04T19:00:00.000000,2.173863649
CB,2026-03-04T20:00:00.000000,2.15264678
CB,2026-03-04T21:00:00.000000,2.1531322
CB,2026-03-04T22:00:00.000000,2.143289566
CB,2026-03-04T23:00:00.000000,2.143926382
CB,2026-03-05T00:00:00.000000,2.1415658
CB,2026-03-05T01:00:00.000000,2.207535982
CB,2026-03-05T02:00:00.000000,2.211447954
CB,2026-03-05T03:00:00.000000,2.183496475
CB,2026-03-05T04:00:00.000000,2.192331791
CB,2026-03-05T05:00:00.000000,2.200057268
CB,2026-03-05T06:00:00.000000,2.1948874
CB,2026-03-05T07:00:00.000000,2.158941746
CB,2026-03-05T08:00:00.000000,2.177104712
CB,2026-03-05T09:00:00.000000,2.201016188
CB,2026-03-05T10:00:00.000000,2.20206213
CB,2026-03-05T11:00:00.000000,2.204638243
CB,2026-03-05T12:00:00.000000,2.207217932
CB,2026-03-05T13:00:00.000000,2.202740192
CB,2026-03-05T14:00:00.000000,2.210991383
CB,2026-03-05T15:00:00.000000,2.216318846
CB,2026-03-05T16:00:00.000000,2.226013184
CB,2026-03-05T17:00:00.000000,2.242395878
CB,2026-03-05T18:00:00.000000,2.239839315
CB,2026-03-05T19:00:00.000000,2.2083323
CB,2026-03-05T20:00:00.000000,2.203923464
CB,2026-03-05T21:00:00.000000,2.213365793
CB,2026-03-05T22:00:00.000000,2.221698046
CB,2026-03-05T23:00:00.000000,2.218821287
CB,2026-03-06T00:00:00.000000,2.216821671
CB,2026-03-06T01:00:00.000000,2.218732357
CB,2026-03-06T02:00:00.000000,2.244358778
CB,2026-03-06T03:00:00.000000,2.261497259
CB,2026-03-06T04:00:00.000000,2.283092737
CB,2026-03-06T05:00:00.000000,2.303977251
CB,2026-03-06T06:00:00.000000,2.307813406
CB,2026-03-06T07:00:00.000000,2.311599493
CB,2026-03-06T08:00:00.000000,2.257891417
CB,2026-03-06T09:00:00.000000,2.247301102
CB,2026-03-06T10:00:00.000000,2.251672029
CB,2026-03-06T11:00:00.000000,2.253255844
CB,2026-03-06T12:00:00.000000,2.249794722
CB,2026-03-06T13:00:00.000000,2.251453161
CB,2026-03-06T14:00:00.000000,2.261487961
CB,2026-03-06T15:00:00.000000,2.302757025
CB,2026-03-06T16:00:00.000000,2.340687513
CB,2026-03-06T17:00:00.000000,2.337904692
CB,2026-03-06T18:00:00.000000,2.342137575
CB,2026-03-06T19:00:00.000000,2.350498676
CB,2026-03-06T20:00:00.000000,2.320297241
CB,2026-03-06T21:00:00.000000,2.307802439
CB,2026-03-06T22:00:00.000000,2.307794333
CB,2026-03-06T23:00:00.000000,2.311190128
CB,2026-03-07T00:00:00.000000,2.307001352
CB,2026-03-07T01:00:00.000000,2.306065083
CB,2026-03-07T02:00:00.000000,2.31728816
CB,2026-03-07T03:00:00.000000,2.331045389
CB,2026-03-07T04:00:00.000000,2.346311331
CB,2026-03-07T05:00:00.000000,2.338391066
CB,2026-03-07T06:00:00.000000,2.33840251
CB,2026-03-07T07:00:00.000000,2.337292194
CB,2026-03-07T08:00:00.000000,2.337663174
CB,2026-03-07T09:00:00.000000,2.319931746
CB,2026-03-07T10:00:00.000000,2.318895578
CB,2026-03-07T11:00:00.000000,2.327137709
CB,2026-03-07T12:00:00.000000,2.323257208
CB,2026-03-07T13:00:00.000000,2.320935011
CB,2026-03-07T14:00:00.000000,2.321756124
CB,2026-03-07T15:00:00.000000,2.329884768
CB,2026-03-07T16:00:00.000000,2.349999666
CB,2026-03-07T17:00:00.000000,2.375367403
CB,2026-03-07T18:00:00.000000,2.407068014
CB,2026-03-07T19:00:00.000000,2.425170183
CB,2026-03-07T20:00:00.000000,2.431477785
CB,2026-03-07T21:00:00.000000,2.399040699
CB,2026-03-07T22:00:00.000000,2.381834984
CB,2026-03-07T23:00:00.000000,2.384479284
CB,2026-03-08T00:00:00.000000,2.382976294
CB,2026-03-08T01:00:00.000000,2.379478931
CB,2026-03-08T02:00:00.000000,2.380159378
CB,2026-03-08T03:00:00.000000,2.397282124
CB,2026-03-08T04:00:00.000000,2.427936792
CB,2026-03-08T05:00:00.000000,2.475250483
CB,2026-03-08T06:00:00.000000,2.513870955
CB,2026-03-08T07:00:00.000000,2.531575441
CB,2026-03-08T08:00:00.000000,2.554484129
CB,2026-03-08T09:00:00.000000,2.509320498
CB,2026-03-08T10:00:00.000000,2.478142262
CB,2026-03-08T11:00:00.000000,2.450098276
CB,2026-03-08T12:00:00.000000,2.449004889
CB,2026-03-08T13:00:00.000000,2.445565939
CB,2026-03-08T14:00:00.000000,2.44592762
CB,2026-03-08T15:00:00.000000,2.447041273
CB,2026-03-08T16:00:00.000000,2.466103077
CB,2026-03-08T17:00:00.000000,2.52018714
CB,2026-03-08T18:00:00.000000,2.607484102
CB,2026-03-08T19:00:00.000000,2.683721304
CB,2026-03-08T20:00:00.000000,2.7046628
CB,2026-03-08T21:00:00.000000,2.684421778
CB,2026-03-08T22:00:00.000000,2.641011477
CB,2026-03-08T23:00:00.000000,2.578705549
CB,2026-03-09T00:00:00.000000,2.556740999
CI,2026-03-03T00:00:00.000000,1.496440887
CI,2026-03-03T01:00:00.000000,1.320471764
CI,2026-03-03T02:00:00.000000,1.294866681
CI,2026-03-03T03:00:00.000000,1.256721377
CI,2026-03-03T04:00:00.000000,1.218471885
CI,2026-03-03T05:00:00.000000,1.211254954
CI,2026-03-03T06:00:00.000000,1.250302553
CI,2026-03-03T07:00:00.000000,1.283771157
CI,2026-03-03T08:00:00.000000,1.293010235
CI,2026-03-03T09:00:00.000000,1.293010235
CI,2026-03-03T10:00:00.000000,1.293010235
CI,2026-03-03T11:00:00.000000,1.293010235
CI,2026-03-03T12:00:00.000000,1.293010235
CI,2026-03-03T13:00:00.000000,1.210377932
CI,2026-03-03T14:00:00.000000,1.241331458
CI,2026-03-03T15:00:00.000000,1.268309593
CI,2026-03-03T16:00:00.000000,1.321981668
CI,2026-03-03T17:00:00.000000,1.319738626
CI,2026-03-03T18:00:00.000000,1.370254993
CI,2026-03-03T19:00:00.000000,1.3444947
CI,2026-03-03T20:00:00.000000,1.323649406
CI,2026-03-03T21:00:00.000000,1.323649406
CI,2026-03-03T22:00:00.000000,1.323649406
CI,2026-03-03T23:00:00.000000,1.323649406
CI,2026-03-04T00:00:00.000000,1.323649406
CI,2026-03-04T01:00:00.000000,1.323649406
CI,2026-03-04T02:00:00.000000,1.735642314
CI,2026-03-04T03:00:00.000000,1.888676047
CI,2026-03-04T04:00:00.000000,1.928018212
CI,2026-03-04T05:00:00.000000,1.933493495
CI,2026-03-04T06:00:00.000000,1.956001163
CI,2026-03-04T07:00:00.000000,1.941624522
CI,2026-03-04T08:00:00.000000,1.85995543
CI,2026-03-04T09:00:00.000000,1.828145027
CI,2026-03-04T10:00:00.000000,1.828145027
CI,2026-03-04T11:00:00.000000,1.828145027
CI,2026-03-04T12:00:00.000000,1.828145027
CI,2026-03-04T13:00:00.000000,1.828145027
CI,2026-03-04T14:00:00.000000,1.769259095
CI,2026-03-04T15:00:00.000000,1.962402344
CI,2026-03-04T16:00:00.000000,2.051785231
CI,2026-03-04T17:00:00.000000,2.082881689
CI,2026-03-04T18:00:00.000000,2.127627134
CI,2026-03-04T19:00:00.000000,2.153460741
CI,2026-03-04T20:00:00.000000,2.031895399
CI,2026-03-04T21:00:00.000000,1.95541954
CI,2026-03-04T22:00:00.000000,1.95541954
CI,2026-03-04T23:00:00.000000,1.95541954
CI,2026-03-05T00:00:00.000000,1.95541954
CI,2026-03-05T01:00:00.000000,1.95541954
CI,2026-03-05T02:00:00.000000,1.916032672
CI,2026-03-05T03:00:00.000000,1.931629539
CI,2026-03-05T04:00:00.000000,2.136167288
CI,2026-03-05T05:00:00.000000,2.17008853
CI,2026-03-05T06:00:00.000000,2.185218334
CI,2026-03-05T07:00:00.000000,2.206832409
CI,2026-03-05T08:00:00.000000,2.130828619
CI,2026-03-05T09:00:00.000000,2.043932915
CI,2026-03-05T10:00:00.000000,2.043932915
CI,2026-03-05T11:00:00.000000,2.043932915
CI,2026-03-05T12:00:00.000000,2.043932915
CI,2026-03-05T13:00:00.000000,2.043932915
CI,2026-03-05T14:00:00.000000,2.043932915
CI,2026-03-05T15:00:00.000000,2.042447567
CI,2026-03-05T16:00:00.000000,2.237925291
CI,2026-03-05T17:00:00.000000,2.277717352
CI,2026-03-05T18:00:00.000000,2.28923583
CI,2026-03-05T19:00:00.000000,2.325456381
CI,2026-03-05T20:00:00.000000,2.303201437
CI,2026-03-05T21:00:00.000000,2.124414206
CI,2026-03-05T22:00:00.000000,2.093274117
CI,2026-03-05T23:00:00.000000,2.093274117
CI,2026-03-06T00:00:00.000000,2.093274117
CI,2026-03-06T01:00:00.000000,2.093274117
CI,2026-03-06T02:00:00.000000,2.093274117
CI,2026-03-06T03:00:00.000000,2.08235383
CI,2026-03-06T04:00:00.000000,2.26909709
CI,2026-03-06T05:00:00.000000,2.292272091
CI,2026-03-06T06:00:00.000000,2.292507887
CI,2026-03-06T07:00:00.000000,2.290669918
CI,2026-03-06T08:00:00.000000,2.286845922
CI,2026-03-06T09:00:00.000000,2.249371767
CI,2026-03-06T10:00:00.000000,2.148406267
CI,2026-03-06T11:00:00.000000,2.149551392
CI,2026-03-06T12:00:00.000000,2.149551392
CI,2026-03-06T13:00:00.000000,2.149551392
CI,2026-03-06T14:00:00.000000,2.149551392
CI,2026-03-06T15:00:00.000000,2.149898291
CI,2026-03-06T16:00:00.000000,2.300369263
CI,2026-03-06T17:00:00.000000,2.359095573
CI,2026-03-06T18:00:00.000000,2.363188505
CI,2026-03-06T19:00:00.000000,2.368416786
CI,2026-03-06T20:00:00.000000,2.368147373
CI,2026-03-06T21:00:00.000000,2.340141058
CI,2026-03-06T22:00:00.000000,2.239889145
CI,2026-03-06T23:00:00.000000,2.237959862
CI,2026-03-07T00:00:00.000000,2.237959862
CI,2026-03-07T01:00:00.000000,2.237959862
CI,2026-03-07T02:00:00.000000,2.237959862
CI,2026-03-07T03:00:00.000000,2.214386463
CI,2026-03-07T04:00:00.000000,2.297713041
CI,2026-03-07T05:00:00.000000,2.427543402
CI,2026-03-07T06:00:00.000000,2.433926344
CI,2026-03-07T07:00:00.000000,2.422792912
CI,2026-03-07T08:00:00.000000,2.421379805
CI,2026-03-07T09:00:00.000000,2.407203436
CI,2026-03-07T10:00:00.000000,2.315295696
CI,2026-03-07T11:00:00.000000,2.277730942
CI,2026-03-07T12:00:00.000000,2.277730942
CI,2026-03-07T13:00:00.000000,2.277730942
CI,2026-03-07T14:00:00.000000,2.277730942
CI,2026-03-07T15:00:00.000000,2.277730942
CI,2026-03-07T16:00:00.000000,2.266717672
CI,2026-03-07T17:00:00.000000,2.372032166
CI,2026-03-07T18:00:00.000000,2.46897459
CI,2026-03-07T19:00:00.000000,2.484861851
CI,2026-03-07T20:00:00.000000,2.500300169
CI,2026-03-07T21:00:00.000000,2.51014185
CI,2026-03-07T22:00:00.000000,2.440956831
CI,2026-03-07T23:00:00.000000,2.385239601
CI,2026-03-08T00:00:00.000000,2.385239601
CI,2026-03-08T01:00:00.000000,2.385239601
CI,2026-03-08T02:00:00.000000,2.385239601
CI,2026-03-08T03:00:00.000000,2.385239601
CI,2026-03-08T04:00:00.000000,2.363754988
CI,2026-03-08T05:00:00.000000,2.487467289
CI,2026-03-08T06:00:00.000000,2.509041309
CI,2026-03-08T07:00:00.000000,2.501778364
CI,2026-03-08T08:00:00.000000,2.507327318
CI,2026-03-08T09:00:00.000000,2.508556843
CI,2026-03-08T10:00:00.000000,2.478661299
CI,2026-03-08T11:00:00.000000,2.428731918
CI,2026-03-08T12:00:00.000000,2.428731918
CI,2026-03-08T13:00:00.000000,2.428731918
CI,2026-03-08T14:00:00.000000,2.428731918
CI,2026-03-08T15:00:00.000000,2.428731918
CI,2026-03-08T16:00:00.000000,2.428731918
CI,2026-03-08T17:00:00.000000,2.491744757
CI,2026-03-08T18:00:00.000000,2.529004812
CI,2026-03-08T19:00:00.000000,2.6209023
CI,2026-03-08T20:00:00.000000,2.622345924
CI,2026-03-08T21:00:00.000000,2.623286247
CI,2026-03-08T22:00:00.000000,2.612162828
CI,2026-03-08T23:00:00.000000,2.575494766
CI,2026-03-09T00:00:00.000000,2.576078415
DC,2026-03-03T00:00:00.000000,1.57008934
DC,2026-03-03T01:00:00.000000,1.675367713
DC,2026-03-03T02:00:00.000000,1.724731445
DC,2026-03-03T03:00:00.000000,1.737136126
DC,2026-03-03T04:00:00.000000,1.800134659
DC,2026-03-03T05:00:00.000000,1.839118004
DC,2026-03-03T06:00:00.000000,1.861091018
DC,2026-03-03T07:00:00.000000,1.880964637
DC,2026-03-03T08:00:00.000000,1.882815361
DC,2026-03-03T09:00:00.000000,1.882815361
DC,2026-03-03T10:00:00.000000,1.882815361
DC,2026-03-03T11:00:00.000000,1.882815361
DC,2026-03-03T12:00:00.000000,1.882815361
DC,2026-03-03T13:00:00.000000,1.799432993
DC,2026-03-03T14:00:00.000000,1.810527682
DC,2026-03-03T15:00:00.000000,1.849578142
DC,2026-03-03T16:00:00.000000,1.902890086
DC,2026-03-03T17:00:00.000000,1.959028125
DC,2026-03-03T18:00:00.000000,1.929697633
DC,2026-03-03T19:00:00.000000,1.893215537
DC,2026-03-03T20:00:00.000000,1.908774853
DC,2026-03-03T21:00:00.000000,1.908774853
DC,2026-03-03T22:00:00.000000,1.908774853
DC,2026-03-03T23:00:00.000000,1.908774853
DC,2026-03-04T00:00:00.000000,1.908774853
DC,2026-03-04T01:00:00.000000,2.018234253
DC,2026-03-04T02:00:00.000000,2.012987852
DC,2026-03-04T03:00:00.000000,2.009427547
DC,2026-03-04T04:00:00.000000,2.03015995
DC,2026-03-04T05:00:00.000000,2.073425055
DC,2026-03-04T06:00:00.000000,2.095297575
DC,2026-03-04T07:00:00.000000,2.096688032
DC,2026-03-04T08:00:00.000000,2.10222435
DC,2026-03-04T09:00:00.000000,2.102071762
DC,2026-03-04T10:00:00.000000,2.102071762
DC,2026-03-04T11:00:00.000000,2.102071762
DC,2026-03-04T12:00:00.000000,2.102071762
DC,2026-03-04T13:00:00.000000,2.102071762
DC,2026-03-04T14:00:00.000000,2.064496517
DC,2026-03-04T15:00:00.000000,2.091930389
DC,2026-03-04T16:00:00.000000,2.147107363
DC,2026-03-04T17:00:00.000000,2.226218939
DC,2026-03-04T18:00:00.000000,2.264461994
DC,2026-03-04T19:00:00.000000,2.239119053
DC,2026-03-04T20:00:00.000000,2.211436987
DC,2026-03-04T21:00:00.000000,2.203395844
DC,2026-03-04T22:00:00.000000,2.203395844
DC,2026-03-04T23:00:00.000000,2.203395844
DC,2026-03-05T00:00:00.000000,2.203395844
DC,2026-03-05T01:00:00.000000,2.203395844
DC,2026-03-05T02:00:00.000000,2.22840476
DC,2026-03-05T03:00:00.000000,2.231848478
DC,2026-03-05T04:00:00.000000,2.212697983
DC,2026-03-05T05:00:00.000000,2.236603737
DC,2026-03-05T06:00:00.000000,2.240875244
DC,2026-03-05T07:00:00.000000,2.242185354
DC,2026-03-05T08:00:00.000000,2.260470152
DC,2026-03-05T09:00:00.000000,2.260696411
DC,2026-03-05T10:00:00.000000,2.260696411
DC,2026-03-05T11:00:00.000000,2.260696411
DC,2026-03-05T12:00:00.000000,2.260696411
DC,2026-03-05T13:00:00.000000,2.260696411
DC,2026-03-05T14:00:00.000000,2.261932135
DC,2026-03-05T15:00:00.000000,2.264251471
DC,2026-03-05T16:00:00.000000,2.275774717
DC,2026-03-05T17:00:00.000000,2.292096376
DC,2026-03-05T18:00:00.000000,2.317605257
DC,2026-03-05T19:00:00.000000,2.316528797
DC,2026-03-05T20:00:00.000000,2.296547413
DC,2026-03-05T21:00:00.000000,2.274374723
DC,2026-03-05T22:00:00.000000,2.276162148
DC,2026-03-05T23:00:00.000000,2.276162148
DC,2026-03-06T00:00:00.000000,2.276162148
DC,2026-03-06T01:00:00.000000,2.276162148
DC,2026-03-06T02:00:00.000000,2.353886127
DC,2026-03-06T03:00:00.000000,2.33855629
DC,2026-03-06T04:00:00.000000,2.34610343
DC,2026-03-06T05:00:00.000000,2.353607655
DC,2026-03-06T06:00:00.000000,2.36350584
DC,2026-03-06T07:00:00.000000,2.362093925
DC,2026-03-06T08:00:00.000000,2.381608725
DC,2026-03-06T09:00:00.000000,2.418954849
DC,2026-03-06T10:00:00.000000,2.42851162
DC,2026-03-06T11:00:00.000000,2.42851162
DC,2026-03-06T12:00:00.000000,2.42851162
DC,2026-03-06T13:00:00.000000,2.42851162
DC,2026-03-06T14:00:00.000000,2.42851162
DC,2026-03-06T15:00:00.000000,2.402575254
DC,2026-03-06T16:00:00.000000,2.38446331
DC,2026-03-06T17:00:00.000000,2.384344101
DC,2026-03-06T18:00:00.000000,2.393735647
DC,2026-03-06T19:00:00.000000,2.390763998
DC,2026-03-06T20:00:00.000000,2.391451359
DC,2026-03-06T21:00:00.000000,2.435608387
DC,2026-03-06T22:00:00.000000,2.504082441
DC,2026-03-06T23:00:00.000000,2.504061699
DC,2026-03-07T00:00:00.000000,2.504061699
DC,2026-03-07T01:00:00.000000,2.504061699
DC,2026-03-07T02:00:00.000000,2.504061699
DC,2026-03-07T03:00:00.000000,2.40194726
DC,2026-03-07T04:00:00.000000,2.386251926
DC,2026-03-07T05:00:00.000000,2.3787992
DC,2026-03-07T06:00:00.000000,2.375445843
DC,2026-03-07T07:00:00.000000,2.380154133
DC,2026-03-07T08:00:00.000000,2.388617277
DC,2026-03-07T09:00:00.000000,2.382718563
DC,2026-03-07T10:00:00.000000,2.398441076
DC,2026-03-07T11:00:00.000000,2.405838966
DC,2026-03-07T12:00:00.000000,2.405838966
DC,2026-03-07T13:00:00.000000,2.405838966
DC,2026-03-07T14:00:00.000000,2.405838966
DC,2026-03-07T15:00:00.000000,2.405838966
DC,2026-03-07T16:00:00.000000,2.432356596
DC,2026-03-07T17:00:00.000000,2.454288483
DC,2026-03-07T18:00:00.000000,2.483714104
DC,2026-03-07T19:00:00.000000,2.503291607
DC,2026-03-07T20:00:00.000000,2.474988699
DC,2026-03-07T21:00:00.000000,2.473168135
DC,2026-03-07T22:00:00.000000,2.491710901
DC,2026-03-07T23:00:00.000000,2.489479065
DC,2026-03-08T00:00:00.000000,2.489479065
DC,2026-03-08T01:00:00.000000,2.489479065
DC,2026-03-08T02:00:00.000000,2.489479065
DC,2026-03-08T03:00:00.000000,2.489479065
DC,2026-03-08T04:00:00.000000,2.60111618
DC,2026-03-08T05:00:00.000000,2.607511759
DC,2026-03-08T06:00:00.000000,2.618178844
DC,2026-03-08T07:00:00.000000,2.640357256
DC,2026-03-08T08:00:00.000000,2.619739532
DC,2026-03-08T09:00:00.000000,2.585088491
DC,2026-03-08T10:00:00.000000,2.602138281
DC,2026-03-08T11:00:00.000000,2.610454559
DC,2026-03-08T12:00:00.000000,2.610454559
DC,2026-03-08T13:00:00.000000,2.610454559
DC,2026-03-08T14:00:00.000000,2.610454559
DC,2026-03-08T15:00:00.000000,2.610454559
DC,2026-03-08T16:00:00.000000,2.610454559
DC,2026-03-08T17:00:00.000000,2.758018255
DC,2026-03-08T18:00:00.000000,2.786769629
DC,2026-03-08T19:00:00.000000,2.808307171
DC,2026-03-08T20:00:00.000000,2.816675186
DC,2026-03-08T21:00:00.000000,2.818723202
DC,2026-03-08T22:00:00.000000,2.813269138
DC,2026-03-08T23:00:00.000000,2.805048466
DC,2026-03-09T00:00:00.000000,2.803966522
LH,2026-03-03T00:00:00.000000,1.776499748
LH,2026-03-03T01:00:00.000000,1.724838614
LH,2026-03-03T02:00:00.000000,1.66172874
LH,2026-03-03T03:00:00.000000,1.646067619
LH,2026-03-03T04:00:00.000000,1.644105554
LH,2026-03-03T05:00:00.000000,1.679762721
LH,2026-03-03T06:00:00.000000,1.725560188
LH,2026-03-03T07:00:00.000000,1.754687548
LH,2026-03-03T08:00:00.000000,1.82238996
LH,2026-03-03T09:00:00.000000,1.854654908
LH,2026-03-03T10:00:00.000000,1.856397629
LH,2026-03-03T11:00:00.000000,1.856397629
LH,2026-03-03T12:00:00.000000,1.856397629
LH,2026-03-03T13:00:00.000000,1.747382045
LH,2026-03-03T14:00:00.000000,1.5816046
LH,2026-03-03T15:00:00.000000,1.530309677
LH,2026-03-03T16:00:00.000000,1.523992896
LH,2026-03-03T17:00:00.000000,1.518212676
LH,2026-03-03T18:00:00.000000,1.667365432
LH,2026-03-03T19:00:00.000000,1.684549928
LH,2026-03-03T20:00:00.000000,1.757460952
LH,2026-03-03T21:00:00.000000,1.805749536
LH,2026-03-03T22:00:00.000000,1.826086998
LH,2026-03-03T23:00:00.000000,1.826086998
LH,2026-03-04T00:00:00.000000,1.826086998
LH,2026-03-04T01:00:00.000000,2.08917284
LH,2026-03-04T02:00:00.000000,2.356524706
LH,2026-03-04T03:00:00.000000,2.376565218
LH,2026-03-04T04:00:00.000000,2.377079487
LH,2026-03-04T05:00:00.000000,2.365566254
LH,2026-03-04T06:00:00.000000,2.376105785
LH,2026-03-04T07:00:00.000000,2.377975464
LH,2026-03-04T08:00:00.000000,2.398633957
LH,2026-03-04T09:00:00.000000,2.420498371
LH,2026-03-04T10:00:00.000000,2.450619936
LH,2026-03-04T11:00:00.000000,2.456647873
LH,2026-03-04T12:00:00.000000,2.456647873
LH,2026-03-04T13:00:00.000000,2.456647873
LH,2026-03-04T14:00:00.000000,2.435212374
LH,2026-03-04T15:00:00.000000,2.430599928
LH,2026-03-04T16:00:00.000000,2.44729352
LH,2026-03-04T17:00:00.000000,2.443046808
LH,2026-03-04T18:00:00.000000,2.413643599
LH,2026-03-04T19:00:00.000000,2.425741911
LH,2026-03-04T20:00:00.000000,2.426823139
LH,2026-03-04T21:00:00.000000,2.461657286
LH,2026-03-04T22:00:00.000000,2.493337393
LH,2026-03-04T23:00:00.000000,2.496052742
LH,2026-03-05T00:00:00.000000,2.496052742
LH,2026-03-05T01:00:00.000000,2.496052742
LH,2026-03-05T02:00:00.000000,1.597824216
LH,2026-03-05T03:00:00.000000,1.438071847
LH,2026-03-05T04:00:00.000000,1.447702765
LH,2026-03-05T05:00:00.000000,1.474926472
LH,2026-03-05T06:00:00.000000,1.479824424
LH,2026-03-05T07:00:00.000000,1.507293463
LH,2026-03-05T08:00:00.000000,1.499380708
LH,2026-03-05T09:00:00.000000,1.51259625
LH,2026-03-05T10:00:00.000000,1.507484317
LH,2026-03-05T11:00:00.000000,1.514016628
LH,2026-03-05T12:00:00.000000,1.514016628
LH,2026-03-05T13:00:00.000000,1.514016628
LH,2026-03-05T14:00:00.000000,1.508231997
LH,2026-03-05T15:00:00.000000,1.523270726
LH,2026-03-05T16:00:00.000000,1.562730432
LH,2026-03-05T17:00:00.000000,1.571978927
LH,2026-03-05T18:00:00.000000,1.572654963
LH,2026-03-05T19:00:00.000000,1.578060746
LH,2026-03-05T20:00:00.000000,1.523946166
LH,2026-03-05T21:00:00.000000,1.518587112
LH,2026-03-05T22:00:00.000000,1.523686528
LH,2026-03-05T23:00:00.000000,1.548164368
LH,2026-03-06T00:00:00.000000,1.548164368
LH,2026-03-06T01:00:00.000000,1.548164368
LH,2026-03-06T02:00:00.000000,1.569791079
LH,2026-03-06T03:00:00.000000,1.573896646
LH,2026-03-06T04:00:00.000000,1.598900795
LH,2026-03-06T05:00:00.000000,1.610159159
LH,2026-03-06T06:00:00.000000,1.615053177
LH,2026-03-06T07:00:00.000000,1.608129144
LH,2026-03-06T08:00:00.000000,1.592659235
LH,2026-03-06T09:00:00.000000,1.597965479
LH,2026-03-06T10:00:00.000000,1.600847602
LH,2026-03-06T11:00:00.000000,1.607288718
LH,2026-03-06T12:00:00.000000,1.627637386
LH,2026-03-06T13:00:00.000000,1.627637386
LH,2026-03-06T14:00:00.000000,1.627637386
LH,2026-03-06T15:00:00.000000,1.631482363
LH,2026-03-06T16:00:00.000000,1.650231242
LH,2026-03-06T17:00:00.000000,1.651646256
LH,2026-03-06T18:00:00.000000,1.65150857
LH,2026-03-06T19:00:00.000000,1.651026011
LH,2026-03-06T20:00:00.000000,1.644554973
LH,2026-03-06T21:00:00.000000,1.629178643
LH,2026-03-06T22:00:00.000000,1.630227089
LH,2026-03-06T23:00:00.000000,1.661121249
LH,2026-03-07T00:00:00.000000,1.678145409
LH,2026-03-07T01:00:00.000000,1.678145409
LH,2026-03-07T02:00:00.000000,1.678145409
LH,2026-03-07T03:00:00.000000,1.68116653
LH,2026-03-07T04:00:00.000000,1.678772807
LH,2026-03-07T05:00:00.000000,1.659398913
LH,2026-03-07T06:00:00.000000,1.654058456
LH,2026-03-07T07:00:00.000000,1.654459238
LH,2026-03-07T08:00:00.000000,1.667457581
LH,2026-03-07T09:00:00.000000,1.669117928
LH,2026-03-07T10:00:00.000000,1.683263421
LH,2026-03-07T11:00:00.000000,1.702830195
LH,2026-03-07T12:00:00.000000,1.729802132
LH,2026-03-07T13:00:00.000000,1.73360014
LH,2026-03-07T14:00:00.000000,1.73360014
LH,2026-03-07T15:00:00.000000,1.73360014
LH,2026-03-07T16:00:00.000000,1.735155463
LH,2026-03-07T17:00:00.000000,1.746580958
LH,2026-03-07T18:00:00.000000,1.753256798
LH,2026-03-07T19:00:00.000000,1.755180597
LH,2026-03-07T20:00:00.000000,1.746906161
LH,2026-03-07T21:00:00.000000,1.740299463
LH,2026-03-07T22:00:00.000000,1.746199846
LH,2026-03-07T23:00:00.000000,1.746443391
LH,2026-03-08T00:00:00.000000,1.792891741
LH,2026-03-08T01:00:00.000000,1.793323994
LH,2026-03-08T02:00:00.000000,1.793323994
LH,2026-03-08T03:00:00.000000,1.793323994
LH,2026-03-08T04:00:00.000000,1.819390655
LH,2026-03-08T05:00:00.000000,1.831636071
LH,2026-03-08T06:00:00.000000,1.842801094
LH,2026-03-08T07:00:00.000000,1.846071243
LH,2026-03-08T08:00:00.000000,1.840444922
LH,2026-03-08T09:00:00.000000,1.825595856
LH,2026-03-08T10:00:00.000000,1.831449747
LH,2026-03-08T11:00:00.000000,1.821169496
LH,2026-03-08T12:00:00.000000,1.884881973
LH,2026-03-08T13:00:00.000000,1.889387131
LH,2026-03-08T14:00:00.000000,1.889387131
LH,2026-03-08T15:00:00.000000,1.889387131
LH,2026-03-08T16:00:00.000000,1.889387131
LH,2026-03-08T17:00:00.000000,1.964325309
LH,2026-03-08T18:00:00.000000,2.030163288
LH,2026-03-08T19:00:00.000000,2.086982012
LH,2026-03-08T20:00:00.000000,2.088984251
LH,2026-03-08T21:00:00.000000,2.044283628
LH,2026-03-08T22:00:00.000000,1.981529236
LH,2026-03-08T23:00:00.000000,1.961749673
LH,2026-03-09T00:00:00.000000,2.083280802
NB,2026-03-03T00:00:00.000000,2.074976683
NB,2026-03-03T01:00:00.000000,2.106348753
NB,2026-03-03T02:00:00.000000,2.136460781
NB,2026-03-03T03:00:00.000000,2.139587164
NB,2026-03-03T04:00:00.000000,2.143582106
NB,2026-03-03T05:00:00.000000,2.161153078
NB,2026-03-03T06:00:00.000000,2.178541183
NB,2026-03-03T07:00:00.000000,2.204350471
NB,2026-03-03T08:00:00.000000,2.1940732
NB,2026-03-03T09:00:00.000000,2.20583725
NB,2026-03-03T10:00:00.000000,2.20583725
NB,2026-03-03T11:00:00.000000,2.20583725
NB,2026-03-03T12:00:00.000000,1.965715051
NB,2026-03-03T13:00:00.000000,1.962055087
NB,2026-03-03T14:00:00.000000,2.006811857
NB,2026-03-03T15:00:00.000000,2.069034338
NB,2026-03-03T16:00:00.000000,2.125030041
NB,2026-03-03T17:00:00.000000,2.170223713
NB,2026-03-03T18:00:00.000000,2.212796211
NB,2026-03-03T19:00:00.000000,2.268370152
NB,2026-03-03T20:00:00.000000,2.291712523
NB,2026-03-03T21:00:00.000000,2.297866344
NB,2026-03-03T22:00:00.000000,2.297866344
NB,2026-03-03T23:00:00.000000,2.297866344
NB,2026-03-04T00:00:00.000000,2.281875372
NB,2026-03-04T01:00:00.000000,2.301128149
NB,2026-03-04T02:00:00.000000,2.30358839
NB,2026-03-04T03:00:00.000000,2.31470418
NB,2026-03-04T04:00:00.000000,2.317102432
NB,2026-03-04T05:00:00.000000,2.332721472
NB,2026-03-04T06:00:00.000000,2.352302551
NB,2026-03-04T07:00:00.000000,2.350188255
NB,2026-03-04T08:00:00.000000,2.34688592
NB,2026-03-04T09:00:00.000000,2.346835136
NB,2026-03-04T10:00:00.000000,2.346834183
NB,2026-03-04T11:00:00.000000,2.346834183
NB,2026-03-04T12:00:00.000000,2.346834183
NB,2026-03-04T13:00:00.000000,2.315041304
NB,2026-03-04T14:00:00.000000,2.32034111
NB,2026-03-04T15:00:00.000000,2.334751368
NB,2026-03-04T16:00:00.000000,2.36091733
NB,2026-03-04T17:00:00.000000,2.380523443
NB,2026-03-04T18:00:00.000000,2.387999296
NB,2026-03-04T19:00:00.000000,2.3796134
NB,2026-03-04T20:00:00.000000,2.384032488
NB,2026-03-04T21:00:00.000000,2.409052134
NB,2026-03-04T22:00:00.000000,2.413693428
NB,2026-03-04T23:00:00.000000,2.413693428
NB,2026-03-05T00:00:00.000000,2.413693428
NB,2026-03-05T01:00:00.000000,2.294061184
NB,2026-03-05T02:00:00.000000,2.214131355
NB,2026-03-05T03:00:00.000000,2.183891058
NB,2026-03-05T04:00:00.000000,2.181108952
NB,2026-03-05T05:00:00.000000,2.175726414
NB,2026-03-05T06:00:00.000000,2.184356451
NB,2026-03-05T07:00:00.000000,2.189956427
NB,2026-03-05T08:00:00.000000,2.194438934
NB,2026-03-05T09:00:00.000000,2.201489925
NB,2026-03-05T10:00:00.000000,2.205594063
NB,2026-03-05T11:00:00.000000,2.205594063
NB,2026-03-05T12:00:00.000000,2.205594063
NB,2026-03-05T13:00:00.000000,2.202841997
NB,2026-03-05T14:00:00.000000,2.198729277
NB,2026-03-05T15:00:00.000000,2.199694872
NB,2026-03-05T16:00:00.000000,2.202605724
NB,2026-03-05T17:00:00.000000,2.203251123
NB,2026-03-05T18:00:00.000000,2.204930067
NB,2026-03-05T19:00:00.000000,2.211691618
NB,2026-03-05T20:00:00.000000,2.225897551
NB,2026-03-05T21:00:00.000000,2.237003326
NB,2026-03-05T22:00:00.000000,2.241390944
NB,2026-03-05T23:00:00.000000,2.241429806
NB,2026-03-06T00:00:00.000000,2.241429806
NB,2026-03-06T01:00:00.000000,2.241429806
NB,2026-03-06T02:00:00.000000,2.24120903
NB,2026-03-06T03:00:00.000000,2.247220993
NB,2026-03-06T04:00:00.000000,2.248808622
NB,2026-03-06T05:00:00.000000,2.248145819
NB,2026-03-06T06:00:00.000000,2.248296499
NB,2026-03-06T07:00:00.000000,2.24788022
NB,2026-03-06T08:00:00.000000,2.249584913
NB,2026-03-06T09:00:00.000000,2.249587297
NB,2026-03-06T10:00:00.000000,2.249587297
NB,2026-03-06T11:00:00.000000,2.249586105
NB,2026-03-06T12:00:00.000000,2.249586105
NB,2026-03-06T13:00:00.000000,2.249586105
NB,2026-03-06T14:00:00.000000,2.239595175
NB,2026-03-06T15:00:00.000000,2.22912097
NB,2026-03-06T16:00:00.000000,2.203406096
NB,2026-03-06T17:00:00.000000,2.19219327
NB,2026-03-06T18:00:00.000000,2.1934762
NB,2026-03-06T19:00:00.000000,2.204620361
NB,2026-03-06T20:00:00.000000,2.221943617
NB,2026-03-06T21:00:00.000000,2.237282038
NB,2026-03-06T22:00:00.000000,2.265815496
NB,2026-03-06T23:00:00.000000,2.279254675
NB,2026-03-07T00:00:00.000000,2.279255867
NB,2026-03-07T01:00:00.000000,2.279255867
NB,2026-03-07T02:00:00.000000,2.258341551
NB,2026-03-07T03:00:00.000000,2.242805243
NB,2026-03-07T04:00:00.000000,2.235209703
NB,2026-03-07T05:00:00.000000,2.230956316
NB,2026-03-07T06:00:00.000000,2.230705023
NB,2026-03-07T07:00:00.000000,2.230708838
NB,2026-03-07T08:00:00.000000,2.245394945
NB,2026-03-07T09:00:00.000000,2.274924517
NB,2026-03-07T10:00:00.000000,2.283124924
NB,2026-03-07T11:00:00.000000,2.283124924
NB,2026-03-07T12:00:00.000000,2.283121109
NB,2026-03-07T13:00:00.000000,2.283121109
NB,2026-03-07T14:00:00.000000,2.283121109
NB,2026-03-07T15:00:00.000000,2.283093214
NB,2026-03-07T16:00:00.000000,2.28311038
NB,2026-03-07T17:00:00.000000,2.297700644
NB,2026-03-07T18:00:00.000000,2.329319715
NB,2026-03-07T19:00:00.000000,2.376114607
NB,2026-03-07T20:00:00.000000,2.429665565
NB,2026-03-07T21:00:00.000000,2.480020285
NB,2026-03-07T22:00:00.000000,2.503535032
NB,2026-03-07T23:00:00.000000,2.511265993
NB,2026-03-08T00:00:00.000000,2.524094343
NB,2026-03-08T01:00:00.000000,2.524929047
NB,2026-03-08T02:00:00.000000,2.551644564
NB,2026-03-08T03:00:00.000000,2.573162556
NB,2026-03-08T04:00:00.000000,2.595591784
NB,2026-03-08T05:00:00.000000,2.649324894
NB,2026-03-08T06:00:00.000000,2.693234921
NB,2026-03-08T07:00:00.000000,2.731766462
NB,2026-03-08T08:00:00.000000,2.768874407
NB,2026-03-08T09:00:00.000000,2.804047346
NB,2026-03-08T10:00:00.000000,2.848083735
NB,2026-03-08T11:00:00.000000,2.875478506
NB,2026-03-08T12:00:00.000000,2.875589371
NB,2026-03-08T13:00:00.000000,2.875589371
NB,2026-03-08T14:00:00.000000,2.875589371
NB,2026-03-08T15:00:00.000000,2.87685132
NB,2026-03-08T16:00:00.000000,2.894248724
NB,2026-03-08T17:00:00.000000,2.927132845
NB,2026-03-08T18:00:00.000000,2.95456171
NB,2026-03-08T19:00:00.000000,2.965359449
NB,2026-03-08T20:00:00.000000,2.980379105
NB,2026-03-08T21:00:00.000000,2.970163822
NB,2026-03-08T22:00:00.000000,2.916738987
NB,2026-03-08T23:00:00.000000,2.907109022
NB,2026-03-09T00:00:00.000000,2.951223135
PC,2026-03-03T00:00:00.000000,1.493215442
PC,2026-03-03T01:00:00.000000,1.26463294
PC,2026-03-03T02:00:00.000000,1.226997733
PC,2026-03-03T03:00:00.000000,1.168946505
PC,2026-03-03T04:00:00.000000,1.192573786
PC,2026-03-03T05:00:00.000000,1.157391548
PC,2026-03-03T06:00:00.000000,1.143818378
PC,2026-03-03T07:00:00.000000,1.175226212
PC,2026-03-03T08:00:00.000000,1.189523935
PC,2026-03-03T09:00:00.000000,1.19261837
PC,2026-03-03T10:00:00.000000,1.19317472
PC,2026-03-03T11:00:00.000000,1.193524003
PC,2026-03-03T12:00:00.000000,1.193893313
PC,2026-03-03T13:00:00.000000,1.194641829
PC,2026-03-03T14:00:00.000000,1.200790048
PC,2026-03-03T15:00:00.000000,1.133486867
PC,2026-03-03T16:00:00.000000,1.151498556
PC,2026-03-03T17:00:00.000000,1.117578626
PC,2026-03-03T18:00:00.000000,1.095128059
PC,2026-03-03T19:00:00.000000,1.119676828
PC,2026-03-03T20:00:00.000000,1.149430633
PC,2026-03-03T21:00:00.000000,1.157028079
PC,2026-03-03T22:00:00.000000,1.157713413
PC,2026-03-03T23:00:00.000000,1.157948136
PC,2026-03-04T00:00:00.000000,1.158115745
PC,2026-03-04T01:00:00.000000,1.491203666
PC,2026-03-04T02:00:00.000000,1.542319655
PC,2026-03-04T03:00:00.000000,1.645735979
PC,2026-03-04T04:00:00.000000,1.777858138
PC,2026-03-04T05:00:00.000000,1.793495178
PC,2026-03-04T06:00:00.000000,1.787075877
PC,2026-03-04T07:00:00.000000,1.742851853
PC,2026-03-04T08:00:00.000000,1.686686873
PC,2026-03-04T09:00:00.000000,1.663967729
PC,2026-03-04T10:00:00.000000,1.655060649
PC,2026-03-04T11:00:00.000000,1.653684258
PC,2026-03-04T12:00:00.000000,1.653421879
PC,2026-03-04T13:00:00.000000,1.653439403
PC,2026-03-04T14:00:00.000000,1.653638124
PC,2026-03-04T15:00:00.000000,1.693426371
PC,2026-03-04T16:00:00.000000,1.821461678
PC,2026-03-04T17:00:00.000000,1.923846841
PC,2026-03-04T18:00:00.000000,1.923328042
PC,2026-03-04T19:00:00.000000,1.875585794
PC,2026-03-04T20:00:00.000000,1.782622933
PC,2026-03-04T21:00:00.000000,1.753371477
PC,2026-03-04T22:00:00.000000,1.741821527
PC,2026-03-04T23:00:00.000000,1.740401149
PC,2026-03-05T00:00:00.000000,1.740199924
PC,2026-03-05T01:00:00.000000,1.842388868
PC,2026-03-05T02:00:00.000000,1.858032703
PC,2026-03-05T03:00:00.000000,1.858427048
PC,2026-03-05T04:00:00.000000,1.898080826
PC,2026-03-05T05:00:00.000000,2.021879911
PC,2026-03-05T06:00:00.000000,2.0728302
PC,2026-03-05T07:00:00.000000,2.060700417
PC,2026-03-05T08:00:00.000000,1.95331955
PC,2026-03-05T09:00:00.000000,1.934201241
PC,2026-03-05T10:00:00.000000,1.918156981
PC,2026-03-05T11:00:00.000000,1.914515138
PC,2026-03-05T12:00:00.000000,1.91414237
PC,2026-03-05T13:00:00.000000,1.914222717
PC,2026-03-05T14:00:00.000000,1.914335012
PC,2026-03-05T15:00:00.000000,1.916824222
PC,2026-03-05T16:00:00.000000,1.97183609
PC,2026-03-05T17:00:00.000000,2.073293447
PC,2026-03-05T18:00:00.000000,2.142093182
PC,2026-03-05T19:00:00.000000,2.13855195
PC,2026-03-05T20:00:00.000000,2.063112497
PC,2026-03-05T21:00:00.000000,2.012177467
PC,2026-03-05T22:00:00.000000,1.988632798
PC,2026-03-05T23:00:00.000000,1.981438875
PC,2026-03-06T00:00:00.000000,1.980387211
PC,2026-03-06T01:00:00.000000,1.979746222
PC,2026-03-06T02:00:00.000000,1.979550004
PC,2026-03-06T03:00:00.000000,1.980733275
PC,2026-03-06T04:00:00.000000,2.029117107
PC,2026-03-06T05:00:00.000000,2.097354412
PC,2026-03-06T06:00:00.000000,2.171098471
PC,2026-03-06T07:00:00.000000,2.172883987
PC,2026-03-06T08:00:00.000000,2.149499893
PC,2026-03-06T09:00:00.000000,2.059286833
PC,2026-03-06T10:00:00.000000,2.039929152
PC,2026-03-06T11:00:00.000000,2.037663698
PC,2026-03-06T12:00:00.000000,2.036529303
PC,2026-03-06T13:00:00.000000,2.036668777
PC,2026-03-06T14:00:00.000000,2.036535978
PC,2026-03-06T15:00:00.000000,2.036304712
PC,2026-03-06T16:00:00.000000,2.061614752
PC,2026-03-06T17:00:00.000000,2.126232862
PC,2026-03-06T18:00:00.000000,2.224083662
PC,2026-03-06T19:00:00.000000,2.248677015
PC,2026-03-06T20:00:00.000000,2.221152544
PC,2026-03-06T21:00:00.000000,2.12897563
PC,2026-03-06T22:00:00.000000,2.106379747
PC,2026-03-06T23:00:00.000000,2.101617813
PC,2026-03-07T00:00:00.000000,2.098979235
PC,2026-03-07T01:00:00.000000,2.098760366
PC,2026-03-07T02:00:00.000000,2.098705053
PC,2026-03-07T03:00:00.000000,2.098791122
PC,2026-03-07T04:00:00.000000,2.112542391
PC,2026-03-07T05:00:00.000000,2.170537472
PC,2026-03-07T06:00:00.000000,2.252872944
PC,2026-03-07T07:00:00.000000,2.296461582
PC,2026-03-07T08:00:00.000000,2.283106565
PC,2026-03-07T09:00:00.000000,2.222620487
PC,2026-03-07T10:00:00.000000,2.160300016
PC,2026-03-07T11:00:00.000000,2.156877279
PC,2026-03-07T12:00:00.000000,2.153562307
PC,2026-03-07T13:00:00.000000,2.153272629
PC,2026-03-07T14:00:00.000000,2.15323329
PC,2026-03-07T15:00:00.000000,2.15332675
PC,2026-03-07T16:00:00.000000,2.153589249
PC,2026-03-07T17:00:00.000000,2.163501024
PC,2026-03-07T18:00:00.000000,2.252085447
PC,2026-03-07T19:00:00.000000,2.353785992
PC,2026-03-07T20:00:00.000000,2.373990297
PC,2026-03-07T21:00:00.000000,2.327640533
PC,2026-03-07T22:00:00.000000,2.241437674
PC,2026-03-07T23:00:00.000000,2.225281477
PC,2026-03-08T00:00:00.000000,2.221096992
PC,2026-03-08T01:00:00.000000,2.221266747
PC,2026-03-08T02:00:00.000000,2.221814394
PC,2026-03-08T03:00:00.000000,2.222136259
PC,2026-03-08T04:00:00.000000,2.222334385
PC,2026-03-08T05:00:00.000000,2.25437212
PC,2026-03-08T06:00:00.000000,2.333663225
PC,2026-03-08T07:00:00.000000,2.413332701
PC,2026-03-08T08:00:00.000000,2.435024738
PC,2026-03-08T09:00:00.000000,2.407487869
PC,2026-03-08T10:00:00.000000,2.311567068
PC,2026-03-08T11:00:00.000000,2.300403357
PC,2026-03-08T12:00:00.000000,2.294908047
PC,2026-03-08T13:00:00.000000,2.293901443
PC,2026-03-08T14:00:00.000000,2.29440999
PC,2026-03-08T15:00:00.000000,2.295027494
PC,2026-03-08T16:00:00.000000,2.295268059
PC,2026-03-08T17:00:00.000000,2.295730352
PC,2026-03-08T18:00:00.000000,2.297122717
PC,2026-03-08T19:00:00.000000,2.402709961
PC,2026-03-08T20:00:00.000000,2.532902479
PC,2026-03-08T21:00:00.000000,2.519993067
PC,2026-03-08T22:00:00.000000,2.419041395
PC,2026-03-08T23:00:00.000000,2.379152298
PC,2026-03-09T00:00:00.000000,2.373092413
PV,2026-03-03T00:00:00.000000,1.734761238
PV,2026-03-03T01:00:00.000000,1.767844796
PV,2026-03-03T02:00:00.000000,1.803500414
PV,2026-03-03T03:00:00.000000,1.798184633
PV,2026-03-03T04:00:00.000000,1.775019526
PV,2026-03-03T05:00:00.000000,1.730723619
PV,2026-03-03T06:00:00.000000,1.722341895
PV,2026-03-03T07:00:00.000000,1.743736625
PV,2026-03-03T08:00:00.000000,1.792936683
PV,2026-03-03T09:00:00.000000,1.792870998
PV,2026-03-03T10:00:00.000000,1.792870998
PV,2026-03-03T11:00:00.000000,1.792870998
PV,2026-03-03T12:00:00.000000,1.687453508
PV,2026-03-03T13:00:00.000000,1.678081393
PV,2026-03-03T14:00:00.000000,1.671239138
PV,2026-03-03T15:00:00.000000,1.655454636
PV,2026-03-03T16:00:00.000000,1.643894434
PV,2026-03-03T17:00:00.000000,1.676861644
PV,2026-03-03T18:00:00.000000,1.709683776
PV,2026-03-03T19:00:00.000000,1.717651367
PV,2026-03-03T20:00:00.000000,1.713321328
PV,2026-03-03T21:00:00.000000,1.715935707
PV,2026-03-03T22:00:00.000000,1.715935707
PV,2026-03-03T23:00:00.000000,1.715935707
PV,2026-03-04T00:00:00.000000,1.808583021
PV,2026-03-04T01:00:00.000000,2.011668921
PV,2026-03-04T02:00:00.000000,2.301459074
PV,2026-03-04T03:00:00.000000,2.373379946
PV,2026-03-04T04:00:00.000000,2.402721405
PV,2026-03-04T05:00:00.000000,2.41206336
PV,2026-03-04T06:00:00.000000,2.416483879
PV,2026-03-04T07:00:00.000000,2.427991867
PV,2026-03-04T08:00:00.000000,2.440411568
PV,2026-03-04T09:00:00.000000,2.443110704
PV,2026-03-04T10:00:00.000000,2.443124771
PV,2026-03-04T11:00:00.000000,2.443124771
PV,2026-03-04T12:00:00.000000,2.443124771
PV,2026-03-04T13:00:00.000000,2.44200635
PV,2026-03-04T14:00:00.000000,2.447508335
PV,2026-03-04T15:00:00.000000,2.448869705
PV,2026-03-04T16:00:00.000000,2.450187445
PV,2026-03-04T17:00:00.000000,2.454428434
PV,2026-03-04T18:00:00.000000,2.498928308
PV,2026-03-04T19:00:00.000000,2.537656069
PV,2026-03-04T20:00:00.000000,2.554543495
PV,2026-03-04T21:00:00.000000,2.575426817
PV,2026-03-04T22:00:00.000000,2.599657059
PV,2026-03-04T23:00:00.000000,2.599657059
PV,2026-03-05T00:00:00.000000,2.599657059
PV,2026-03-05T01:00:00.000000,1.908537269
PV,2026-03-05T02:00:00.000000,1.618674278
PV,2026-03-05T03:00:00.000000,1.56102109
PV,2026-03-05T04:00:00.000000,1.527228713
PV,2026-03-05T05:00:00.000000,1.509256721
PV,2026-03-05T06:00:00.000000,1.492144823
PV,2026-03-05T07:00:00.000000,1.469285488
PV,2026-03-05T08:00:00.000000,1.488847494
PV,2026-03-05T09:00:00.000000,1.515796304
PV,2026-03-05T10:00:00.000000,1.523701668
PV,2026-03-05T11:00:00.000000,1.523701668
PV,2026-03-05T12:00:00.000000,1.523701668
PV,2026-03-05T13:00:00.000000,1.550111294
PV,2026-03-05T14:00:00.000000,1.559375048
PV,2026-03-05T15:00:00.000000,1.563756585
PV,2026-03-05T16:00:00.000000,1.565213203
PV,2026-03-05T17:00:00.000000,1.55934298
PV,2026-03-05T18:00:00.000000,1.553396463
PV,2026-03-05T19:00:00.000000,1.569683909
PV,2026-03-05T20:00:00.000000,1.589302421
PV,2026-03-05T21:00:00.000000,1.610822082
PV,2026-03-05T22:00:00.000000,1.632743716
PV,2026-03-05T23:00:00.000000,1.63275528
PV,2026-03-06T00:00:00.000000,1.63275528
PV,2026-03-06T01:00:00.000000,1.663933396
PV,2026-03-06T02:00:00.000000,1.663933754
PV,2026-03-06T03:00:00.000000,1.663933754
PV,2026-03-06T04:00:00.000000,1.663933754
PV,2026-03-06T05:00:00.000000,1.663933754
PV,2026-03-06T06:00:00.000000,1.663933754
PV,2026-03-06T07:00:00.000000,1.663933754
PV,2026-03-06T08:00:00.000000,1.663933754
PV,2026-03-06T09:00:00.000000,1.663933754
PV,2026-03-06T10:00:00.000000,1.663933754
PV,2026-03-06T11:00:00.000000,1.663933754
PV,2026-03-06T12:00:00.000000,1.663933754
PV,2026-03-06T13:00:00.000000,1.663933754
PV,2026-03-06T14:00:00.000000,1.684062362
PV,2026-03-06T15:00:00.000000,1.695007324
PV,2026-03-06T16:00:00.000000,1.706422091
PV,2026-03-06T17:00:00.000000,1.706701279
PV,2026-03-06T18:00:00.000000,1.706701279
PV,2026-03-06T19:00:00.000000,1.706700206
PV,2026-03-06T20:00:00.000000,1.727366686
PV,2026-03-06T21:00:00.000000,1.74663353
PV,2026-03-06T22:00:00.000000,1.776513338
PV,2026-03-06T23:00:00.000000,1.805045366
PV,2026-03-07T00:00:00.000000,1.805045128
PV,2026-03-07T01:00:00.000000,1.805045128
PV,2026-03-07T02:00:00.000000,1.805044174
PV,2026-03-07T03:00:00.000000,1.813925028
PV,2026-03-07T04:00:00.000000,1.808691978
PV,2026-03-07T05:00:00.000000,1.797803164
PV,2026-03-07T06:00:00.000000,1.783780336
PV,2026-03-07T07:00:00.000000,1.76611042
PV,2026-03-07T08:00:00.000000,1.762783289
PV,2026-03-07T09:00:00.000000,1.777785897
PV,2026-03-07T10:00:00.000000,1.792699814
PV,2026-03-07T11:00:00.000000,1.792699814
PV,2026-03-07T12:00:00.000000,1.79269886
PV,2026-03-07T13:00:00.000000,1.79269886
PV,2026-03-07T14:00:00.000000,1.792694449
PV,2026-03-07T15:00:00.000000,1.792971492
PV,2026-03-07T16:00:00.000000,1.814825654
PV,2026-03-07T17:00:00.000000,1.820073009
PV,2026-03-07T18:00:00.000000,1.816522837
PV,2026-03-07T19:00:00.000000,1.814360619
PV,2026-03-07T20:00:00.000000,1.84533596
PV,2026-03-07T21:00:00.000000,1.879575372
PV,2026-03-07T22:00:00.000000,1.90309751
PV,2026-03-07T23:00:00.000000,1.924581528
PV,2026-03-08T00:00:00.000000,1.941018701
PV,2026-03-08T01:00:00.000000,1.941023827
PV,2026-03-08T02:00:00.000000,1.941012263
PV,2026-03-08T03:00:00.000000,1.941023231
PV,2026-03-08T04:00:00.000000,1.955343246
PV,2026-03-08T05:00:00.000000,1.956540108
PV,2026-03-08T06:00:00.000000,1.949292064
PV,2026-03-08T07:00:00.000000,1.934793711
PV,2026-03-08T08:00:00.000000,1.916105866
PV,2026-03-08T09:00:00.000000,1.930234194
PV,2026-03-08T10:00:00.000000,1.942017913
PV,2026-03-08T11:00:00.000000,1.951137781
PV,2026-03-08T12:00:00.000000,1.951137781
PV,2026-03-08T13:00:00.000000,1.951137543
PV,2026-03-08T14:00:00.000000,1.951137543
PV,2026-03-08T15:00:00.000000,1.95283699
PV,2026-03-08T16:00:00.000000,1.965149522
PV,2026-03-08T17:00:00.000000,1.989116549
PV,2026-03-08T18:00:00.000000,2.002648592
PV,2026-03-08T19:00:00.000000,2.011245012
PV,2026-03-08T20:00:00.000000,2.020855427
PV,2026-03-08T21:00:00.000000,2.052172422
PV,2026-03-08T22:00:00.000000,2.076029539
PV,2026-03-08T23:00:00.000000,2.096250534
PV,2026-03-09T00:00:00.000000,2.126534224
SH,2026-03-03T00:00:00.000000,1.469473362
SH,2026-03-03T01:00:00.000000,1.44318223
SH,2026-03-03T02:00:00.000000,1.375525475
SH,2026-03-03T03:00:00.000000,1.312671304
SH,2026-03-03T04:00:00.000000,1.295427918
SH,2026-03-03T05:00:00.000000,1.234068036
SH,2026-03-03T06:00:00.000000,1.256255031
SH,2026-03-03T07:00:00.000000,1.305878282
SH,2026-03-03T08:00:00.000000,1.317918301
SH,2026-03-03T09:00:00.000000,1.321455479
SH,2026-03-03T10:00:00.000000,1.321455479
SH,2026-03-03T11:00:00.000000,1.321455479
SH,2026-03-03T12:00:00.000000,1.321142197
SH,2026-03-03T13:00:00.000000,1.317046404
SH,2026-03-03T14:00:00.000000,1.316760302
SH,2026-03-03T15:00:00.000000,1.323333383
SH,2026-03-03T16:00:00.000000,1.346701622
SH,2026-03-03T17:00:00.000000,1.343331337
SH,2026-03-03T18:00:00.000000,1.35602951
SH,2026-03-03T19:00:00.000000,1.370898366
SH,2026-03-03T20:00:00.000000,1.394445658
SH,2026-03-03T21:00:00.000000,1.400170803
SH,2026-03-03T22:00:00.000000,1.387440681
SH,2026-03-03T23:00:00.000000,1.387440681
SH,2026-03-04T00:00:00.000000,1.387440681
SH,2026-03-04T01:00:00.000000,1.687174082
SH,2026-03-04T02:00:00.000000,1.848042727
SH,2026-03-04T03:00:00.000000,1.879288077
SH,2026-03-04T04:00:00.000000,1.890279055
SH,2026-03-04T05:00:00.000000,1.891083717
SH,2026-03-04T06:00:00.000000,1.892900109
SH,2026-03-04T07:00:00.000000,1.915339351
SH,2026-03-04T08:00:00.000000,1.918258548
SH,2026-03-04T09:00:00.000000,1.911847115
SH,2026-03-04T10:00:00.000000,1.892528534
SH,2026-03-04T11:00:00.000000,1.892528534
SH,2026-03-04T12:00:00.000000,1.892528534
SH,2026-03-04T13:00:00.000000,1.950507164
SH,2026-03-04T14:00:00.000000,1.995513916
SH,2026-03-04T15:00:00.000000,1.998312354
SH,2026-03-04T16:00:00.000000,2.025244951
SH,2026-03-04T17:00:00.000000,2.049010515
SH,2026-03-04T18:00:00.000000,2.038029671
SH,2026-03-04T19:00:00.000000,2.065248489
SH,2026-03-04T20:00:00.000000,2.073899508
SH,2026-03-04T21:00:00.000000,2.066733122
SH,2026-03-04T22:00:00.000000,2.056325912
SH,2026-03-04T23:00:00.000000,2.056325912
SH,2026-03-05T00:00:00.000000,2.056325912
SH,2026-03-05T01:00:00.000000,2.056325912
SH,2026-03-05T02:00:00.000000,2.12023139
SH,2026-03-05T03:00:00.000000,2.122800589
SH,2026-03-05T04:00:00.000000,2.122143507
SH,2026-03-05T05:00:00.000000,2.127530813
SH,2026-03-05T06:00:00.000000,2.125877619
SH,2026-03-05T07:00:00.000000,2.130543947
SH,2026-03-05T08:00:00.000000,2.167512655
SH,2026-03-05T09:00:00.000000,2.148118496
SH,2026-03-05T10:00:00.000000,2.129262924
SH,2026-03-05T11:00:00.000000,2.120470047
SH,2026-03-05T12:00:00.000000,2.120470047
SH,2026-03-05T13:00:00.000000,2.120470047
SH,2026-03-05T14:00:00.000000,2.229055166
SH,2026-03-05T15:00:00.000000,2.232661486
SH,2026-03-05T16:00:00.000000,2.221452475
SH,2026-03-05T17:00:00.000000,2.226172209
SH,2026-03-05T18:00:00.000000,2.222805977
SH,2026-03-05T19:00:00.000000,2.212264061
SH,2026-03-05T20:00:00.000000,2.236150503
SH,2026-03-05T21:00:00.000000,2.236527681
SH,2026-03-05T22:00:00.000000,2.211034775
SH,2026-03-05T23:00:00.000000,2.199322701
SH,2026-03-06T00:00:00.000000,2.199322701
SH,2026-03-06T01:00:00.000000,2.199322701
SH,2026-03-06T02:00:00.000000,2.287191629
SH,2026-03-06T03:00:00.000000,2.289219141
SH,2026-03-06T04:00:00.000000,2.290555716
SH,2026-03-06T05:00:00.000000,2.29233098
SH,2026-03-06T06:00:00.000000,2.29252696
SH,2026-03-06T07:00:00.000000,2.294920683
SH,2026-03-06T08:00:00.000000,2.303974152
SH,2026-03-06T09:00:00.000000,2.309920549
SH,2026-03-06T10:00:00.000000,2.309914827
SH,2026-03-06T11:00:00.000000,2.309891701
SH,2026-03-06T12:00:00.000000,2.309891701
SH,2026-03-06T13:00:00.000000,2.309891701
SH,2026-03-06T14:00:00.000000,2.309891701
SH,2026-03-06T15:00:00.000000,2.359577179
SH,2026-03-06T16:00:00.000000,2.359577179
SH,2026-03-06T17:00:00.000000,2.359577179
SH,2026-03-06T18:00:00.000000,2.36602807
SH,2026-03-06T19:00:00.000000,2.369786024
SH,2026-03-06T20:00:00.000000,2.377762556
SH,2026-03-06T21:00:00.000000,2.38828063
SH,2026-03-06T22:00:00.000000,2.388526678
SH,2026-03-06T23:00:00.000000,2.388507843
SH,2026-03-07T00:00:00.000000,2.388507366
SH,2026-03-07T01:00:00.000000,2.388507366
SH,2026-03-07T02:00:00.000000,2.388507366
SH,2026-03-07T03:00:00.000000,2.444410086
SH,2026-03-07T04:00:00.000000,2.444410086
SH,2026-03-07T05:00:00.000000,2.444410086
SH,2026-03-07T06:00:00.000000,2.444410086
SH,2026-03-07T07:00:00.000000,2.444409132
SH,2026-03-07T08:00:00.000000,2.433063507
SH,2026-03-07T09:00:00.000000,2.444799185
SH,2026-03-07T10:00:00.000000,2.444797993
SH,2026-03-07T11:00:00.000000,2.444775105
SH,2026-03-07T12:00:00.000000,2.444788933
SH,2026-03-07T13:00:00.000000,2.444789886
SH,2026-03-07T14:00:00.000000,2.444789886
SH,2026-03-07T15:00:00.000000,2.445839882
SH,2026-03-07T16:00:00.000000,2.458599806
SH,2026-03-07T17:00:00.000000,2.462060928
SH,2026-03-07T18:00:00.000000,2.475874186
SH,2026-03-07T19:00:00.000000,2.490903854
SH,2026-03-07T20:00:00.000000,2.48947835
SH,2026-03-07T21:00:00.000000,2.508169413
SH,2026-03-07T22:00:00.000000,2.52023077
SH,2026-03-07T23:00:00.000000,2.523773193
SH,2026-03-08T00:00:00.000000,2.523775578
SH,2026-03-08T01:00:00.000000,2.525626183
SH,2026-03-08T02:00:00.000000,2.525907755
SH,2026-03-08T03:00:00.000000,2.533076763
SH,2026-03-08T04:00:00.000000,2.539274454
SH,2026-03-08T05:00:00.000000,2.53503418
SH,2026-03-08T06:00:00.000000,2.51905179
SH,2026-03-08T07:00:00.000000,2.518577337
SH,2026-03-08T08:00:00.000000,2.500862598
SH,2026-03-08T09:00:00.000000,2.491354704
SH,2026-03-08T10:00:00.000000,2.526050329
SH,2026-03-08T11:00:00.000000,2.536216259
SH,2026-03-08T12:00:00.000000,2.536222458
SH,2026-03-08T13:00:00.000000,2.543265343
SH,2026-03-08T14:00:00.000000,2.543265343
SH,2026-03-08T15:00:00.000000,2.543265343
SH,2026-03-08T16:00:00.000000,2.564727068
SH,2026-03-08T17:00:00.000000,2.573272228
SH,2026-03-08T18:00:00.000000,2.585631847
SH,2026-03-08T19:00:00.000000,2.601622343
SH,2026-03-08T20:00:00.000000,2.625200033
SH,2026-03-08T21:00:00.000000,2.60121417
SH,2026-03-08T22:00:00.000000,2.616850615
SH,2026-03-08T23:00:00.000000,2.639611006
SH,2026-03-09T00:00:00.000000,2.643563509
WB,2026-03-03T00:00:00.000000,1.976757407
WB,2026-03-03T01:00:00.000000,2.001189947
WB,2026-03-03T02:00:00.000000,1.979853868
WB,2026-03-03T03:00:00.000000,1.976028085
WB,2026-03-03T04:00:00.000000,1.996343255
WB,2026-03-03T05:00:00.000000,1.951001406
WB,2026-03-03T06:00:00.000000,1.94043386
WB,2026-03-03T07:00:00.000000,1.942367196
WB,2026-03-03T08:00:00.000000,1.954357743
WB,2026-03-03T09:00:00.000000,1.933276653
WB,2026-03-03T10:00:00.000000,1.91317153
WB,2026-03-03T11:00:00.000000,1.89332664
WB,2026-03-03T12:00:00.000000,1.874764681
WB,2026-03-03T13:00:00.000000,1.854912162
WB,2026-03-03T14:00:00.000000,1.814123988
WB,2026-03-03T15:00:00.000000,1.750902772
WB,2026-03-03T16:00:00.000000,1.76113987
WB,2026-03-03T17:00:00.000000,1.853355765
WB,2026-03-03T18:00:00.000000,1.892267227
WB,2026-03-03T19:00:00.000000,1.924540877
WB,2026-03-03T20:00:00.000000,1.95433712
WB,2026-03-03T21:00:00.000000,1.994774699
WB,2026-03-03T22:00:00.000000,2.012405634
WB,2026-03-03T23:00:00.000000,2.027372122
WB,2026-03-04T00:00:00.000000,2.040441275
WB,2026-03-04T01:00:00.000000,2.090744019
WB,2026-03-04T02:00:00.000000,2.118846178
WB,2026-03-04T03:00:00.000000,2.114758253
WB,2026-03-04T04:00:00.000000,2.110897779
WB,2026-03-04T05:00:00.000000,2.132447004
WB,2026-03-04T06:00:00.000000,2.156563759
WB,2026-03-04T07:00:00.000000,2.164654016
WB,2026-03-04T08:00:00.000000,2.178257465
WB,2026-03-04T09:00:00.000000,2.191388369
WB,2026-03-04T10:00:00.000000,2.196599007
WB,2026-03-04T11:00:00.000000,2.201950312
WB,2026-03-04T12:00:00.000000,2.193192482
WB,2026-03-04T13:00:00.000000,2.183307648
WB,2026-03-04T14:00:00.000000,2.173836708
WB,2026-03-04T15:00:00.000000,2.17250514
WB,2026-03-04T16:00:00.000000,2.183532476
WB,2026-03-04T17:00:00.000000,2.179663181
WB,2026-03-04T18:00:00.000000,2.197733641
WB,2026-03-04T19:00:00.000000,2.318375111
WB,2026-03-04T20:00:00.000000,2.386570215
WB,2026-03-04T21:00:00.000000,2.413137197
WB,2026-03-04T22:00:00.000000,2.429489851
WB,2026-03-04T23:00:00.000000,2.435465097
WB,2026-03-05T00:00:00.000000,2.431171179
WB,2026-03-05T01:00:00.000000,1.834584236
WB,2026-03-05T02:00:00.000000,1.683349967
WB,2026-03-05T03:00:00.000000,1.661907554
WB,2026-03-05T04:00:00.000000,1.646900177
WB,2026-03-05T05:00:00.000000,1.624814868
WB,2026-03-05T06:00:00.000000,1.676434755
WB,2026-03-05T07:00:00.000000,1.685066462
WB,2026-03-05T08:00:00.000000,1.681510925
WB,2026-03-05T09:00:00.000000,1.698122263
WB,2026-03-05T10:00:00.000000,1.711512923
WB,2026-03-05T11:00:00.000000,1.722501278
WB,2026-03-05T12:00:00.000000,1.732494235
WB,2026-03-05T13:00:00.000000,1.732018709
WB,2026-03-05T14:00:00.000000,1.724533439
WB,2026-03-05T15:00:00.000000,1.712512374
WB,2026-03-05T16:00:00.000000,1.707881808
WB,2026-03-05T17:00:00.000000,1.697155952
WB,2026-03-05T18:00:00.000000,1.690322161
WB,2026-03-05T19:00:00.000000,1.709666491
WB,2026-03-05T20:00:00.000000,1.733186722
WB,2026-03-05T21:00:00.000000,1.752022982
WB,2026-03-05T22:00:00.000000,1.763777614
WB,2026-03-05T23:00:00.000000,1.770472765
WB,2026-03-06T00:00:00.000000,1.777382612
WB,2026-03-06T01:00:00.000000,1.819438577
WB,2026-03-06T02:00:00.000000,1.827202678
WB,2026-03-06T03:00:00.000000,1.817112803
WB,2026-03-06T04:00:00.000000,1.797529221
WB,2026-03-06T05:00:00.000000,1.786651611
WB,2026-03-06T06:00:00.000000,1.786266565
WB,2026-03-06T07:00:00.000000,1.79173553
WB,2026-03-06T08:00:00.000000,1.799743533
WB,2026-03-06T09:00:00.000000,1.820049286
WB,2026-03-06T10:00:00.000000,1.829807281
WB,2026-03-06T11:00:00.000000,1.837926269
WB,2026-03-06T12:00:00.000000,1.83499372
WB,2026-03-06T13:00:00.000000,1.822304726
WB,2026-03-06T14:00:00.000000,1.816748977
WB,2026-03-06T15:00:00.000000,1.817464828
WB,2026-03-06T16:00:00.000000,1.841601729
WB,2026-03-06T17:00:00.000000,1.889049888
WB,2026-03-06T18:00:00.000000,1.938020587
WB,2026-03-06T19:00:00.000000,1.965102792
WB,2026-03-06T20:00:00.000000,1.965436578
WB,2026-03-06T21:00:00.000000,1.962766051
WB,2026-03-06T22:00:00.000000,1.973176837
WB,2026-03-06T23:00:00.000000,1.978176475
WB,2026-03-07T00:00:00.000000,1.984818459
WB,2026-03-07T01:00:00.000000,2.000282049
WB,2026-03-07T02:00:00.000000,2.006820679
WB,2026-03-07T03:00:00.000000,2.00020051
WB,2026-03-07T04:00:00.000000,1.982567191
WB,2026-03-07T05:00:00.000000,2.016956568
WB,2026-03-07T06:00:00.000000,2.090830088
WB,2026-03-07T07:00:00.000000,2.131994009
WB,2026-03-07T08:00:00.000000,2.098577976
WB,2026-03-07T09:00:00.000000,2.064884424
WB,2026-03-07T10:00:00.000000,2.073855639
WB,2026-03-07T11:00:00.000000,2.089443207
WB,2026-03-07T12:00:00.000000,2.105347395
WB,2026-03-07T13:00:00.000000,2.10974884
WB,2026-03-07T14:00:00.000000,2.112984896
WB,2026-03-07T15:00:00.000000,2.111182928
WB,2026-03-07T16:00:00.000000,2.104008198
WB,2026-03-07T17:00:00.000000,2.099359274
WB,2026-03-07T18:00:00.000000,2.100512743
WB,2026-03-07T19:00:00.000000,2.118368149
WB,2026-03-07T20:00:00.000000,2.274324179
WB,2026-03-07T21:00:00.000000,2.387767792
WB,2026-03-07T22:00:00.000000,2.439580679
WB,2026-03-07T23:00:00.000000,2.468212605
WB,2026-03-08T00:00:00.000000,2.485069275
WB,2026-03-08T01:00:00.000000,2.490074158
WB,2026-03-08T02:00:00.000000,2.497424126
WB,2026-03-08T03:00:00.000000,2.503177881
WB,2026-03-08T04:00:00.000000,2.503590345
WB,2026-03-08T05:00:00.000000,2.49973464
WB,2026-03-08T06:00:00.000000,2.493102312
WB,2026-03-08T07:00:00.000000,2.49456811
WB,2026-03-08T08:00:00.000000,2.529463291
WB,2026-03-08T09:00:00.000000,2.551997423
WB,2026-03-08T10:00:00.000000,2.557698965
WB,2026-03-08T11:00:00.000000,2.561205626
WB,2026-03-08T12:00:00.000000,2.566404343
WB,2026-03-08T13:00:00.000000,2.570401192
WB,2026-03-08T14:00:00.000000,2.577136755
WB,2026-03-08T15:00:00.000000,2.600620031
WB,2026-03-08T16:00:00.000000,2.622378826
WB,2026-03-08T17:00:00.000000,2.638653278
WB,2026-03-08T18:00:00.000000,2.664810658
WB,2026-03-08T19:00:00.000000,2.690796614
WB,2026-03-08T20:00:00.000000,2.688506126
WB,2026-03-08T21:00:00.000000,2.680128098
WB,2026-03-08T22:00:00.000000,2.694109678
WB,2026-03-08T23:00:00.000000,2.704919577
WB,2026-03-09T00:00:00.000000,2.712382078
CC,2026-03-03T00:00:00.000000,0.550922453
CC,2026-03-03T01:00:00.000000,0.026414035
CC,2026-03-03T02:00:00.000000,-0.064436398
CC,2026-03-03T03:00:00.000000,-0.080300793
CC,2026-03-03T04:00:00.000000,-0.091910802
CC,2026-03-03T05:00:00.000000,-0.105821051
CC,2026-03-03T06:00:00.000000,-0.122091867
CC,2026-03-03T07:00:00.000000,-0.139383137
CC,2026-03-03T08:00:00.000000,-0.156532422
CC,2026-03-03T09:00:00.000000,-0.169999346
CC,2026-03-03T10:00:00.000000,-0.176440671
CC,2026-03-03T11:00:00.000000,-0.187183782
CC,2026-03-03T12:00:00.000000,-0.195882693
CC,2026-03-03T13:00:00.000000,-0.174145266
CC,2026-03-03T14:00:00.000000,-0.112317748
CC,2026-03-03T15:00:00.000000,-0.015391352
CC,2026-03-03T16:00:00.000000,0.063797936
CC,2026-03-03T17:00:00.000000,0.15470688
CC,2026-03-03T18:00:00.000000,0.253097534
CC,2026-03-03T19:00:00.000000,0.321911305
CC,2026-03-03T20:00:00.000000,0.371879488
CC,2026-03-03T21:00:00.000000,0.384577543
CC,2026-03-03T22:00:00.000000,0.371441007
CC,2026-03-03T23:00:00.000000,0.339250565
CC,2026-03-04T00:00:00.000000,0.322181523
CC,2026-03-04T01:00:00.000000,0.691102266
CC,2026-03-04T02:00:00.000000,0.849075854
CC,2026-03-04T03:00:00.000000,0.880280435
CC,2026-03-04T04:00:00.000000,0.908282876
CC,2026-03-04T05:00:00.000000,0.922081411
CC,2026-03-04T06:00:00.000000,0.931478262
CC,2026-03-04T07:00:00.000000,0.938512921
CC,2026-03-04T08:00:00.000000,0.939715624
CC,2026-03-04T09:00:00.000000,0.939979255
CC,2026-03-04T10:00:00.000000,0.935270011
CC,2026-03-04T11:00:00.000000,0.925087035
CC,2026-03-04T12:00:00.000000,0.917437494
CC,2026-03-04T13:00:00.000000,0.926953256
CC,2026-03-04T14:00:00.000000,0.965615749
CC,2026-03-04T15:00:00.000000,1.039715528
CC,2026-03-04T16:00:00.000000,1.123960853
CC,2026-03-04T17:00:00.000000,1.203266382
CC,2026-03-04T18:00:00.000000,1.274557471
CC,2026-03-04T19:00:00.000000,1.326219916
CC,2026-03-04T20:00:00.000000,1.344915628
CC,2026-03-04T21:00:00.000000,1.332687616
CC,2026-03-04T22:00:00.000000,1.315451264
CC,2026-03-04T23:00:00.000000,1.282430053
CC,2026-03-05T00:00:00.000000,1.259729028
CC,2026-03-05T01:00:00.000000,0.684601307
CC,2026-03-05T02:00:00.000000,0.564264178
CC,2026-03-05T03:00:00.000000,0.57005626
CC,2026-03-05T04:00:00.000000,0.584097743
CC,2026-03-05T05:00:00.000000,0.592358887
CC,2026-03-05T06:00:00.000000,0.594741225
CC,2026-03-05T07:00:00.000000,0.591117084
CC,2026-03-05T08:00:00.000000,0.587458968
CC,2026-03-05T09:00:00.000000,0.585305333
CC,2026-03-05T10:00:00.000000,0.58199662
CC,2026-03-05T11:00:00.000000,0.573561311
CC,2026-03-05T12:00:00.000000,0.565180242
CC,2026-03-05T13:00:00.000000,0.566039324
CC,2026-03-05T14:00:00.000000,0.589639783
CC,2026-03-05T15:00:00.000000,0.615158737
CC,2026-03-05T16:00:00.000000,0.643073916
CC,2026-03-05T17:00:00.000000,0.663427651
CC,2026-03-05T18:00:00.000000,0.677469075
CC,2026-03-05T19:00:00.000000,0.698706806
CC,2026-03-05T20:00:00.000000,0.719272256
CC,2026-03-05T21:00:00.000000,0.728849173
CC,2026-03-05T22:00:00.000000,0.730876684
CC,2026-03-05T23:00:00.000000,0.722633541
CC,2026-03-06T00:00:00.000000,0.711765468
CC,2026-03-06T01:00:00.000000,0.70067668
CC,2026-03-06T02:00:00.000000,0.696904123
CC,2026-03-06T03:00:00.000000,0.696441233
CC,2026-03-06T04:00:00.000000,0.702602446
CC,2026-03-06T05:00:00.000000,0.710750401
CC,2026-03-06T06:00:00.000000,0.71997112
CC,2026-03-06T07:00:00.000000,0.727261305
CC,2026-03-06T08:00:00.000000,0.733657956
CC,2026-03-06T09:00:00.000000,0.736771464
CC,2026-03-06T10:00:00.000000,0.739260495
CC,2026-03-06T11:00:00.000000,0.737971663
CC,2026-03-06T12:00:00.000000,0.732122183
CC,2026-03-06T13:00:00.000000,0.726651073
CC,2026-03-06T14:00:00.000000,0.725900173
CC,2026-03-06T15:00:00.000000,0.732659876
CC,2026-03-06T16:00:00.000000,0.746886134
CC,2026-03-06T17:00:00.000000,0.768131673
CC,2026-03-06T18:00:00.000000,0.795852542
CC,2026-03-06T19:00:00.000000,0.823265195
CC,2026-03-06T20:00:00.000000,0.846754074
CC,2026-03-06T21:00:00.000000,0.863706589
CC,2026-03-06T22:00:00.000000,0.874962032
CC,2026-03-06T23:00:00.000000,0.879878342
CC,2026-03-07T00:00:00.000000,0.877794802
CC,2026-03-07T01:00:00.000000,0.869613409
CC,2026-03-07T02:00:00.000000,0.861896515
CC,2026-03-07T03:00:00.000000,0.85997802
CC,2026-03-07T04:00:00.000000,0.862758636
CC,2026-03-07T05:00:00.000000,0.868461311
CC,2026-03-07T06:00:00.000000,0.875631094
CC,2026-03-07T07:00:00.000000,0.881839454
CC,2026-03-07T08:00:00.000000,0.885790646
CC,2026-03-07T09:00:00.000000,0.887398481
CC,2026-03-07T10:00:00.000000,0.889068842
CC,2026-03-07T11:00:00.000000,0.891492605
CC,2026-03-07T12:00:00.000000,0.891903162
CC,2026-03-07T13:00:00.000000,0.891418993
CC,2026-03-07T14:00:00.000000,0.892734528
CC,2026-03-07T15:00:00.000000,0.902897
CC,2026-03-07T16:00:00.000000,0.926407158
CC,2026-03-07T17:00:00.000000,0.960049391
CC,2026-03-07T18:00:00.000000,0.997837365
CC,2026-03-07T19:00:00.000000,1.035171151
CC,2026-03-07T20:00:00.000000,1.067175269
CC,2026-03-07T21:00:00.000000,1.090986371
CC,2026-03-07T22:00:00.000000,1.10714817
CC,2026-03-07T23:00:00.000000,1.116903543
CC,2026-03-08T00:00:00.000000,1.122351408
CC,2026-03-08T01:00:00.000000,1.12225461
CC,2026-03-08T02:00:00.000000,1.124026179
CC,2026-03-08T03:00:00.000000,1.131419301
CC,2026-03-08T04:00:00.000000,1.139393091
CC,2026-03-08T05:00:00.000000,1.149624825
CC,2026-03-08T06:00:00.000000,1.162712574
CC,2026-03-08T07:00:00.000000,1.179780245
CC,2026-03-08T08:00:00.000000,1.194466233
CC,2026-03-08T09:00:00.000000,1.205349326
CC,2026-03-08T10:00:00.000000,1.212882876
CC,2026-03-08T11:00:00.000000,1.219356775
CC,2026-03-08T12:00:00.000000,1.227125049
CC,2026-03-08T13:00:00.000000,1.234698176
CC,2026-03-08T14:00:00.000000,1.243709683
CC,2026-03-08T15:00:00.000000,1.262916088
CC,2026-03-08T16:00:00.000000,1.29662466
CC,2026-03-08T17:00:00.000000,1.342507005
CC,2026-03-08T18:00:00.000000,1.387010932
CC,2026-03-08T19:00:00.000000,1.423275709
CC,2026-03-08T20:00:00.000000,1.450719833
CC,2026-03-08T21:00:00.000000,1.470931411
CC,2026-03-08T22:00:00.000000,1.479926467
CC,2026-03-08T23:00:00.000000,1.480145216
CC,2026-03-09T00:00:00.000000,1.480420351
DL,2026-03-03T00:00:00.000000,0.540211201
DL,2026-03-03T01:00:00.000000,0.501452088
DL,2026-03-03T02:00:00.000000,0.273982078
DL,2026-03-03T03:00:00.000000,0.220465824
DL,2026-03-03T04:00:00.000000,0.221126154
DL,2026-03-03T05:00:00.000000,0.221416578
DL,2026-03-03T06:00:00.000000,0.221155316
DL,2026-03-03T07:00:00.000000,0.223293975
DL,2026-03-03T08:00:00.000000,0.226282567
DL,2026-03-03T09:00:00.000000,0.232973114
DL,2026-03-03T10:00:00.000000,0.238117963
DL,2026-03-03T11:00:00.000000,0.246699035
DL,2026-03-03T12:00:00.000000,0.24516812
DL,2026-03-03T13:00:00.000000,0.24056147
DL,2026-03-03T14:00:00.000000,0.241833121
DL,2026-03-03T15:00:00.000000,0.251461595
DL,2026-03-03T16:00:00.000000,0.261281908
DL,2026-03-03T17:00:00.000000,0.262485087
DL,2026-03-03T18:00:00.000000,0.2605021
DL,2026-03-03T19:00:00.000000,0.258387715
DL,2026-03-03T20:00:00.000000,0.255210102
DL,2026-03-03T21:00:00.000000,0.25336194
DL,2026-03-03T22:00:00.000000,0.250552744
DL,2026-03-03T23:00:00.000000,0.244794145
DL,2026-03-04T00:00:00.000000,0.240646183
DL,2026-03-04T01:00:00.000000,0.308957338
DL,2026-03-04T02:00:00.000000,0.747179687
DL,2026-03-04T03:00:00.000000,0.951876998
DL,2026-03-04T04:00:00.000000,0.971902668
DL,2026-03-04T05:00:00.000000,0.964823902
DL,2026-03-04T06:00:00.000000,0.971407473
DL,2026-03-04T07:00:00.000000,0.973584354
DL,2026-03-04T08:00:00.000000,0.984115303
DL,2026-03-04T09:00:00.000000,0.993182123
DL,2026-03-04T10:00:00.000000,0.999324679
DL,2026-03-04T11:00:00.000000,1.019409418
DL,2026-03-04T12:00:00.000000,1.069261312
DL,2026-03-04T13:00:00.000000,1.10693121
DL,2026-03-04T14:00:00.000000,1.11312747
DL,2026-03-04T15:00:00.000000,1.087200403
DL,2026-03-04T16:00:00.000000,1.064434528
DL,2026-03-04T17:00:00.000000,1.066211939
DL,2026-03-04T18:00:00.000000,1.08317256
DL,2026-03-04T19:00:00.000000,1.091296792
DL,2026-03-04T20:00:00.000000,1.098181129
DL,2026-03-04T21:00:00.000000,1.101059675
DL,2026-03-04T22:00:00.000000,1.106470346
DL,2026-03-04T23:00:00.000000,1.119510651
DL,2026-03-05T00:00:00.000000,1.12851131
DL,2026-03-05T01:00:00.000000,1.055261135
DL,2026-03-05T02:00:00.000000,0.744135141
DL,2026-03-05T03:00:00.000000,0.594587147
DL,2026-03-05T04:00:00.000000,0.553822815
DL,2026-03-05T05:00:00.000000,0.53657949
DL,2026-03-05T06:00:00.000000,0.544640422
DL,2026-03-05T07:00:00.000000,0.553577662
DL,2026-03-05T08:00:00.000000,0.558185518
DL,2026-03-05T09:00:00.000000,0.557158411
DL,2026-03-05T10:00:00.000000,0.547191858
DL,2026-03-05T11:00:00.000000,0.544093251
DL,2026-03-05T12:00:00.000000,0.55628252
DL,2026-03-05T13:00:00.000000,0.57239449
DL,2026-03-05T14:00:00.000000,0.591940939
DL,2026-03-05T15:00:00.000000,0.593470931
DL,2026-03-05T16:00:00.000000,0.582696855
DL,2026-03-05T17:00:00.000000,0.570460081
DL,2026-03-05T18:00:00.000000,0.567467391
DL,2026-03-05T19:00:00.000000,0.571026504
DL,2026-03-05T20:00:00.000000,0.577363312
DL,2026-03-05T21:00:00.000000,0.582039714
DL,2026-03-05T22:00:00.000000,0.583972096
DL,2026-03-05T23:00:00.000000,0.586417079
DL,2026-03-06T00:00:00.000000,0.593611956
DL,2026-03-06T01:00:00.000000,0.59982419
DL,2026-03-06T02:00:00.000000,0.598851442
DL,2026-03-06T03:00:00.000000,0.596914709
DL,2026-03-06T04:00:00.000000,0.597712755
DL,2026-03-06T05:00:00.000000,0.599126101
DL,2026-03-06T06:00:00.000000,0.600424469
DL,2026-03-06T07:00:00.000000,0.602684736
DL,2026-03-06T08:00:00.000000,0.60430479
DL,2026-03-06T09:00:00.000000,0.605548799
DL,2026-03-06T10:00:00.000000,0.606096983
DL,2026-03-06T11:00:00.000000,0.607359946
DL,2026-03-06T12:00:00.000000,0.610639274
DL,2026-03-06T13:00:00.000000,0.611968875
DL,2026-03-06T14:00:00.000000,0.615264654
DL,2026-03-06T15:00:00.000000,0.622419119
DL,2026-03-06T16:00:00.000000,0.619301319
DL,2026-03-06T17:00:00.000000,0.617425203
DL,2026-03-06T18:00:00.000000,0.619714975
DL,2026-03-06T19:00:00.000000,0.622297049
DL,2026-03-06T20:00:00.000000,0.624381125
DL,2026-03-06T21:00:00.000000,0.627473176
DL,2026-03-06T22:00:00.000000,0.628621221
DL,2026-03-06T23:00:00.000000,0.630546093
DL,2026-03-07T00:00:00.000000,0.637721121
DL,2026-03-07T01:00:00.000000,0.646161258
DL,2026-03-07T02:00:00.000000,0.653209925
DL,2026-03-07T03:00:00.000000,0.664720178
DL,2026-03-07T04:00:00.000000,0.657505214
DL,2026-03-07T05:00:00.000000,0.651810884
DL,2026-03-07T06:00:00.000000,0.654629469
DL,2026-03-07T07:00:00.000000,0.659730136
DL,2026-03-07T08:00:00.000000,0.664086103
DL,2026-03-07T09:00:00.000000,0.668145359
DL,2026-03-07T10:00:00.000000,0.670010865
DL,2026-03-07T11:00:00.000000,0.66959101
DL,2026-03-07T12:00:00.000000,0.675629079
DL,2026-03-07T13:00:00.000000,0.685351372
DL,2026-03-07T14:00:00.000000,0.694416821
DL,2026-03-07T15:00:00.000000,0.695864022
DL,2026-03-07T16:00:00.000000,0.687409997
DL,2026-03-07T17:00:00.000000,0.667975664
DL,2026-03-07T18:00:00.000000,0.668119967
DL,2026-03-07T19:00:00.000000,0.675794423
DL,2026-03-07T20:00:00.000000,0.683514178
DL,2026-03-07T21:00:00.000000,0.694016039
DL,2026-03-07T22:00:00.000000,0.700861335
DL,2026-03-07T23:00:00.000000,0.70447284
DL,2026-03-08T00:00:00.000000,0.710950673
DL,2026-03-08T01:00:00.000000,0.722513795
DL,2026-03-08T02:00:00.000000,0.735405922
DL,2026-03-08T03:00:00.000000,0.741704345
DL,2026-03-08T04:00:00.000000,0.731794894
DL,2026-03-08T05:00:00.000000,0.706559956
DL,2026-03-08T06:00:00.000000,0.698868394
DL,2026-03-08T07:00:00.000000,0.702040911
DL,2026-03-08T08:00:00.000000,0.711359024
DL,2026-03-08T09:00:00.000000,0.724674404
DL,2026-03-08T10:00:00.000000,0.738003552
DL,2026-03-08T11:00:00.000000,0.742203653
DL,2026-03-08T12:00:00.000000,0.748388469
DL,2026-03-08T13:00:00.000000,0.768888831
DL,2026-03-08T14:00:00.000000,0.814639807
DL,2026-03-08T15:00:00.000000,0.834591091
DL,2026-03-08T16:00:00.000000,0.810455084
DL,2026-03-08T17:00:00.000000,0.757777572
DL,2026-03-08T18:00:00.000000,0.735822976
DL,2026-03-08T19:00:00.000000,0.729860425
DL,2026-03-08T20:00:00.000000,0.725622118
DL,2026-03-08T21:00:00.000000,0.721086025
DL,2026-03-08T22:00:00.000000,0.725490332
DL,2026-03-08T23:00:00.000000,0.728764951
DL,2026-03-09T00:00:00.000000,0.719551563
GB,2026-03-03T00:00:00.000000,0.431748688
GB,2026-03-03T01:00:00.000000,0.244453773
GB,2026-03-03T02:00:00.000000,0.203601524
GB,2026-03-03T03:00:00.000000,0.186632872
GB,2026-03-03T04:00:00.000000,0.187864944
GB,2026-03-03T05:00:00.000000,0.181067944
GB,2026-03-03T06:00:00.000000,0.177360922
GB,2026-03-03T07:00:00.000000,0.189401969
GB,2026-03-03T08:00:00.000000,0.198027164
GB,2026-03-03T09:00:00.000000,0.213844642
GB,2026-03-03T10:00:00.000000,0.20521079
GB,2026-03-03T11:00:00.000000,0.186668083
GB,2026-03-03T12:00:00.000000,0.144037232
GB,2026-03-03T13:00:00.000000,0.141664132
GB,2026-03-03T14:00:00.000000,0.158367321
GB,2026-03-03T15:00:00.000000,0.189427108
GB,2026-03-03T16:00:00.000000,0.228014857
GB,2026-03-03T17:00:00.000000,0.326812446
GB,2026-03-03T18:00:00.000000,0.379231334
GB,2026-03-03T19:00:00.000000,0.43514508
GB,2026-03-03T20:00:00.000000,0.499308825
GB,2026-03-03T21:00:00.000000,0.547909379
GB,2026-03-03T22:00:00.000000,0.559061468
GB,2026-03-03T23:00:00.000000,0.596588135
GB,2026-03-04T00:00:00.000000,0.49437353
GB,2026-03-04T01:00:00.000000,1.180861354
GB,2026-03-04T02:00:00.000000,1.293417454
GB,2026-03-04T03:00:00.000000,1.289043903
GB,2026-03-04T04:00:00.000000,1.295628309
GB,2026-03-04T05:00:00.000000,1.350160003
GB,2026-03-04T06:00:00.000000,1.368587375
GB,2026-03-04T07:00:00.000000,1.3565346
GB,2026-03-04T08:00:00.000000,1.382797599
GB,2026-03-04T09:00:00.000000,1.406453967
GB,2026-03-04T10:00:00.000000,1.420704246
GB,2026-03-04T11:00:00.000000,1.443889022
GB,2026-03-04T12:00:00.000000,1.375016689
GB,2026-03-04T13:00:00.000000,1.354042768
GB,2026-03-04T14:00:00.000000,1.353062153
GB,2026-03-04T15:00:00.000000,1.373409271
GB,2026-03-04T16:00:00.000000,1.400270104
GB,2026-03-04T17:00:00.000000,1.450075626
GB,2026-03-04T18:00:00.000000,1.557068944
GB,2026-03-04T19:00:00.000000,1.541071177
GB,2026-03-04T20:00:00.000000,1.58618319
GB,2026-03-04T21:00:00.000000,1.631014347
GB,2026-03-04T22:00:00.000000,1.649601221
GB,2026-03-04T23:00:00.000000,1.654479623
GB,2026-03-05T00:00:00.000000,1.666959882
GB,2026-03-05T01:00:00.000000,1.111934185
GB,2026-03-05T02:00:00.000000,1.011093378
GB,2026-03-05T03:00:00.000000,1.00015533
GB,2026-03-05T04:00:00.000000,0.996094704
GB,2026-03-05T05:00:00.000000,0.994949639
GB,2026-03-05T06:00:00.000000,1.039134383
GB,2026-03-05T07:00:00.000000,1.004372835
GB,2026-03-05T08:00:00.000000,1.028642535
GB,2026-03-05T09:00:00.000000,1.055798292
GB,2026-03-05T10:00:00.000000,1.074248433
GB,2026-03-05T11:00:00.000000,1.078033328
GB,2026-03-05T12:00:00.000000,1.167844772
GB,2026-03-05T13:00:00.000000,1.095349789
GB,2026-03-05T14:00:00.000000,1.067299485
GB,2026-03-05T15:00:00.000000,1.048756719
GB,2026-03-05T16:00:00.000000,1.043567657
GB,2026-03-05T17:00:00.000000,1.042898059
GB,2026-03-05T18:00:00.000000,1.093679428
GB,2026-03-05T19:00:00.000000,1.102802277
GB,2026-03-05T20:00:00.000000,1.130768657
GB,2026-03-05T21:00:00.000000,1.180672288
GB,2026-03-05T22:00:00.000000,1.212512374
GB,2026-03-05T23:00:00.000000,1.231316328
GB,2026-03-06T00:00:00.000000,1.285679579
GB,2026-03-06T01:00:00.000000,1.211071491
GB,2026-03-06T02:00:00.000000,1.198331952
GB,2026-03-06T03:00:00.000000,1.178913474
GB,2026-03-06T04:00:00.000000,1.16833353
GB,2026-03-06T05:00:00.000000,1.162966728
GB,2026-03-06T06:00:00.000000,1.173690796
GB,2026-03-06T07:00:00.000000,1.2003932
GB,2026-03-06T08:00:00.000000,1.225642681
GB,2026-03-06T09:00:00.000000,1.253082156
GB,2026-03-06T10:00:00.000000,1.269337893
GB,2026-03-06T11:00:00.000000,1.290742636
GB,2026-03-06T12:00:00.000000,1.316970468
GB,2026-03-06T13:00:00.000000,1.374222398
GB,2026-03-06T14:00:00.000000,1.280133247
GB,2026-03-06T15:00:00.000000,1.252375484
GB,2026-03-06T16:00:00.000000,1.235242605
GB,2026-03-06T17:00:00.000000,1.227396488
GB,2026-03-06T18:00:00.000000,1.216593862
GB,2026-03-06T19:00:00.000000,1.277227283
GB,2026-03-06T20:00:00.000000,1.311990976
GB,2026-03-06T21:00:00.000000,1.347586274
GB,2026-03-06T22:00:00.000000,1.381467223
GB,2026-03-06T23:00:00.000000,1.407250643
GB,2026-03-07T00:00:00.000000,1.423937678
GB,2026-03-07T01:00:00.000000,1.471252441
GB,2026-03-07T02:00:00.000000,1.364938021
GB,2026-03-07T03:00:00.000000,1.306202531
GB,2026-03-07T04:00:00.000000,1.277286887
GB,2026-03-07T05:00:00.000000,1.258282423
GB,2026-03-07T06:00:00.000000,1.238260746
GB,2026-03-07T07:00:00.000000,1.276607037
GB,2026-03-07T08:00:00.000000,1.296946287
GB,2026-03-07T09:00:00.000000,1.331153393
GB,2026-03-07T10:00:00.000000,1.357696891
GB,2026-03-07T11:00:00.000000,1.383316636
GB,2026-03-07T12:00:00.000000,1.404640675
GB,2026-03-07T13:00:00.000000,1.423693061
GB,2026-03-07T14:00:00.000000,1.440002322
GB,2026-03-07T15:00:00.000000,1.328599095
GB,2026-03-07T16:00:00.000000,1.305349112
GB,2026-03-07T17:00:00.000000,1.299606442
GB,2026-03-07T18:00:00.000000,1.302426338
GB,2026-03-07T19:00:00.000000,1.299165964
GB,2026-03-07T20:00:00.000000,1.376851082
GB,2026-03-07T21:00:00.000000,1.417183876
GB,2026-03-07T22:00:00.000000,1.445335507
GB,2026-03-07T23:00:00.000000,1.465353131
GB,2026-03-08T00:00:00.000000,1.48397553
GB,2026-03-08T01:00:00.000000,1.501255274
GB,2026-03-08T02:00:00.000000,1.556879163
GB,2026-03-08T03:00:00.000000,1.454407454
GB,2026-03-08T04:00:00.000000,1.444817781
GB,2026-03-08T05:00:00.000000,1.437905788
GB,2026-03-08T06:00:00.000000,1.440710187
GB,2026-03-08T07:00:00.000000,1.451280355
GB,2026-03-08T08:00:00.000000,1.508601785
GB,2026-03-08T09:00:00.000000,1.540198445
GB,2026-03-08T10:00:00.000000,1.540240288
GB,2026-03-08T11:00:00.000000,1.558115363
GB,2026-03-08T12:00:00.000000,1.576135516
GB,2026-03-08T13:00:00.000000,1.603856087
GB,2026-03-08T14:00:00.000000,1.650036693
GB,2026-03-08T15:00:00.000000,1.581369758
GB,2026-03-08T16:00:00.000000,1.579214692
GB,2026-03-08T17:00:00.000000,1.585573077
GB,2026-03-08T18:00:00.000000,1.595021129
GB,2026-03-08T19:00:00.000000,1.601385593
GB,2026-03-08T20:00:00.000000,1.618053555
GB,2026-03-08T21:00:00.000000,1.703849792
GB,2026-03-08T22:00:00.000000,1.685795069
GB,2026-03-08T23:00:00.000000,1.689867616
GB,2026-03-09T00:00:00.000000,1.707650065
LI,2026-03-03T00:00:00.000000,0.577682614
LI,2026-03-03T01:00:00.000000,0.389429599
LI,2026-03-03T02:00:00.000000,0.347973108
LI,2026-03-03T03:00:00.000000,0.368881732
LI,2026-03-03T04:00:00.000000,0.383116245
LI,2026-03-03T05:00:00.000000,0.388666093
LI,2026-03-03T06:00:00.000000,0.329249471
LI,2026-03-03T07:00:00.000000,0.360629171
LI,2026-03-03T08:00:00.000000,0.345195621
LI,2026-03-03T09:00:00.000000,0.329497844
LI,2026-03-03T10:00:00.000000,0.285591841
LI,2026-03-03T11:00:00.000000,0.318229675
LI,2026-03-03T12:00:00.000000,0.308565944
LI,2026-03-03T13:00:00.000000,0.322940826
LI,2026-03-03T14:00:00.000000,0.36368838
LI,2026-03-03T15:00:00.000000,0.43672502
LI,2026-03-03T16:00:00.000000,0.501366079
LI,2026-03-03T17:00:00.000000,0.552019656
LI,2026-03-03T18:00:00.000000,0.636125147
LI,2026-03-03T19:00:00.000000,0.701398492
LI,2026-03-03T20:00:00.000000,0.727585912
LI,2026-03-03T21:00:00.000000,0.717857361
LI,2026-03-03T22:00:00.000000,0.710507035
LI,2026-03-03T23:00:00.000000,0.640112579
LI,2026-03-04T00:00:00.000000,0.624600053
LI,2026-03-04T01:00:00.000000,1.22431004
LI,2026-03-04T02:00:00.000000,1.416736007
LI,2026-03-04T03:00:00.000000,1.435094118
LI,2026-03-04T04:00:00.000000,1.470238686
LI,2026-03-04T05:00:00.000000,1.526804566
LI,2026-03-04T06:00:00.000000,1.538132429
LI,2026-03-04T07:00:00.000000,1.543504596
LI,2026-03-04T08:00:00.000000,1.549333692
LI,2026-03-04T09:00:00.000000,1.540897846
LI,2026-03-04T10:00:00.000000,1.53911984
LI,2026-03-04T11:00:00.000000,1.539813519
LI,2026-03-04T12:00:00.000000,1.54167676
LI,2026-03-04T13:00:00.000000,1.555500865
LI,2026-03-04T14:00:00.000000,1.583390236
LI,2026-03-04T15:00:00.000000,1.634435058
LI,2026-03-04T16:00:00.000000,1.697012424
LI,2026-03-04T17:00:00.000000,1.758732557
LI,2026-03-04T18:00:00.000000,1.811182857
LI,2026-03-04T19:00:00.000000,1.869083405
LI,2026-03-04T20:00:00.000000,1.868106365
LI,2026-03-04T21:00:00.000000,1.817918539
LI,2026-03-04T22:00:00.000000,1.808063149
LI,2026-03-04T23:00:00.000000,1.801604271
LI,2026-03-05T00:00:00.000000,1.795619488
LI,2026-03-05T01:00:00.000000,1.401874542
LI,2026-03-05T02:00:00.000000,1.301675081
LI,2026-03-05T03:00:00.000000,1.285540104
LI,2026-03-05T04:00:00.000000,1.275058985
LI,2026-03-05T05:00:00.000000,1.290715933
LI,2026-03-05T06:00:00.000000,1.290578127
LI,2026-03-05T07:00:00.000000,1.284639597
LI,2026-03-05T08:00:00.000000,1.283776999
LI,2026-03-05T09:00:00.000000,1.291041493
LI,2026-03-05T10:00:00.000000,1.288806438
LI,2026-03-05T11:00:00.000000,1.281227112
LI,2026-03-05T12:00:00.000000,1.282588005
LI,2026-03-05T13:00:00.000000,1.283376098
LI,2026-03-05T14:00:00.000000,1.295943141
LI,2026-03-05T15:00:00.000000,1.314536691
LI,2026-03-05T16:00:00.000000,1.351478219
LI,2026-03-05T17:00:00.000000,1.373889327
LI,2026-03-05T18:00:00.000000,1.380823255
LI,2026-03-05T19:00:00.000000,1.392011404
LI,2026-03-05T20:00:00.000000,1.407130361
LI,2026-03-05T21:00:00.000000,1.413794637
LI,2026-03-05T22:00:00.000000,1.405535579
LI,2026-03-05T23:00:00.000000,1.399122596
LI,2026-03-06T00:00:00.000000,1.389450669
LI,2026-03-06T01:00:00.000000,1.362705827
LI,2026-03-06T02:00:00.000000,1.35626483
LI,2026-03-06T03:00:00.000000,1.356417298
LI,2026-03-06T04:00:00.000000,1.356813788
LI,2026-03-06T05:00:00.000000,1.37416625
LI,2026-03-06T06:00:00.000000,1.400867939
LI,2026-03-06T07:00:00.000000,1.418284774
LI,2026-03-06T08:00:00.000000,1.421147466
LI,2026-03-06T09:00:00.000000,1.424568772
LI,2026-03-06T10:00:00.000000,1.426729083
LI,2026-03-06T11:00:00.000000,1.428475857
LI,2026-03-06T12:00:00.000000,1.428008795
LI,2026-03-06T13:00:00.000000,1.423907995
LI,2026-03-06T14:00:00.000000,1.420874834
LI,2026-03-06T15:00:00.000000,1.423877954
LI,2026-03-06T16:00:00.000000,1.435509682
LI,2026-03-06T17:00:00.000000,1.461318731
LI,2026-03-06T18:00:00.000000,1.490689516
LI,2026-03-06T19:00:00.000000,1.5144099
LI,2026-03-06T20:00:00.000000,1.531331658
LI,2026-03-06T21:00:00.000000,1.543518543
LI,2026-03-06T22:00:00.000000,1.551915765
LI,2026-03-06T23:00:00.000000,1.555395961
LI,2026-03-07T00:00:00.000000,1.549695849
LI,2026-03-07T01:00:00.000000,1.537308335
LI,2026-03-07T02:00:00.000000,1.5175699
LI,2026-03-07T03:00:00.000000,1.504889011
LI,2026-03-07T04:00:00.000000,1.504815102
LI,2026-03-07T05:00:00.000000,1.523228168
LI,2026-03-07T06:00:00.000000,1.546258211
LI,2026-03-07T07:00:00.000000,1.55691731
LI,2026-03-07T08:00:00.000000,1.559040189
LI,2026-03-07T09:00:00.000000,1.558027625
LI,2026-03-07T10:00:00.000000,1.557642341
LI,2026-03-07T11:00:00.000000,1.558870792
LI,2026-03-07T12:00:00.000000,1.558917642
LI,2026-03-07T13:00:00.000000,1.552769542
LI,2026-03-07T14:00:00.000000,1.541927218
LI,2026-03-07T15:00:00.000000,1.533785105
LI,2026-03-07T16:00:00.000000,1.53709209
LI,2026-03-07T17:00:00.000000,1.557614207
LI,2026-03-07T18:00:00.000000,1.601198912
LI,2026-03-07T19:00:00.000000,1.638356805
LI,2026-03-07T20:00:00.000000,1.66499877
LI,2026-03-07T21:00:00.000000,1.687188387
LI,2026-03-07T22:00:00.000000,1.699795961
LI,2026-03-07T23:00:00.000000,1.697776318
LI,2026-03-08T00:00:00.000000,1.696331143
LI,2026-03-08T01:00:00.000000,1.699800849
LI,2026-03-08T02:00:00.000000,1.691394806
LI,2026-03-08T03:00:00.000000,1.682429433
LI,2026-03-08T04:00:00.000000,1.681231022
LI,2026-03-08T05:00:00.000000,1.689299345
LI,2026-03-08T06:00:00.000000,1.70915854
LI,2026-03-08T07:00:00.000000,1.739657521
LI,2026-03-08T08:00:00.000000,1.766081452
LI,2026-03-08T09:00:00.000000,1.781749964
LI,2026-03-08T10:00:00.000000,1.789346576
LI,2026-03-08T11:00:00.000000,1.790608168
LI,2026-03-08T12:00:00.000000,1.789855838
LI,2026-03-08T13:00:00.000000,1.803781748
LI,2026-03-08T14:00:00.000000,1.814395905
LI,2026-03-08T15:00:00.000000,1.816402674
LI,2026-03-08T16:00:00.000000,1.82340169
LI,2026-03-08T17:00:00.000000,1.841301203
LI,2026-03-08T18:00:00.000000,1.853168845
LI,2026-03-08T19:00:00.000000,1.862907767
LI,2026-03-08T20:00:00.000000,1.890195608
LI,2026-03-08T21:00:00.000000,1.915170074
LI,2026-03-08T22:00:00.000000,1.924574494
LI,2026-03-08T23:00:00.000000,1.929695487
LI,2026-03-09T00:00:00.000000,1.933459163
OB,2026-03-03T00:00:00.000000,1.000343442
OB,2026-03-03T01:00:00.000000,0.750501871
OB,2026-03-03T02:00:00.000000,0.710310161
OB,2026-03-03T03:00:00.000000,0.691686153
OB,2026-03-03T04:00:00.000000,0.656193733
OB,2026-03-03T05:00:00.000000,0.640360653
OB,2026-03-03T06:00:00.000000,0.632976234
OB,2026-03-03T07:00:00.000000,0.631684422
OB,2026-03-03T08:00:00.000000,0.627680123
OB,2026-03-03T09:00:00.000000,0.628767371
OB,2026-03-03T10:00:00.000000,0.635775983
OB,2026-03-03T11:00:00.000000,0.67408675
OB,2026-03-03T12:00:00.000000,0.726930141
OB,2026-03-03T13:00:00.000000,0.752349138
OB,2026-03-03T14:00:00.000000,0.740737557
OB,2026-03-03T15:00:00.000000,0.732051432
OB,2026-03-03T16:00:00.000000,0.710032582
OB,2026-03-03T17:00:00.000000,0.694990098
OB,2026-03-03T18:00:00.000000,0.679751039
OB,2026-03-03T19:00:00.000000,0.671326876
OB,2026-03-03T20:00:00.000000,0.674460411
OB,2026-03-03T21:00:00.000000,0.671180427
OB,2026-03-03T22:00:00.000000,0.67480433
OB,2026-03-03T23:00:00.000000,0.680416644
OB,2026-03-04T00:00:00.000000,0.718120515
OB,2026-03-04T01:00:00.000000,1.554441333
OB,2026-03-04T02:00:00.000000,1.781668544
OB,2026-03-04T03:00:00.000000,1.721681595
OB,2026-03-04T04:00:00.000000,1.695770502
OB,2026-03-04T05:00:00.000000,1.676920295
OB,2026-03-04T06:00:00.000000,1.663421869
OB,2026-03-04T07:00:00.000000,1.651962161
OB,2026-03-04T08:00:00.000000,1.645543933
OB,2026-03-04T09:00:00.000000,1.646972179
OB,2026-03-04T10:00:00.000000,1.644940853
OB,2026-03-04T11:00:00.000000,1.64435339
OB,2026-03-04T12:00:00.000000,1.675924301
OB,2026-03-04T13:00:00.000000,1.766782045
OB,2026-03-04T14:00:00.000000,1.826978922
OB,2026-03-04T15:00:00.000000,1.810241699
OB,2026-03-04T16:00:00.000000,1.746691346
OB,2026-03-04T17:00:00.000000,1.711894512
OB,2026-03-04T18:00:00.000000,1.691591501
OB,2026-03-04T19:00:00.000000,1.680991292
OB,2026-03-04T20:00:00.000000,1.674335122
OB,2026-03-04T21:00:00.000000,1.67049706
OB,2026-03-04T22:00:00.000000,1.667539358
OB,2026-03-04T23:00:00.000000,1.671543956
OB,2026-03-05T00:00:00.000000,1.699733853
OB,2026-03-05T01:00:00.000000,1.571847916
OB,2026-03-05T02:00:00.000000,1.582338929
OB,2026-03-05T03:00:00.000000,1.582412601
OB,2026-03-05T04:00:00.000000,1.550975204
OB,2026-03-05T05:00:00.000000,1.551573753
OB,2026-03-05T06:00:00.000000,1.553170919
OB,2026-03-05T07:00:00.000000,1.554644704
OB,2026-03-05T08:00:00.000000,1.555695057
OB,2026-03-05T09:00:00.000000,1.557184815
OB,2026-03-05T10:00:00.000000,1.556490421
OB,2026-03-05T11:00:00.000000,1.557242155
OB,2026-03-05T12:00:00.000000,1.555029869
OB,2026-03-05T13:00:00.000000,1.581286669
OB,2026-03-05T14:00:00.000000,1.613587618
OB,2026-03-05T15:00:00.000000,1.611865997
OB,2026-03-05T16:00:00.000000,1.597375631
OB,2026-03-05T17:00:00.000000,1.585280657
OB,2026-03-05T18:00:00.000000,1.577708483
OB,2026-03-05T19:00:00.000000,1.575378895
OB,2026-03-05T20:00:00.000000,1.574383616
OB,2026-03-05T21:00:00.000000,1.573376179
OB,2026-03-05T22:00:00.000000,1.574605346
OB,2026-03-05T23:00:00.000000,1.57466805
OB,2026-03-06T00:00:00.000000,1.575256944
OB,2026-03-06T01:00:00.000000,1.551721454
OB,2026-03-06T02:00:00.000000,1.509595275
OB,2026-03-06T03:00:00.000000,1.504641294
OB,2026-03-06T04:00:00.000000,1.51112473
OB,2026-03-06T05:00:00.000000,1.521124482
OB,2026-03-06T06:00:00.000000,1.534099936
OB,2026-03-06T07:00:00.000000,1.543109655
OB,2026-03-06T08:00:00.000000,1.555828214
OB,2026-03-06T09:00:00.000000,1.560449958
OB,2026-03-06T10:00:00.000000,1.56867969
OB,2026-03-06T11:00:00.000000,1.567881465
OB,2026-03-06T12:00:00.000000,1.564975023
OB,2026-03-06T13:00:00.000000,1.532924294
OB,2026-03-06T14:00:00.000000,1.507845163
OB,2026-03-06T15:00:00.000000,1.503871679
OB,2026-03-06T16:00:00.000000,1.503271699
OB,2026-03-06T17:00:00.000000,1.505194068
OB,2026-03-06T18:00:00.000000,1.510576248
OB,2026-03-06T19:00:00.000000,1.51897192
OB,2026-03-06T20:00:00.000000,1.527391791
OB,2026-03-06T21:00:00.000000,1.534280777
OB,2026-03-06T22:00:00.000000,1.538180828
OB,2026-03-06T23:00:00.000000,1.543562055
OB,2026-03-07T00:00:00.000000,1.547946811
OB,2026-03-07T01:00:00.000000,1.5477736
OB,2026-03-07T02:00:00.000000,1.538367987
OB,2026-03-07T03:00:00.000000,1.539529681
OB,2026-03-07T04:00:00.000000,1.53837204
OB,2026-03-07T05:00:00.000000,1.535553694
OB,2026-03-07T06:00:00.000000,1.533703089
OB,2026-03-07T07:00:00.000000,1.534421802
OB,2026-03-07T08:00:00.000000,1.536612868
OB,2026-03-07T09:00:00.000000,1.540990472
OB,2026-03-07T10:00:00.000000,1.543925643
OB,2026-03-07T11:00:00.000000,1.547963023
OB,2026-03-07T12:00:00.000000,1.552146912
OB,2026-03-07T13:00:00.000000,1.555989146
OB,2026-03-07T14:00:00.000000,1.552531362
OB,2026-03-07T15:00:00.000000,1.560328722
OB,2026-03-07T16:00:00.000000,1.565501571
OB,2026-03-07T17:00:00.000000,1.562605143
OB,2026-03-07T18:00:00.000000,1.559671879
OB,2026-03-07T19:00:00.000000,1.560632706
OB,2026-03-07T20:00:00.000000,1.559904933
OB,2026-03-07T21:00:00.000000,1.561996341
OB,2026-03-07T22:00:00.000000,1.568601847
OB,2026-03-07T23:00:00.000000,1.572267532
OB,2026-03-08T00:00:00.000000,1.573658347
OB,2026-03-08T01:00:00.000000,1.576436877
OB,2026-03-08T02:00:00.000000,1.56692493
OB,2026-03-08T03:00:00.000000,1.601044297
OB,2026-03-08T04:00:00.000000,1.616761804
OB,2026-03-08T05:00:00.000000,1.619915843
OB,2026-03-08T06:00:00.000000,1.600447297
OB,2026-03-08T07:00:00.000000,1.5871346
OB,2026-03-08T08:00:00.000000,1.576630354
OB,2026-03-08T09:00:00.000000,1.572607875
OB,2026-03-08T10:00:00.000000,1.577728033
OB,2026-03-08T11:00:00.000000,1.58300364
OB,2026-03-08T12:00:00.000000,1.57768023
OB,2026-03-08T13:00:00.000000,1.583624721
OB,2026-03-08T14:00:00.000000,1.590240836
OB,2026-03-08T15:00:00.000000,1.586082458
OB,2026-03-08T16:00:00.000000,1.590505958
OB,2026-03-08T17:00:00.000000,1.598998785
OB,2026-03-08T18:00:00.000000,1.60125196
OB,2026-03-08T19:00:00.000000,1.598256707
OB,2026-03-08T20:00:00.000000,1.588137865
OB,2026-03-08T21:00:00.000000,1.583371878
OB,2026-03-08T22:00:00.000000,1.58228147
OB,2026-03-08T23:00:00.000000,1.593282461
OB,2026-03-09T00:00:00.000000,1.597665429
WC,2026-03-03T00:00:00.000000,0.645370424
WC,2026-03-03T01:00:00.000000,0.45165363
WC,2026-03-03T02:00:00.000000,0.452585071
WC,2026-03-03T03:00:00.000000,0.49368012
WC,2026-03-03T04:00:00.000000,0.511386991
WC,2026-03-03T05:00:00.000000,0.559738696
WC,2026-03-03T06:00:00.000000,0.595089912
WC,2026-03-03T07:00:00.000000,0.599644244
WC,2026-03-03T08:00:00.000000,0.616725564
WC,2026-03-03T09:00:00.000000,0.644835591
WC,2026-03-03T10:00:00.000000,0.510631502
WC,2026-03-03T11:00:00.000000,0.322575361
WC,2026-03-03T12:00:00.000000,0.295146465
WC,2026-03-03T13:00:00.000000,0.280705512
WC,2026-03-03T14:00:00.000000,0.28047815
WC,2026-03-03T15:00:00.000000,0.328833342
WC,2026-03-03T16:00:00.000000,0.361689508
WC,2026-03-03T17:00:00.000000,0.482458144
WC,2026-03-03T18:00:00.000000,0.596125305
WC,2026-03-03T19:00:00.000000,0.642353296
WC,2026-03-03T20:00:00.000000,0.661167145
WC,2026-03-03T21:00:00.000000,0.682200253
WC,2026-03-03T22:00:00.000000,0.747376025
WC,2026-03-03T23:00:00.000000,0.737464488
WC,2026-03-04T00:00:00.000000,0.708816648
WC,2026-03-04T01:00:00.000000,1.337452888
WC,2026-03-04T02:00:00.000000,1.506215334
WC,2026-03-04T03:00:00.000000,1.511231303
WC,2026-03-04T04:00:00.000000,1.510812163
WC,2026-03-04T05:00:00.000000,1.507324457
WC,2026-03-04T06:00:00.000000,1.503693342
WC,2026-03-04T07:00:00.000000,1.501417398
WC,2026-03-04T08:00:00.000000,1.50201261
WC,2026-03-04T09:00:00.000000,1.503904581
WC,2026-03-04T10:00:00.000000,1.543842196
WC,2026-03-04T11:00:00.000000,1.577550888
WC,2026-03-04T12:00:00.000000,1.574563026
WC,2026-03-04T13:00:00.000000,1.574245095
WC,2026-03-04T14:00:00.000000,1.576047182
WC,2026-03-04T15:00:00.000000,1.576969385
WC,2026-03-04T16:00:00.000000,1.588973761
WC,2026-03-04T17:00:00.000000,1.598484278
WC,2026-03-04T18:00:00.000000,1.618124485
WC,2026-03-04T19:00:00.000000,1.63970685
WC,2026-03-04T20:00:00.000000,1.64370501
WC,2026-03-04T21:00:00.000000,1.653018117
WC,2026-03-04T22:00:00.000000,1.748844624
WC,2026-03-04T23:00:00.000000,1.884242654
WC,2026-03-05T00:00:00.000000,1.885356188
WC,2026-03-05T01:00:00.000000,1.537625194
WC,2026-03-05T02:00:00.000000,1.417772174
WC,2026-03-05T03:00:00.000000,1.430743337
WC,2026-03-05T04:00:00.000000,1.432079554
WC,2026-03-05T05:00:00.000000,1.448390841
WC,2026-03-05T06:00:00.000000,1.4205966
WC,2026-03-05T07:00:00.000000,1.381241679
WC,2026-03-05T08:00:00.000000,1.3668437
WC,2026-03-05T09:00:00.000000,1.367398977
WC,2026-03-05T10:00:00.000000,1.371746898
WC,2026-03-05T11:00:00.000000,1.369206667
WC,2026-03-05T12:00:00.000000,1.370481014
WC,2026-03-05T13:00:00.000000,1.377754331
WC,2026-03-05T14:00:00.000000,1.376220345
WC,2026-03-05T15:00:00.000000,1.368695855
WC,2026-03-05T16:00:00.000000,1.369216919
WC,2026-03-05T17:00:00.000000,1.377638102
WC,2026-03-05T18:00:00.000000,1.384495974
WC,2026-03-05T19:00:00.000000,1.373014092
WC,2026-03-05T20:00:00.000000,1.36187005
WC,2026-03-05T21:00:00.000000,1.356097102
WC,2026-03-05T22:00:00.000000,1.363345146
WC,2026-03-05T23:00:00.000000,1.402869105
WC,2026-03-06T00:00:00.000000,1.433740616
WC,2026-03-06T01:00:00.000000,1.480089068
WC,2026-03-06T02:00:00.000000,1.48008883
WC,2026-03-06T03:00:00.000000,1.480089068
WC,2026-03-06T04:00:00.000000,1.480089188
WC,2026-03-06T05:00:00.000000,1.480089188
WC,2026-03-06T06:00:00.000000,1.480089188
WC,2026-03-06T07:00:00.000000,1.480089188
WC,2026-03-06T08:00:00.000000,1.476491332
WC,2026-03-06T09:00:00.000000,1.474677682
WC,2026-03-06T10:00:00.000000,1.473293304
WC,2026-03-06T11:00:00.000000,1.473304749
WC,2026-03-06T12:00:00.000000,1.483241081
WC,2026-03-06T13:00:00.000000,1.488416672
WC,2026-03-06T14:00:00.000000,1.48984623
WC,2026-03-06T15:00:00.000000,1.491078973
WC,2026-03-06T16:00:00.000000,1.496065974
WC,2026-03-06T17:00:00.000000,1.498134613
WC,2026-03-06T18:00:00.000000,1.498134613
WC,2026-03-06T19:00:00.000000,1.498134613
WC,2026-03-06T20:00:00.000000,1.498134613
WC,2026-03-06T21:00:00.000000,1.502066851
WC,2026-03-06T22:00:00.000000,1.508157134
WC,2026-03-06T23:00:00.000000,1.521937966
WC,2026-03-07T00:00:00.000000,1.570199609
WC,2026-03-07T01:00:00.000000,1.583536983
WC,2026-03-07T02:00:00.000000,1.584478974
WC,2026-03-07T03:00:00.000000,1.584579468
WC,2026-03-07T04:00:00.000000,1.584786654
WC,2026-03-07T05:00:00.000000,1.587361932
WC,2026-03-07T06:00:00.000000,1.587361932
WC,2026-03-07T07:00:00.000000,1.587361932
WC,2026-03-07T08:00:00.000000,1.587361932
WC,2026-03-07T09:00:00.000000,1.586762667
WC,2026-03-07T10:00:00.000000,1.585861444
WC,2026-03-07T11:00:00.000000,1.585861444
WC,2026-03-07T12:00:00.000000,1.585857511
WC,2026-03-07T13:00:00.000000,1.585863113
WC,2026-03-07T14:00:00.000000,1.585863113
WC,2026-03-07T15:00:00.000000,1.58620286
WC,2026-03-07T16:00:00.000000,1.594405055
WC,2026-03-07T17:00:00.000000,1.604361773
WC,2026-03-07T18:00:00.000000,1.608496666
WC,2026-03-07T19:00:00.000000,1.608496666
WC,2026-03-07T20:00:00.000000,1.609907031
WC,2026-03-07T21:00:00.000000,1.621104121
WC,2026-03-07T22:00:00.000000,1.630548716
WC,2026-03-07T23:00:00.000000,1.642397165
WC,2026-03-08T00:00:00.000000,1.678394318
WC,2026-03-08T01:00:00.000000,1.726868868
WC,2026-03-08T02:00:00.000000,1.740703225
WC,2026-03-08T03:00:00.000000,1.744395852
WC,2026-03-08T04:00:00.000000,1.747811317
WC,2026-03-08T05:00:00.000000,1.749245048
WC,2026-03-08T06:00:00.000000,1.751564026
WC,2026-03-08T07:00:00.000000,1.751564026
WC,2026-03-08T08:00:00.000000,1.751564026
WC,2026-03-08T09:00:00.000000,1.750218034
WC,2026-03-08T10:00:00.000000,1.740299582
WC,2026-03-08T11:00:00.000000,1.74774611
WC,2026-03-08T12:00:00.000000,1.748323083
WC,2026-03-08T13:00:00.000000,1.772240996
WC,2026-03-08T14:00:00.000000,1.822306871
WC,2026-03-08T15:00:00.000000,1.858849764
WC,2026-03-08T16:00:00.000000,1.882393718
WC,2026-03-08T17:00:00.000000,1.906337738
WC,2026-03-08T18:00:00.000000,1.917893767
WC,2026-03-08T19:00:00.000000,1.921693802
WC,2026-03-08T20:00:00.000000,1.915451646
WC,2026-03-08T21:00:00.000000,1.873637438
WC,2026-03-08T22:00:00.000000,1.84033668
WC,2026-03-08T23:00:00.000000,1.817769289
WC,2026-03-09T00:00:00.000000,1.829632163
WI,2026-03-03T00:00:00.000000,0.396928102
WI,2026-03-03T01:00:00.000000,-0.043676868
WI,2026-03-03T02:00:00.000000,-0.121300563
WI,2026-03-03T03:00:00.000000,-0.120658137
WI,2026-03-03T04:00:00.000000,-0.136445865
WI,2026-03-03T05:00:00.000000,-0.15610005
WI,2026-03-03T06:00:00.000000,-0.077638932
WI,2026-03-03T07:00:00.000000,-0.093960561
WI,2026-03-03T08:00:00.000000,-0.116930671
WI,2026-03-03T09:00:00.000000,-0.1351908
WI,2026-03-03T10:00:00.000000,-0.145811617
WI,2026-03-03T11:00:00.000000,-0.176844642
WI,2026-03-03T12:00:00.000000,-0.202597335
WI,2026-03-03T13:00:00.000000,-0.194960713
WI,2026-03-03T14:00:00.000000,-0.117659532
WI,2026-03-03T15:00:00.000000,-0.0089027
WI,2026-03-03T16:00:00.000000,0.048238486
WI,2026-03-03T17:00:00.000000,0.12333183
WI,2026-03-03T18:00:00.000000,0.118513614
WI,2026-03-03T19:00:00.000000,0.044536103
WI,2026-03-03T20:00:00.000000,0.041361392
WI,2026-03-03T21:00:00.000000,0.054886814
WI,2026-03-03T22:00:00.000000,0.160155579
WI,2026-03-03T23:00:00.000000,0.215584919
WI,2026-03-04T00:00:00.000000,0.225036055
WI,2026-03-04T01:00:00.000000,0.757319748
WI,2026-03-04T02:00:00.000000,1.040509462
WI,2026-03-04T03:00:00.000000,1.113107562
WI,2026-03-04T04:00:00.000000,1.172220707
WI,2026-03-04T05:00:00.000000,1.16793859
WI,2026-03-04T06:00:00.000000,1.13187027
WI,2026-03-04T07:00:00.000000,1.095701575
WI,2026-03-04T08:00:00.000000,1.095497012
WI,2026-03-04T09:00:00.000000,1.099668026
WI,2026-03-04T10:00:00.000000,1.105389595
WI,2026-03-04T11:00:00.000000,1.117273092
WI,2026-03-04T12:00:00.000000,1.116877079
WI,2026-03-04T13:00:00.000000,1.129179239
WI,2026-03-04T14:00:00.000000,1.17566812
WI,2026-03-04T15:00:00.000000,1.260356307
WI,2026-03-04T16:00:00.000000,1.327352762
WI,2026-03-04T17:00:00.000000,1.389893174
WI,2026-03-04T18:00:00.000000,1.413764596
WI,2026-03-04T19:00:00.000000,1.301713943
WI,2026-03-04T20:00:00.000000,1.278212309
WI,2026-03-04T21:00:00.000000,1.271375895
WI,2026-03-04T22:00:00.000000,1.295346498
WI,2026-03-04T23:00:00.000000,1.365505695
WI,2026-03-05T00:00:00.000000,1.378942609
WI,2026-03-05T01:00:00.000000,0.799040735
WI,2026-03-05T02:00:00.000000,0.658222556
WI,2026-03-05T03:00:00.000000,0.699882746
WI,2026-03-05T04:00:00.000000,0.742093027
WI,2026-03-05T05:00:00.000000,0.748720527
WI,2026-03-05T06:00:00.000000,0.733773708
WI,2026-03-05T07:00:00.000000,0.744160712
WI,2026-03-05T08:00:00.000000,0.749058902
WI,2026-03-05T09:00:00.000000,0.744216919
WI,2026-03-05T10:00:00.000000,0.742243886
WI,2026-03-05T11:00:00.000000,0.718620777
WI,2026-03-05T12:00:00.000000,0.689561427
WI,2026-03-05T13:00:00.000000,0.672464013
WI,2026-03-05T14:00:00.000000,0.689806044
WI,2026-03-05T15:00:00.000000,0.767882526
WI,2026-03-05T16:00:00.000000,0.831913531
WI,2026-03-05T17:00:00.000000,0.858978152
WI,2026-03-05T18:00:00.000000,0.872464001
WI,2026-03-05T19:00:00.000000,0.835227013
WI,2026-03-05T20:00:00.000000,0.822664678
WI,2026-03-05T21:00:00.000000,0.825522125
WI,2026-03-05T22:00:00.000000,0.823922873
WI,2026-03-05T23:00:00.000000,0.819093704
WI,2026-03-06T00:00:00.000000,0.81267637
WI,2026-03-06T01:00:00.000000,0.792196095
WI,2026-03-06T02:00:00.000000,0.775991797
WI,2026-03-06T03:00:00.000000,0.807463944
WI,2026-03-06T04:00:00.000000,0.853082359
WI,2026-03-06T05:00:00.000000,0.896212459
WI,2026-03-06T06:00:00.000000,0.923946559
WI,2026-03-06T07:00:00.000000,0.952664971
WI,2026-03-06T08:00:00.000000,0.919506848
WI,2026-03-06T09:00:00.000000,0.919197381
WI,2026-03-06T10:00:00.000000,0.920729339
WI,2026-03-06T11:00:00.000000,0.916245878
WI,2026-03-06T12:00:00.000000,0.899975538
WI,2026-03-06T13:00:00.000000,0.87405926
WI,2026-03-06T14:00:00.000000,0.86187011
WI,2026-03-06T15:00:00.000000,0.883850336
WI,2026-03-06T16:00:00.000000,0.968922019
WI,2026-03-06T17:00:00.000000,1.043181062
WI,2026-03-06T18:00:00.000000,1.114752412
WI,2026-03-06T19:00:00.000000,1.149721146
WI,2026-03-06T20:00:00.000000,1.112465262
WI,2026-03-06T21:00:00.000000,1.067667365
WI,2026-03-06T22:00:00.000000,1.046427369
WI,2026-03-06T23:00:00.000000,1.030335784
WI,2026-03-07T00:00:00.000000,1.019970536
WI,2026-03-07T01:00:00.000000,1.023886323
WI,2026-03-07T02:00:00.000000,1.008890867
WI,2026-03-07T03:00:00.000000,1.01881671
WI,2026-03-07T04:00:00.000000,1.057113647
WI,2026-03-07T05:00:00.000000,1.147768736
WI,2026-03-07T06:00:00.000000,1.212033629
WI,2026-03-07T07:00:00.000000,1.254462481
WI,2026-03-07T08:00:00.000000,1.220638871
WI,2026-03-07T09:00:00.000000,1.152220488
WI,2026-03-07T10:00:00.000000,1.143882275
WI,2026-03-07T11:00:00.000000,1.142685175
WI,2026-03-07T12:00:00.000000,1.131973505
WI,2026-03-07T13:00:00.000000,1.122694373
WI,2026-03-07T14:00:00.000000,1.121081591
WI,2026-03-07T15:00:00.000000,1.120161653
WI,2026-03-07T16:00:00.000000,1.144413233
WI,2026-03-07T17:00:00.000000,1.217209458
WI,2026-03-07T18:00:00.000000,1.310708046
WI,2026-03-07T19:00:00.000000,1.374317646
WI,2026-03-07T20:00:00.000000,1.398789763
WI,2026-03-07T21:00:00.000000,1.347117901
WI,2026-03-07T22:00:00.000000,1.303377032
WI,2026-03-07T23:00:00.000000,1.300101995
WI,2026-03-08T00:00:00.000000,1.313524961
WI,2026-03-08T01:00:00.000000,1.359083652
WI,2026-03-08T02:00:00.000000,1.381316304
WI,2026-03-08T03:00:00.000000,1.382809639
WI,2026-03-08T04:00:00.000000,1.393770337
WI,2026-03-08T05:00:00.000000,1.419912457
WI,2026-03-08T06:00:00.000000,1.474551558
WI,2026-03-08T07:00:00.000000,1.523887038
WI,2026-03-08T08:00:00.000000,1.549405336
WI,2026-03-08T09:00:00.000000,1.549827695
WI,2026-03-08T10:00:00.000000,1.51856184
WI,2026-03-08T11:00:00.000000,1.518606424
WI,2026-03-08T12:00:00.000000,1.532205224
WI,2026-03-08T13:00:00.000000,1.534246325
WI,2026-03-08T14:00:00.000000,1.556553006
WI,2026-03-08T15:00:00.000000,1.563428521
WI,2026-03-08T16:00:00.000000,1.578448415
WI,2026-03-08T17:00:00.000000,1.611927271
WI,2026-03-08T18:00:00.000000,1.66883862
WI,2026-03-08T19:00:00.000000,1.713530421
WI,2026-03-08T20:00:00.000000,1.732174993
WI,2026-03-08T21:00:00.000000,1.749079227
WI,2026-03-08T22:00:00.000000,1.736710191
WI,2026-03-08T23:00:00.000000,1.701426268
WI,2026-03-09T00:00:00.000000,1.699740648
