"site_id","time","temp_c"
"AQ","2026-03-05T00:00:00.000000",2.43032598495483
"AQ","2026-03-05T01:00:00.000000",1.74152898788452
"AQ","2026-03-05T02:00:00.000000",1.60821211338043
"AQ","2026-03-05T03:00:00.000000",1.58113181591034
"AQ","2026-03-05T04:00:00.000000",1.58219957351685
"AQ","2026-03-05T05:00:00.000000",1.60060000419617
"AQ","2026-03-05T06:00:00.000000",1.6076375246048
"AQ","2026-03-05T07:00:00.000000",1.53247368335724
"AQ","2026-03-05T08:00:00.000000",1.5020090341568
"AQ","2026-03-05T09:00:00.000000",1.51351177692413
"AQ","2026-03-05T10:00:00.000000",1.50331628322601
"AQ","2026-03-05T11:00:00.000000",1.49282491207123
"AQ","2026-03-05T12:00:00.000000",1.48936653137207
"AQ","2026-03-05T13:00:00.000000",1.50647222995758
"AQ","2026-03-05T14:00:00.000000",1.52576994895935
"AQ","2026-03-05T15:00:00.000000",1.55874693393707
"AQ","2026-03-05T16:00:00.000000",1.6050238609314
"AQ","2026-03-05T17:00:00.000000",1.63227105140686
"AQ","2026-03-05T18:00:00.000000",1.65537750720978
"AQ","2026-03-05T19:00:00.000000",1.61403059959412
"AQ","2026-03-05T20:00:00.000000",1.57536268234253
"AQ","2026-03-05T21:00:00.000000",1.58261561393738
"AQ","2026-03-05T22:00:00.000000",1.58235716819763
"AQ","2026-03-05T23:00:00.000000",1.57762467861176
"AQ","2026-03-06T00:00:00.000000",1.57979094982147
"AQ","2026-03-06T01:00:00.000000",1.75105941295624
"AQ","2026-03-06T02:00:00.000000",1.78379774093628
"AQ","2026-03-06T03:00:00.000000",1.80815720558167
"AQ","2026-03-06T04:00:00.000000",1.83475816249847
"AQ","2026-03-06T05:00:00.000000",1.8492933511734
"AQ","2026-03-06T06:00:00.000000",1.8605922460556
"AQ","2026-03-06T07:00:00.000000",1.8649001121521
"AQ","2026-03-06T08:00:00.000000",1.81737375259399
"AQ","2026-03-06T09:00:00.000000",1.80850791931152
"AQ","2026-03-06T10:00:00.000000",1.79268932342529
"AQ","2026-03-06T11:00:00.000000",1.77627432346344
"AQ","2026-03-06T12:00:00.000000",1.80657160282135
"AQ","2026-03-06T13:00:00.000000",1.82977974414825
"AQ","2026-03-06T14:00:00.000000",1.83089089393616
"AQ","2026-03-06T15:00:00.000000",1.84105229377747
"AQ","2026-03-06T16:00:00.000000",1.84946656227112
"AQ","2026-03-06T17:00:00.000000",1.86637914180756
"AQ","2026-03-06T18:00:00.000000",1.88462626934052
"AQ","2026-03-06T19:00:00.000000",1.89628469944
"AQ","2026-03-06T20:00:00.000000",1.88685846328735
"AQ","2026-03-06T21:00:00.000000",1.86660695075989
"AQ","2026-03-06T22:00:00.000000",1.85715448856354
"AQ","2026-03-06T23:00:00.000000",1.84462904930115
"AQ","2026-03-07T00:00:00.000000",1.85462939739227
"AQ","2026-03-07T01:00:00.000000",2.03821802139282
"AQ","2026-03-07T02:00:00.000000",2.05308437347412
"AQ","2026-03-07T03:00:00.000000",2.04067873954773
"AQ","2026-03-07T04:00:00.000000",2.05212497711182
"AQ","2026-03-07T05:00:00.000000",2.1151864528656
"AQ","2026-03-07T06:00:00.000000",2.1576714515686
"AQ","2026-03-07T07:00:00.000000",2.12877130508423
"AQ","2026-03-07T08:00:00.000000",2.06807851791382
"AQ","2026-03-07T09:00:00.000000",2.06237316131592
"AQ","2026-03-07T10:00:00.000000",2.05761003494263
"AQ","2026-03-07T11:00:00.000000",2.03115320205688
"AQ","2026-03-07T12:00:00.000000",2.0012092590332
"AQ","2026-03-07T13:00:00.000000",1.9985214471817
"AQ","2026-03-07T14:00:00.000000",2.0170373916626
"AQ","2026-03-07T15:00:00.000000",2.05450987815857
"AQ","2026-03-07T16:00:00.000000",2.08820939064026
"AQ","2026-03-07T17:00:00.000000",2.1412570476532
"AQ","2026-03-07T18:00:00.000000",2.20225024223328
"AQ","2026-03-07T19:00:00.000000",2.25847554206848
"AQ","2026-03-07T20:00:00.000000",2.2665421962738
"AQ","2026-03-07T21:00:00.000000",2.26495981216431
"AQ","2026-03-07T22:00:00.000000",2.2630603313446
"AQ","2026-03-07T23:00:00.000000",2.23470139503479
"AQ","2026-03-08T00:00:00.000000",2.20776844024658
"AQ","2026-03-08T01:00:00.000000",2.20046091079712
"AQ","2026-03-08T02:00:00.000000",2.20604419708252
"AQ","2026-03-08T03:00:00.000000",2.20730233192444
"AQ","2026-03-08T04:00:00.000000",2.20982050895691
"AQ","2026-03-08T05:00:00.000000",2.2180495262146
"AQ","2026-03-08T06:00:00.000000",2.23492503166199
"AQ","2026-03-08T07:00:00.000000",2.24836254119873
"AQ","2026-03-08T08:00:00.000000",2.26681876182556
"AQ","2026-03-08T09:00:00.000000",2.28925943374634
"AQ","2026-03-08T10:00:00.000000",2.29917025566101
"AQ","2026-03-08T11:00:00.000000",2.30481028556824
"AQ","2026-03-08T12:00:00.000000",2.26073026657104
"AQ","2026-03-08T13:00:00.000000",2.23502779006958
"AQ","2026-03-08T14:00:00.000000",2.25448751449585
"AQ","2026-03-08T15:00:00.000000",2.30412817001343
"AQ","2026-03-08T16:00:00.000000",2.35366320610046
"AQ","2026-03-08T17:00:00.000000",2.3970205783844
"AQ","2026-03-08T18:00:00.000000",2.43439149856567
"AQ","2026-03-08T19:00:00.000000",2.4678041934967
"AQ","2026-03-08T20:00:00.000000",2.55362010002136
"AQ","2026-03-08T21:00:00.000000",2.64490914344788
"AQ","2026-03-08T22:00:00.000000",2.64204359054565
"AQ","2026-03-08T23:00:00.000000",2.65857243537903
"AQ","2026-03-09T00:00:00.000000",2.64494299888611
"AQ","2026-03-09T01:00:00.000000",2.6049268245697
"AQ","2026-03-09T02:00:00.000000",2.61077427864075
"AQ","2026-03-09T03:00:00.000000",2.63234329223633
"AQ","2026-03-09T04:00:00.000000",2.6482241153717
"AQ","2026-03-09T05:00:00.000000",2.64908766746521
"AQ","2026-03-09T06:00:00.000000",2.63640451431274
"AQ","2026-03-09T07:00:00.000000",2.61802315711975
"AQ","2026-03-09T08:00:00.000000",2.62586545944214
"AQ","2026-03-09T09:00:00.000000",2.61119914054871
"AQ","2026-03-09T10:00:00.000000",2.55908632278442
"AQ","2026-03-09T11:00:00.000000",2.54438519477844
"AQ","2026-03-09T12:00:00.000000",2.52413630485535
"AQ","2026-03-09T13:00:00.000000",2.48724269866943
"AQ","2026-03-09T14:00:00.000000",2.47237610816956
"AQ","2026-03-09T15:00:00.000000",2.52635359764099
"AQ","2026-03-09T16:00:00.000000",2.5863094329834
"AQ","2026-03-09T17:00:00.000000",2.65841913223267
"AQ","2026-03-09T18:00:00.000000",2.74631667137146
"AQ","2026-03-09T19:00:00.000000",2.81243801116943
"AQ","2026-03-09T20:00:00.000000",2.85650968551636
"AQ","2026-03-09T21:00:00.000000",2.88946199417114
"AQ","2026-03-09T22:00:00.000000",2.89708065986633
"AQ","2026-03-09T23:00:00.000000",2.88387131690979
"AQ","2026-03-10T00:00:00.000000",2.88648653030396
"AQ","2026-03-10T01:00:00.000000",2.88747978210449
"AQ","2026-03-10T02:00:00.000000",2.88545942306519
"AQ","2026-03-10T03:00:00.000000",2.87924385070801
"AQ","2026-03-10T04:00:00.000000",2.86722826957703
"AQ","2026-03-10T05:00:00.000000",2.86270546913147
"AQ","2026-03-10T06:00:00.000000",2.86414980888367
"AQ","2026-03-10T07:00:00.000000",2.86307859420776
"AQ","2026-03-10T08:00:00.000000",2.84610366821289
"AQ","2026-03-10T09:00:00.000000",2.84436321258545
"AQ","2026-03-10T10:00:00.000000",2.84522461891174
"AQ","2026-03-10T11:00:00.000000",2.79729676246643
"AQ","2026-03-10T12:00:00.000000",2.7819185256958
"AQ","2026-03-10T13:00:00.000000",2.77530121803284
"AQ","2026-03-10T14:00:00.000000",2.75779008865356
"AQ","2026-03-10T15:00:00.000000",2.75706791877747
"AQ","2026-03-10T16:00:00.000000",2.81713461875916
"AQ","2026-03-10T17:00:00.000000",2.86661911010742
"AQ","2026-03-10T18:00:00.000000",2.91554379463196
"AQ","2026-03-10T19:00:00.000000",2.98387837409973
"AQ","2026-03-10T20:00:00.000000",3.04614067077637
"AQ","2026-03-10T21:00:00.000000",3.11072468757629
"AQ","2026-03-10T22:00:00.000000",3.15258502960205
"AQ","2026-03-10T23:00:00.000000",3.18967485427856
"AQ","2026-03-11T00:00:00.000000",3.20368432998657
"CB","2026-03-05T00:00:00.000000",2.14156579971313
"CB","2026-03-05T01:00:00.000000",2.20753598213196
"CB","2026-03-05T02:00:00.000000",2.21144795417786
"CB","2026-03-05T03:00:00.000000",2.18349647521973
"CB","2026-03-05T04:00:00.000000",2.19233179092407
"CB","2026-03-05T05:00:00.000000",2.2000572681427
"CB","2026-03-05T06:00:00.000000",2.19488739967346
"CB","2026-03-05T07:00:00.000000",2.15894174575806
"CB","2026-03-05T08:00:00.000000",2.17710471153259
"CB","2026-03-05T09:00:00.000000",2.20101618766785
"CB","2026-03-05T10:00:00.000000",2.20206212997437
"CB","2026-03-05T11:00:00.000000",2.20463824272156
"CB","2026-03-05T12:00:00.000000",2.20721793174744
"CB","2026-03-05T13:00:00.000000",2.20274019241333
"CB","2026-03-05T14:00:00.000000",2.21099138259888
"CB","2026-03-05T15:00:00.000000",2.2163188457489
"CB","2026-03-05T16:00:00.000000",2.22601318359375
"CB","2026-03-05T17:00:00.000000",2.24239587783813
"CB","2026-03-05T18:00:00.000000",2.23983931541443
"CB","2026-03-05T19:00:00.000000",2.20833230018616
"CB","2026-03-05T20:00:00.000000",2.20392346382141
"CB","2026-03-05T21:00:00.000000",2.21336579322815
"CB","2026-03-05T22:00:00.000000",2.22169804573059
"CB","2026-03-05T23:00:00.000000",2.21882128715515
"CB","2026-03-06T00:00:00.000000",2.21682167053223
"CB","2026-03-06T01:00:00.000000",2.3967432975769
"CB","2026-03-06T02:00:00.000000",2.4535870552063
"CB","2026-03-06T03:00:00.000000",2.4709792137146
"CB","2026-03-06T04:00:00.000000",2.48735904693604
"CB","2026-03-06T05:00:00.000000",2.50609850883484
"CB","2026-03-06T06:00:00.000000",2.51540112495422
"CB","2026-03-06T07:00:00.000000",2.52153134346008
"CB","2026-03-06T08:00:00.000000",2.49604749679565
"CB","2026-03-06T09:00:00.000000",2.48032259941101
"CB","2026-03-06T10:00:00.000000",2.48157691955566
"CB","2026-03-06T11:00:00.000000",2.47889137268066
"CB","2026-03-06T12:00:00.000000",2.47033429145813
"CB","2026-03-06T13:00:00.000000",2.47086429595947
"CB","2026-03-06T14:00:00.000000",2.48317003250122
"CB","2026-03-06T15:00:00.000000",2.53298568725586
"CB","2026-03-06T16:00:00.000000",2.55917119979858
"CB","2026-03-06T17:00:00.000000",2.561847448349
"CB","2026-03-06T18:00:00.000000",2.57033729553223
"CB","2026-03-06T19:00:00.000000",2.58067107200623
"CB","2026-03-06T20:00:00.000000",2.56556844711304
"CB","2026-03-06T21:00:00.000000",2.55541920661926
"CB","2026-03-06T22:00:00.000000",2.54739165306091
"CB","2026-03-06T23:00:00.000000",2.54658102989197
"CB","2026-03-07T00:00:00.000000",2.53737831115723
"CB","2026-03-07T01:00:00.000000",2.70228743553162
"CB","2026-03-07T02:00:00.000000",2.73738360404968
"CB","2026-03-07T03:00:00.000000",2.75239825248718
"CB","2026-03-07T04:00:00.000000",2.7548930644989
"CB","2026-03-07T05:00:00.000000",2.74083089828491
"CB","2026-03-07T06:00:00.000000",2.73827219009399
"CB","2026-03-07T07:00:00.000000",2.73707962036133
"CB","2026-03-07T08:00:00.000000",2.76135277748108
"CB","2026-03-07T09:00:00.000000",2.76322627067566
"CB","2026-03-07T10:00:00.000000",2.76313424110413
"CB","2026-03-07T11:00:00.000000",2.76830554008484
"CB","2026-03-07T12:00:00.000000",2.76001667976379
"CB","2026-03-07T13:00:00.000000",2.75573039054871
"CB","2026-03-07T14:00:00.000000",2.75477480888367
"CB","2026-03-07T15:00:00.000000",2.76136779785156
"CB","2026-03-07T16:00:00.000000",2.76875734329224
"CB","2026-03-07T17:00:00.000000",2.78555846214294
"CB","2026-03-07T18:00:00.000000",2.80671000480652
"CB","2026-03-07T19:00:00.000000",2.81685018539429
"CB","2026-03-07T20:00:00.000000",2.82164192199707
"CB","2026-03-07T21:00:00.000000",2.81864237785339
"CB","2026-03-07T22:00:00.000000",2.80819988250732
"CB","2026-03-07T23:00:00.000000",2.81295776367188
"CB","2026-03-08T00:00:00.000000",2.80610537528992
"CB","2026-03-08T01:00:00.000000",2.80887794494629
"CB","2026-03-08T02:00:00.000000",2.81167340278625
"CB","2026-03-08T03:00:00.000000",2.81602144241333
"CB","2026-03-08T04:00:00.000000",2.82332324981689
"CB","2026-03-08T05:00:00.000000",2.84515023231506
"CB","2026-03-08T06:00:00.000000",2.8625054359436
"CB","2026-03-08T07:00:00.000000",2.86979413032532
"CB","2026-03-08T08:00:00.000000",2.87515902519226
"CB","2026-03-08T09:00:00.000000",2.84883308410645
"CB","2026-03-08T10:00:00.000000",2.83632731437683
"CB","2026-03-08T11:00:00.000000",2.84370160102844
"CB","2026-03-08T12:00:00.000000",2.84515476226807
"CB","2026-03-08T13:00:00.000000",2.84053230285645
"CB","2026-03-08T14:00:00.000000",2.84014821052551
"CB","2026-03-08T15:00:00.000000",2.84129524230957
"CB","2026-03-08T16:00:00.000000",2.8591194152832
"CB","2026-03-08T17:00:00.000000",2.90360808372498
"CB","2026-03-08T18:00:00.000000",2.96853852272034
"CB","2026-03-08T19:00:00.000000",3.02618098258972
"CB","2026-03-08T20:00:00.000000",3.04710221290588
"CB","2026-03-08T21:00:00.000000",3.02054667472839
"CB","2026-03-08T22:00:00.000000",2.99272084236145
"CB","2026-03-08T23:00:00.000000",2.95567870140076
"CB","2026-03-09T00:00:00.000000",2.95403528213501
"CB","2026-03-09T01:00:00.000000",2.94804453849792
"CB","2026-03-09T02:00:00.000000",2.94787955284119
"CB","2026-03-09T03:00:00.000000",2.95137548446655
"CB","2026-03-09T04:00:00.000000",2.95954775810242
"CB","2026-03-09T05:00:00.000000",2.99732255935669
"CB","2026-03-09T06:00:00.000000",3.02862095832825
"CB","2026-03-09T07:00:00.000000",3.06822323799133
"CB","2026-03-09T08:00:00.000000",3.07631492614746
"CB","2026-03-09T09:00:00.000000",3.05663180351257
"CB","2026-03-09T10:00:00.000000",3.00212335586548
"CB","2026-03-09T11:00:00.000000",2.98564410209656
"CB","2026-03-09T12:00:00.000000",2.9801824092865
"CB","2026-03-09T13:00:00.000000",2.97417998313904
"CB","2026-03-09T14:00:00.000000",2.97351050376892
"CB","2026-03-09T15:00:00.000000",2.97395849227905
"CB","2026-03-09T16:00:00.000000",2.9827880859375
"CB","2026-03-09T17:00:00.000000",2.98761630058289
"CB","2026-03-09T18:00:00.000000",3.07016062736511
"CB","2026-03-09T19:00:00.000000",3.18887591362
"CB","2026-03-09T20:00:00.000000",3.26582407951355
"CB","2026-03-09T21:00:00.000000",3.28435325622559
"CB","2026-03-09T22:00:00.000000",3.19981265068054
"CB","2026-03-09T23:00:00.000000",3.14726257324219
"CB","2026-03-10T00:00:00.000000",3.08973932266235
"CB","2026-03-10T01:00:00.000000",3.08331179618835
"CB","2026-03-10T02:00:00.000000",3.08152794837952
"CB","2026-03-10T03:00:00.000000",3.0842616558075
"CB","2026-03-10T04:00:00.000000",3.1038670539856
"CB","2026-03-10T05:00:00.000000",3.1646466255188
"CB","2026-03-10T06:00:00.000000",3.21013188362122
"CB","2026-03-10T07:00:00.000000",3.252197265625
"CB","2026-03-10T08:00:00.000000",3.27294325828552
"CB","2026-03-10T09:00:00.000000",3.2814621925354
"CB","2026-03-10T10:00:00.000000",3.26117563247681
"CB","2026-03-10T11:00:00.000000",3.22108316421509
"CB","2026-03-10T12:00:00.000000",3.18491148948669
"CB","2026-03-10T13:00:00.000000",3.15221834182739
"CB","2026-03-10T14:00:00.000000",3.13944411277771
"CB","2026-03-10T15:00:00.000000",3.13540053367615
"CB","2026-03-10T16:00:00.000000",3.13475203514099
"CB","2026-03-10T17:00:00.000000",3.15620541572571
"CB","2026-03-10T18:00:00.000000",3.17309546470642
"CB","2026-03-10T19:00:00.000000",3.30581593513489
"CB","2026-03-10T20:00:00.000000",3.409512758255
"CB","2026-03-10T21:00:00.000000",3.48403787612915
"CB","2026-03-10T22:00:00.000000",3.49637961387634
"CB","2026-03-10T23:00:00.000000",3.38501214981079
"CB","2026-03-11T00:00:00.000000",3.33174324035645
"CI","2026-03-05T00:00:00.000000",1.95541954040527
"CI","2026-03-05T01:00:00.000000",1.95541954040527
"CI","2026-03-05T02:00:00.000000",1.91603267192841
"CI","2026-03-05T03:00:00.000000",1.93162953853607
"CI","2026-03-05T04:00:00.000000",2.13616728782654
"CI","2026-03-05T05:00:00.000000",2.17008852958679
"CI","2026-03-05T06:00:00.000000",2.185218334198
"CI","2026-03-05T07:00:00.000000",2.20683240890503
"CI","2026-03-05T08:00:00.000000",2.1308286190033
"CI","2026-03-05T09:00:00.000000",2.04393291473389
"CI","2026-03-05T10:00:00.000000",2.04393291473389
"CI","2026-03-05T11:00:00.000000",2.04393291473389
"CI","2026-03-05T12:00:00.000000",2.04393291473389
"CI","2026-03-05T13:00:00.000000",2.04393291473389
"CI","2026-03-05T14:00:00.000000",2.04393291473389
"CI","2026-03-05T15:00:00.000000",2.04244756698608
"CI","2026-03-05T16:00:00.000000",2.2379252910614
"CI","2026-03-05T17:00:00.000000",2.27771735191345
"CI","2026-03-05T18:00:00.000000",2.28923583030701
"CI","2026-03-05T19:00:00.000000",2.32545638084412
"CI","2026-03-05T20:00:00.000000",2.30320143699646
"CI","2026-03-05T21:00:00.000000",2.12441420555115
"CI","2026-03-05T22:00:00.000000",2.09327411651611
"CI","2026-03-05T23:00:00.000000",2.09327411651611
"CI","2026-03-06T00:00:00.000000",2.09327411651611
"CI","2026-03-06T01:00:00.000000",2.09327411651611
"CI","2026-03-06T02:00:00.000000",2.09327411651611
"CI","2026-03-06T03:00:00.000000",2.14638733863831
"CI","2026-03-06T04:00:00.000000",2.31167340278625
"CI","2026-03-06T05:00:00.000000",2.33691954612732
"CI","2026-03-06T06:00:00.000000",2.34376502037048
"CI","2026-03-06T07:00:00.000000",2.35340595245361
"CI","2026-03-06T08:00:00.000000",2.36397957801819
"CI","2026-03-06T09:00:00.000000",2.3298499584198
"CI","2026-03-06T10:00:00.000000",2.23231649398804
"CI","2026-03-06T11:00:00.000000",2.23297214508057
"CI","2026-03-06T12:00:00.000000",2.23297214508057
"CI","2026-03-06T13:00:00.000000",2.23297214508057
"CI","2026-03-06T14:00:00.000000",2.23297214508057
"CI","2026-03-06T15:00:00.000000",2.2330162525177
"CI","2026-03-06T16:00:00.000000",2.34087157249451
"CI","2026-03-06T17:00:00.000000",2.39678883552551
"CI","2026-03-06T18:00:00.000000",2.41588640213013
"CI","2026-03-06T19:00:00.000000",2.42862749099731
"CI","2026-03-06T20:00:00.000000",2.45110583305359
"CI","2026-03-06T21:00:00.000000",2.41573786735535
"CI","2026-03-06T22:00:00.000000",2.31775975227356
"CI","2026-03-06T23:00:00.000000",2.31764316558838
"CI","2026-03-07T00:00:00.000000",2.31764316558838
"CI","2026-03-07T01:00:00.000000",2.31764316558838
"CI","2026-03-07T02:00:00.000000",2.31764316558838
"CI","2026-03-07T03:00:00.000000",2.21574378013611
"CI","2026-03-07T04:00:00.000000",2.26550626754761
"CI","2026-03-07T05:00:00.000000",2.35229110717773
"CI","2026-03-07T06:00:00.000000",2.37215805053711
"CI","2026-03-07T07:00:00.000000",2.37100720405579
"CI","2026-03-07T08:00:00.000000",2.38859248161316
"CI","2026-03-07T09:00:00.000000",2.37515044212341
"CI","2026-03-07T10:00:00.000000",2.31727504730225
"CI","2026-03-07T11:00:00.000000",2.28190851211548
"CI","2026-03-07T12:00:00.000000",2.28190851211548
"CI","2026-03-07T13:00:00.000000",2.28190851211548
"CI","2026-03-07T14:00:00.000000",2.28190851211548
"CI","2026-03-07T15:00:00.000000",2.28190851211548
"CI","2026-03-07T16:00:00.000000",2.32053923606873
"CI","2026-03-07T17:00:00.000000",2.37946605682373
"CI","2026-03-07T18:00:00.000000",2.44601559638977
"CI","2026-03-07T19:00:00.000000",2.46207213401794
"CI","2026-03-07T20:00:00.000000",2.48325419425964
"CI","2026-03-07T21:00:00.000000",2.50977158546448
"CI","2026-03-07T22:00:00.000000",2.45770597457886
"CI","2026-03-07T23:00:00.000000",2.41071510314941
"CI","2026-03-08T00:00:00.000000",2.41071510314941
"CI","2026-03-08T01:00:00.000000",2.41071510314941
"CI","2026-03-08T02:00:00.000000",2.41071510314941
"CI","2026-03-08T03:00:00.000000",2.41071510314941
"CI","2026-03-08T04:00:00.000000",2.40278100967407
"CI","2026-03-08T05:00:00.000000",2.46579098701477
"CI","2026-03-08T06:00:00.000000",2.51258945465088
"CI","2026-03-08T07:00:00.000000",2.51432585716248
"CI","2026-03-08T08:00:00.000000",2.51267027854919
"CI","2026-03-08T09:00:00.000000",2.50362777709961
"CI","2026-03-08T10:00:00.000000",2.47878050804138
"CI","2026-03-08T11:00:00.000000",2.45500087738037
"CI","2026-03-08T12:00:00.000000",2.45500087738037
"CI","2026-03-08T13:00:00.000000",2.45500087738037
"CI","2026-03-08T14:00:00.000000",2.45500087738037
"CI","2026-03-08T15:00:00.000000",2.45500087738037
"CI","2026-03-08T16:00:00.000000",2.45500087738037
"CI","2026-03-08T17:00:00.000000",2.54023432731628
"CI","2026-03-08T18:00:00.000000",2.57124304771423
"CI","2026-03-08T19:00:00.000000",2.67767357826233
"CI","2026-03-08T20:00:00.000000",2.6976912021637
"CI","2026-03-08T21:00:00.000000",2.72256278991699
"CI","2026-03-08T22:00:00.000000",2.7017502784729
"CI","2026-03-08T23:00:00.000000",2.65919852256775
"CI","2026-03-09T00:00:00.000000",2.65967273712158
"CI","2026-03-09T01:00:00.000000",2.65967273712158
"CI","2026-03-09T02:00:00.000000",2.65967273712158
"CI","2026-03-09T03:00:00.000000",2.65967273712158
"CI","2026-03-09T04:00:00.000000",2.65967273712158
"CI","2026-03-09T05:00:00.000000",2.5903685092926
"CI","2026-03-09T06:00:00.000000",2.64543342590332
"CI","2026-03-09T07:00:00.000000",2.70986771583557
"CI","2026-03-09T08:00:00.000000",2.72281718254089
"CI","2026-03-09T09:00:00.000000",2.71673274040222
"CI","2026-03-09T10:00:00.000000",2.66053462028503
"CI","2026-03-09T11:00:00.000000",2.62000727653503
"CI","2026-03-09T12:00:00.000000",2.6194953918457
"CI","2026-03-09T13:00:00.000000",2.6194953918457
"CI","2026-03-09T14:00:00.000000",2.6194953918457
"CI","2026-03-09T15:00:00.000000",2.6194953918457
"CI","2026-03-09T16:00:00.000000",2.6194953918457
"CI","2026-03-09T17:00:00.000000",2.6194953918457
"CI","2026-03-09T18:00:00.000000",2.78027701377869
"CI","2026-03-09T19:00:00.000000",2.86705183982849
"CI","2026-03-09T20:00:00.000000",2.99398183822632
"CI","2026-03-09T21:00:00.000000",3.00776481628418
"CI","2026-03-09T22:00:00.000000",3.00884437561035
"CI","2026-03-09T23:00:00.000000",2.94119954109192
"CI","2026-03-10T00:00:00.000000",2.89067888259888
"CI","2026-03-10T01:00:00.000000",2.90308952331543
"CI","2026-03-10T02:00:00.000000",2.90308952331543
"CI","2026-03-10T03:00:00.000000",2.90308952331543
"CI","2026-03-10T04:00:00.000000",2.90308952331543
"CI","2026-03-10T05:00:00.000000",2.82477569580078
"CI","2026-03-10T06:00:00.000000",2.8340175151825
"CI","2026-03-10T07:00:00.000000",2.95288753509521
"CI","2026-03-10T08:00:00.000000",2.93446612358093
"CI","2026-03-10T09:00:00.000000",2.92182803153992
"CI","2026-03-10T10:00:00.000000",2.94525861740112
"CI","2026-03-10T11:00:00.000000",2.89716958999634
"CI","2026-03-10T12:00:00.000000",2.85338521003723
"CI","2026-03-10T13:00:00.000000",2.85309982299805
"CI","2026-03-10T14:00:00.000000",2.85309982299805
"CI","2026-03-10T15:00:00.000000",2.85309982299805
"CI","2026-03-10T16:00:00.000000",2.85309982299805
"CI","2026-03-10T17:00:00.000000",2.85309982299805
"CI","2026-03-10T18:00:00.000000",2.85309982299805
"CI","2026-03-10T19:00:00.000000",3.03077292442322
"CI","2026-03-10T20:00:00.000000",3.11098265647888
"CI","2026-03-10T21:00:00.000000",3.17601847648621
"CI","2026-03-10T22:00:00.000000",3.17738127708435
"CI","2026-03-10T23:00:00.000000",3.16583323478699
"CI","2026-03-11T00:00:00.000000",3.12371492385864
"DC","2026-03-05T00:00:00.000000",2.20339584350586
"DC","2026-03-05T01:00:00.000000",2.20339584350586
"DC","2026-03-05T02:00:00.000000",2.22840476036072
"DC","2026-03-05T03:00:00.000000",2.23184847831726
"DC","2026-03-05T04:00:00.000000",2.21269798278809
"DC","2026-03-05T05:00:00.000000",2.23660373687744
"DC","2026-03-05T06:00:00.000000",2.24087524414062
"DC","2026-03-05T07:00:00.000000",2.24218535423279
"DC","2026-03-05T08:00:00.000000",2.26047015190125
"DC","2026-03-05T09:00:00.000000",2.26069641113281
"DC","2026-03-05T10:00:00.000000",2.26069641113281
"DC","2026-03-05T11:00:00.000000",2.26069641113281
"DC","2026-03-05T12:00:00.000000",2.26069641113281
"DC","2026-03-05T13:00:00.000000",2.26069641113281
"DC","2026-03-05T14:00:00.000000",2.2619321346283
"DC","2026-03-05T15:00:00.000000",2.2642514705658
"DC","2026-03-05T16:00:00.000000",2.27577471733093
"DC","2026-03-05T17:00:00.000000",2.29209637641907
"DC","2026-03-05T18:00:00.000000",2.3176052570343
"DC","2026-03-05T19:00:00.000000",2.31652879714966
"DC","2026-03-05T20:00:00.000000",2.29654741287231
"DC","2026-03-05T21:00:00.000000",2.27437472343445
"DC","2026-03-05T22:00:00.000000",2.27616214752197
"DC","2026-03-05T23:00:00.000000",2.27616214752197
"DC","2026-03-06T00:00:00.000000",2.27616214752197
"DC","2026-03-06T01:00:00.000000",2.27616214752197
"DC","2026-03-06T02:00:00.000000",2.50292587280273
"DC","2026-03-06T03:00:00.000000",2.51635360717773
"DC","2026-03-06T04:00:00.000000",2.52429628372192
"DC","2026-03-06T05:00:00.000000",2.53149056434631
"DC","2026-03-06T06:00:00.000000",2.53702402114868
"DC","2026-03-06T07:00:00.000000",2.533527135849
"DC","2026-03-06T08:00:00.000000",2.54897260665894
"DC","2026-03-06T09:00:00.000000",2.56566953659058
"DC","2026-03-06T10:00:00.000000",2.57098388671875
"DC","2026-03-06T11:00:00.000000",2.57098388671875
"DC","2026-03-06T12:00:00.000000",2.57098388671875
"DC","2026-03-06T13:00:00.000000",2.57098388671875
"DC","2026-03-06T14:00:00.000000",2.57098388671875
"DC","2026-03-06T15:00:00.000000",2.57086539268494
"DC","2026-03-06T16:00:00.000000",2.57052397727966
"DC","2026-03-06T17:00:00.000000",2.57472157478333
"DC","2026-03-06T18:00:00.000000",2.58042192459106
"DC","2026-03-06T19:00:00.000000",2.58130431175232
"DC","2026-03-06T20:00:00.000000",2.57956886291504
"DC","2026-03-06T21:00:00.000000",2.59345316886902
"DC","2026-03-06T22:00:00.000000",2.60281157493591
"DC","2026-03-06T23:00:00.000000",2.60423374176025
"DC","2026-03-07T00:00:00.000000",2.60423374176025
"DC","2026-03-07T01:00:00.000000",2.60423374176025
"DC","2026-03-07T02:00:00.000000",2.60423374176025
"DC","2026-03-07T03:00:00.000000",2.76800537109375
"DC","2026-03-07T04:00:00.000000",2.72813272476196
"DC","2026-03-07T05:00:00.000000",2.71899008750916
"DC","2026-03-07T06:00:00.000000",2.7276656627655
"DC","2026-03-07T07:00:00.000000",2.74073338508606
"DC","2026-03-07T08:00:00.000000",2.75309634208679
"DC","2026-03-07T09:00:00.000000",2.75952887535095
"DC","2026-03-07T10:00:00.000000",2.77637529373169
"DC","2026-03-07T11:00:00.000000",2.77639245986938
"DC","2026-03-07T12:00:00.000000",2.77639245986938
"DC","2026-03-07T13:00:00.000000",2.77639245986938
"DC","2026-03-07T14:00:00.000000",2.77639245986938
"DC","2026-03-07T15:00:00.000000",2.77639245986938
"DC","2026-03-07T16:00:00.000000",2.81392669677734
"DC","2026-03-07T17:00:00.000000",2.84081816673279
"DC","2026-03-07T18:00:00.000000",2.87992024421692
"DC","2026-03-07T19:00:00.000000",2.89590048789978
"DC","2026-03-07T20:00:00.000000",2.86157393455505
"DC","2026-03-07T21:00:00.000000",2.85535192489624
"DC","2026-03-07T22:00:00.000000",2.85402965545654
"DC","2026-03-07T23:00:00.000000",2.8709716796875
"DC","2026-03-08T00:00:00.000000",2.8709716796875
"DC","2026-03-08T01:00:00.000000",2.8709716796875
"DC","2026-03-08T02:00:00.000000",2.8709716796875
"DC","2026-03-08T03:00:00.000000",2.8709716796875
"DC","2026-03-08T04:00:00.000000",2.95354580879211
"DC","2026-03-08T05:00:00.000000",2.96098709106445
"DC","2026-03-08T06:00:00.000000",2.95970892906189
"DC","2026-03-08T07:00:00.000000",2.9754159450531
"DC","2026-03-08T08:00:00.000000",2.9717435836792
"DC","2026-03-08T09:00:00.000000",2.93342018127441
"DC","2026-03-08T10:00:00.000000",2.93990063667297
"DC","2026-03-08T11:00:00.000000",2.935866355896
"DC","2026-03-08T12:00:00.000000",2.935866355896
"DC","2026-03-08T13:00:00.000000",2.935866355896
"DC","2026-03-08T14:00:00.000000",2.935866355896
"DC","2026-03-08T15:00:00.000000",2.935866355896
"DC","2026-03-08T16:00:00.000000",2.935866355896
"DC","2026-03-08T17:00:00.000000",3.07892608642578
"DC","2026-03-08T18:00:00.000000",3.12137937545776
"DC","2026-03-08T19:00:00.000000",3.17015385627747
"DC","2026-03-08T20:00:00.000000",3.20847177505493
"DC","2026-03-08T21:00:00.000000",3.14948344230652
"DC","2026-03-08T22:00:00.000000",3.13415193557739
"DC","2026-03-08T23:00:00.000000",3.12072992324829
"DC","2026-03-09T00:00:00.000000",3.12491321563721
"DC","2026-03-09T01:00:00.000000",3.12491321563721
"DC","2026-03-09T02:00:00.000000",3.12491321563721
"DC","2026-03-09T03:00:00.000000",3.12491321563721
"DC","2026-03-09T04:00:00.000000",3.15098428726196
"DC","2026-03-09T05:00:00.000000",3.22084808349609
"DC","2026-03-09T06:00:00.000000",3.2205605506897
"DC","2026-03-09T07:00:00.000000",3.22465753555298
"DC","2026-03-09T08:00:00.000000",3.23843955993652
"DC","2026-03-09T09:00:00.000000",3.19900631904602
"DC","2026-03-09T10:00:00.000000",3.1644241809845
"DC","2026-03-09T11:00:00.000000",3.12227249145508
"DC","2026-03-09T12:00:00.000000",3.1186637878418
"DC","2026-03-09T13:00:00.000000",3.1186637878418
"DC","2026-03-09T14:00:00.000000",3.1186637878418
"DC","2026-03-09T15:00:00.000000",3.1186637878418
"DC","2026-03-09T16:00:00.000000",3.1186637878418
"DC","2026-03-09T17:00:00.000000",3.34243583679199
"DC","2026-03-09T18:00:00.000000",3.38944053649902
"DC","2026-03-09T19:00:00.000000",3.41786694526672
"DC","2026-03-09T20:00:00.000000",3.43389368057251
"DC","2026-03-09T21:00:00.000000",3.44053339958191
"DC","2026-03-09T22:00:00.000000",3.38129734992981
"DC","2026-03-09T23:00:00.000000",3.34346842765808
"DC","2026-03-10T00:00:00.000000",3.29253053665161
"DC","2026-03-10T01:00:00.000000",3.32972431182861
"DC","2026-03-10T02:00:00.000000",3.32972431182861
"DC","2026-03-10T03:00:00.000000",3.32972431182861
"DC","2026-03-10T04:00:00.000000",3.32972431182861
"DC","2026-03-10T05:00:00.000000",3.40158152580261
"DC","2026-03-10T06:00:00.000000",3.40653967857361
"DC","2026-03-10T07:00:00.000000",3.39941787719727
"DC","2026-03-10T08:00:00.000000",3.40520405769348
"DC","2026-03-10T09:00:00.000000",3.40637063980103
"DC","2026-03-10T10:00:00.000000",3.37288331985474
"DC","2026-03-10T11:00:00.000000",3.36394810676575
"DC","2026-03-10T12:00:00.000000",3.34191179275513
"DC","2026-03-10T13:00:00.000000",3.35737133026123
"DC","2026-03-10T14:00:00.000000",3.35737133026123
"DC","2026-03-10T15:00:00.000000",3.35737133026123
"DC","2026-03-10T16:00:00.000000",3.35737133026123
"DC","2026-03-10T17:00:00.000000",3.35737133026123
"DC","2026-03-10T18:00:00.000000",3.54093027114868
"DC","2026-03-10T19:00:00.000000",3.57332301139832
"DC","2026-03-10T20:00:00.000000",3.59649968147278
"DC","2026-03-10T21:00:00.000000",3.60404133796692
"DC","2026-03-10T22:00:00.000000",3.58055377006531
"DC","2026-03-10T23:00:00.000000",3.55239987373352
"DC","2026-03-11T00:00:00.000000",3.52509164810181
"LH","2026-03-05T00:00:00.000000",2.49605274200439
"LH","2026-03-05T01:00:00.000000",2.49605274200439
"LH","2026-03-05T02:00:00.000000",1.59782421588898
"LH","2026-03-05T03:00:00.000000",1.43807184696198
"LH","2026-03-05T04:00:00.000000",1.44770276546478
"LH","2026-03-05T05:00:00.000000",1.47492647171021
"LH","2026-03-05T06:00:00.000000",1.47982442378998
"LH","2026-03-05T07:00:00.000000",1.5072934627533
"LH","2026-03-05T08:00:00.000000",1.49938070774078
"LH","2026-03-05T09:00:00.000000",1.51259624958038
"LH","2026-03-05T10:00:00.000000",1.50748431682587
"LH","2026-03-05T11:00:00.000000",1.51401662826538
"LH","2026-03-05T12:00:00.000000",1.51401662826538
"LH","2026-03-05T13:00:00.000000",1.51401662826538
"LH","2026-03-05T14:00:00.000000",1.50823199748993
"LH","2026-03-05T15:00:00.000000",1.52327072620392
"LH","2026-03-05T16:00:00.000000",1.5627304315567
"LH","2026-03-05T17:00:00.000000",1.57197892665863
"LH","2026-03-05T18:00:00.000000",1.57265496253967
"LH","2026-03-05T19:00:00.000000",1.57806074619293
"LH","2026-03-05T20:00:00.000000",1.52394616603851
"LH","2026-03-05T21:00:00.000000",1.51858711242676
"LH","2026-03-05T22:00:00.000000",1.52368652820587
"LH","2026-03-05T23:00:00.000000",1.54816436767578
"LH","2026-03-06T00:00:00.000000",1.54816436767578
"LH","2026-03-06T01:00:00.000000",1.54816436767578
"LH","2026-03-06T02:00:00.000000",1.63623738288879
"LH","2026-03-06T03:00:00.000000",1.65402340888977
"LH","2026-03-06T04:00:00.000000",1.67995381355286
"LH","2026-03-06T05:00:00.000000",1.69351100921631
"LH","2026-03-06T06:00:00.000000",1.69888174533844
"LH","2026-03-06T07:00:00.000000",1.69611477851868
"LH","2026-03-06T08:00:00.000000",1.69091951847076
"LH","2026-03-06T09:00:00.000000",1.6729564666748
"LH","2026-03-06T10:00:00.000000",1.69852471351624
"LH","2026-03-06T11:00:00.000000",1.69084167480469
"LH","2026-03-06T12:00:00.000000",1.70743656158447
"LH","2026-03-06T13:00:00.000000",1.70743656158447
"LH","2026-03-06T14:00:00.000000",1.70743656158447
"LH","2026-03-06T15:00:00.000000",1.7216717004776
"LH","2026-03-06T16:00:00.000000",1.7534042596817
"LH","2026-03-06T17:00:00.000000",1.74870836734772
"LH","2026-03-06T18:00:00.000000",1.74605977535248
"LH","2026-03-06T19:00:00.000000",1.74749875068665
"LH","2026-03-06T20:00:00.000000",1.76144790649414
"LH","2026-03-06T21:00:00.000000",1.72626149654388
"LH","2026-03-06T22:00:00.000000",1.7268602848053
"LH","2026-03-06T23:00:00.000000",1.73783683776855
"LH","2026-03-07T00:00:00.000000",1.75727701187134
"LH","2026-03-07T01:00:00.000000",1.75727701187134
"LH","2026-03-07T02:00:00.000000",1.75727701187134
"LH","2026-03-07T03:00:00.000000",1.86273539066315
"LH","2026-03-07T04:00:00.000000",1.85886573791504
"LH","2026-03-07T05:00:00.000000",1.8301956653595
"LH","2026-03-07T06:00:00.000000",1.82599031925201
"LH","2026-03-07T07:00:00.000000",1.82565903663635
"LH","2026-03-07T08:00:00.000000",1.86385786533356
"LH","2026-03-07T09:00:00.000000",1.87834489345551
"LH","2026-03-07T10:00:00.000000",1.89226305484772
"LH","2026-03-07T11:00:00.000000",1.89721989631653
"LH","2026-03-07T12:00:00.000000",1.90487098693848
"LH","2026-03-07T13:00:00.000000",1.90524959564209
"LH","2026-03-07T14:00:00.000000",1.90524959564209
"LH","2026-03-07T15:00:00.000000",1.90524959564209
"LH","2026-03-07T16:00:00.000000",1.92732167243958
"LH","2026-03-07T17:00:00.000000",1.94301414489746
"LH","2026-03-07T18:00:00.000000",1.94592988491058
"LH","2026-03-07T19:00:00.000000",1.94049382209778
"LH","2026-03-07T20:00:00.000000",1.93304026126862
"LH","2026-03-07T21:00:00.000000",1.94284784793854
"LH","2026-03-07T22:00:00.000000",1.93373072147369
"LH","2026-03-07T23:00:00.000000",1.93848896026611
"LH","2026-03-08T00:00:00.000000",1.96497368812561
"LH","2026-03-08T01:00:00.000000",1.96868801116943
"LH","2026-03-08T02:00:00.000000",1.96868801116943
"LH","2026-03-08T03:00:00.000000",1.96868801116943
"LH","2026-03-08T04:00:00.000000",1.9968169927597
"LH","2026-03-08T05:00:00.000000",1.99374806880951
"LH","2026-03-08T06:00:00.000000",2.01866722106934
"LH","2026-03-08T07:00:00.000000",2.02572727203369
"LH","2026-03-08T08:00:00.000000",2.01586890220642
"LH","2026-03-08T09:00:00.000000",2.01798105239868
"LH","2026-03-08T10:00:00.000000",2.00945162773132
"LH","2026-03-08T11:00:00.000000",2.01598691940308
"LH","2026-03-08T12:00:00.000000",2.01255130767822
"LH","2026-03-08T13:00:00.000000",2.02567386627197
"LH","2026-03-08T14:00:00.000000",2.02567386627197
"LH","2026-03-08T15:00:00.000000",2.02567386627197
"LH","2026-03-08T16:00:00.000000",2.02567386627197
"LH","2026-03-08T17:00:00.000000",2.12425684928894
"LH","2026-03-08T18:00:00.000000",2.22546744346619
"LH","2026-03-08T19:00:00.000000",2.32016730308533
"LH","2026-03-08T20:00:00.000000",2.31747031211853
"LH","2026-03-08T21:00:00.000000",2.24228024482727
"LH","2026-03-08T22:00:00.000000",2.14471459388733
"LH","2026-03-08T23:00:00.000000",2.12343907356262
"LH","2026-03-09T00:00:00.000000",2.12959980964661
"LH","2026-03-09T01:00:00.000000",2.15087223052979
"LH","2026-03-09T02:00:00.000000",2.15087223052979
"LH","2026-03-09T03:00:00.000000",2.15087223052979
"LH","2026-03-09T04:00:00.000000",2.15087223052979
"LH","2026-03-09T05:00:00.000000",2.16386103630066
"LH","2026-03-09T06:00:00.000000",2.18412470817566
"LH","2026-03-09T07:00:00.000000",2.25183272361755
"LH","2026-03-09T08:00:00.000000",2.2558925151825
"LH","2026-03-09T09:00:00.000000",2.22998881340027
"LH","2026-03-09T10:00:00.000000",2.19671678543091
"LH","2026-03-09T11:00:00.000000",2.2150022983551
"LH","2026-03-09T12:00:00.000000",2.22007703781128
"LH","2026-03-09T13:00:00.000000",2.22740650177002
"LH","2026-03-09T14:00:00.000000",2.22747707366943
"LH","2026-03-09T15:00:00.000000",2.22747707366943
"LH","2026-03-09T16:00:00.000000",2.22747707366943
"LH","2026-03-09T17:00:00.000000",2.22985625267029
"LH","2026-03-09T18:00:00.000000",2.39328145980835
"LH","2026-03-09T19:00:00.000000",2.50819635391235
"LH","2026-03-09T20:00:00.000000",2.58341145515442
"LH","2026-03-09T21:00:00.000000",2.56259322166443
"LH","2026-03-09T22:00:00.000000",2.4920961856842
"LH","2026-03-09T23:00:00.000000",2.36968159675598
"LH","2026-03-10T00:00:00.000000",2.34459924697876
"LH","2026-03-10T01:00:00.000000",2.35215926170349
"LH","2026-03-10T02:00:00.000000",2.37818622589111
"LH","2026-03-10T03:00:00.000000",2.37818622589111
"LH","2026-03-10T04:00:00.000000",2.37818622589111
"LH","2026-03-10T05:00:00.000000",2.36539459228516
"LH","2026-03-10T06:00:00.000000",2.34900617599487
"LH","2026-03-10T07:00:00.000000",2.38207912445068
"LH","2026-03-10T08:00:00.000000",2.41115283966064
"LH","2026-03-10T09:00:00.000000",2.41083407402039
"LH","2026-03-10T10:00:00.000000",2.38316607475281
"LH","2026-03-10T11:00:00.000000",2.37024569511414
"LH","2026-03-10T12:00:00.000000",2.4089138507843
"LH","2026-03-10T13:00:00.000000",2.44733691215515
"LH","2026-03-10T14:00:00.000000",2.46024036407471
"LH","2026-03-10T15:00:00.000000",2.46024036407471
"LH","2026-03-10T16:00:00.000000",2.46024036407471
"LH","2026-03-10T17:00:00.000000",2.46024036407471
"LH","2026-03-10T18:00:00.000000",2.49754548072815
"LH","2026-03-10T19:00:00.000000",2.61568570137024
"LH","2026-03-10T20:00:00.000000",2.71243572235107
"LH","2026-03-10T21:00:00.000000",2.76909828186035
"LH","2026-03-10T22:00:00.000000",2.74373960494995
"LH","2026-03-10T23:00:00.000000",2.63236498832703
"LH","2026-03-11T00:00:00.000000",2.5613169670105
"NB","2026-03-05T00:00:00.000000",2.41369342803955
"NB","2026-03-05T01:00:00.000000",2.29406118392944
"NB","2026-03-05T02:00:00.000000",2.21413135528564
"NB","2026-03-05T03:00:00.000000",2.18389105796814
"NB","2026-03-05T04:00:00.000000",2.1811089515686
"NB","2026-03-05T05:00:00.000000",2.17572641372681
"NB","2026-03-05T06:00:00.000000",2.18435645103455
"NB","2026-03-05T07:00:00.000000",2.18995642662048
"NB","2026-03-05T08:00:00.000000",2.19443893432617
"NB","2026-03-05T09:00:00.000000",2.20148992538452
"NB","2026-03-05T10:00:00.000000",2.20559406280518
"NB","2026-03-05T11:00:00.000000",2.20559406280518
"NB","2026-03-05T12:00:00.000000",2.20559406280518
"NB","2026-03-05T13:00:00.000000",2.20284199714661
"NB","2026-03-05T14:00:00.000000",2.1987292766571
"NB","2026-03-05T15:00:00.000000",2.19969487190247
"NB","2026-03-05T16:00:00.000000",2.20260572433472
"NB","2026-03-05T17:00:00.000000",2.20325112342834
"NB","2026-03-05T18:00:00.000000",2.20493006706238
"NB","2026-03-05T19:00:00.000000",2.2116916179657
"NB","2026-03-05T20:00:00.000000",2.22589755058289
"NB","2026-03-05T21:00:00.000000",2.23700332641602
"NB","2026-03-05T22:00:00.000000",2.24139094352722
"NB","2026-03-05T23:00:00.000000",2.24142980575562
"NB","2026-03-06T00:00:00.000000",2.24142980575562
"NB","2026-03-06T01:00:00.000000",2.24142980575562
"NB","2026-03-06T02:00:00.000000",2.55884742736816
"NB","2026-03-06T03:00:00.000000",2.56254601478577
"NB","2026-03-06T04:00:00.000000",2.5555477142334
"NB","2026-03-06T05:00:00.000000",2.54731035232544
"NB","2026-03-06T06:00:00.000000",2.54257941246033
"NB","2026-03-06T07:00:00.000000",2.54047417640686
"NB","2026-03-06T08:00:00.000000",2.53991317749023
"NB","2026-03-06T09:00:00.000000",2.53976368904114
"NB","2026-03-06T10:00:00.000000",2.53945350646973
"NB","2026-03-06T11:00:00.000000",2.53945922851562
"NB","2026-03-06T12:00:00.000000",2.53945922851562
"NB","2026-03-06T13:00:00.000000",2.53945922851562
"NB","2026-03-06T14:00:00.000000",2.53944373130798
"NB","2026-03-06T15:00:00.000000",2.53471875190735
"NB","2026-03-06T16:00:00.000000",2.53529715538025
"NB","2026-03-06T17:00:00.000000",2.52701854705811
"NB","2026-03-06T18:00:00.000000",2.52032542228699
"NB","2026-03-06T19:00:00.000000",2.51902198791504
"NB","2026-03-06T20:00:00.000000",2.5190064907074
"NB","2026-03-06T21:00:00.000000",2.53383898735046
"NB","2026-03-06T22:00:00.000000",2.57366275787354
"NB","2026-03-06T23:00:00.000000",2.58272910118103
"NB","2026-03-07T00:00:00.000000",2.58273601531982
"NB","2026-03-07T01:00:00.000000",2.58273601531982
"NB","2026-03-07T02:00:00.000000",2.82721853256226
"NB","2026-03-07T03:00:00.000000",2.83126378059387
"NB","2026-03-07T04:00:00.000000",2.83184695243835
"NB","2026-03-07T05:00:00.000000",2.83377885818481
"NB","2026-03-07T06:00:00.000000",2.83470225334167
"NB","2026-03-07T07:00:00.000000",2.83557558059692
"NB","2026-03-07T08:00:00.000000",2.84327507019043
"NB","2026-03-07T09:00:00.000000",2.84661936759949
"NB","2026-03-07T10:00:00.000000",2.8497302532196
"NB","2026-03-07T11:00:00.000000",2.85023617744446
"NB","2026-03-07T12:00:00.000000",2.85023593902588
"NB","2026-03-07T13:00:00.000000",2.85023593902588
"NB","2026-03-07T14:00:00.000000",2.85023593902588
"NB","2026-03-07T15:00:00.000000",2.87441873550415
"NB","2026-03-07T16:00:00.000000",2.89745020866394
"NB","2026-03-07T17:00:00.000000",2.92762112617493
"NB","2026-03-07T18:00:00.000000",2.95236086845398
"NB","2026-03-07T19:00:00.000000",2.98237872123718
"NB","2026-03-07T20:00:00.000000",3.01517176628113
"NB","2026-03-07T21:00:00.000000",3.04512405395508
"NB","2026-03-07T22:00:00.000000",3.05242896080017
"NB","2026-03-07T23:00:00.000000",3.06514549255371
"NB","2026-03-08T00:00:00.000000",3.06680297851562
"NB","2026-03-08T01:00:00.000000",3.06746292114258
"NB","2026-03-08T02:00:00.000000",3.09325003623962
"NB","2026-03-08T03:00:00.000000",3.10281181335449
"NB","2026-03-08T04:00:00.000000",3.108402967453
"NB","2026-03-08T05:00:00.000000",3.10967063903809
"NB","2026-03-08T06:00:00.000000",3.12695670127869
"NB","2026-03-08T07:00:00.000000",3.13845181465149
"NB","2026-03-08T08:00:00.000000",3.14984941482544
"NB","2026-03-08T09:00:00.000000",3.16792345046997
"NB","2026-03-08T10:00:00.000000",3.16792488098145
"NB","2026-03-08T11:00:00.000000",3.16856813430786
"NB","2026-03-08T12:00:00.000000",3.17741012573242
"NB","2026-03-08T13:00:00.000000",3.17741012573242
"NB","2026-03-08T14:00:00.000000",3.17741012573242
"NB","2026-03-08T15:00:00.000000",3.26463937759399
"NB","2026-03-08T16:00:00.000000",3.32015872001648
"NB","2026-03-08T17:00:00.000000",3.37188386917114
"NB","2026-03-08T18:00:00.000000",3.42478346824646
"NB","2026-03-08T19:00:00.000000",3.46436500549316
"NB","2026-03-08T20:00:00.000000",3.46754050254822
"NB","2026-03-08T21:00:00.000000",3.42433524131775
"NB","2026-03-08T22:00:00.000000",3.4061074256897
"NB","2026-03-08T23:00:00.000000",3.41733407974243
"NB","2026-03-09T00:00:00.000000",3.44797444343567
"NB","2026-03-09T01:00:00.000000",3.51607513427734
"NB","2026-03-09T02:00:00.000000",3.51607513427734
"NB","2026-03-09T03:00:00.000000",3.49388551712036
"NB","2026-03-09T04:00:00.000000",3.48704600334167
"NB","2026-03-09T05:00:00.000000",3.49096155166626
"NB","2026-03-09T06:00:00.000000",3.50648665428162
"NB","2026-03-09T07:00:00.000000",3.52132725715637
"NB","2026-03-09T08:00:00.000000",3.53190875053406
"NB","2026-03-09T09:00:00.000000",3.54672789573669
"NB","2026-03-09T10:00:00.000000",3.57636952400208
"NB","2026-03-09T11:00:00.000000",3.60589838027954
"NB","2026-03-09T12:00:00.000000",3.60655975341797
"NB","2026-03-09T13:00:00.000000",3.60655975341797
"NB","2026-03-09T14:00:00.000000",3.60655975341797
"NB","2026-03-09T15:00:00.000000",3.60655975341797
"NB","2026-03-09T16:00:00.000000",3.62979865074158
"NB","2026-03-09T17:00:00.000000",3.6914963722229
"NB","2026-03-09T18:00:00.000000",3.73320698738098
"NB","2026-03-09T19:00:00.000000",3.75959777832031
"NB","2026-03-09T20:00:00.000000",3.77627944946289
"NB","2026-03-09T21:00:00.000000",3.78656697273254
"NB","2026-03-09T22:00:00.000000",3.79150772094727
"NB","2026-03-09T23:00:00.000000",3.79150772094727
"NB","2026-03-10T00:00:00.000000",3.79150390625
"NB","2026-03-10T01:00:00.000000",3.79149889945984
"NB","2026-03-10T02:00:00.000000",3.79148149490356
"NB","2026-03-10T03:00:00.000000",3.78757262229919
"NB","2026-03-10T04:00:00.000000",3.76551985740662
"NB","2026-03-10T05:00:00.000000",3.74947810173035
"NB","2026-03-10T06:00:00.000000",3.73905229568481
"NB","2026-03-10T07:00:00.000000",3.72614216804504
"NB","2026-03-10T08:00:00.000000",3.71472144126892
"NB","2026-03-10T09:00:00.000000",3.71176981925964
"NB","2026-03-10T10:00:00.000000",3.72994685173035
"NB","2026-03-10T11:00:00.000000",3.78347849845886
"NB","2026-03-10T12:00:00.000000",3.79089736938477
"NB","2026-03-10T13:00:00.000000",3.79089736938477
"NB","2026-03-10T14:00:00.000000",3.79089736938477
"NB","2026-03-10T15:00:00.000000",3.79089736938477
"NB","2026-03-10T16:00:00.000000",3.81452417373657
"NB","2026-03-10T17:00:00.000000",3.85576438903809
"NB","2026-03-10T18:00:00.000000",3.90796828269958
"NB","2026-03-10T19:00:00.000000",3.98233461380005
"NB","2026-03-10T20:00:00.000000",4.01790237426758
"NB","2026-03-10T21:00:00.000000",4.03578567504883
"NB","2026-03-10T22:00:00.000000",4.04168081283569
"NB","2026-03-10T23:00:00.000000",4.04240560531616
"NB","2026-03-11T00:00:00.000000",4.04240560531616
"PC","2026-03-05T00:00:00.000000",1.74019992351532
"PC","2026-03-05T01:00:00.000000",1.84238886833191
"PC","2026-03-05T02:00:00.000000",1.85803270339966
"PC","2026-03-05T03:00:00.000000",1.85842704772949
"PC","2026-03-05T04:00:00.000000",1.89808082580566
"PC","2026-03-05T05:00:00.000000",2.02187991142273
"PC","2026-03-05T06:00:00.000000",2.07283020019531
"PC","2026-03-05T07:00:00.000000",2.06070041656494
"PC","2026-03-05T08:00:00.000000",1.95331954956055
"PC","2026-03-05T09:00:00.000000",1.93420124053955
"PC","2026-03-05T10:00:00.000000",1.9181569814682
"PC","2026-03-05T11:00:00.000000",1.91451513767242
"PC","2026-03-05T12:00:00.000000",1.914142370224
"PC","2026-03-05T13:00:00.000000",1.91422271728516
"PC","2026-03-05T14:00:00.000000",1.91433501243591
"PC","2026-03-05T15:00:00.000000",1.91682422161102
"PC","2026-03-05T16:00:00.000000",1.97183609008789
"PC","2026-03-05T17:00:00.000000",2.07329344749451
"PC","2026-03-05T18:00:00.000000",2.14209318161011
"PC","2026-03-05T19:00:00.000000",2.13855195045471
"PC","2026-03-05T20:00:00.000000",2.06311249732971
"PC","2026-03-05T21:00:00.000000",2.01217746734619
"PC","2026-03-05T22:00:00.000000",1.98863279819489
"PC","2026-03-05T23:00:00.000000",1.98143887519836
"PC","2026-03-06T00:00:00.000000",1.98038721084595
"PC","2026-03-06T01:00:00.000000",2.07298970222473
"PC","2026-03-06T02:00:00.000000",2.08681893348694
"PC","2026-03-06T03:00:00.000000",2.08615398406982
"PC","2026-03-06T04:00:00.000000",2.13442301750183
"PC","2026-03-06T05:00:00.000000",2.20646524429321
"PC","2026-03-06T06:00:00.000000",2.26809668540955
"PC","2026-03-06T07:00:00.000000",2.27585458755493
"PC","2026-03-06T08:00:00.000000",2.25921440124512
"PC","2026-03-06T09:00:00.000000",2.17842268943787
"PC","2026-03-06T10:00:00.000000",2.16273546218872
"PC","2026-03-06T11:00:00.000000",2.14921355247498
"PC","2026-03-06T12:00:00.000000",2.14601230621338
"PC","2026-03-06T13:00:00.000000",2.1457085609436
"PC","2026-03-06T14:00:00.000000",2.1457097530365
"PC","2026-03-06T15:00:00.000000",2.14553546905518
"PC","2026-03-06T16:00:00.000000",2.1750864982605
"PC","2026-03-06T17:00:00.000000",2.23400378227234
"PC","2026-03-06T18:00:00.000000",2.32281613349915
"PC","2026-03-06T19:00:00.000000",2.35005831718445
"PC","2026-03-06T20:00:00.000000",2.32872629165649
"PC","2026-03-06T21:00:00.000000",2.24651503562927
"PC","2026-03-06T22:00:00.000000",2.22811150550842
"PC","2026-03-06T23:00:00.000000",2.21268248558044
"PC","2026-03-07T00:00:00.000000",2.20833802223206
"PC","2026-03-07T01:00:00.000000",2.20038294792175
"PC","2026-03-07T02:00:00.000000",2.1990602016449
"PC","2026-03-07T03:00:00.000000",2.19913077354431
"PC","2026-03-07T04:00:00.000000",2.20135927200317
"PC","2026-03-07T05:00:00.000000",2.2398533821106
"PC","2026-03-07T06:00:00.000000",2.27090430259705
"PC","2026-03-07T07:00:00.000000",2.3025643825531
"PC","2026-03-07T08:00:00.000000",2.29496169090271
"PC","2026-03-07T09:00:00.000000",2.2597062587738
"PC","2026-03-07T10:00:00.000000",2.24227118492126
"PC","2026-03-07T11:00:00.000000",2.23540568351746
"PC","2026-03-07T12:00:00.000000",2.23291110992432
"PC","2026-03-07T13:00:00.000000",2.23275256156921
"PC","2026-03-07T14:00:00.000000",2.2328929901123
"PC","2026-03-07T15:00:00.000000",2.23316955566406
"PC","2026-03-07T16:00:00.000000",2.23369407653809
"PC","2026-03-07T17:00:00.000000",2.24302768707275
"PC","2026-03-07T18:00:00.000000",2.33109831809998
"PC","2026-03-07T19:00:00.000000",2.38561296463013
"PC","2026-03-07T20:00:00.000000",2.38844442367554
"PC","2026-03-07T21:00:00.000000",2.35506987571716
"PC","2026-03-07T22:00:00.000000",2.31514835357666
"PC","2026-03-07T23:00:00.000000",2.3024582862854
"PC","2026-03-08T00:00:00.000000",2.29683208465576
"PC","2026-03-08T01:00:00.000000",2.29668021202087
"PC","2026-03-08T02:00:00.000000",2.2967529296875
"PC","2026-03-08T03:00:00.000000",2.2970883846283
"PC","2026-03-08T04:00:00.000000",2.2978892326355
"PC","2026-03-08T05:00:00.000000",2.31229686737061
"PC","2026-03-08T06:00:00.000000",2.36902213096619
"PC","2026-03-08T07:00:00.000000",2.39194083213806
"PC","2026-03-08T08:00:00.000000",2.39226794242859
"PC","2026-03-08T09:00:00.000000",2.38084769248962
"PC","2026-03-08T10:00:00.000000",2.34715390205383
"PC","2026-03-08T11:00:00.000000",2.34234309196472
"PC","2026-03-08T12:00:00.000000",2.34097695350647
"PC","2026-03-08T13:00:00.000000",2.34113359451294
"PC","2026-03-08T14:00:00.000000",2.34158039093018
"PC","2026-03-08T15:00:00.000000",2.34194278717041
"PC","2026-03-08T16:00:00.000000",2.34227466583252
"PC","2026-03-08T17:00:00.000000",2.34284996986389
"PC","2026-03-08T18:00:00.000000",2.34419083595276
"PC","2026-03-08T19:00:00.000000",2.4448869228363
"PC","2026-03-08T20:00:00.000000",2.56921076774597
"PC","2026-03-08T21:00:00.000000",2.55285573005676
"PC","2026-03-08T22:00:00.000000",2.45804476737976
"PC","2026-03-08T23:00:00.000000",2.41766357421875
"PC","2026-03-09T00:00:00.000000",2.41273760795593
"PC","2026-03-09T01:00:00.000000",2.41385984420776
"PC","2026-03-09T02:00:00.000000",2.41552233695984
"PC","2026-03-09T03:00:00.000000",2.41646718978882
"PC","2026-03-09T04:00:00.000000",2.41665625572205
"PC","2026-03-09T05:00:00.000000",2.4169545173645
"PC","2026-03-09T06:00:00.000000",2.44275236129761
"PC","2026-03-09T07:00:00.000000",2.52047967910767
"PC","2026-03-09T08:00:00.000000",2.56638550758362
"PC","2026-03-09T09:00:00.000000",2.56358575820923
"PC","2026-03-09T10:00:00.000000",2.51594996452332
"PC","2026-03-09T11:00:00.000000",2.48523616790771
"PC","2026-03-09T12:00:00.000000",2.47582221031189
"PC","2026-03-09T13:00:00.000000",2.47397017478943
"PC","2026-03-09T14:00:00.000000",2.47461986541748
"PC","2026-03-09T15:00:00.000000",2.47513175010681
"PC","2026-03-09T16:00:00.000000",2.47469091415405
"PC","2026-03-09T17:00:00.000000",2.47467613220215
"PC","2026-03-09T18:00:00.000000",2.47495055198669
"PC","2026-03-09T19:00:00.000000",2.4907910823822
"PC","2026-03-09T20:00:00.000000",2.66295599937439
"PC","2026-03-09T21:00:00.000000",2.81315636634827
"PC","2026-03-09T22:00:00.000000",2.73654937744141
"PC","2026-03-09T23:00:00.000000",2.61434102058411
"PC","2026-03-10T00:00:00.000000",2.5788676738739
"PC","2026-03-10T01:00:00.000000",2.57497358322144
"PC","2026-03-10T02:00:00.000000",2.57775926589966
"PC","2026-03-10T03:00:00.000000",2.58007407188416
"PC","2026-03-10T04:00:00.000000",2.5807728767395
"PC","2026-03-10T05:00:00.000000",2.58066582679749
"PC","2026-03-10T06:00:00.000000",2.58282828330994
"PC","2026-03-10T07:00:00.000000",2.66645073890686
"PC","2026-03-10T08:00:00.000000",2.7612099647522
"PC","2026-03-10T09:00:00.000000",2.8093798160553
"PC","2026-03-10T10:00:00.000000",2.78648734092712
"PC","2026-03-10T11:00:00.000000",2.69697713851929
"PC","2026-03-10T12:00:00.000000",2.66008162498474
"PC","2026-03-10T13:00:00.000000",2.65174460411072
"PC","2026-03-10T14:00:00.000000",2.65128302574158
"PC","2026-03-10T15:00:00.000000",2.65265345573425
"PC","2026-03-10T16:00:00.000000",2.65346527099609
"PC","2026-03-10T17:00:00.000000",2.65351247787476
"PC","2026-03-10T18:00:00.000000",2.65390658378601
"PC","2026-03-10T19:00:00.000000",2.65434598922729
"PC","2026-03-10T20:00:00.000000",2.68001103401184
"PC","2026-03-10T21:00:00.000000",2.85225415229797
"PC","2026-03-10T22:00:00.000000",2.93354344367981
"PC","2026-03-10T23:00:00.000000",2.82206535339355
"PC","2026-03-11T00:00:00.000000",2.73737573623657
"PV","2026-03-05T00:00:00.000000",2.59965705871582
"PV","2026-03-05T01:00:00.000000",1.90853726863861
"PV","2026-03-05T02:00:00.000000",1.61867427825928
"PV","2026-03-05T03:00:00.000000",1.56102108955383
"PV","2026-03-05T04:00:00.000000",1.52722871303558
"PV","2026-03-05T05:00:00.000000",1.50925672054291
"PV","2026-03-05T06:00:00.000000",1.49214482307434
"PV","2026-03-05T07:00:00.000000",1.46928548812866
"PV","2026-03-05T08:00:00.000000",1.48884749412537
"PV","2026-03-05T09:00:00.000000",1.51579630374908
"PV","2026-03-05T10:00:00.000000",1.52370166778564
"PV","2026-03-05T11:00:00.000000",1.52370166778564
"PV","2026-03-05T12:00:00.000000",1.52370166778564
"PV","2026-03-05T13:00:00.000000",1.55011129379272
"PV","2026-03-05T14:00:00.000000",1.55937504768372
"PV","2026-03-05T15:00:00.000000",1.56375658512115
"PV","2026-03-05T16:00:00.000000",1.56521320343018
"PV","2026-03-05T17:00:00.000000",1.55934298038483
"PV","2026-03-05T18:00:00.000000",1.55339646339417
"PV","2026-03-05T19:00:00.000000",1.5696839094162
"PV","2026-03-05T20:00:00.000000",1.58930242061615
"PV","2026-03-05T21:00:00.000000",1.61082208156586
"PV","2026-03-05T22:00:00.000000",1.63274371623993
"PV","2026-03-05T23:00:00.000000",1.63275527954102
"PV","2026-03-06T00:00:00.000000",1.63275527954102
"PV","2026-03-06T01:00:00.000000",1.67991030216217
"PV","2026-03-06T02:00:00.000000",1.69234013557434
"PV","2026-03-06T03:00:00.000000",1.702751994133
"PV","2026-03-06T04:00:00.000000",1.70310842990875
"PV","2026-03-06T05:00:00.000000",1.7059383392334
"PV","2026-03-06T06:00:00.000000",1.70717322826385
"PV","2026-03-06T07:00:00.000000",1.70725405216217
"PV","2026-03-06T08:00:00.000000",1.71088111400604
"PV","2026-03-06T09:00:00.000000",1.71477401256561
"PV","2026-03-06T10:00:00.000000",1.72169721126556
"PV","2026-03-06T11:00:00.000000",1.72169196605682
"PV","2026-03-06T12:00:00.000000",1.72169923782349
"PV","2026-03-06T13:00:00.000000",1.72169923782349
"PV","2026-03-06T14:00:00.000000",1.7584114074707
"PV","2026-03-06T15:00:00.000000",1.77269780635834
"PV","2026-03-06T16:00:00.000000",1.7788337469101
"PV","2026-03-06T17:00:00.000000",1.77529513835907
"PV","2026-03-06T18:00:00.000000",1.767946600914
"PV","2026-03-06T19:00:00.000000",1.76791477203369
"PV","2026-03-06T20:00:00.000000",1.7721928358078
"PV","2026-03-06T21:00:00.000000",1.77289640903473
"PV","2026-03-06T22:00:00.000000",1.78830993175507
"PV","2026-03-06T23:00:00.000000",1.81003987789154
"PV","2026-03-07T00:00:00.000000",1.81003475189209
"PV","2026-03-07T01:00:00.000000",1.81003475189209
"PV","2026-03-07T02:00:00.000000",1.87456405162811
"PV","2026-03-07T03:00:00.000000",1.89242386817932
"PV","2026-03-07T04:00:00.000000",1.8908064365387
"PV","2026-03-07T05:00:00.000000",1.89066052436829
"PV","2026-03-07T06:00:00.000000",1.88685977458954
"PV","2026-03-07T07:00:00.000000",1.8757791519165
"PV","2026-03-07T08:00:00.000000",1.88639163970947
"PV","2026-03-07T09:00:00.000000",1.8949921131134
"PV","2026-03-07T10:00:00.000000",1.90008699893951
"PV","2026-03-07T11:00:00.000000",1.90512776374817
"PV","2026-03-07T12:00:00.000000",1.90854597091675
"PV","2026-03-07T13:00:00.000000",1.90854597091675
"PV","2026-03-07T14:00:00.000000",1.91784811019897
"PV","2026-03-07T15:00:00.000000",1.92552757263184
"PV","2026-03-07T16:00:00.000000",1.94415593147278
"PV","2026-03-07T17:00:00.000000",1.95017969608307
"PV","2026-03-07T18:00:00.000000",1.94783747196198
"PV","2026-03-07T19:00:00.000000",1.95114862918854
"PV","2026-03-07T20:00:00.000000",1.97215068340302
"PV","2026-03-07T21:00:00.000000",1.99306833744049
"PV","2026-03-07T22:00:00.000000",2.00796031951904
"PV","2026-03-07T23:00:00.000000",2.02321124076843
"PV","2026-03-08T00:00:00.000000",2.0292546749115
"PV","2026-03-08T01:00:00.000000",2.02910089492798
"PV","2026-03-08T02:00:00.000000",2.03584456443787
"PV","2026-03-08T03:00:00.000000",2.05259585380554
"PV","2026-03-08T04:00:00.000000",2.08171153068542
"PV","2026-03-08T05:00:00.000000",2.08634376525879
"PV","2026-03-08T06:00:00.000000",2.08693814277649
"PV","2026-03-08T07:00:00.000000",2.08091235160828
"PV","2026-03-08T08:00:00.000000",2.0747344493866
"PV","2026-03-08T09:00:00.000000",2.08764386177063
"PV","2026-03-08T10:00:00.000000",2.1047260761261
"PV","2026-03-08T11:00:00.000000",2.12405586242676
"PV","2026-03-08T12:00:00.000000",2.12405586242676
"PV","2026-03-08T13:00:00.000000",2.12405586242676
"PV","2026-03-08T14:00:00.000000",2.12405586242676
"PV","2026-03-08T15:00:00.000000",2.13422656059265
"PV","2026-03-08T16:00:00.000000",2.14981818199158
"PV","2026-03-08T17:00:00.000000",2.17221331596375
"PV","2026-03-08T18:00:00.000000",2.18825531005859
"PV","2026-03-08T19:00:00.000000",2.20489192008972
"PV","2026-03-08T20:00:00.000000",2.22340536117554
"PV","2026-03-08T21:00:00.000000",2.2629988193512
"PV","2026-03-08T22:00:00.000000",2.29594254493713
"PV","2026-03-08T23:00:00.000000",2.3148181438446
"PV","2026-03-09T00:00:00.000000",2.34398508071899
"PV","2026-03-09T01:00:00.000000",2.36573219299316
"PV","2026-03-09T02:00:00.000000",2.36573219299316
"PV","2026-03-09T03:00:00.000000",2.36573004722595
"PV","2026-03-09T04:00:00.000000",2.36613607406616
"PV","2026-03-09T05:00:00.000000",2.37304615974426
"PV","2026-03-09T06:00:00.000000",2.36619472503662
"PV","2026-03-09T07:00:00.000000",2.35670948028564
"PV","2026-03-09T08:00:00.000000",2.34178781509399
"PV","2026-03-09T09:00:00.000000",2.31867671012878
"PV","2026-03-09T10:00:00.000000",2.31627774238586
"PV","2026-03-09T11:00:00.000000",2.33523035049438
"PV","2026-03-09T12:00:00.000000",2.34572982788086
"PV","2026-03-09T13:00:00.000000",2.34572410583496
"PV","2026-03-09T14:00:00.000000",2.34572410583496
"PV","2026-03-09T15:00:00.000000",2.34572410583496
"PV","2026-03-09T16:00:00.000000",2.34434509277344
"PV","2026-03-09T17:00:00.000000",2.35499477386475
"PV","2026-03-09T18:00:00.000000",2.37713694572449
"PV","2026-03-09T19:00:00.000000",2.39371228218079
"PV","2026-03-09T20:00:00.000000",2.41372919082642
"PV","2026-03-09T21:00:00.000000",2.45396614074707
"PV","2026-03-09T22:00:00.000000",2.51986837387085
"PV","2026-03-09T23:00:00.000000",2.55466842651367
"PV","2026-03-10T00:00:00.000000",2.57256841659546
"PV","2026-03-10T01:00:00.000000",2.59370064735413
"PV","2026-03-10T02:00:00.000000",2.61918020248413
"PV","2026-03-10T03:00:00.000000",2.62041068077087
"PV","2026-03-10T04:00:00.000000",2.62040901184082
"PV","2026-03-10T05:00:00.000000",2.61914253234863
"PV","2026-03-10T06:00:00.000000",2.6190779209137
"PV","2026-03-10T07:00:00.000000",2.61533808708191
"PV","2026-03-10T08:00:00.000000",2.60782051086426
"PV","2026-03-10T09:00:00.000000",2.59770059585571
"PV","2026-03-10T10:00:00.000000",2.57235765457153
"PV","2026-03-10T11:00:00.000000",2.57042002677917
"PV","2026-03-10T12:00:00.000000",2.5896213054657
"PV","2026-03-10T13:00:00.000000",2.60198783874512
"PV","2026-03-10T14:00:00.000000",2.60197830200195
"PV","2026-03-10T15:00:00.000000",2.60197830200195
"PV","2026-03-10T16:00:00.000000",2.58405470848083
"PV","2026-03-10T17:00:00.000000",2.5857105255127
"PV","2026-03-10T18:00:00.000000",2.60876941680908
"PV","2026-03-10T19:00:00.000000",2.62320733070374
"PV","2026-03-10T20:00:00.000000",2.64035415649414
"PV","2026-03-10T21:00:00.000000",2.66031885147095
"PV","2026-03-10T22:00:00.000000",2.69572758674622
"PV","2026-03-10T23:00:00.000000",2.73822283744812
"PV","2026-03-11T00:00:00.000000",2.75786781311035
"SH","2026-03-05T00:00:00.000000",2.05632591247559
"SH","2026-03-05T01:00:00.000000",2.05632591247559
"SH","2026-03-05T02:00:00.000000",2.12023138999939
"SH","2026-03-05T03:00:00.000000",2.12280058860779
"SH","2026-03-05T04:00:00.000000",2.12214350700378
"SH","2026-03-05T05:00:00.000000",2.12753081321716
"SH","2026-03-05T06:00:00.000000",2.12587761878967
"SH","2026-03-05T07:00:00.000000",2.13054394721985
"SH","2026-03-05T08:00:00.000000",2.16751265525818
"SH","2026-03-05T09:00:00.000000",2.14811849594116
"SH","2026-03-05T10:00:00.000000",2.12926292419434
"SH","2026-03-05T11:00:00.000000",2.12047004699707
"SH","2026-03-05T12:00:00.000000",2.12047004699707
"SH","2026-03-05T13:00:00.000000",2.12047004699707
"SH","2026-03-05T14:00:00.000000",2.22905516624451
"SH","2026-03-05T15:00:00.000000",2.232661485672
"SH","2026-03-05T16:00:00.000000",2.22145247459412
"SH","2026-03-05T17:00:00.000000",2.22617220878601
"SH","2026-03-05T18:00:00.000000",2.22280597686768
"SH","2026-03-05T19:00:00.000000",2.21226406097412
"SH","2026-03-05T20:00:00.000000",2.23615050315857
"SH","2026-03-05T21:00:00.000000",2.23652768135071
"SH","2026-03-05T22:00:00.000000",2.21103477478027
"SH","2026-03-05T23:00:00.000000",2.19932270050049
"SH","2026-03-06T00:00:00.000000",2.19932270050049
"SH","2026-03-06T01:00:00.000000",2.19932270050049
"SH","2026-03-06T02:00:00.000000",2.29169535636902
"SH","2026-03-06T03:00:00.000000",2.29649043083191
"SH","2026-03-06T04:00:00.000000",2.29524397850037
"SH","2026-03-06T05:00:00.000000",2.29151153564453
"SH","2026-03-06T06:00:00.000000",2.28981924057007
"SH","2026-03-06T07:00:00.000000",2.2816150188446
"SH","2026-03-06T08:00:00.000000",2.28680610656738
"SH","2026-03-06T09:00:00.000000",2.31126642227173
"SH","2026-03-06T10:00:00.000000",2.30600595474243
"SH","2026-03-06T11:00:00.000000",2.30385494232178
"SH","2026-03-06T12:00:00.000000",2.30385494232178
"SH","2026-03-06T13:00:00.000000",2.30385494232178
"SH","2026-03-06T14:00:00.000000",2.30385494232178
"SH","2026-03-06T15:00:00.000000",2.35554194450378
"SH","2026-03-06T16:00:00.000000",2.35248565673828
"SH","2026-03-06T17:00:00.000000",2.34618020057678
"SH","2026-03-06T18:00:00.000000",2.35361051559448
"SH","2026-03-06T19:00:00.000000",2.35104012489319
"SH","2026-03-06T20:00:00.000000",2.35460519790649
"SH","2026-03-06T21:00:00.000000",2.38169312477112
"SH","2026-03-06T22:00:00.000000",2.3813579082489
"SH","2026-03-06T23:00:00.000000",2.37884712219238
"SH","2026-03-07T00:00:00.000000",2.3732647895813
"SH","2026-03-07T01:00:00.000000",2.3732647895813
"SH","2026-03-07T02:00:00.000000",2.3732647895813
"SH","2026-03-07T03:00:00.000000",2.35288429260254
"SH","2026-03-07T04:00:00.000000",2.33817458152771
"SH","2026-03-07T05:00:00.000000",2.3365306854248
"SH","2026-03-07T06:00:00.000000",2.33384919166565
"SH","2026-03-07T07:00:00.000000",2.32826089859009
"SH","2026-03-07T08:00:00.000000",2.31665658950806
"SH","2026-03-07T09:00:00.000000",2.33807992935181
"SH","2026-03-07T10:00:00.000000",2.33938694000244
"SH","2026-03-07T11:00:00.000000",2.33479690551758
"SH","2026-03-07T12:00:00.000000",2.32986545562744
"SH","2026-03-07T13:00:00.000000",2.326340675354
"SH","2026-03-07T14:00:00.000000",2.326340675354
"SH","2026-03-07T15:00:00.000000",2.35954308509827
"SH","2026-03-07T16:00:00.000000",2.37019419670105
"SH","2026-03-07T17:00:00.000000",2.37460422515869
"SH","2026-03-07T18:00:00.000000",2.3903374671936
"SH","2026-03-07T19:00:00.000000",2.411785364151
"SH","2026-03-07T20:00:00.000000",2.39558100700378
"SH","2026-03-07T21:00:00.000000",2.40539312362671
"SH","2026-03-07T22:00:00.000000",2.42434144020081
"SH","2026-03-07T23:00:00.000000",2.41767930984497
"SH","2026-03-08T00:00:00.000000",2.42862319946289
"SH","2026-03-08T01:00:00.000000",2.45071983337402
"SH","2026-03-08T02:00:00.000000",2.44995307922363
"SH","2026-03-08T03:00:00.000000",2.49602580070496
"SH","2026-03-08T04:00:00.000000",2.51545143127441
"SH","2026-03-08T05:00:00.000000",2.51896739006042
"SH","2026-03-08T06:00:00.000000",2.52316069602966
"SH","2026-03-08T07:00:00.000000",2.52944397926331
"SH","2026-03-08T08:00:00.000000",2.52835869789124
"SH","2026-03-08T09:00:00.000000",2.52691769599915
"SH","2026-03-08T10:00:00.000000",2.53454899787903
"SH","2026-03-08T11:00:00.000000",2.53546571731567
"SH","2026-03-08T12:00:00.000000",2.53546285629272
"SH","2026-03-08T13:00:00.000000",2.54553318023682
"SH","2026-03-08T14:00:00.000000",2.54553318023682
"SH","2026-03-08T15:00:00.000000",2.54553318023682
"SH","2026-03-08T16:00:00.000000",2.59334182739258
"SH","2026-03-08T17:00:00.000000",2.61102819442749
"SH","2026-03-08T18:00:00.000000",2.62969255447388
"SH","2026-03-08T19:00:00.000000",2.65222930908203
"SH","2026-03-08T20:00:00.000000",2.6762809753418
"SH","2026-03-08T21:00:00.000000",2.67020559310913
"SH","2026-03-08T22:00:00.000000",2.70243191719055
"SH","2026-03-08T23:00:00.000000",2.71497225761414
"SH","2026-03-09T00:00:00.000000",2.72213840484619
"SH","2026-03-09T01:00:00.000000",2.72213172912598
"SH","2026-03-09T02:00:00.000000",2.72213172912598
"SH","2026-03-09T03:00:00.000000",2.72213172912598
"SH","2026-03-09T04:00:00.000000",2.7454822063446
"SH","2026-03-09T05:00:00.000000",2.75186038017273
"SH","2026-03-09T06:00:00.000000",2.77518773078918
"SH","2026-03-09T07:00:00.000000",2.7979588508606
"SH","2026-03-09T08:00:00.000000",2.80761885643005
"SH","2026-03-09T09:00:00.000000",2.7796688079834
"SH","2026-03-09T10:00:00.000000",2.76957869529724
"SH","2026-03-09T11:00:00.000000",2.78037261962891
"SH","2026-03-09T12:00:00.000000",2.78089141845703
"SH","2026-03-09T13:00:00.000000",2.78089070320129
"SH","2026-03-09T14:00:00.000000",2.78089046478271
"SH","2026-03-09T15:00:00.000000",2.78089046478271
"SH","2026-03-09T16:00:00.000000",2.78089046478271
"SH","2026-03-09T17:00:00.000000",2.88810586929321
"SH","2026-03-09T18:00:00.000000",2.91180229187012
"SH","2026-03-09T19:00:00.000000",2.93104863166809
"SH","2026-03-09T20:00:00.000000",2.95530867576599
"SH","2026-03-09T21:00:00.000000",2.96718072891235
"SH","2026-03-09T22:00:00.000000",2.9592752456665
"SH","2026-03-09T23:00:00.000000",2.9928514957428
"SH","2026-03-10T00:00:00.000000",3.00165224075317
"SH","2026-03-10T01:00:00.000000",3.00092935562134
"SH","2026-03-10T02:00:00.000000",3.02159118652344
"SH","2026-03-10T03:00:00.000000",3.02157878875732
"SH","2026-03-10T04:00:00.000000",3.01833653450012
"SH","2026-03-10T05:00:00.000000",2.99035573005676
"SH","2026-03-10T06:00:00.000000",2.95145845413208
"SH","2026-03-10T07:00:00.000000",2.92452049255371
"SH","2026-03-10T08:00:00.000000",2.89754462242126
"SH","2026-03-10T09:00:00.000000",2.8919894695282
"SH","2026-03-10T10:00:00.000000",2.84841966629028
"SH","2026-03-10T11:00:00.000000",2.87801337242126
"SH","2026-03-10T12:00:00.000000",2.92465782165527
"SH","2026-03-10T13:00:00.000000",2.93056845664978
"SH","2026-03-10T14:00:00.000000",2.96408367156982
"SH","2026-03-10T15:00:00.000000",2.96415138244629
"SH","2026-03-10T16:00:00.000000",2.96415138244629
"SH","2026-03-10T17:00:00.000000",2.96415138244629
"SH","2026-03-10T18:00:00.000000",3.06168365478516
"SH","2026-03-10T19:00:00.000000",3.03309106826782
"SH","2026-03-10T20:00:00.000000",3.00799179077148
"SH","2026-03-10T21:00:00.000000",2.99987888336182
"SH","2026-03-10T22:00:00.000000",3.00484561920166
"SH","2026-03-10T23:00:00.000000",3.0144670009613
"SH","2026-03-11T00:00:00.000000",3.04770493507385
"WB","2026-03-05T00:00:00.000000",2.43117117881775
"WB","2026-03-05T01:00:00.000000",1.83458423614502
"WB","2026-03-05T02:00:00.000000",1.68334996700287
"WB","2026-03-05T03:00:00.000000",1.66190755367279
"WB","2026-03-05T04:00:00.000000",1.64690017700195
"WB","2026-03-05T05:00:00.000000",1.62481486797333
"WB","2026-03-05T06:00:00.000000",1.67643475532532
"WB","2026-03-05T07:00:00.000000",1.68506646156311
"WB","2026-03-05T08:00:00.000000",1.68151092529297
"WB","2026-03-05T09:00:00.000000",1.69812226295471
"WB","2026-03-05T10:00:00.000000",1.71151292324066
"WB","2026-03-05T11:00:00.000000",1.72250127792358
"WB","2026-03-05T12:00:00.000000",1.73249423503876
"WB","2026-03-05T13:00:00.000000",1.73201870918274
"WB","2026-03-05T14:00:00.000000",1.72453343868256
"WB","2026-03-05T15:00:00.000000",1.71251237392426
"WB","2026-03-05T16:00:00.000000",1.70788180828094
"WB","2026-03-05T17:00:00.000000",1.69715595245361
"WB","2026-03-05T18:00:00.000000",1.69032216072083
"WB","2026-03-05T19:00:00.000000",1.70966649055481
"WB","2026-03-05T20:00:00.000000",1.73318672180176
"WB","2026-03-05T21:00:00.000000",1.75202298164368
"WB","2026-03-05T22:00:00.000000",1.76377761363983
"WB","2026-03-05T23:00:00.000000",1.77047276496887
"WB","2026-03-06T00:00:00.000000",1.77738261222839
"WB","2026-03-06T01:00:00.000000",1.92386662960052
"WB","2026-03-06T02:00:00.000000",1.95410692691803
"WB","2026-03-06T03:00:00.000000",1.9509938955307
"WB","2026-03-06T04:00:00.000000",1.93665659427643
"WB","2026-03-06T05:00:00.000000",1.92796325683594
"WB","2026-03-06T06:00:00.000000",1.9242057800293
"WB","2026-03-06T07:00:00.000000",1.92781186103821
"WB","2026-03-06T08:00:00.000000",1.93646323680878
"WB","2026-03-06T09:00:00.000000",1.95749890804291
"WB","2026-03-06T10:00:00.000000",1.96677684783936
"WB","2026-03-06T11:00:00.000000",1.97504270076752
"WB","2026-03-06T12:00:00.000000",1.9744416475296
"WB","2026-03-06T13:00:00.000000",1.96640932559967
"WB","2026-03-06T14:00:00.000000",1.96270501613617
"WB","2026-03-06T15:00:00.000000",1.96104335784912
"WB","2026-03-06T16:00:00.000000",1.98892021179199
"WB","2026-03-06T17:00:00.000000",2.04454588890076
"WB","2026-03-06T18:00:00.000000",2.10588622093201
"WB","2026-03-06T19:00:00.000000",2.13128447532654
"WB","2026-03-06T20:00:00.000000",2.1278932094574
"WB","2026-03-06T21:00:00.000000",2.12463688850403
"WB","2026-03-06T22:00:00.000000",2.13840913772583
"WB","2026-03-06T23:00:00.000000",2.14311480522156
"WB","2026-03-07T00:00:00.000000",2.1499011516571
"WB","2026-03-07T01:00:00.000000",2.2011182308197
"WB","2026-03-07T02:00:00.000000",2.19451475143433
"WB","2026-03-07T03:00:00.000000",2.17657399177551
"WB","2026-03-07T04:00:00.000000",2.17018580436707
"WB","2026-03-07T05:00:00.000000",2.20410776138306
"WB","2026-03-07T06:00:00.000000",2.24540424346924
"WB","2026-03-07T07:00:00.000000",2.25641870498657
"WB","2026-03-07T08:00:00.000000",2.24421310424805
"WB","2026-03-07T09:00:00.000000",2.23538064956665
"WB","2026-03-07T10:00:00.000000",2.24850916862488
"WB","2026-03-07T11:00:00.000000",2.26262450218201
"WB","2026-03-07T12:00:00.000000",2.27294421195984
"WB","2026-03-07T13:00:00.000000",2.27853059768677
"WB","2026-03-07T14:00:00.000000",2.28361654281616
"WB","2026-03-07T15:00:00.000000",2.28472471237183
"WB","2026-03-07T16:00:00.000000",2.28359222412109
"WB","2026-03-07T17:00:00.000000",2.28898930549622
"WB","2026-03-07T18:00:00.000000",2.30381846427917
"WB","2026-03-07T19:00:00.000000",2.29385447502136
"WB","2026-03-07T20:00:00.000000",2.31314206123352
"WB","2026-03-07T21:00:00.000000",2.40893006324768
"WB","2026-03-07T22:00:00.000000",2.47613596916199
"WB","2026-03-07T23:00:00.000000",2.50948691368103
"WB","2026-03-08T00:00:00.000000",2.52615404129028
"WB","2026-03-08T01:00:00.000000",2.53254532814026
"WB","2026-03-08T02:00:00.000000",2.53658747673035
"WB","2026-03-08T03:00:00.000000",2.54120111465454
"WB","2026-03-08T04:00:00.000000",2.54171466827393
"WB","2026-03-08T05:00:00.000000",2.53765487670898
"WB","2026-03-08T06:00:00.000000",2.53204274177551
"WB","2026-03-08T07:00:00.000000",2.53579378128052
"WB","2026-03-08T08:00:00.000000",2.54682612419128
"WB","2026-03-08T09:00:00.000000",2.54894542694092
"WB","2026-03-08T10:00:00.000000",2.54890322685242
"WB","2026-03-08T11:00:00.000000",2.55290675163269
"WB","2026-03-08T12:00:00.000000",2.55967783927917
"WB","2026-03-08T13:00:00.000000",2.56393647193909
"WB","2026-03-08T14:00:00.000000",2.56824946403503
"WB","2026-03-08T15:00:00.000000",2.5833797454834
"WB","2026-03-08T16:00:00.000000",2.60415601730347
"WB","2026-03-08T17:00:00.000000",2.61890459060669
"WB","2026-03-08T18:00:00.000000",2.64761924743652
"WB","2026-03-08T19:00:00.000000",2.67867875099182
"WB","2026-03-08T20:00:00.000000",2.6643397808075
"WB","2026-03-08T21:00:00.000000",2.67458033561707
"WB","2026-03-08T22:00:00.000000",2.73755836486816
"WB","2026-03-08T23:00:00.000000",2.76606273651123
"WB","2026-03-09T00:00:00.000000",2.77627420425415
"WB","2026-03-09T01:00:00.000000",2.77941060066223
"WB","2026-03-09T02:00:00.000000",2.78194785118103
"WB","2026-03-09T03:00:00.000000",2.7815682888031
"WB","2026-03-09T04:00:00.000000",2.76879692077637
"WB","2026-03-09T05:00:00.000000",2.76149415969849
"WB","2026-03-09T06:00:00.000000",2.75471806526184
"WB","2026-03-09T07:00:00.000000",2.74886512756348
"WB","2026-03-09T08:00:00.000000",2.76226854324341
"WB","2026-03-09T09:00:00.000000",2.77472376823425
"WB","2026-03-09T10:00:00.000000",2.74542903900146
"WB","2026-03-09T11:00:00.000000",2.72567820549011
"WB","2026-03-09T12:00:00.000000",2.72819519042969
"WB","2026-03-09T13:00:00.000000",2.73551058769226
"WB","2026-03-09T14:00:00.000000",2.7403302192688
"WB","2026-03-09T15:00:00.000000",2.76373219490051
"WB","2026-03-09T16:00:00.000000",2.80277585983276
"WB","2026-03-09T17:00:00.000000",2.82689571380615
"WB","2026-03-09T18:00:00.000000",2.85146546363831
"WB","2026-03-09T19:00:00.000000",2.87423133850098
"WB","2026-03-09T20:00:00.000000",2.87249541282654
"WB","2026-03-09T21:00:00.000000",2.89262890815735
"WB","2026-03-09T22:00:00.000000",3.0022873878479
"WB","2026-03-09T23:00:00.000000",3.05402684211731
"WB","2026-03-10T00:00:00.000000",3.0812976360321
"WB","2026-03-10T01:00:00.000000",3.10022974014282
"WB","2026-03-10T02:00:00.000000",3.10853099822998
"WB","2026-03-10T03:00:00.000000",3.11082315444946
"WB","2026-03-10T04:00:00.000000",3.11545825004578
"WB","2026-03-10T05:00:00.000000",3.11118268966675
"WB","2026-03-10T06:00:00.000000",3.09920001029968
"WB","2026-03-10T07:00:00.000000",3.07788372039795
"WB","2026-03-10T08:00:00.000000",3.06800508499146
"WB","2026-03-10T09:00:00.000000",3.09122157096863
"WB","2026-03-10T10:00:00.000000",3.10353207588196
"WB","2026-03-10T11:00:00.000000",3.10648655891418
"WB","2026-03-10T12:00:00.000000",3.10676741600037
"WB","2026-03-10T13:00:00.000000",3.1084144115448
"WB","2026-03-10T14:00:00.000000",3.11172747612
"WB","2026-03-10T15:00:00.000000",3.11530232429504
"WB","2026-03-10T16:00:00.000000",3.13475322723389
"WB","2026-03-10T17:00:00.000000",3.17177057266235
"WB","2026-03-10T18:00:00.000000",3.1972348690033
"WB","2026-03-10T19:00:00.000000",3.23552107810974
"WB","2026-03-10T20:00:00.000000",3.27913737297058
"WB","2026-03-10T21:00:00.000000",3.29723405838013
"WB","2026-03-10T22:00:00.000000",3.27603149414062
"WB","2026-03-10T23:00:00.000000",3.27931451797485
"WB","2026-03-11T00:00:00.000000",3.31643152236938
"CC","2026-03-05T00:00:00.000000",1.25972902774811
"CC","2026-03-05T01:00:00.000000",0.684601306915283
"CC","2026-03-05T02:00:00.000000",0.564264178276062
"CC","2026-03-05T03:00:00.000000",0.570056259632111
"CC","2026-03-05T04:00:00.000000",0.584097743034363
"CC","2026-03-05T05:00:00.000000",0.592358887195587
"CC","2026-03-05T06:00:00.000000",0.594741225242615
"CC","2026-03-05T07:00:00.000000",0.591117084026337
"CC","2026-03-05T08:00:00.000000",0.587458968162537
"CC","2026-03-05T09:00:00.000000",0.585305333137512
"CC","2026-03-05T10:00:00.000000",0.581996619701385
"CC","2026-03-05T11:00:00.000000",0.573561310768127
"CC","2026-03-05T12:00:00.000000",0.565180242061615
"CC","2026-03-05T13:00:00.000000",0.566039323806763
"CC","2026-03-05T14:00:00.000000",0.589639782905579
"CC","2026-03-05T15:00:00.000000",0.61515873670578
"CC","2026-03-05T16:00:00.000000",0.643073916435242
"CC","2026-03-05T17:00:00.000000",0.663427650928497
"CC","2026-03-05T18:00:00.000000",0.677469074726105
"CC","2026-03-05T19:00:00.000000",0.698706805706024
"CC","2026-03-05T20:00:00.000000",0.719272255897522
"CC","2026-03-05T21:00:00.000000",0.728849172592163
"CC","2026-03-05T22:00:00.000000",0.730876684188843
"CC","2026-03-05T23:00:00.000000",0.722633540630341
"CC","2026-03-06T00:00:00.000000",0.711765468120575
"CC","2026-03-06T01:00:00.000000",0.854008436203003
"CC","2026-03-06T02:00:00.000000",0.912923157215118
"CC","2026-03-06T03:00:00.000000",0.916732668876648
"CC","2026-03-06T04:00:00.000000",0.923099756240845
"CC","2026-03-06T05:00:00.000000",0.929466664791107
"CC","2026-03-06T06:00:00.000000",0.936363041400909
"CC","2026-03-06T07:00:00.000000",0.943580985069275
"CC","2026-03-06T08:00:00.000000",0.949099123477936
"CC","2026-03-06T09:00:00.000000",0.951028227806091
"CC","2026-03-06T10:00:00.000000",0.951623260974884
"CC","2026-03-06T11:00:00.000000",0.951311945915222
"CC","2026-03-06T12:00:00.000000",0.950769603252411
"CC","2026-03-06T13:00:00.000000",0.957162201404572
"CC","2026-03-06T14:00:00.000000",0.974007070064545
"CC","2026-03-06T15:00:00.000000",1.00226819515228
"CC","2026-03-06T16:00:00.000000",1.03733420372009
"CC","2026-03-06T17:00:00.000000",1.07580387592316
"CC","2026-03-06T18:00:00.000000",1.11018061637878
"CC","2026-03-06T19:00:00.000000",1.13190126419067
"CC","2026-03-06T20:00:00.000000",1.14304184913635
"CC","2026-03-06T21:00:00.000000",1.1441398859024
"CC","2026-03-06T22:00:00.000000",1.1395548582077
"CC","2026-03-06T23:00:00.000000",1.13070273399353
"CC","2026-03-07T00:00:00.000000",1.12102246284485
"CC","2026-03-07T01:00:00.000000",1.10024392604828
"CC","2026-03-07T02:00:00.000000",1.09348773956299
"CC","2026-03-07T03:00:00.000000",1.09241008758545
"CC","2026-03-07T04:00:00.000000",1.09403431415558
"CC","2026-03-07T05:00:00.000000",1.09839868545532
"CC","2026-03-07T06:00:00.000000",1.10198605060577
"CC","2026-03-07T07:00:00.000000",1.10572743415833
"CC","2026-03-07T08:00:00.000000",1.10934460163116
"CC","2026-03-07T09:00:00.000000",1.11071848869324
"CC","2026-03-07T10:00:00.000000",1.11311745643616
"CC","2026-03-07T11:00:00.000000",1.11569559574127
"CC","2026-03-07T12:00:00.000000",1.12048697471619
"CC","2026-03-07T13:00:00.000000",1.13212144374847
"CC","2026-03-07T14:00:00.000000",1.1510055065155
"CC","2026-03-07T15:00:00.000000",1.17538118362427
"CC","2026-03-07T16:00:00.000000",1.21622276306152
"CC","2026-03-07T17:00:00.000000",1.26263177394867
"CC","2026-03-07T18:00:00.000000",1.29585635662079
"CC","2026-03-07T19:00:00.000000",1.3230265378952
"CC","2026-03-07T20:00:00.000000",1.33897519111633
"CC","2026-03-07T21:00:00.000000",1.34931230545044
"CC","2026-03-07T22:00:00.000000",1.35523390769958
"CC","2026-03-07T23:00:00.000000",1.35637712478638
"CC","2026-03-08T00:00:00.000000",1.36532390117645
"CC","2026-03-08T01:00:00.000000",1.36333966255188
"CC","2026-03-08T02:00:00.000000",1.36131346225739
"CC","2026-03-08T03:00:00.000000",1.3630565404892
"CC","2026-03-08T04:00:00.000000",1.368727684021
"CC","2026-03-08T05:00:00.000000",1.37709832191467
"CC","2026-03-08T06:00:00.000000",1.38742733001709
"CC","2026-03-08T07:00:00.000000",1.3972784280777
"CC","2026-03-08T08:00:00.000000",1.40556180477142
"CC","2026-03-08T09:00:00.000000",1.41187727451324
"CC","2026-03-08T10:00:00.000000",1.4160840511322
"CC","2026-03-08T11:00:00.000000",1.42077171802521
"CC","2026-03-08T12:00:00.000000",1.42622315883636
"CC","2026-03-08T13:00:00.000000",1.43246221542358
"CC","2026-03-08T14:00:00.000000",1.44002747535706
"CC","2026-03-08T15:00:00.000000",1.4531364440918
"CC","2026-03-08T16:00:00.000000",1.47953701019287
"CC","2026-03-08T17:00:00.000000",1.51948010921478
"CC","2026-03-08T18:00:00.000000",1.56653380393982
"CC","2026-03-08T19:00:00.000000",1.6195455789566
"CC","2026-03-08T20:00:00.000000",1.67140936851501
"CC","2026-03-08T21:00:00.000000",1.71327674388885
"CC","2026-03-08T22:00:00.000000",1.73545718193054
"CC","2026-03-08T23:00:00.000000",1.74271321296692
"CC","2026-03-09T00:00:00.000000",1.74526023864746
"CC","2026-03-09T01:00:00.000000",1.74330544471741
"CC","2026-03-09T02:00:00.000000",1.73273098468781
"CC","2026-03-09T03:00:00.000000",1.7180392742157
"CC","2026-03-09T04:00:00.000000",1.71012127399445
"CC","2026-03-09T05:00:00.000000",1.70950543880463
"CC","2026-03-09T06:00:00.000000",1.70970892906189
"CC","2026-03-09T07:00:00.000000",1.70815193653107
"CC","2026-03-09T08:00:00.000000",1.70425057411194
"CC","2026-03-09T09:00:00.000000",1.69803726673126
"CC","2026-03-09T10:00:00.000000",1.68785774707794
"CC","2026-03-09T11:00:00.000000",1.67629134654999
"CC","2026-03-09T12:00:00.000000",1.66850614547729
"CC","2026-03-09T13:00:00.000000",1.66816115379333
"CC","2026-03-09T14:00:00.000000",1.68062567710876
"CC","2026-03-09T15:00:00.000000",1.71189534664154
"CC","2026-03-09T16:00:00.000000",1.77431952953339
"CC","2026-03-09T17:00:00.000000",1.84583747386932
"CC","2026-03-09T18:00:00.000000",1.92184960842133
"CC","2026-03-09T19:00:00.000000",1.99665594100952
"CC","2026-03-09T20:00:00.000000",2.06162714958191
"CC","2026-03-09T21:00:00.000000",2.10881781578064
"CC","2026-03-09T22:00:00.000000",2.13312745094299
"CC","2026-03-09T23:00:00.000000",2.13467860221863
"CC","2026-03-10T00:00:00.000000",2.12178730964661
"CC","2026-03-10T01:00:00.000000",2.10415267944336
"CC","2026-03-10T02:00:00.000000",2.08735823631287
"CC","2026-03-10T03:00:00.000000",2.06852245330811
"CC","2026-03-10T04:00:00.000000",2.05396604537964
"CC","2026-03-10T05:00:00.000000",2.04992151260376
"CC","2026-03-10T06:00:00.000000",2.05215334892273
"CC","2026-03-10T07:00:00.000000",2.05726742744446
"CC","2026-03-10T08:00:00.000000",2.06368470191956
"CC","2026-03-10T09:00:00.000000",2.06926965713501
"CC","2026-03-10T10:00:00.000000",2.07335472106934
"CC","2026-03-10T11:00:00.000000",2.0746648311615
"CC","2026-03-10T12:00:00.000000",2.07608461380005
"CC","2026-03-10T13:00:00.000000",2.08078217506409
"CC","2026-03-10T14:00:00.000000",2.09248065948486
"CC","2026-03-10T15:00:00.000000",2.11386680603027
"CC","2026-03-10T16:00:00.000000",2.15120983123779
"CC","2026-03-10T17:00:00.000000",2.20374417304993
"CC","2026-03-10T18:00:00.000000",2.26044678688049
"CC","2026-03-10T19:00:00.000000",2.31674885749817
"CC","2026-03-10T20:00:00.000000",2.36353421211243
"CC","2026-03-10T21:00:00.000000",2.3910915851593
"CC","2026-03-10T22:00:00.000000",2.39630913734436
"CC","2026-03-10T23:00:00.000000",2.38562774658203
"CC","2026-03-11T00:00:00.000000",2.36773562431335
"DL","2026-03-05T00:00:00.000000",1.12851130962372
"DL","2026-03-05T01:00:00.000000",1.05526113510132
"DL","2026-03-05T02:00:00.000000",0.744135141372681
"DL","2026-03-05T03:00:00.000000",0.59458714723587
"DL","2026-03-05T04:00:00.000000",0.553822815418243
"DL","2026-03-05T05:00:00.000000",0.536579489707947
"DL","2026-03-05T06:00:00.000000",0.544640421867371
"DL","2026-03-05T07:00:00.000000",0.553577661514282
"DL","2026-03-05T08:00:00.000000",0.558185517787933
"DL","2026-03-05T09:00:00.000000",0.557158410549164
"DL","2026-03-05T10:00:00.000000",0.547191858291626
"DL","2026-03-05T11:00:00.000000",0.544093251228333
"DL","2026-03-05T12:00:00.000000",0.556282520294189
"DL","2026-03-05T13:00:00.000000",0.572394490242004
"DL","2026-03-05T14:00:00.000000",0.591940939426422
"DL","2026-03-05T15:00:00.000000",0.593470931053162
"DL","2026-03-05T16:00:00.000000",0.582696855068207
"DL","2026-03-05T17:00:00.000000",0.570460081100464
"DL","2026-03-05T18:00:00.000000",0.567467391490936
"DL","2026-03-05T19:00:00.000000",0.571026504039764
"DL","2026-03-05T20:00:00.000000",0.577363312244415
"DL","2026-03-05T21:00:00.000000",0.582039713859558
"DL","2026-03-05T22:00:00.000000",0.583972096443176
"DL","2026-03-05T23:00:00.000000",0.586417078971863
"DL","2026-03-06T00:00:00.000000",0.5936119556427
"DL","2026-03-06T01:00:00.000000",0.674296259880066
"DL","2026-03-06T02:00:00.000000",0.947029769420624
"DL","2026-03-06T03:00:00.000000",1.09051418304443
"DL","2026-03-06T04:00:00.000000",1.12635564804077
"DL","2026-03-06T05:00:00.000000",1.13724684715271
"DL","2026-03-06T06:00:00.000000",1.14380645751953
"DL","2026-03-06T07:00:00.000000",1.14729082584381
"DL","2026-03-06T08:00:00.000000",1.14886176586151
"DL","2026-03-06T09:00:00.000000",1.14952099323273
"DL","2026-03-06T10:00:00.000000",1.15041542053223
"DL","2026-03-06T11:00:00.000000",1.15189445018768
"DL","2026-03-06T12:00:00.000000",1.15468549728394
"DL","2026-03-06T13:00:00.000000",1.15516638755798
"DL","2026-03-06T14:00:00.000000",1.15549492835999
"DL","2026-03-06T15:00:00.000000",1.15978729724884
"DL","2026-03-06T16:00:00.000000",1.16066086292267
"DL","2026-03-06T17:00:00.000000",1.16124355792999
"DL","2026-03-06T18:00:00.000000",1.16344094276428
"DL","2026-03-06T19:00:00.000000",1.16603648662567
"DL","2026-03-06T20:00:00.000000",1.16757750511169
"DL","2026-03-06T21:00:00.000000",1.17006504535675
"DL","2026-03-06T22:00:00.000000",1.17119181156158
"DL","2026-03-06T23:00:00.000000",1.17347824573517
"DL","2026-03-07T00:00:00.000000",1.18149948120117
"DL","2026-03-07T01:00:00.000000",1.27659833431244
"DL","2026-03-07T02:00:00.000000",1.34731888771057
"DL","2026-03-07T03:00:00.000000",1.36080372333527
"DL","2026-03-07T04:00:00.000000",1.38302409648895
"DL","2026-03-07T05:00:00.000000",1.391392827034
"DL","2026-03-07T06:00:00.000000",1.3938399553299
"DL","2026-03-07T07:00:00.000000",1.39677011966705
"DL","2026-03-07T08:00:00.000000",1.3984580039978
"DL","2026-03-07T09:00:00.000000",1.40147948265076
"DL","2026-03-07T10:00:00.000000",1.40087556838989
"DL","2026-03-07T11:00:00.000000",1.40086376667023
"DL","2026-03-07T12:00:00.000000",1.40244352817535
"DL","2026-03-07T13:00:00.000000",1.40739405155182
"DL","2026-03-07T14:00:00.000000",1.40926241874695
"DL","2026-03-07T15:00:00.000000",1.40235984325409
"DL","2026-03-07T16:00:00.000000",1.39891231060028
"DL","2026-03-07T17:00:00.000000",1.40534329414368
"DL","2026-03-07T18:00:00.000000",1.40201318264008
"DL","2026-03-07T19:00:00.000000",1.40054440498352
"DL","2026-03-07T20:00:00.000000",1.40301060676575
"DL","2026-03-07T21:00:00.000000",1.40622401237488
"DL","2026-03-07T22:00:00.000000",1.4088990688324
"DL","2026-03-07T23:00:00.000000",1.41034078598022
"DL","2026-03-08T00:00:00.000000",1.41469550132751
"DL","2026-03-08T01:00:00.000000",1.41940093040466
"DL","2026-03-08T02:00:00.000000",1.42139840126038
"DL","2026-03-08T03:00:00.000000",1.42284417152405
"DL","2026-03-08T04:00:00.000000",1.41328358650208
"DL","2026-03-08T05:00:00.000000",1.41381072998047
"DL","2026-03-08T06:00:00.000000",1.41385543346405
"DL","2026-03-08T07:00:00.000000",1.41288161277771
"DL","2026-03-08T08:00:00.000000",1.41123080253601
"DL","2026-03-08T09:00:00.000000",1.41154289245605
"DL","2026-03-08T10:00:00.000000",1.4133757352829
"DL","2026-03-08T11:00:00.000000",1.41483044624329
"DL","2026-03-08T12:00:00.000000",1.41541337966919
"DL","2026-03-08T13:00:00.000000",1.41806054115295
"DL","2026-03-08T14:00:00.000000",1.42458069324493
"DL","2026-03-08T15:00:00.000000",1.42410969734192
"DL","2026-03-08T16:00:00.000000",1.41967940330505
"DL","2026-03-08T17:00:00.000000",1.41719424724579
"DL","2026-03-08T18:00:00.000000",1.41798651218414
"DL","2026-03-08T19:00:00.000000",1.41812813282013
"DL","2026-03-08T20:00:00.000000",1.41812169551849
"DL","2026-03-08T21:00:00.000000",1.41882681846619
"DL","2026-03-08T22:00:00.000000",1.42028737068176
"DL","2026-03-08T23:00:00.000000",1.42179727554321
"DL","2026-03-09T00:00:00.000000",1.42180752754211
"DL","2026-03-09T01:00:00.000000",1.42197275161743
"DL","2026-03-09T02:00:00.000000",1.42334008216858
"DL","2026-03-09T03:00:00.000000",1.42570281028748
"DL","2026-03-09T04:00:00.000000",1.42735242843628
"DL","2026-03-09T05:00:00.000000",1.42700505256653
"DL","2026-03-09T06:00:00.000000",1.42299818992615
"DL","2026-03-09T07:00:00.000000",1.42327857017517
"DL","2026-03-09T08:00:00.000000",1.42455363273621
"DL","2026-03-09T09:00:00.000000",1.42600905895233
"DL","2026-03-09T10:00:00.000000",1.42671298980713
"DL","2026-03-09T11:00:00.000000",1.42691695690155
"DL","2026-03-09T12:00:00.000000",1.42736732959747
"DL","2026-03-09T13:00:00.000000",1.42800164222717
"DL","2026-03-09T14:00:00.000000",1.43250405788422
"DL","2026-03-09T15:00:00.000000",1.44053637981415
"DL","2026-03-09T16:00:00.000000",1.45362031459808
"DL","2026-03-09T17:00:00.000000",1.47731328010559
"DL","2026-03-09T18:00:00.000000",1.46513247489929
"DL","2026-03-09T19:00:00.000000",1.46258413791656
"DL","2026-03-09T20:00:00.000000",1.46261882781982
"DL","2026-03-09T21:00:00.000000",1.46356415748596
"DL","2026-03-09T22:00:00.000000",1.46617305278778
"DL","2026-03-09T23:00:00.000000",1.47720992565155
"DL","2026-03-10T00:00:00.000000",1.48589181900024
"DL","2026-03-10T01:00:00.000000",1.49512267112732
"DL","2026-03-10T02:00:00.000000",1.501216173172
"DL","2026-03-10T03:00:00.000000",1.50242781639099
"DL","2026-03-10T04:00:00.000000",1.51224684715271
"DL","2026-03-10T05:00:00.000000",1.53320157527924
"DL","2026-03-10T06:00:00.000000",1.56684017181396
"DL","2026-03-10T07:00:00.000000",1.55438232421875
"DL","2026-03-10T08:00:00.000000",1.53749537467957
"DL","2026-03-10T09:00:00.000000",1.53891122341156
"DL","2026-03-10T10:00:00.000000",1.54712426662445
"DL","2026-03-10T11:00:00.000000",1.54754662513733
"DL","2026-03-10T12:00:00.000000",1.54232823848724
"DL","2026-03-10T13:00:00.000000",1.53221046924591
"DL","2026-03-10T14:00:00.000000",1.53503060340881
"DL","2026-03-10T15:00:00.000000",1.55067908763885
"DL","2026-03-10T16:00:00.000000",1.56299781799316
"DL","2026-03-10T17:00:00.000000",1.56307446956635
"DL","2026-03-10T18:00:00.000000",1.55733132362366
"DL","2026-03-10T19:00:00.000000",1.52828109264374
"DL","2026-03-10T20:00:00.000000",1.52706325054169
"DL","2026-03-10T21:00:00.000000",1.5161269903183
"DL","2026-03-10T22:00:00.000000",1.50942075252533
"DL","2026-03-10T23:00:00.000000",1.50614452362061
"DL","2026-03-11T00:00:00.000000",1.5114985704422
"GB","2026-03-05T00:00:00.000000",1.66695988178253
"GB","2026-03-05T01:00:00.000000",1.11193418502808
"GB","2026-03-05T02:00:00.000000",1.01109337806702
"GB","2026-03-05T03:00:00.000000",1.00015532970428
"GB","2026-03-05T04:00:00.000000",0.996094703674316
"GB","2026-03-05T05:00:00.000000",0.994949638843536
"GB","2026-03-05T06:00:00.000000",1.0391343832016
"GB","2026-03-05T07:00:00.000000",1.0043728351593
"GB","2026-03-05T08:00:00.000000",1.02864253520966
"GB","2026-03-05T09:00:00.000000",1.05579829216003
"GB","2026-03-05T10:00:00.000000",1.0742484331131
"GB","2026-03-05T11:00:00.000000",1.07803332805634
"GB","2026-03-05T12:00:00.000000",1.16784477233887
"GB","2026-03-05T13:00:00.000000",1.09534978866577
"GB","2026-03-05T14:00:00.000000",1.0672994852066
"GB","2026-03-05T15:00:00.000000",1.04875671863556
"GB","2026-03-05T16:00:00.000000",1.0435676574707
"GB","2026-03-05T17:00:00.000000",1.0428980588913
"GB","2026-03-05T18:00:00.000000",1.09367942810059
"GB","2026-03-05T19:00:00.000000",1.10280227661133
"GB","2026-03-05T20:00:00.000000",1.13076865673065
"GB","2026-03-05T21:00:00.000000",1.18067228794098
"GB","2026-03-05T22:00:00.000000",1.21251237392426
"GB","2026-03-05T23:00:00.000000",1.23131632804871
"GB","2026-03-06T00:00:00.000000",1.28567957878113
"GB","2026-03-06T01:00:00.000000",1.61615467071533
"GB","2026-03-06T02:00:00.000000",1.66584289073944
"GB","2026-03-06T03:00:00.000000",1.64417445659637
"GB","2026-03-06T04:00:00.000000",1.63104784488678
"GB","2026-03-06T05:00:00.000000",1.62603664398193
"GB","2026-03-06T06:00:00.000000",1.63186264038086
"GB","2026-03-06T07:00:00.000000",1.65163421630859
"GB","2026-03-06T08:00:00.000000",1.66261577606201
"GB","2026-03-06T09:00:00.000000",1.68893349170685
"GB","2026-03-06T10:00:00.000000",1.70605540275574
"GB","2026-03-06T11:00:00.000000",1.72482776641846
"GB","2026-03-06T12:00:00.000000",1.74680864810944
"GB","2026-03-06T13:00:00.000000",1.82864916324615
"GB","2026-03-06T14:00:00.000000",1.73820078372955
"GB","2026-03-06T15:00:00.000000",1.71498322486877
"GB","2026-03-06T16:00:00.000000",1.70091164112091
"GB","2026-03-06T17:00:00.000000",1.70202803611755
"GB","2026-03-06T18:00:00.000000",1.70177292823792
"GB","2026-03-06T19:00:00.000000",1.76087081432343
"GB","2026-03-06T20:00:00.000000",1.77690875530243
"GB","2026-03-06T21:00:00.000000",1.78980946540833
"GB","2026-03-06T22:00:00.000000",1.81729280948639
"GB","2026-03-06T23:00:00.000000",1.84023928642273
"GB","2026-03-07T00:00:00.000000",1.85353684425354
"GB","2026-03-07T01:00:00.000000",1.93354022502899
"GB","2026-03-07T02:00:00.000000",1.8353728055954
"GB","2026-03-07T03:00:00.000000",1.79620659351349
"GB","2026-03-07T04:00:00.000000",1.77477931976318
"GB","2026-03-07T05:00:00.000000",1.75813817977905
"GB","2026-03-07T06:00:00.000000",1.74770152568817
"GB","2026-03-07T07:00:00.000000",1.76661503314972
"GB","2026-03-07T08:00:00.000000",1.76787388324738
"GB","2026-03-07T09:00:00.000000",1.77662479877472
"GB","2026-03-07T10:00:00.000000",1.80531740188599
"GB","2026-03-07T11:00:00.000000",1.83138692378998
"GB","2026-03-07T12:00:00.000000",1.84842586517334
"GB","2026-03-07T13:00:00.000000",1.88776886463165
"GB","2026-03-07T14:00:00.000000",1.86124622821808
"GB","2026-03-07T15:00:00.000000",1.80528748035431
"GB","2026-03-07T16:00:00.000000",1.79196465015411
"GB","2026-03-07T17:00:00.000000",1.79695391654968
"GB","2026-03-07T18:00:00.000000",1.79842948913574
"GB","2026-03-07T19:00:00.000000",1.80885493755341
"GB","2026-03-07T20:00:00.000000",1.85335838794708
"GB","2026-03-07T21:00:00.000000",1.86500191688538
"GB","2026-03-07T22:00:00.000000",1.87688612937927
"GB","2026-03-07T23:00:00.000000",1.9062135219574
"GB","2026-03-08T00:00:00.000000",1.93998420238495
"GB","2026-03-08T01:00:00.000000",1.96975672245026
"GB","2026-03-08T02:00:00.000000",2.02300572395325
"GB","2026-03-08T03:00:00.000000",1.93754386901855
"GB","2026-03-08T04:00:00.000000",1.91972684860229
"GB","2026-03-08T05:00:00.000000",1.9018212556839
"GB","2026-03-08T06:00:00.000000",1.89706444740295
"GB","2026-03-08T07:00:00.000000",1.89496374130249
"GB","2026-03-08T08:00:00.000000",1.93992304801941
"GB","2026-03-08T09:00:00.000000",1.961092710495
"GB","2026-03-08T10:00:00.000000",1.92795360088348
"GB","2026-03-08T11:00:00.000000",1.95359659194946
"GB","2026-03-08T12:00:00.000000",1.99188697338104
"GB","2026-03-08T13:00:00.000000",2.01649641990662
"GB","2026-03-08T14:00:00.000000",2.07410478591919
"GB","2026-03-08T15:00:00.000000",1.98561584949493
"GB","2026-03-08T16:00:00.000000",1.97742211818695
"GB","2026-03-08T17:00:00.000000",1.98290836811066
"GB","2026-03-08T18:00:00.000000",1.99500954151154
"GB","2026-03-08T19:00:00.000000",2.00823521614075
"GB","2026-03-08T20:00:00.000000",2.03553056716919
"GB","2026-03-08T21:00:00.000000",2.1398012638092
"GB","2026-03-08T22:00:00.000000",2.08779287338257
"GB","2026-03-08T23:00:00.000000",2.08150053024292
"GB","2026-03-09T00:00:00.000000",2.10659217834473
"GB","2026-03-09T01:00:00.000000",2.1354124546051
"GB","2026-03-09T02:00:00.000000",2.13584566116333
"GB","2026-03-09T03:00:00.000000",2.14657878875732
"GB","2026-03-09T04:00:00.000000",2.06496930122375
"GB","2026-03-09T05:00:00.000000",2.05144238471985
"GB","2026-03-09T06:00:00.000000",2.04301166534424
"GB","2026-03-09T07:00:00.000000",2.03433847427368
"GB","2026-03-09T08:00:00.000000",2.01447939872742
"GB","2026-03-09T09:00:00.000000",2.06976389884949
"GB","2026-03-09T10:00:00.000000",2.04573249816895
"GB","2026-03-09T11:00:00.000000",2.03626871109009
"GB","2026-03-09T12:00:00.000000",2.05388689041138
"GB","2026-03-09T13:00:00.000000",2.07459115982056
"GB","2026-03-09T14:00:00.000000",2.09888100624084
"GB","2026-03-09T15:00:00.000000",2.18959450721741
"GB","2026-03-09T16:00:00.000000",2.15727472305298
"GB","2026-03-09T17:00:00.000000",2.1927592754364
"GB","2026-03-09T18:00:00.000000",2.25167393684387
"GB","2026-03-09T19:00:00.000000",2.29731488227844
"GB","2026-03-09T20:00:00.000000",2.33044385910034
"GB","2026-03-09T21:00:00.000000",2.41061210632324
"GB","2026-03-09T22:00:00.000000",2.45896458625793
"GB","2026-03-09T23:00:00.000000",2.37652897834778
"GB","2026-03-10T00:00:00.000000",2.37555289268494
"GB","2026-03-10T01:00:00.000000",2.39439058303833
"GB","2026-03-10T02:00:00.000000",2.41531896591187
"GB","2026-03-10T03:00:00.000000",2.43984341621399
"GB","2026-03-10T04:00:00.000000",2.42684102058411
"GB","2026-03-10T05:00:00.000000",2.36281085014343
"GB","2026-03-10T06:00:00.000000",2.35299324989319
"GB","2026-03-10T07:00:00.000000",2.34525227546692
"GB","2026-03-10T08:00:00.000000",2.33479309082031
"GB","2026-03-10T09:00:00.000000",2.3131251335144
"GB","2026-03-10T10:00:00.000000",2.38655614852905
"GB","2026-03-10T11:00:00.000000",2.37385511398315
"GB","2026-03-10T12:00:00.000000",2.36855387687683
"GB","2026-03-10T13:00:00.000000",2.39430284500122
"GB","2026-03-10T14:00:00.000000",2.43103241920471
"GB","2026-03-10T15:00:00.000000",2.47366952896118
"GB","2026-03-10T16:00:00.000000",2.54299163818359
"GB","2026-03-10T17:00:00.000000",2.4839882850647
"GB","2026-03-10T18:00:00.000000",2.50458335876465
"GB","2026-03-10T19:00:00.000000",2.52636170387268
"GB","2026-03-10T20:00:00.000000",2.55187606811523
"GB","2026-03-10T21:00:00.000000",2.55875754356384
"GB","2026-03-10T22:00:00.000000",2.60724377632141
"GB","2026-03-10T23:00:00.000000",2.65394616127014
"GB","2026-03-11T00:00:00.000000",2.57204174995422
"LI","2026-03-05T00:00:00.000000",1.79561948776245
"LI","2026-03-05T01:00:00.000000",1.40187454223633
"LI","2026-03-05T02:00:00.000000",1.30167508125305
"LI","2026-03-05T03:00:00.000000",1.28554010391235
"LI","2026-03-05T04:00:00.000000",1.27505898475647
"LI","2026-03-05T05:00:00.000000",1.29071593284607
"LI","2026-03-05T06:00:00.000000",1.29057812690735
"LI","2026-03-05T07:00:00.000000",1.28463959693909
"LI","2026-03-05T08:00:00.000000",1.2837769985199
"LI","2026-03-05T09:00:00.000000",1.29104149341583
"LI","2026-03-05T10:00:00.000000",1.28880643844604
"LI","2026-03-05T11:00:00.000000",1.28122711181641
"LI","2026-03-05T12:00:00.000000",1.28258800506592
"LI","2026-03-05T13:00:00.000000",1.28337609767914
"LI","2026-03-05T14:00:00.000000",1.29594314098358
"LI","2026-03-05T15:00:00.000000",1.31453669071198
"LI","2026-03-05T16:00:00.000000",1.35147821903229
"LI","2026-03-05T17:00:00.000000",1.37388932704926
"LI","2026-03-05T18:00:00.000000",1.38082325458527
"LI","2026-03-05T19:00:00.000000",1.39201140403748
"LI","2026-03-05T20:00:00.000000",1.40713036060333
"LI","2026-03-05T21:00:00.000000",1.41379463672638
"LI","2026-03-05T22:00:00.000000",1.40553557872772
"LI","2026-03-05T23:00:00.000000",1.39912259578705
"LI","2026-03-06T00:00:00.000000",1.38945066928864
"LI","2026-03-06T01:00:00.000000",1.53672468662262
"LI","2026-03-06T02:00:00.000000",1.57902145385742
"LI","2026-03-06T03:00:00.000000",1.58198118209839
"LI","2026-03-06T04:00:00.000000",1.59260249137878
"LI","2026-03-06T05:00:00.000000",1.62037229537964
"LI","2026-03-06T06:00:00.000000",1.63994598388672
"LI","2026-03-06T07:00:00.000000",1.65668427944183
"LI","2026-03-06T08:00:00.000000",1.66328465938568
"LI","2026-03-06T09:00:00.000000",1.66117131710052
"LI","2026-03-06T10:00:00.000000",1.66241765022278
"LI","2026-03-06T11:00:00.000000",1.66071963310242
"LI","2026-03-06T12:00:00.000000",1.6630312204361
"LI","2026-03-06T13:00:00.000000",1.65602147579193
"LI","2026-03-06T14:00:00.000000",1.65327382087708
"LI","2026-03-06T15:00:00.000000",1.67225539684296
"LI","2026-03-06T16:00:00.000000",1.70994448661804
"LI","2026-03-06T17:00:00.000000",1.74890398979187
"LI","2026-03-06T18:00:00.000000",1.77864825725555
"LI","2026-03-06T19:00:00.000000",1.79540109634399
"LI","2026-03-06T20:00:00.000000",1.80735540390015
"LI","2026-03-06T21:00:00.000000",1.81400430202484
"LI","2026-03-06T22:00:00.000000",1.80442237854004
"LI","2026-03-06T23:00:00.000000",1.79502093791962
"LI","2026-03-07T00:00:00.000000",1.78930950164795
"LI","2026-03-07T01:00:00.000000",1.81287741661072
"LI","2026-03-07T02:00:00.000000",1.80770826339722
"LI","2026-03-07T03:00:00.000000",1.79325258731842
"LI","2026-03-07T04:00:00.000000",1.78839457035065
"LI","2026-03-07T05:00:00.000000",1.79204952716827
"LI","2026-03-07T06:00:00.000000",1.79721462726593
"LI","2026-03-07T07:00:00.000000",1.80170607566833
"LI","2026-03-07T08:00:00.000000",1.80759453773499
"LI","2026-03-07T09:00:00.000000",1.80828988552094
"LI","2026-03-07T10:00:00.000000",1.81043195724487
"LI","2026-03-07T11:00:00.000000",1.81381130218506
"LI","2026-03-07T12:00:00.000000",1.82158672809601
"LI","2026-03-07T13:00:00.000000",1.83550477027893
"LI","2026-03-07T14:00:00.000000",1.84665381908417
"LI","2026-03-07T15:00:00.000000",1.85372483730316
"LI","2026-03-07T16:00:00.000000",1.88044536113739
"LI","2026-03-07T17:00:00.000000",1.92075550556183
"LI","2026-03-07T18:00:00.000000",1.94699668884277
"LI","2026-03-07T19:00:00.000000",1.96830523014069
"LI","2026-03-07T20:00:00.000000",1.98145592212677
"LI","2026-03-07T21:00:00.000000",2.00174951553345
"LI","2026-03-07T22:00:00.000000",2.00500440597534
"LI","2026-03-07T23:00:00.000000",1.99125707149506
"LI","2026-03-08T00:00:00.000000",2.00410914421082
"LI","2026-03-08T01:00:00.000000",2.00417995452881
"LI","2026-03-08T02:00:00.000000",2.00093603134155
"LI","2026-03-08T03:00:00.000000",1.99629104137421
"LI","2026-03-08T04:00:00.000000",1.99903011322021
"LI","2026-03-08T05:00:00.000000",2.00241708755493
"LI","2026-03-08T06:00:00.000000",2.0099573135376
"LI","2026-03-08T07:00:00.000000",2.01796054840088
"LI","2026-03-08T08:00:00.000000",2.0264790058136
"LI","2026-03-08T09:00:00.000000",2.03642892837524
"LI","2026-03-08T10:00:00.000000",2.04682469367981
"LI","2026-03-08T11:00:00.000000",2.04557228088379
"LI","2026-03-08T12:00:00.000000",2.05132722854614
"LI","2026-03-08T13:00:00.000000",2.06958603858948
"LI","2026-03-08T14:00:00.000000",2.09331631660461
"LI","2026-03-08T15:00:00.000000",2.10505247116089
"LI","2026-03-08T16:00:00.000000",2.1170392036438
"LI","2026-03-08T17:00:00.000000",2.13829779624939
"LI","2026-03-08T18:00:00.000000",2.15909433364868
"LI","2026-03-08T19:00:00.000000",2.18385100364685
"LI","2026-03-08T20:00:00.000000",2.2139413356781
"LI","2026-03-08T21:00:00.000000",2.24400424957275
"LI","2026-03-08T22:00:00.000000",2.25945711135864
"LI","2026-03-08T23:00:00.000000",2.25949048995972
"LI","2026-03-09T00:00:00.000000",2.25392174720764
"LI","2026-03-09T01:00:00.000000",2.25724697113037
"LI","2026-03-09T02:00:00.000000",2.26961445808411
"LI","2026-03-09T03:00:00.000000",2.29228734970093
"LI","2026-03-09T04:00:00.000000",2.31102156639099
"LI","2026-03-09T05:00:00.000000",2.31848239898682
"LI","2026-03-09T06:00:00.000000",2.31817030906677
"LI","2026-03-09T07:00:00.000000",2.31114625930786
"LI","2026-03-09T08:00:00.000000",2.29997444152832
"LI","2026-03-09T09:00:00.000000",2.29158711433411
"LI","2026-03-09T10:00:00.000000",2.28409886360168
"LI","2026-03-09T11:00:00.000000",2.27658104896545
"LI","2026-03-09T12:00:00.000000",2.27574133872986
"LI","2026-03-09T13:00:00.000000",2.28870868682861
"LI","2026-03-09T14:00:00.000000",2.32572555541992
"LI","2026-03-09T15:00:00.000000",2.36348819732666
"LI","2026-03-09T16:00:00.000000",2.37862157821655
"LI","2026-03-09T17:00:00.000000",2.39839053153992
"LI","2026-03-09T18:00:00.000000",2.45089650154114
"LI","2026-03-09T19:00:00.000000",2.50555419921875
"LI","2026-03-09T20:00:00.000000",2.55812072753906
"LI","2026-03-09T21:00:00.000000",2.59992384910583
"LI","2026-03-09T22:00:00.000000",2.61512804031372
"LI","2026-03-09T23:00:00.000000",2.60639095306396
"LI","2026-03-10T00:00:00.000000",2.59447336196899
"LI","2026-03-10T01:00:00.000000",2.58767247200012
"LI","2026-03-10T02:00:00.000000",2.58986186981201
"LI","2026-03-10T03:00:00.000000",2.61158347129822
"LI","2026-03-10T04:00:00.000000",2.63872408866882
"LI","2026-03-10T05:00:00.000000",2.6577410697937
"LI","2026-03-10T06:00:00.000000",2.66463208198547
"LI","2026-03-10T07:00:00.000000",2.66742157936096
"LI","2026-03-10T08:00:00.000000",2.66842651367188
"LI","2026-03-10T09:00:00.000000",2.66919350624084
"LI","2026-03-10T10:00:00.000000",2.67053747177124
"LI","2026-03-10T11:00:00.000000",2.67319893836975
"LI","2026-03-10T12:00:00.000000",2.67543315887451
"LI","2026-03-10T13:00:00.000000",2.6809229850769
"LI","2026-03-10T14:00:00.000000",2.70170855522156
"LI","2026-03-10T15:00:00.000000",2.73303627967834
"LI","2026-03-10T16:00:00.000000",2.75701642036438
"LI","2026-03-10T17:00:00.000000",2.76114773750305
"LI","2026-03-10T18:00:00.000000",2.76751279830933
"LI","2026-03-10T19:00:00.000000",2.79005980491638
"LI","2026-03-10T20:00:00.000000",2.79682517051697
"LI","2026-03-10T21:00:00.000000",2.79925036430359
"LI","2026-03-10T22:00:00.000000",2.80012655258179
"LI","2026-03-10T23:00:00.000000",2.80029654502869
"LI","2026-03-11T00:00:00.000000",2.80182862281799
"OB","2026-03-05T00:00:00.000000",1.69973385334015
"OB","2026-03-05T01:00:00.000000",1.57184791564941
"OB","2026-03-05T02:00:00.000000",1.58233892917633
"OB","2026-03-05T03:00:00.000000",1.58241260051727
"OB","2026-03-05T04:00:00.000000",1.5509752035141
"OB","2026-03-05T05:00:00.000000",1.55157375335693
"OB","2026-03-05T06:00:00.000000",1.55317091941833
"OB","2026-03-05T07:00:00.000000",1.55464470386505
"OB","2026-03-05T08:00:00.000000",1.55569505691528
"OB","2026-03-05T09:00:00.000000",1.5571848154068
"OB","2026-03-05T10:00:00.000000",1.55649042129517
"OB","2026-03-05T11:00:00.000000",1.55724215507507
"OB","2026-03-05T12:00:00.000000",1.55502986907959
"OB","2026-03-05T13:00:00.000000",1.58128666877747
"OB","2026-03-05T14:00:00.000000",1.61358761787415
"OB","2026-03-05T15:00:00.000000",1.61186599731445
"OB","2026-03-05T16:00:00.000000",1.5973756313324
"OB","2026-03-05T17:00:00.000000",1.58528065681458
"OB","2026-03-05T18:00:00.000000",1.57770848274231
"OB","2026-03-05T19:00:00.000000",1.57537889480591
"OB","2026-03-05T20:00:00.000000",1.57438361644745
"OB","2026-03-05T21:00:00.000000",1.57337617874146
"OB","2026-03-05T22:00:00.000000",1.57460534572601
"OB","2026-03-05T23:00:00.000000",1.57466804981232
"OB","2026-03-06T00:00:00.000000",1.5752569437027
"OB","2026-03-06T01:00:00.000000",1.74250602722168
"OB","2026-03-06T02:00:00.000000",1.74709033966064
"OB","2026-03-06T03:00:00.000000",1.74309182167053
"OB","2026-03-06T04:00:00.000000",1.74801528453827
"OB","2026-03-06T05:00:00.000000",1.7578512430191
"OB","2026-03-06T06:00:00.000000",1.7702534198761
"OB","2026-03-06T07:00:00.000000",1.78022885322571
"OB","2026-03-06T08:00:00.000000",1.79239904880524
"OB","2026-03-06T09:00:00.000000",1.79786443710327
"OB","2026-03-06T10:00:00.000000",1.80537748336792
"OB","2026-03-06T11:00:00.000000",1.80578470230103
"OB","2026-03-06T12:00:00.000000",1.80324137210846
"OB","2026-03-06T13:00:00.000000",1.77159142494202
"OB","2026-03-06T14:00:00.000000",1.74872362613678
"OB","2026-03-06T15:00:00.000000",1.74342000484467
"OB","2026-03-06T16:00:00.000000",1.74462246894836
"OB","2026-03-06T17:00:00.000000",1.7463926076889
"OB","2026-03-06T18:00:00.000000",1.75294840335846
"OB","2026-03-06T19:00:00.000000",1.76458644866943
"OB","2026-03-06T20:00:00.000000",1.77420520782471
"OB","2026-03-06T21:00:00.000000",1.77912545204163
"OB","2026-03-06T22:00:00.000000",1.78302884101868
"OB","2026-03-06T23:00:00.000000",1.78846073150635
"OB","2026-03-07T00:00:00.000000",1.79266965389252
"OB","2026-03-07T01:00:00.000000",1.88657987117767
"OB","2026-03-07T02:00:00.000000",1.88374173641205
"OB","2026-03-07T03:00:00.000000",1.88778901100159
"OB","2026-03-07T04:00:00.000000",1.88761651515961
"OB","2026-03-07T05:00:00.000000",1.88696086406708
"OB","2026-03-07T06:00:00.000000",1.88751149177551
"OB","2026-03-07T07:00:00.000000",1.8919495344162
"OB","2026-03-07T08:00:00.000000",1.89356315135956
"OB","2026-03-07T09:00:00.000000",1.89505851268768
"OB","2026-03-07T10:00:00.000000",1.89521539211273
"OB","2026-03-07T11:00:00.000000",1.89671909809113
"OB","2026-03-07T12:00:00.000000",1.89690279960632
"OB","2026-03-07T13:00:00.000000",1.89852869510651
"OB","2026-03-07T14:00:00.000000",1.89715707302094
"OB","2026-03-07T15:00:00.000000",1.90357971191406
"OB","2026-03-07T16:00:00.000000",1.90437793731689
"OB","2026-03-07T17:00:00.000000",1.90505409240723
"OB","2026-03-07T18:00:00.000000",1.90276110172272
"OB","2026-03-07T19:00:00.000000",1.90445327758789
"OB","2026-03-07T20:00:00.000000",1.90394330024719
"OB","2026-03-07T21:00:00.000000",1.90268540382385
"OB","2026-03-07T22:00:00.000000",1.90398693084717
"OB","2026-03-07T23:00:00.000000",1.90617489814758
"OB","2026-03-08T00:00:00.000000",1.90647625923157
"OB","2026-03-08T01:00:00.000000",1.90583074092865
"OB","2026-03-08T02:00:00.000000",1.88137304782867
"OB","2026-03-08T03:00:00.000000",1.86331272125244
"OB","2026-03-08T04:00:00.000000",1.86182057857513
"OB","2026-03-08T05:00:00.000000",1.86257576942444
"OB","2026-03-08T06:00:00.000000",1.87285125255585
"OB","2026-03-08T07:00:00.000000",1.87219738960266
"OB","2026-03-08T08:00:00.000000",1.87981057167053
"OB","2026-03-08T09:00:00.000000",1.88922154903412
"OB","2026-03-08T10:00:00.000000",1.89525640010834
"OB","2026-03-08T11:00:00.000000",1.89533078670502
"OB","2026-03-08T12:00:00.000000",1.89858019351959
"OB","2026-03-08T13:00:00.000000",1.90190017223358
"OB","2026-03-08T14:00:00.000000",1.89909899234772
"OB","2026-03-08T15:00:00.000000",1.88380205631256
"OB","2026-03-08T16:00:00.000000",1.88126838207245
"OB","2026-03-08T17:00:00.000000",1.88428556919098
"OB","2026-03-08T18:00:00.000000",1.88856565952301
"OB","2026-03-08T19:00:00.000000",1.8932831287384
"OB","2026-03-08T20:00:00.000000",1.89679336547852
"OB","2026-03-08T21:00:00.000000",1.89850831031799
"OB","2026-03-08T22:00:00.000000",1.90069508552551
"OB","2026-03-08T23:00:00.000000",1.90400695800781
"OB","2026-03-09T00:00:00.000000",1.90159702301025
"OB","2026-03-09T01:00:00.000000",1.89919376373291
"OB","2026-03-09T02:00:00.000000",1.90185379981995
"OB","2026-03-09T03:00:00.000000",1.89541852474213
"OB","2026-03-09T04:00:00.000000",1.88901126384735
"OB","2026-03-09T05:00:00.000000",1.8848762512207
"OB","2026-03-09T06:00:00.000000",1.88363456726074
"OB","2026-03-09T07:00:00.000000",1.88228225708008
"OB","2026-03-09T08:00:00.000000",1.88006484508514
"OB","2026-03-09T09:00:00.000000",1.879359126091
"OB","2026-03-09T10:00:00.000000",1.87980079650879
"OB","2026-03-09T11:00:00.000000",1.88125514984131
"OB","2026-03-09T12:00:00.000000",1.88064324855804
"OB","2026-03-09T13:00:00.000000",1.88102304935455
"OB","2026-03-09T14:00:00.000000",1.88332712650299
"OB","2026-03-09T15:00:00.000000",1.89078485965729
"OB","2026-03-09T16:00:00.000000",1.90084612369537
"OB","2026-03-09T17:00:00.000000",1.90414524078369
"OB","2026-03-09T18:00:00.000000",1.90695512294769
"OB","2026-03-09T19:00:00.000000",1.90928649902344
"OB","2026-03-09T20:00:00.000000",1.91147315502167
"OB","2026-03-09T21:00:00.000000",1.91194212436676
"OB","2026-03-09T22:00:00.000000",1.91275942325592
"OB","2026-03-09T23:00:00.000000",1.91559159755707
"OB","2026-03-10T00:00:00.000000",1.91454923152924
"OB","2026-03-10T01:00:00.000000",1.91230583190918
"OB","2026-03-10T02:00:00.000000",1.9118686914444
"OB","2026-03-10T03:00:00.000000",1.90358340740204
"OB","2026-03-10T04:00:00.000000",1.90166664123535
"OB","2026-03-10T05:00:00.000000",1.90904772281647
"OB","2026-03-10T06:00:00.000000",1.9095321893692
"OB","2026-03-10T07:00:00.000000",1.9096794128418
"OB","2026-03-10T08:00:00.000000",1.90720009803772
"OB","2026-03-10T09:00:00.000000",1.90240573883057
"OB","2026-03-10T10:00:00.000000",1.89762198925018
"OB","2026-03-10T11:00:00.000000",1.8985048532486
"OB","2026-03-10T12:00:00.000000",1.90137159824371
"OB","2026-03-10T13:00:00.000000",1.90267014503479
"OB","2026-03-10T14:00:00.000000",1.90615499019623
"OB","2026-03-10T15:00:00.000000",1.91223275661469
"OB","2026-03-10T16:00:00.000000",1.91416227817535
"OB","2026-03-10T17:00:00.000000",1.91769468784332
"OB","2026-03-10T18:00:00.000000",1.92083394527435
"OB","2026-03-10T19:00:00.000000",1.92526233196259
"OB","2026-03-10T20:00:00.000000",1.92885768413544
"OB","2026-03-10T21:00:00.000000",1.93153500556946
"OB","2026-03-10T22:00:00.000000",1.93096625804901
"OB","2026-03-10T23:00:00.000000",1.93251502513885
"OB","2026-03-11T00:00:00.000000",1.93540465831757
"WC","2026-03-05T00:00:00.000000",1.88535618782043
"WC","2026-03-05T01:00:00.000000",1.53762519359589
"WC","2026-03-05T02:00:00.000000",1.41777217388153
"WC","2026-03-05T03:00:00.000000",1.43074333667755
"WC","2026-03-05T04:00:00.000000",1.43207955360413
"WC","2026-03-05T05:00:00.000000",1.44839084148407
"WC","2026-03-05T06:00:00.000000",1.42059659957886
"WC","2026-03-05T07:00:00.000000",1.38124167919159
"WC","2026-03-05T08:00:00.000000",1.36684370040894
"WC","2026-03-05T09:00:00.000000",1.36739897727966
"WC","2026-03-05T10:00:00.000000",1.37174689769745
"WC","2026-03-05T11:00:00.000000",1.36920666694641
"WC","2026-03-05T12:00:00.000000",1.37048101425171
"WC","2026-03-05T13:00:00.000000",1.37775433063507
"WC","2026-03-05T14:00:00.000000",1.37622034549713
"WC","2026-03-05T15:00:00.000000",1.36869585514069
"WC","2026-03-05T16:00:00.000000",1.36921691894531
"WC","2026-03-05T17:00:00.000000",1.37763810157776
"WC","2026-03-05T18:00:00.000000",1.38449597358704
"WC","2026-03-05T19:00:00.000000",1.37301409244537
"WC","2026-03-05T20:00:00.000000",1.3618700504303
"WC","2026-03-05T21:00:00.000000",1.35609710216522
"WC","2026-03-05T22:00:00.000000",1.3633451461792
"WC","2026-03-05T23:00:00.000000",1.40286910533905
"WC","2026-03-06T00:00:00.000000",1.43374061584473
"WC","2026-03-06T01:00:00.000000",1.57339799404144
"WC","2026-03-06T02:00:00.000000",1.59921789169312
"WC","2026-03-06T03:00:00.000000",1.5964058637619
"WC","2026-03-06T04:00:00.000000",1.59892594814301
"WC","2026-03-06T05:00:00.000000",1.59949517250061
"WC","2026-03-06T06:00:00.000000",1.59208750724792
"WC","2026-03-06T07:00:00.000000",1.58992338180542
"WC","2026-03-06T08:00:00.000000",1.5873841047287
"WC","2026-03-06T09:00:00.000000",1.58520531654358
"WC","2026-03-06T10:00:00.000000",1.58344304561615
"WC","2026-03-06T11:00:00.000000",1.58767700195312
"WC","2026-03-06T12:00:00.000000",1.60037744045258
"WC","2026-03-06T13:00:00.000000",1.60963141918182
"WC","2026-03-06T14:00:00.000000",1.60905194282532
"WC","2026-03-06T15:00:00.000000",1.60925674438477
"WC","2026-03-06T16:00:00.000000",1.60594022274017
"WC","2026-03-06T17:00:00.000000",1.61373901367188
"WC","2026-03-06T18:00:00.000000",1.61901319026947
"WC","2026-03-06T19:00:00.000000",1.61896550655365
"WC","2026-03-06T20:00:00.000000",1.61853849887848
"WC","2026-03-06T21:00:00.000000",1.61704349517822
"WC","2026-03-06T22:00:00.000000",1.61857616901398
"WC","2026-03-06T23:00:00.000000",1.63405203819275
"WC","2026-03-07T00:00:00.000000",1.69289803504944
"WC","2026-03-07T01:00:00.000000",1.71460270881653
"WC","2026-03-07T02:00:00.000000",1.7162526845932
"WC","2026-03-07T03:00:00.000000",1.71514737606049
"WC","2026-03-07T04:00:00.000000",1.71336770057678
"WC","2026-03-07T05:00:00.000000",1.71661019325256
"WC","2026-03-07T06:00:00.000000",1.71248424053192
"WC","2026-03-07T07:00:00.000000",1.70982539653778
"WC","2026-03-07T08:00:00.000000",1.70973718166351
"WC","2026-03-07T09:00:00.000000",1.70973718166351
"WC","2026-03-07T10:00:00.000000",1.70936262607574
"WC","2026-03-07T11:00:00.000000",1.71084594726562
"WC","2026-03-07T12:00:00.000000",1.719313621521
"WC","2026-03-07T13:00:00.000000",1.73405265808105
"WC","2026-03-07T14:00:00.000000",1.74853575229645
"WC","2026-03-07T15:00:00.000000",1.75469195842743
"WC","2026-03-07T16:00:00.000000",1.75837361812592
"WC","2026-03-07T17:00:00.000000",1.75793266296387
"WC","2026-03-07T18:00:00.000000",1.76710164546967
"WC","2026-03-07T19:00:00.000000",1.76054835319519
"WC","2026-03-07T20:00:00.000000",1.76663160324097
"WC","2026-03-07T21:00:00.000000",1.76471972465515
"WC","2026-03-07T22:00:00.000000",1.76563632488251
"WC","2026-03-07T23:00:00.000000",1.77490127086639
"WC","2026-03-08T00:00:00.000000",1.82211768627167
"WC","2026-03-08T01:00:00.000000",1.91176068782806
"WC","2026-03-08T02:00:00.000000",1.94165229797363
"WC","2026-03-08T03:00:00.000000",1.95151901245117
"WC","2026-03-08T04:00:00.000000",1.95852017402649
"WC","2026-03-08T05:00:00.000000",1.965576171875
"WC","2026-03-08T06:00:00.000000",1.96557605266571
"WC","2026-03-08T07:00:00.000000",1.965576171875
"WC","2026-03-08T08:00:00.000000",1.96491277217865
"WC","2026-03-08T09:00:00.000000",1.94906806945801
"WC","2026-03-08T10:00:00.000000",1.9259557723999
"WC","2026-03-08T11:00:00.000000",1.92718207836151
"WC","2026-03-08T12:00:00.000000",1.92460906505585
"WC","2026-03-08T13:00:00.000000",1.97017920017242
"WC","2026-03-08T14:00:00.000000",2.01290130615234
"WC","2026-03-08T15:00:00.000000",2.04526495933533
"WC","2026-03-08T16:00:00.000000",2.06185460090637
"WC","2026-03-08T17:00:00.000000",2.08271670341492
"WC","2026-03-08T18:00:00.000000",2.09195709228516
"WC","2026-03-08T19:00:00.000000",2.09764671325684
"WC","2026-03-08T20:00:00.000000",2.09578251838684
"WC","2026-03-08T21:00:00.000000",2.06880164146423
"WC","2026-03-08T22:00:00.000000",2.0213725566864
"WC","2026-03-08T23:00:00.000000",2.01249837875366
"WC","2026-03-09T00:00:00.000000",2.0189995765686
"WC","2026-03-09T01:00:00.000000",2.03498244285583
"WC","2026-03-09T02:00:00.000000",2.1076397895813
"WC","2026-03-09T03:00:00.000000",2.20853281021118
"WC","2026-03-09T04:00:00.000000",2.22406935691833
"WC","2026-03-09T05:00:00.000000",2.22681927680969
"WC","2026-03-09T06:00:00.000000",2.23109817504883
"WC","2026-03-09T07:00:00.000000",2.23109817504883
"WC","2026-03-09T08:00:00.000000",2.23109817504883
"WC","2026-03-09T09:00:00.000000",2.15855002403259
"WC","2026-03-09T10:00:00.000000",2.06912589073181
"WC","2026-03-09T11:00:00.000000",2.05636763572693
"WC","2026-03-09T12:00:00.000000",2.05187106132507
"WC","2026-03-09T13:00:00.000000",2.0600471496582
"WC","2026-03-09T14:00:00.000000",2.13578200340271
"WC","2026-03-09T15:00:00.000000",2.22095084190369
"WC","2026-03-09T16:00:00.000000",2.30613684654236
"WC","2026-03-09T17:00:00.000000",2.35323119163513
"WC","2026-03-09T18:00:00.000000",2.39579963684082
"WC","2026-03-09T19:00:00.000000",2.40245127677917
"WC","2026-03-09T20:00:00.000000",2.40125155448914
"WC","2026-03-09T21:00:00.000000",2.35153341293335
"WC","2026-03-09T22:00:00.000000",2.26829218864441
"WC","2026-03-09T23:00:00.000000",2.22566103935242
"WC","2026-03-10T00:00:00.000000",2.20400810241699
"WC","2026-03-10T01:00:00.000000",2.21232104301453
"WC","2026-03-10T02:00:00.000000",2.26377630233765
"WC","2026-03-10T03:00:00.000000",2.38429808616638
"WC","2026-03-10T04:00:00.000000",2.50771641731262
"WC","2026-03-10T05:00:00.000000",2.53563952445984
"WC","2026-03-10T06:00:00.000000",2.54174661636353
"WC","2026-03-10T07:00:00.000000",2.54544830322266
"WC","2026-03-10T08:00:00.000000",2.54544830322266
"WC","2026-03-10T09:00:00.000000",2.54535794258118
"WC","2026-03-10T10:00:00.000000",2.45715117454529
"WC","2026-03-10T11:00:00.000000",2.39250373840332
"WC","2026-03-10T12:00:00.000000",2.36487746238708
"WC","2026-03-10T13:00:00.000000",2.34404253959656
"WC","2026-03-10T14:00:00.000000",2.36157727241516
"WC","2026-03-10T15:00:00.000000",2.44884014129639
"WC","2026-03-10T16:00:00.000000",2.56524085998535
"WC","2026-03-10T17:00:00.000000",2.63945269584656
"WC","2026-03-10T18:00:00.000000",2.6740779876709
"WC","2026-03-10T19:00:00.000000",2.70654344558716
"WC","2026-03-10T20:00:00.000000",2.71720385551453
"WC","2026-03-10T21:00:00.000000",2.71705746650696
"WC","2026-03-10T22:00:00.000000",2.64634823799133
"WC","2026-03-10T23:00:00.000000",2.56293106079102
"WC","2026-03-11T00:00:00.000000",2.47924399375916
"WI","2026-03-05T00:00:00.000000",1.37894260883331
"WI","2026-03-05T01:00:00.000000",0.799040734767914
"WI","2026-03-05T02:00:00.000000",0.658222556114197
"WI","2026-03-05T03:00:00.000000",0.699882745742798
"WI","2026-03-05T04:00:00.000000",0.742093026638031
"WI","2026-03-05T05:00:00.000000",0.748720526695251
"WI","2026-03-05T06:00:00.000000",0.733773708343506
"WI","2026-03-05T07:00:00.000000",0.744160711765289
"WI","2026-03-05T08:00:00.000000",0.749058902263641
"WI","2026-03-05T09:00:00.000000",0.744216918945312
"WI","2026-03-05T10:00:00.000000",0.742243885993958
"WI","2026-03-05T11:00:00.000000",0.718620777130127
"WI","2026-03-05T12:00:00.000000",0.689561426639557
"WI","2026-03-05T13:00:00.000000",0.67246401309967
"WI","2026-03-05T14:00:00.000000",0.689806044101715
"WI","2026-03-05T15:00:00.000000",0.767882525920868
"WI","2026-03-05T16:00:00.000000",0.831913530826569
"WI","2026-03-05T17:00:00.000000",0.858978152275085
"WI","2026-03-05T18:00:00.000000",0.872464001178741
"WI","2026-03-05T19:00:00.000000",0.835227012634277
"WI","2026-03-05T20:00:00.000000",0.822664678096771
"WI","2026-03-05T21:00:00.000000",0.825522124767303
"WI","2026-03-05T22:00:00.000000",0.823922872543335
"WI","2026-03-05T23:00:00.000000",0.819093704223633
"WI","2026-03-06T00:00:00.000000",0.81267637014389
"WI","2026-03-06T01:00:00.000000",0.95302426815033
"WI","2026-03-06T02:00:00.000000",0.984915673732758
"WI","2026-03-06T03:00:00.000000",1.0186163187027
"WI","2026-03-06T04:00:00.000000",1.0827271938324
"WI","2026-03-06T05:00:00.000000",1.12300646305084
"WI","2026-03-06T06:00:00.000000",1.14406716823578
"WI","2026-03-06T07:00:00.000000",1.17458069324493
"WI","2026-03-06T08:00:00.000000",1.13081109523773
"WI","2026-03-06T09:00:00.000000",1.12468039989471
"WI","2026-03-06T10:00:00.000000",1.12886095046997
"WI","2026-03-06T11:00:00.000000",1.12764286994934
"WI","2026-03-06T12:00:00.000000",1.11483108997345
"WI","2026-03-06T13:00:00.000000",1.09066164493561
"WI","2026-03-06T14:00:00.000000",1.09241008758545
"WI","2026-03-06T15:00:00.000000",1.14077305793762
"WI","2026-03-06T16:00:00.000000",1.24018061161041
"WI","2026-03-06T17:00:00.000000",1.30396819114685
"WI","2026-03-06T18:00:00.000000",1.36548912525177
"WI","2026-03-06T19:00:00.000000",1.39976680278778
"WI","2026-03-06T20:00:00.000000",1.35374820232391
"WI","2026-03-06T21:00:00.000000",1.28244829177856
"WI","2026-03-06T22:00:00.000000",1.25485897064209
"WI","2026-03-06T23:00:00.000000",1.23417615890503
"WI","2026-03-07T00:00:00.000000",1.23714995384216
"WI","2026-03-07T01:00:00.000000",1.20031762123108
"WI","2026-03-07T02:00:00.000000",1.17494404315948
"WI","2026-03-07T03:00:00.000000",1.15979087352753
"WI","2026-03-07T04:00:00.000000",1.20299696922302
"WI","2026-03-07T05:00:00.000000",1.24418985843658
"WI","2026-03-07T06:00:00.000000",1.24074423313141
"WI","2026-03-07T07:00:00.000000",1.28437030315399
"WI","2026-03-07T08:00:00.000000",1.26728880405426
"WI","2026-03-07T09:00:00.000000",1.2416090965271
"WI","2026-03-07T10:00:00.000000",1.23044872283936
"WI","2026-03-07T11:00:00.000000",1.2273291349411
"WI","2026-03-07T12:00:00.000000",1.22407054901123
"WI","2026-03-07T13:00:00.000000",1.23898673057556
"WI","2026-03-07T14:00:00.000000",1.25459933280945
"WI","2026-03-07T15:00:00.000000",1.27078950405121
"WI","2026-03-07T16:00:00.000000",1.32488238811493
"WI","2026-03-07T17:00:00.000000",1.4189190864563
"WI","2026-03-07T18:00:00.000000",1.47736513614655
"WI","2026-03-07T19:00:00.000000",1.51660287380219
"WI","2026-03-07T20:00:00.000000",1.54032444953918
"WI","2026-03-07T21:00:00.000000",1.46561527252197
"WI","2026-03-07T22:00:00.000000",1.42154240608215
"WI","2026-03-07T23:00:00.000000",1.4336416721344
"WI","2026-03-08T00:00:00.000000",1.46596300601959
"WI","2026-03-08T01:00:00.000000",1.47952055931091
"WI","2026-03-08T02:00:00.000000",1.49537074565887
"WI","2026-03-08T03:00:00.000000",1.49839580059052
"WI","2026-03-08T04:00:00.000000",1.5040990114212
"WI","2026-03-08T05:00:00.000000",1.52718937397003
"WI","2026-03-08T06:00:00.000000",1.53410935401917
"WI","2026-03-08T07:00:00.000000",1.55133903026581
"WI","2026-03-08T08:00:00.000000",1.56511664390564
"WI","2026-03-08T09:00:00.000000",1.57548463344574
"WI","2026-03-08T10:00:00.000000",1.56941592693329
"WI","2026-03-08T11:00:00.000000",1.57496380805969
"WI","2026-03-08T12:00:00.000000",1.57198190689087
"WI","2026-03-08T13:00:00.000000",1.57050776481628
"WI","2026-03-08T14:00:00.000000",1.59247291088104
"WI","2026-03-08T15:00:00.000000",1.60293769836426
"WI","2026-03-08T16:00:00.000000",1.62144792079926
"WI","2026-03-08T17:00:00.000000",1.6516627073288
"WI","2026-03-08T18:00:00.000000",1.69160509109497
"WI","2026-03-08T19:00:00.000000",1.73047971725464
"WI","2026-03-08T20:00:00.000000",1.7662798166275
"WI","2026-03-08T21:00:00.000000",1.80317628383636
"WI","2026-03-08T22:00:00.000000",1.8032134771347
"WI","2026-03-08T23:00:00.000000",1.75755727291107
"WI","2026-03-09T00:00:00.000000",1.75654685497284
"WI","2026-03-09T01:00:00.000000",1.75019931793213
"WI","2026-03-09T02:00:00.000000",1.77852642536163
"WI","2026-03-09T03:00:00.000000",1.81860709190369
"WI","2026-03-09T04:00:00.000000",1.8294552564621
"WI","2026-03-09T05:00:00.000000",1.8370406627655
"WI","2026-03-09T06:00:00.000000",1.84299552440643
"WI","2026-03-09T07:00:00.000000",1.84344899654388
"WI","2026-03-09T08:00:00.000000",1.841801404953
"WI","2026-03-09T09:00:00.000000",1.84006762504578
"WI","2026-03-09T10:00:00.000000",1.83678126335144
"WI","2026-03-09T11:00:00.000000",1.83553910255432
"WI","2026-03-09T12:00:00.000000",1.83572089672089
"WI","2026-03-09T13:00:00.000000",1.84058547019958
"WI","2026-03-09T14:00:00.000000",1.84643530845642
"WI","2026-03-09T15:00:00.000000",1.86384522914886
"WI","2026-03-09T16:00:00.000000",1.89445400238037
"WI","2026-03-09T17:00:00.000000",1.94498777389526
"WI","2026-03-09T18:00:00.000000",2.01448798179626
"WI","2026-03-09T19:00:00.000000",2.08792018890381
"WI","2026-03-09T20:00:00.000000",2.15047812461853
"WI","2026-03-09T21:00:00.000000",2.18914389610291
"WI","2026-03-09T22:00:00.000000",2.23388671875
"WI","2026-03-09T23:00:00.000000",2.24055671691895
"WI","2026-03-10T00:00:00.000000",2.23371267318726
"WI","2026-03-10T01:00:00.000000",2.21890091896057
"WI","2026-03-10T02:00:00.000000",2.20715713500977
"WI","2026-03-10T03:00:00.000000",2.22472763061523
"WI","2026-03-10T04:00:00.000000",2.24099922180176
"WI","2026-03-10T05:00:00.000000",2.24580144882202
"WI","2026-03-10T06:00:00.000000",2.25319290161133
"WI","2026-03-10T07:00:00.000000",2.25663590431213
"WI","2026-03-10T08:00:00.000000",2.24498105049133
"WI","2026-03-10T09:00:00.000000",2.22552895545959
"WI","2026-03-10T10:00:00.000000",2.22006821632385
"WI","2026-03-10T11:00:00.000000",2.2396297454834
"WI","2026-03-10T12:00:00.000000",2.24683856964111
"WI","2026-03-10T13:00:00.000000",2.24952125549316
"WI","2026-03-10T14:00:00.000000",2.26454734802246
"WI","2026-03-10T15:00:00.000000",2.28077912330627
"WI","2026-03-10T16:00:00.000000",2.30479383468628
"WI","2026-03-10T17:00:00.000000",2.32791829109192
"WI","2026-03-10T18:00:00.000000",2.36504554748535
"WI","2026-03-10T19:00:00.000000",2.412278175354
"WI","2026-03-10T20:00:00.000000",2.45969891548157
"WI","2026-03-10T21:00:00.000000",2.49050807952881
"WI","2026-03-10T22:00:00.000000",2.50619721412659
"WI","2026-03-10T23:00:00.000000",2.53419327735901
"WI","2026-03-11T00:00:00.000000",2.53620767593384
