site.id,date,sst_jpl
AQ,2024-05-07,10.548
AQ,2024-05-08,10.645
AQ,2024-05-09,10.458
AQ,2024-05-10,10.408
AQ,2024-05-11,10.434
AQ,2024-05-12,11.074
AQ,2024-05-13,11.379
AQ,2024-05-14,11.462
AQ,2024-05-15,11.41
AQ,2024-05-16,11.791
AQ,2024-05-17,11.866999999999999
AQ,2024-05-18,11.676
AQ,2024-05-19,11.719
AQ,2024-05-20,12.125
AQ,2024-05-21,15.186
AQ,2024-05-22,14.593
AQ,2024-05-23,14.375
AQ,2024-05-24,14.463
AQ,2024-05-25,14.62
AQ,2024-05-26,14.600999999999999
AQ,2024-05-27,14.857
AQ,2024-05-28,15.185
AQ,2024-05-29,15.171
AQ,2024-05-30,14.789
AQ,2024-05-31,14.981
AQ,2024-06-01,15.424
AQ,2024-06-02,15.51
AQ,2024-06-03,15.379999999999999
AQ,2024-06-04,15.93
AQ,2024-06-05,16.28
AQ,2024-06-06,16.043
AQ,2024-06-07,16.037
AQ,2024-06-08,16.085
AQ,2024-06-09,15.967
AQ,2024-06-10,15.943
AQ,2024-06-11,16.102
AQ,2024-06-12,16.384
AQ,2024-06-13,17.666
AQ,2024-06-14,17.605
AQ,2024-06-15,17.621
AQ,2024-06-16,17.652
AQ,2024-06-17,17.709
AQ,2024-06-18,17.406
AQ,2024-06-19,17.248
AQ,2024-06-20,17.353
AQ,2024-06-21,17.569
AQ,2024-06-22,17.919
AQ,2024-06-23,18.345
AQ,2024-06-24,17.677
AQ,2024-06-25,17.619
AQ,2024-06-26,17.433
AQ,2024-06-27,17.349
AQ,2024-06-28,17.153
AQ,2024-06-29,17.305
AQ,2024-06-30,17.259999999999998
AQ,2024-07-01,17.114
AQ,2024-07-02,17.122
AQ,2024-07-03,16.93
AQ,2024-07-04,17.149
AQ,2024-07-05,17.772
AQ,2024-07-06,18.157
AQ,2024-07-07,19.301000000000002
AQ,2024-07-08,19.34
AQ,2024-07-09,19.312
AQ,2024-07-10,19.18
AQ,2024-07-11,18.922
AQ,2024-07-12,18.346
AQ,2024-07-13,18.41
AQ,2024-07-14,18.13
AQ,2024-07-15,18.076999999999998
AQ,2024-07-16,18.084
AQ,2024-07-17,18.312
AQ,2024-07-18,18.492
AQ,2024-07-19,18.418
AQ,2024-07-20,18.622
AQ,2024-07-21,18.933
AQ,2024-07-22,19.083
AQ,2024-07-23,18.706
AQ,2024-07-24,18.383
AQ,2024-07-25,18.904
AQ,2024-07-26,19.021
AQ,2024-07-27,18.559
AQ,2024-07-28,18.442
AQ,2024-07-29,18.781
AQ,2024-07-30,19.014
AQ,2024-07-31,19.381999999999998
AQ,2024-08-01,19.712
AQ,2024-08-02,19.813
AQ,2024-08-03,19.828
AQ,2024-08-04,19.862000000000002
AQ,2024-08-05,19.598
AQ,2024-08-06,19.432
AQ,2024-08-07,18.402
AQ,2024-08-08,18.935
AQ,2024-08-09,19.355
AQ,2024-08-10,19.766
AQ,2024-08-11,19.607
AQ,2024-08-12,19.525
AQ,2024-08-13,19.47
AQ,2024-08-14,19.398
AQ,2024-08-15,19.73
AQ,2024-08-16,19.789
AQ,2024-08-17,19.658
AQ,2024-08-18,19.820999999999998
AQ,2024-08-19,19.753
AQ,2024-08-20,19.521
AQ,2024-08-21,18.979
AQ,2024-08-22,18.88
AQ,2024-08-23,18.975
AQ,2024-08-24,19.092
AQ,2024-08-25,19.082
AQ,2024-08-26,19.096
AQ,2024-08-27,19.182
AQ,2024-08-28,19.271
AQ,2024-08-29,19.131
AQ,2024-08-30,19.081
AQ,2024-08-31,19.194
AQ,2024-09-01,19.386
AQ,2024-09-02,19.512999999999998
AQ,2024-09-03,19.016
AQ,2024-09-04,18.152
AQ,2024-09-05,18.099
AQ,2024-09-06,18.184
AQ,2024-09-07,18.347
AQ,2024-09-08,18.396
AQ,2024-09-09,17.64
AQ,2024-09-10,16.957
AQ,2024-09-11,17.104
AQ,2024-09-12,18.032
AQ,2024-09-13,18.103
AQ,2024-09-14,18.225
AQ,2024-09-15,18.344
AQ,2024-09-16,18.453
AQ,2024-09-17,18.5
AQ,2024-09-18,18.537
AQ,2024-09-19,18.707
AQ,2024-09-20,19.599
AQ,2024-09-21,18.874
AQ,2024-09-22,18.351
AQ,2024-09-23,16.633
AQ,2024-09-24,16.637
AQ,2024-09-25,16.634999999999998
AQ,2024-09-26,16.575
AQ,2024-09-27,16.972
AQ,2024-09-28,17.038
AQ,2024-09-29,17.104
AQ,2024-09-30,17.115000000000002
AQ,2024-10-01,17.119
AQ,2024-10-02,17.151
AQ,2024-10-03,17.118
AQ,2024-10-04,17.142
AQ,2024-10-05,17.070999999999998
AQ,2024-10-06,16.933999999999997
AQ,2024-10-07,16.747999999999998
AQ,2024-10-08,16.237000000000002
AQ,2024-10-09,16.046
AQ,2024-10-10,15.705
AQ,2024-10-11,15.243
AQ,2024-10-12,15.076
AQ,2024-10-13,15.426
AQ,2024-10-14,15.613
AQ,2024-10-15,14.51
AQ,2024-10-16,13.577
AQ,2024-10-17,13.398
AQ,2024-10-18,13.329
AQ,2024-10-19,13.269
AQ,2024-10-20,13.474
AQ,2024-10-21,13.388
AQ,2024-10-22,13.634
AQ,2024-10-23,14.003
AQ,2024-10-24,14.115
AQ,2024-10-25,13.876
AQ,2024-10-26,13.543
AQ,2024-10-27,12.469999999999999
AQ,2024-10-28,12.267
AQ,2024-10-29,12.036999999999999
AQ,2024-10-30,11.764
AQ,2024-10-31,12.052999999999999
AQ,2024-11-01,12.225
AQ,2024-11-02,12.102
AQ,2024-11-03,12.229
AQ,2024-11-04,12.385
AQ,2024-11-05,12.674999999999999
AQ,2024-11-06,12.241
AQ,2024-11-07,11.696
AQ,2024-11-08,11.632
AQ,2024-11-09,11.610999999999999
AQ,2024-11-10,11.517
AQ,2024-11-11,11
AQ,2024-11-12,10.843
AQ,2024-11-13,10.621
AQ,2024-11-14,10.898
AQ,2024-11-15,10.98
AQ,2024-11-16,10.374
AQ,2024-11-17,10.270999999999999
AQ,2024-11-18,10.447
AQ,2024-11-19,10.435
AQ,2024-11-20,10.533
AQ,2024-11-21,10.4
AQ,2024-11-22,9.995
AQ,2024-11-23,9.931
AQ,2024-11-24,9.376999999999999
AQ,2024-11-25,9.294
AQ,2024-11-26,9.487
AQ,2024-11-27,9.507
AQ,2024-11-28,9.615
AQ,2024-11-29,9.578
AQ,2024-11-30,9.283999999999999
AQ,2024-12-01,9.129999999999999
AQ,2024-12-02,9.108
AQ,2024-12-03,9.072
AQ,2024-12-04,8.995000000000001
AQ,2024-12-05,8.934000000000001
AQ,2024-12-06,8.806000000000001
AQ,2024-12-07,8.847999999999999
AQ,2024-12-08,8.79
AQ,2024-12-09,8.780000000000001
AQ,2024-12-10,8.753
AQ,2024-12-11,8.477999999999998
AQ,2024-12-12,8.306000000000001
AQ,2024-12-13,8.116
AQ,2024-12-14,7.847000000000001
AQ,2024-12-15,7.760999999999999
AQ,2024-12-16,7.8359999999999985
AQ,2024-12-17,7.917999999999999
AQ,2024-12-18,7.547999999999998
AQ,2024-12-19,7.405999999999999
AQ,2024-12-20,7.230999999999998
AQ,2024-12-21,7.038999999999998
AQ,2024-12-22,7.152999999999999
AQ,2024-12-23,6.966000000000001
AQ,2024-12-24,6.959
AQ,2024-12-25,6.719000000000001
AQ,2024-12-26,6.3870000000000005
AQ,2024-12-27,6.234999999999999
AQ,2024-12-28,6.405999999999999
AQ,2024-12-29,6.937000000000001
AQ,2024-12-30,6.934999999999999
AQ,2024-12-31,6.7940000000000005
AQ,2025-01-01,6.730999999999998
AQ,2025-01-02,6.474999999999998
AQ,2025-01-03,6.504000000000001
AQ,2025-01-04,6.584
AQ,2025-01-05,6.558
AQ,2025-01-06,6.565999999999999
AQ,2025-01-07,6.384999999999998
AQ,2025-01-08,6.009999999999998
AQ,2025-01-09,5.626000000000001
AQ,2025-01-10,5.599
AQ,2025-01-11,5.658000000000001
AQ,2025-01-12,5.486000000000001
AQ,2025-01-13,5.129000000000001
AQ,2025-01-14,4.808
AQ,2025-01-15,4.605999999999998
AQ,2025-01-16,4.696999999999999
AQ,2025-01-17,4.864000000000001
AQ,2025-01-18,4.998000000000001
AQ,2025-01-19,4.6789999999999985
AQ,2025-01-20,4.5440000000000005
AQ,2025-01-21,4.312999999999999
AQ,2025-01-22,4.1469999999999985
AQ,2025-01-23,4.114000000000001
AQ,2025-01-24,3.8679999999999986
AQ,2025-01-25,4.039999999999999
AQ,2025-01-26,4.321999999999999
AQ,2025-01-27,4.175999999999998
AQ,2025-01-28,4.084
AQ,2025-01-29,4.170999999999999
AQ,2025-01-30,4.192
AQ,2025-01-31,4.088999999999999
AQ,2025-02-01,3.8900000000000006
AQ,2025-02-02,3.695999999999998
AQ,2025-02-03,3.8640000000000008
AQ,2025-02-04,3.936
AQ,2025-02-05,3.977999999999998
AQ,2025-02-06,3.855999999999998
AQ,2025-02-07,4
AQ,2025-02-08,3.977999999999998
AQ,2025-02-09,3.725999999999999
AQ,2025-02-10,3.6419999999999995
AQ,2025-02-11,3.7620000000000005
AQ,2025-02-12,3.7970000000000006
AQ,2025-02-13,3.6660000000000004
AQ,2025-02-14,3.478999999999999
AQ,2025-02-15,3.436
AQ,2025-02-16,3.0479999999999983
AQ,2025-02-17,3.035999999999998
AQ,2025-02-18,3.036999999999999
AQ,2025-02-19,3.192
AQ,2025-02-20,2.8999999999999986
AQ,2025-02-21,2.323999999999998
AQ,2025-02-22,2.1900000000000013
AQ,2025-02-23,2.4899999999999984
AQ,2025-02-24,2.84
AQ,2025-02-25,2.628999999999998
AQ,2025-02-26,2.5829999999999984
AQ,2025-02-27,2.617000000000001
AQ,2025-02-28,2.9499999999999993
AQ,2025-03-01,2.716000000000001
AQ,2025-03-02,2.561
AQ,2025-03-03,2.608999999999998
AQ,2025-03-04,2.910999999999998
AQ,2025-03-05,3.3939999999999984
AQ,2025-03-06,3.169999999999998
AQ,2025-03-07,2.8760000000000012
AQ,2025-03-08,2.7300000000000004
AQ,2025-03-09,2.753
AQ,2025-03-10,2.975999999999999
AQ,2025-03-11,3.4939999999999998
AQ,2025-03-12,4.1179999999999986
AQ,2025-03-13,4.0489999999999995
AQ,2025-03-14,3.942
AQ,2025-03-15,3.6849999999999987
AQ,2025-03-16,3.8150000000000013
AQ,2025-03-17,3.9529999999999994
AQ,2025-03-18,3.838000000000001
AQ,2025-03-19,3.910999999999998
AQ,2025-03-20,4.652999999999999
AQ,2025-03-21,4.527999999999999
AQ,2025-03-22,4.5440000000000005
AQ,2025-03-23,4.445
AQ,2025-03-24,4.477
AQ,2025-03-25,4.515999999999998
AQ,2025-03-26,4.446999999999999
AQ,2025-03-27,4.4510000000000005
AQ,2025-03-28,4.443999999999999
AQ,2025-03-29,4.52
AQ,2025-03-30,4.576999999999998
AQ,2025-03-31,5.212
AQ,2025-04-01,5.221
AQ,2025-04-02,5.274000000000001
AQ,2025-04-03,5.311
AQ,2025-04-04,5.382999999999999
AQ,2025-04-05,5.858999999999998
AQ,2025-04-06,5.747
AQ,2025-04-07,5.16
AQ,2025-04-08,5.321999999999999
AQ,2025-04-09,5.239000000000001
AQ,2025-04-10,5.129000000000001
AQ,2025-04-11,5.07
AQ,2025-04-12,5.155999999999999
AQ,2025-04-13,4.591000000000001
AQ,2025-04-14,5.337
AQ,2025-04-15,5.745000000000001
AQ,2025-04-16,5.8260000000000005
AQ,2025-04-17,5.6129999999999995
AQ,2025-04-18,5.503
AQ,2025-04-19,5.588000000000001
AQ,2025-04-20,5.661000000000001
AQ,2025-04-21,6.254999999999999
AQ,2025-04-22,6.690000000000001
AQ,2025-04-23,7.041
AQ,2025-04-24,7.901
AQ,2025-04-25,7.709
AQ,2025-04-26,6.788
AQ,2025-04-27,6.198999999999998
AQ,2025-04-28,6.149999999999999
AQ,2025-04-29,7.736000000000001
AQ,2025-04-30,8.166999999999998
AQ,2025-05-01,8.181000000000001
AQ,2025-05-02,8.195
AQ,2025-05-03,8.361999999999998
AQ,2025-05-04,8.896
AQ,2025-05-05,8.988
AQ,2025-05-06,9.932
AQ,2025-05-07,10.122
AQ,2025-05-08,10.078999999999999
AQ,2025-05-09,9.863999999999999
AQ,2025-05-10,8.983999999999998
AQ,2025-05-11,8.986999999999998
AQ,2025-05-12,9.251999999999999
AQ,2025-05-13,10.745
AQ,2025-05-14,11.868
AQ,2025-05-15,11.979
AQ,2025-05-16,11.846
AQ,2025-05-17,12.157
AQ,2025-05-18,12.639
AQ,2025-05-19,12.632
AQ,2025-05-20,10.41
AQ,2025-05-21,10.249
AQ,2025-05-22,9.863999999999999
AQ,2025-05-23,9.328
AQ,2025-05-24,10.093
AQ,2025-05-25,10.36
AQ,2025-05-26,10.233
AQ,2025-05-27,10.283999999999999
AQ,2025-05-28,10.485999999999999
AQ,2025-05-29,11.978
AQ,2025-05-30,12.45
AQ,2025-05-31,12.469999999999999
AQ,2025-06-01,12.447
AQ,2025-06-02,12.597
AQ,2025-06-03,12.466
AQ,2025-06-04,12.443999999999999
AQ,2025-06-05,12.381
AQ,2025-06-06,12.66
AQ,2025-06-07,13.904
AQ,2025-06-08,13.948
AQ,2025-06-09,13.988
AQ,2025-06-10,14.568999999999999
AQ,2025-06-11,16.043
AQ,2025-06-12,16.076999999999998
AQ,2025-06-13,16.022
AQ,2025-06-14,15.419
AQ,2025-06-15,15.366999999999999
AQ,2025-06-16,14.887
AQ,2025-06-17,16.43
AQ,2025-06-18,17.128
AQ,2025-06-19,17.021
AQ,2025-06-20,16.933999999999997
AQ,2025-06-21,17.049
AQ,2025-06-22,17.363
AQ,2025-06-23,17.782
AQ,2025-06-24,18.735
AQ,2025-06-25,18.593
AQ,2025-06-26,18.682
AQ,2025-06-27,18.65
AQ,2025-06-28,18.474
AQ,2025-06-29,18.736
AQ,2025-06-30,18.734
AQ,2025-07-01,18.762
AQ,2025-07-02,18.947
AQ,2025-07-03,19.225
AQ,2025-07-04,19.25
AQ,2025-07-05,19.332
AQ,2025-07-06,19.637999999999998
AQ,2025-07-07,20.223
AQ,2025-07-08,20.377
AQ,2025-07-09,20.392
AQ,2025-07-10,19.536
AQ,2025-07-11,19.151
AQ,2025-07-12,19.153
AQ,2025-07-13,19.179000000000002
AQ,2025-07-14,19.269
AQ,2025-07-15,19.944
AQ,2025-07-16,20.428
AQ,2025-07-17,20.445
AQ,2025-07-18,20.578
AQ,2025-07-19,20.493000000000002
AQ,2025-07-20,19.884999999999998
AQ,2025-07-21,18.215
AQ,2025-07-22,17.483
AQ,2025-07-23,17.499
AQ,2025-07-24,17.817
AQ,2025-07-25,18.461
AQ,2025-07-26,18.798000000000002
AQ,2025-07-27,19.234
AQ,2025-07-28,19.506
AQ,2025-07-29,19.676000000000002
AQ,2025-07-30,19.915
AQ,2025-07-31,19.603
AQ,2025-08-01,19.195
AQ,2025-08-02,18.631
AQ,2025-08-03,18.425
AQ,2025-08-04,18.391
AQ,2025-08-05,18.642
AQ,2025-08-06,19.063
AQ,2025-08-07,19.387999999999998
AQ,2025-08-08,19.381
AQ,2025-08-09,19.576999999999998
AQ,2025-08-10,19.722
AQ,2025-08-11,19.728
AQ,2025-08-12,19.945999999999998
AQ,2025-08-13,20.675
AQ,2025-08-14,21.279
AQ,2025-08-15,21.125
AQ,2025-08-16,21.035
AQ,2025-08-17,20.957
AQ,2025-08-18,20.508
AQ,2025-08-19,20.394
AQ,2025-08-20,18.458
AQ,2025-08-21,18.261
AQ,2025-08-22,18.305
AQ,2025-08-23,18.42
AQ,2025-08-24,18.485
AQ,2025-08-25,20.741
AQ,2025-08-26,20.056
AQ,2025-08-27,18.316
AQ,2025-08-28,18.329
AQ,2025-08-29,18.33
AQ,2025-08-30,18.255
AQ,2025-08-31,18.163
AQ,2025-09-01,18.331
AQ,2025-09-02,18.146
AQ,2025-09-03,17.891
AQ,2025-09-04,17.759
AQ,2025-09-05,17.958
AQ,2025-09-06,18.059
AQ,2025-09-07,18.064
AQ,2025-09-08,17.908
AQ,2025-09-09,17.613
AQ,2025-09-10,17.506
AQ,2025-09-11,17.336
AQ,2025-09-12,17.213
AQ,2025-09-13,17.162
AQ,2025-09-14,17.1
AQ,2025-09-15,17.131999999999998
AQ,2025-09-16,17.208
AQ,2025-09-17,17.761
AQ,2025-09-18,18.099
AQ,2025-09-19,18.125
AQ,2025-09-20,17.823
AQ,2025-09-21,17.65
AQ,2025-09-22,17.43
AQ,2025-09-23,17.445999999999998
AQ,2025-09-24,17.521
CB,2024-05-07,10.485
CB,2024-05-08,10.586
CB,2024-05-09,10.629
CB,2024-05-10,10.864
CB,2024-05-11,10.881
CB,2024-05-12,11.004
CB,2024-05-13,10.934
CB,2024-05-14,10.87
CB,2024-05-15,11.107
CB,2024-05-16,11.45
CB,2024-05-17,11.486
CB,2024-05-18,11.473
CB,2024-05-19,11.585
CB,2024-05-20,11.637
CB,2024-05-21,14.77
CB,2024-05-22,14.298
CB,2024-05-23,14.059
CB,2024-05-24,14.31
CB,2024-05-25,14.602
CB,2024-05-26,14.598
CB,2024-05-27,14.528
CB,2024-05-28,15.548
CB,2024-05-29,15.764
CB,2024-05-30,14.476
CB,2024-05-31,14.054
CB,2024-06-01,14.614
CB,2024-06-02,14.836
CB,2024-06-03,14.934
CB,2024-06-04,15.631
CB,2024-06-05,15.829
CB,2024-06-06,15.712
CB,2024-06-07,15.902
CB,2024-06-08,15.774
CB,2024-06-09,15.455
CB,2024-06-10,15.46
CB,2024-06-11,15.532
CB,2024-06-12,15.981
CB,2024-06-13,17.598
CB,2024-06-14,17.59
CB,2024-06-15,17.249
CB,2024-06-16,17.136
CB,2024-06-17,17.176000000000002
CB,2024-06-18,17.123
CB,2024-06-19,17.183
CB,2024-06-20,17.429000000000002
CB,2024-06-21,17.615000000000002
CB,2024-06-22,17.776
CB,2024-06-23,18.172
CB,2024-06-24,17.58
CB,2024-06-25,17.517
CB,2024-06-26,16.817
CB,2024-06-27,16.817999999999998
CB,2024-06-28,16.447
CB,2024-06-29,16.783
CB,2024-06-30,16.616
CB,2024-07-01,16.569
CB,2024-07-02,16.686
CB,2024-07-03,16.479
CB,2024-07-04,16.697
CB,2024-07-05,17.15
CB,2024-07-06,17.673000000000002
CB,2024-07-07,18.942
CB,2024-07-08,18.937
CB,2024-07-09,18.829
CB,2024-07-10,18.657
CB,2024-07-11,18.537
CB,2024-07-12,17.807
CB,2024-07-13,18.106
CB,2024-07-14,17.667
CB,2024-07-15,17.801000000000002
CB,2024-07-16,17.806
CB,2024-07-17,17.971
CB,2024-07-18,18.162
CB,2024-07-19,18.074
CB,2024-07-20,18.176
CB,2024-07-21,18.421
CB,2024-07-22,18.555
CB,2024-07-23,18.117
CB,2024-07-24,17.786
CB,2024-07-25,18.492
CB,2024-07-26,18.657
CB,2024-07-27,18.431
CB,2024-07-28,18.332
CB,2024-07-29,18.486
CB,2024-07-30,18.485
CB,2024-07-31,18.794
CB,2024-08-01,19.016
CB,2024-08-02,19.16
CB,2024-08-03,19.291
CB,2024-08-04,19.907
CB,2024-08-05,19.86
CB,2024-08-06,19.872
CB,2024-08-07,18.521
CB,2024-08-08,18.585
CB,2024-08-09,18.81
CB,2024-08-10,19.936
CB,2024-08-11,19.685
CB,2024-08-12,19.329
CB,2024-08-13,19.207
CB,2024-08-14,19.226
CB,2024-08-15,19.508
CB,2024-08-16,19.409
CB,2024-08-17,19.38
CB,2024-08-18,19.459
CB,2024-08-19,19.574
CB,2024-08-20,19.151
CB,2024-08-21,18.593
CB,2024-08-22,18.575
CB,2024-08-23,18.828
CB,2024-08-24,18.933
CB,2024-08-25,18.815
CB,2024-08-26,18.867
CB,2024-08-27,19.153
CB,2024-08-28,19.323
CB,2024-08-29,19.375
CB,2024-08-30,18.469
CB,2024-08-31,18.566
CB,2024-09-01,18.84
CB,2024-09-02,18.838
CB,2024-09-03,18.801
CB,2024-09-04,18.509
CB,2024-09-05,18.434
CB,2024-09-06,18.423
CB,2024-09-07,18.359
CB,2024-09-08,18.387
CB,2024-09-09,18.136
CB,2024-09-10,17.918
CB,2024-09-11,17.897
CB,2024-09-12,18.148
CB,2024-09-13,18.138
CB,2024-09-14,18.086
CB,2024-09-15,18.314
CB,2024-09-16,18.477
CB,2024-09-17,18.396
CB,2024-09-18,18.479
CB,2024-09-19,18.632
CB,2024-09-20,19.358
CB,2024-09-21,18.601
CB,2024-09-22,18.05
CB,2024-09-23,16.741999999999997
CB,2024-09-24,16.753
CB,2024-09-25,16.749000000000002
CB,2024-09-26,16.63
CB,2024-09-27,16.898
CB,2024-09-28,16.768
CB,2024-09-29,17.006
CB,2024-09-30,17.093
CB,2024-10-01,17.041
CB,2024-10-02,16.964
CB,2024-10-03,16.938000000000002
CB,2024-10-04,16.951
CB,2024-10-05,16.951999999999998
CB,2024-10-06,16.878
CB,2024-10-07,16.782
CB,2024-10-08,16.134
CB,2024-10-09,15.995
CB,2024-10-10,15.488
CB,2024-10-11,15.426
CB,2024-10-12,15.389
CB,2024-10-13,15.518
CB,2024-10-14,15.588
CB,2024-10-15,14.148
CB,2024-10-16,13.402
CB,2024-10-17,13.242
CB,2024-10-18,13.147
CB,2024-10-19,13.058
CB,2024-10-20,13.374
CB,2024-10-21,13.378
CB,2024-10-22,13.632
CB,2024-10-23,13.837
CB,2024-10-24,13.76
CB,2024-10-25,13.53
CB,2024-10-26,13.178
CB,2024-10-27,12.751
CB,2024-10-28,12.043
CB,2024-10-29,11.773
CB,2024-10-30,11.744
CB,2024-10-31,11.965
CB,2024-11-01,12.018
CB,2024-11-02,11.924
CB,2024-11-03,11.97
CB,2024-11-04,12.09
CB,2024-11-05,12.425
CB,2024-11-06,12.146
CB,2024-11-07,12.14
CB,2024-11-08,12.086
CB,2024-11-09,11.643
CB,2024-11-10,11.416
CB,2024-11-11,11.394
CB,2024-11-12,11.329
CB,2024-11-13,11.13
CB,2024-11-14,11.225
CB,2024-11-15,11.089
CB,2024-11-16,10.5
CB,2024-11-17,10.421
CB,2024-11-18,10.492
CB,2024-11-19,10.285
CB,2024-11-20,10.219
CB,2024-11-21,10.366
CB,2024-11-22,9.965
CB,2024-11-23,9.873
CB,2024-11-24,9.476
CB,2024-11-25,9.399
CB,2024-11-26,9.44
CB,2024-11-27,9.352
CB,2024-11-28,9.351
CB,2024-11-29,9.364
CB,2024-11-30,8.972999999999999
CB,2024-12-01,8.800999999999998
CB,2024-12-02,8.744
CB,2024-12-03,8.8
CB,2024-12-04,8.954
CB,2024-12-05,8.898
CB,2024-12-06,8.553999999999998
CB,2024-12-07,8.457999999999998
CB,2024-12-08,8.568000000000001
CB,2024-12-09,8.643
CB,2024-12-10,8.64
CB,2024-12-11,8.530999999999999
CB,2024-12-12,8.363
CB,2024-12-13,8.174
CB,2024-12-14,7.748000000000001
CB,2024-12-15,7.643000000000001
CB,2024-12-16,7.917999999999999
CB,2024-12-17,8.036000000000001
CB,2024-12-18,7.600999999999999
CB,2024-12-19,7.475999999999999
CB,2024-12-20,7.277999999999999
CB,2024-12-21,7.004999999999999
CB,2024-12-22,6.952999999999999
CB,2024-12-23,6.945999999999998
CB,2024-12-24,7.198999999999998
CB,2024-12-25,6.844000000000001
CB,2024-12-26,6.463000000000001
CB,2024-12-27,6.285
CB,2024-12-28,6.661999999999999
CB,2024-12-29,7.1080000000000005
CB,2024-12-30,6.922999999999998
CB,2024-12-31,6.683
CB,2025-01-01,6.593
CB,2025-01-02,6.518999999999998
CB,2025-01-03,6.425999999999998
CB,2025-01-04,6.309000000000001
CB,2025-01-05,6.355
CB,2025-01-06,6.398
CB,2025-01-07,6.343
CB,2025-01-08,5.9510000000000005
CB,2025-01-09,5.533000000000001
CB,2025-01-10,5.608999999999998
CB,2025-01-11,5.7669999999999995
CB,2025-01-12,5.690000000000001
CB,2025-01-13,5.204999999999998
CB,2025-01-14,4.942999999999998
CB,2025-01-15,4.864999999999998
CB,2025-01-16,4.913
CB,2025-01-17,5.114999999999998
CB,2025-01-18,5.3580000000000005
CB,2025-01-19,5.0809999999999995
CB,2025-01-20,4.753
CB,2025-01-21,4.477
CB,2025-01-22,4.422999999999998
CB,2025-01-23,4.530000000000001
CB,2025-01-24,4.2989999999999995
CB,2025-01-25,4.503
CB,2025-01-26,4.7429999999999986
CB,2025-01-27,4.666999999999998
CB,2025-01-28,4.544999999999998
CB,2025-01-29,4.466999999999999
CB,2025-01-30,4.382999999999999
CB,2025-01-31,4.341000000000001
CB,2025-02-01,4.102
CB,2025-02-02,3.914999999999999
CB,2025-02-03,4.216999999999999
CB,2025-02-04,3.933
CB,2025-02-05,3.8610000000000007
CB,2025-02-06,3.858999999999998
CB,2025-02-07,4.260999999999999
CB,2025-02-08,4.143000000000001
CB,2025-02-09,4.050999999999998
CB,2025-02-10,3.9819999999999993
CB,2025-02-11,4.0539999999999985
CB,2025-02-12,4.207000000000001
CB,2025-02-13,4.224
CB,2025-02-14,4.006999999999998
CB,2025-02-15,3.968
CB,2025-02-16,3.311
CB,2025-02-17,3.349
CB,2025-02-18,3.3470000000000013
CB,2025-02-19,3.382999999999999
CB,2025-02-20,3.0410000000000004
CB,2025-02-21,2.75
CB,2025-02-22,2.692
CB,2025-02-23,2.844000000000001
CB,2025-02-24,3.1900000000000013
CB,2025-02-25,3.2070000000000007
CB,2025-02-26,3.219000000000001
CB,2025-02-27,3.192999999999998
CB,2025-02-28,3.244
CB,2025-03-01,3.088999999999998
CB,2025-03-02,2.9250000000000007
CB,2025-03-03,2.788999999999998
CB,2025-03-04,3.0509999999999984
CB,2025-03-05,3.376999999999999
CB,2025-03-06,3.442999999999998
CB,2025-03-07,3.2620000000000005
CB,2025-03-08,3.0500000000000007
CB,2025-03-09,3.035999999999998
CB,2025-03-10,3.318999999999999
CB,2025-03-11,3.823999999999998
CB,2025-03-12,4.187000000000001
CB,2025-03-13,4.152999999999999
CB,2025-03-14,3.878
CB,2025-03-15,3.826999999999998
CB,2025-03-16,3.8999999999999986
CB,2025-03-17,4.149999999999999
CB,2025-03-18,4.079000000000001
CB,2025-03-19,4.132999999999999
CB,2025-03-20,4.626999999999999
CB,2025-03-21,4.472999999999999
CB,2025-03-22,4.399000000000001
CB,2025-03-23,4.3309999999999995
CB,2025-03-24,4.466999999999999
CB,2025-03-25,4.3870000000000005
CB,2025-03-26,4.253
CB,2025-03-27,4.274999999999999
CB,2025-03-28,4.207999999999998
CB,2025-03-29,4.3039999999999985
CB,2025-03-30,4.530999999999999
CB,2025-03-31,5.09
CB,2025-04-01,5.0219999999999985
CB,2025-04-02,5.055
CB,2025-04-03,5.151
CB,2025-04-04,5.239999999999998
CB,2025-04-05,5.68
CB,2025-04-06,5.588999999999999
CB,2025-04-07,4.977
CB,2025-04-08,5.292999999999999
CB,2025-04-09,5.2669999999999995
CB,2025-04-10,5.001000000000001
CB,2025-04-11,4.881999999999998
CB,2025-04-12,5.026
CB,2025-04-13,4.475999999999999
CB,2025-04-14,5.143999999999998
CB,2025-04-15,5.372
CB,2025-04-16,5.448
CB,2025-04-17,5.358999999999998
CB,2025-04-18,5.337
CB,2025-04-19,5.439
CB,2025-04-20,5.472999999999999
CB,2025-04-21,6.0120000000000005
CB,2025-04-22,6.420999999999999
CB,2025-04-23,6.791999999999998
CB,2025-04-24,7.346
CB,2025-04-25,7.221
CB,2025-04-26,6.684000000000001
CB,2025-04-27,6.5219999999999985
CB,2025-04-28,6.539999999999999
CB,2025-04-29,7.277000000000001
CB,2025-04-30,7.870999999999999
CB,2025-05-01,7.957999999999998
CB,2025-05-02,7.991
CB,2025-05-03,8.262999999999998
CB,2025-05-04,8.829999999999998
CB,2025-05-05,8.870000000000001
CB,2025-05-06,9.719
CB,2025-05-07,9.85
CB,2025-05-08,9.822
CB,2025-05-09,9.632
CB,2025-05-10,8.735
CB,2025-05-11,8.701
CB,2025-05-12,9.043
CB,2025-05-13,10.854
CB,2025-05-14,11.739
CB,2025-05-15,11.893
CB,2025-05-16,11.711
CB,2025-05-17,12.24
CB,2025-05-18,12.794
CB,2025-05-19,12.639
CB,2025-05-20,10.181
CB,2025-05-21,9.998
CB,2025-05-22,9.633
CB,2025-05-23,9.068
CB,2025-05-24,9.679
CB,2025-05-25,10.168
CB,2025-05-26,10.072
CB,2025-05-27,10.092
CB,2025-05-28,10.293
CB,2025-05-29,11.848
CB,2025-05-30,12.312
CB,2025-05-31,12.307
CB,2025-06-01,12.29
CB,2025-06-02,12.363
CB,2025-06-03,12.136
CB,2025-06-04,12.14
CB,2025-06-05,12.103
CB,2025-06-06,12.408
CB,2025-06-07,13.711
CB,2025-06-08,13.664
CB,2025-06-09,13.671
CB,2025-06-10,14.19
CB,2025-06-11,15.873
CB,2025-06-12,15.985
CB,2025-06-13,15.972
CB,2025-06-14,15.107
CB,2025-06-15,15.225
CB,2025-06-16,15.027
CB,2025-06-17,16.241999999999997
CB,2025-06-18,16.847
CB,2025-06-19,16.788
CB,2025-06-20,16.688000000000002
CB,2025-06-21,16.792
CB,2025-06-22,17.492
CB,2025-06-23,17.897
CB,2025-06-24,18.653
CB,2025-06-25,18.543
CB,2025-06-26,18.596
CB,2025-06-27,18.33
CB,2025-06-28,18.239
CB,2025-06-29,18.687
CB,2025-06-30,18.738
CB,2025-07-01,18.737
CB,2025-07-02,18.865
CB,2025-07-03,19.054
CB,2025-07-04,19.051
CB,2025-07-05,19.269
CB,2025-07-06,19.545
CB,2025-07-07,19.996
CB,2025-07-08,20.166
CB,2025-07-09,20.235
CB,2025-07-10,19.328
CB,2025-07-11,18.977
CB,2025-07-12,18.813
CB,2025-07-13,18.737
CB,2025-07-14,18.796
CB,2025-07-15,19.892
CB,2025-07-16,20.316
CB,2025-07-17,20.265
CB,2025-07-18,20.046
CB,2025-07-19,19.879
CB,2025-07-20,19.506
CB,2025-07-21,18.083
CB,2025-07-22,17.386
CB,2025-07-23,17.490000000000002
CB,2025-07-24,17.64
CB,2025-07-25,18.201
CB,2025-07-26,18.622
CB,2025-07-27,18.997
CB,2025-07-28,19.228
CB,2025-07-29,19.467
CB,2025-07-30,19.626
CB,2025-07-31,19.449
CB,2025-08-01,18.886
CB,2025-08-02,18.748
CB,2025-08-03,18.73
CB,2025-08-04,18.549
CB,2025-08-05,18.54
CB,2025-08-06,18.951
CB,2025-08-07,19.218
CB,2025-08-08,19.204
CB,2025-08-09,19.285
CB,2025-08-10,19.464
CB,2025-08-11,19.601
CB,2025-08-12,20.077
CB,2025-08-13,20.644
CB,2025-08-14,21.137
CB,2025-08-15,21.085
CB,2025-08-16,21.023
CB,2025-08-17,20.956
CB,2025-08-18,20.571
CB,2025-08-19,20.283
CB,2025-08-20,18.732
CB,2025-08-21,18.217
CB,2025-08-22,18.099
CB,2025-08-23,18.184
CB,2025-08-24,18.274
CB,2025-08-25,20.557
CB,2025-08-26,19.897
CB,2025-08-27,18.153
CB,2025-08-28,18.172
CB,2025-08-29,18.248
CB,2025-08-30,18.263
CB,2025-08-31,18.169
CB,2025-09-01,18.191
CB,2025-09-02,18.244
CB,2025-09-03,18.058
CB,2025-09-04,18.125
CB,2025-09-05,18.217
CB,2025-09-06,18.113
CB,2025-09-07,17.987000000000002
CB,2025-09-08,17.586
CB,2025-09-09,17.512
CB,2025-09-10,17.415
CB,2025-09-11,17.189999999999998
CB,2025-09-12,16.893
CB,2025-09-13,16.77
CB,2025-09-14,16.755
CB,2025-09-15,16.713
CC,2024-04-16,8.864
CC,2024-04-17,9.2
CC,2024-04-18,9.23
CC,2024-04-19,8.872
CC,2024-04-20,8.794999999999998
CC,2024-04-21,8.884999999999998
CC,2024-04-22,9.091
CC,2024-04-23,9.199
CC,2024-04-24,9.119
CC,2024-04-25,9.107
CC,2024-04-26,9.327
CC,2024-04-27,9.459
CC,2024-04-28,9.352
CC,2024-04-29,9.26
CC,2024-04-30,10.196
CC,2024-05-01,10.155
CC,2024-05-02,10.392
CC,2024-05-03,10.49
CC,2024-05-04,10.649
CC,2024-05-05,10.759
CC,2024-05-06,10.613
CC,2024-05-07,10.864
CC,2024-05-08,11.046
CC,2024-05-09,11.229
CC,2024-05-10,11.073
CC,2024-05-11,11.794
CC,2024-05-12,12.101
CC,2024-05-13,12.405
CC,2024-05-14,12.586
CC,2024-05-15,12.408
CC,2024-05-16,12
CC,2024-05-17,11.038
CC,2024-05-18,11.122
CC,2024-05-19,11.528
CC,2024-05-20,11.933
CC,2024-05-21,14.63
CC,2024-05-22,14.584
CC,2024-05-23,15.035
CC,2024-05-24,15.243
CC,2024-05-25,15.311
CC,2024-05-26,15.407
CC,2024-05-27,15.261
CC,2024-05-28,16.03
CC,2024-05-29,16.201999999999998
CC,2024-05-30,16.036
CC,2024-05-31,16.017
CC,2024-06-01,16.723
CC,2024-06-02,16.55
CC,2024-06-03,16.63
CC,2024-06-04,17.042
CC,2024-06-05,17.093
CC,2024-06-06,16.67
CC,2024-06-07,16.892
CC,2024-06-08,16.698999999999998
CC,2024-06-09,17.549
CC,2024-06-10,17.444
CC,2024-06-11,17.613
CC,2024-06-12,17.793
CC,2024-06-13,18.056
CC,2024-06-14,18.313
CC,2024-06-15,18.479
CC,2024-06-16,18.78
CC,2024-06-17,19.251
CC,2024-06-18,19.264
CC,2024-06-19,19.292
CC,2024-06-20,19.209
CC,2024-06-21,19.247
CC,2024-06-22,19.464
CC,2024-06-23,19.324
CC,2024-06-24,18.526
CC,2024-06-25,18.405
CC,2024-06-26,19.943
CC,2024-06-27,19.916
CC,2024-06-28,20.344
CC,2024-06-29,20.547
CC,2024-06-30,20.349
CC,2024-07-01,20.743
CC,2024-07-02,21.259
CC,2024-07-03,21.362
CC,2024-07-04,21.491
CC,2024-07-05,21.323
CC,2024-07-06,21.35
CC,2024-07-07,21.901
CC,2024-07-08,21.833
CC,2024-07-09,21.876
CC,2024-07-10,22.068
CC,2024-07-11,22.643
CC,2024-07-12,22.662
CC,2024-07-13,22.922
CC,2024-07-14,23.002
CC,2024-07-15,23.044
CC,2024-07-16,23.1
CC,2024-07-17,23.158
CC,2024-07-18,23.335
CC,2024-07-19,23.321
CC,2024-07-20,23.266
CC,2024-07-21,23.778
CC,2024-07-22,23.862
CC,2024-07-23,22.3
CC,2024-07-24,22.056
CC,2024-07-25,21.73
CC,2024-07-26,22.026
CC,2024-07-27,22.335
CC,2024-07-28,21.99
CC,2024-07-29,21.75
CC,2024-07-30,22.017
CC,2024-07-31,22.105
CC,2024-08-01,22.276
CC,2024-08-02,22.407
CC,2024-08-03,22.518
CC,2024-08-04,22.423
CC,2024-08-05,22.951
CC,2024-08-06,22.391
CC,2024-08-07,21.808
CC,2024-08-08,21.869
CC,2024-08-09,22.431
CC,2024-08-10,23.092
CC,2024-08-11,23.134
CC,2024-08-12,22.893
CC,2024-08-13,22.598
CC,2024-08-14,22.397
CC,2024-08-15,22.577
CC,2024-08-16,22.576
CC,2024-08-17,22.535
CC,2024-08-18,22.766
CC,2024-08-19,22.719
CC,2024-08-20,22.26
CC,2024-08-21,21.936
CC,2024-08-22,21.844
CC,2024-08-23,21.79
CC,2024-08-24,21.712
CC,2024-08-25,21.609
CC,2024-08-26,21.725
CC,2024-08-27,21.493
CC,2024-08-28,20.705
CC,2024-08-29,20.713
CC,2024-08-30,20.359
CC,2024-08-31,20.125
CC,2024-09-01,20.002
CC,2024-09-02,19.929
CC,2024-09-03,19.805
CC,2024-09-04,19.566
CC,2024-09-05,19.801
CC,2024-09-06,19.843
CC,2024-09-07,19.822
CC,2024-09-08,19.61
CC,2024-09-09,19.163
CC,2024-09-10,18.988
CC,2024-09-11,18.949
CC,2024-09-12,20.174
CC,2024-09-13,20.756
CC,2024-09-14,20.785
CC,2024-09-15,20.851
CC,2024-09-16,20.888
CC,2024-09-17,20.608
CC,2024-09-18,20.242
CC,2024-09-19,19.729
CC,2024-09-20,20.485
CC,2024-09-21,19.696
CC,2024-09-22,19.413
CC,2024-09-23,18.964
CC,2024-09-24,18.978
CC,2024-09-25,18.991
CC,2024-09-26,18.38
CC,2024-09-27,18.248
CC,2024-09-28,18.416
CC,2024-09-29,18.605
CC,2024-09-30,18.66
CC,2024-10-01,18.349
CC,2024-10-02,18.264
CC,2024-10-03,18.262
CC,2024-10-04,18.468
CC,2024-10-05,18.587
CC,2024-10-06,18.563
CC,2024-10-07,18.547
CC,2024-10-08,18.027
CC,2024-10-09,17.64
CC,2024-10-10,17.478
CC,2024-10-11,17.233
CC,2024-10-12,17.151
CC,2024-10-13,17.264
CC,2024-10-14,16.663
CC,2024-10-15,16.228
CC,2024-10-16,15.816
CC,2024-10-17,15.544
CC,2024-10-18,15.295
CC,2024-10-19,15.198
CC,2024-10-20,15.343
CC,2024-10-21,15.301
CC,2024-10-22,15.466
CC,2024-10-23,15.646
CC,2024-10-24,15.608
CC,2024-10-25,15.637
CC,2024-10-26,15.415
CC,2024-10-27,15.118
CC,2024-10-28,14.493
CC,2024-10-29,13.986
CC,2024-10-30,14.189
CC,2024-10-31,14.748
CC,2024-11-01,14.682
CC,2024-11-02,14.594
CC,2024-11-03,14.476
CC,2024-11-04,14.507
CC,2024-11-05,14.81
CC,2024-11-06,14.522
CC,2024-11-07,14.363
CC,2024-11-08,14.331
CC,2024-11-09,14.331
CC,2024-11-10,13.802
CC,2024-11-11,13.595
CC,2024-11-12,13.584
CC,2024-11-13,13.482
CC,2024-11-14,13.253
CC,2024-11-15,12.84
CC,2024-11-16,12.616
CC,2024-11-17,12.572
CC,2024-11-18,12.548
CC,2024-11-19,12.41
CC,2024-11-20,12.865
CC,2024-11-21,11.937
CC,2024-11-22,11.198
CC,2024-11-23,11.327
CC,2024-11-24,10.955
CC,2024-11-25,10.636
CC,2024-11-26,10.693
CC,2024-11-27,10.782
CC,2024-11-28,10.868
CC,2024-11-29,10.91
CC,2024-11-30,10.353
CC,2024-12-01,10.195
CC,2024-12-02,10.115
CC,2024-12-03,10.089
CC,2024-12-04,9.99
CC,2024-12-05,10.087
CC,2024-12-06,9.943
CC,2024-12-07,9.987
CC,2024-12-08,9.917
CC,2024-12-09,9.903
CC,2024-12-10,9.945
CC,2024-12-11,9.159
CC,2024-12-12,9.008
CC,2024-12-13,8.267
CC,2024-12-14,8.081
CC,2024-12-15,8.091999999999999
CC,2024-12-16,8.273
CC,2024-12-17,8.59
CC,2024-12-18,8.826
CC,2024-12-19,9.02
CC,2024-12-20,9.044
CC,2024-12-21,7.058
CC,2024-12-22,7.8969999999999985
CC,2024-12-23,7.443999999999999
CC,2024-12-24,7.3969999999999985
CC,2024-12-25,7.297000000000001
CC,2024-12-26,7.172999999999998
CC,2024-12-27,7.222000000000001
CC,2024-12-28,7.315999999999999
CC,2024-12-29,7.724999999999998
CC,2024-12-30,7.687999999999999
CC,2024-12-31,7.155000000000001
CC,2025-01-01,7.094000000000001
CC,2025-01-02,6.980999999999998
CC,2025-01-03,6.719999999999999
CC,2025-01-04,6.605999999999998
CC,2025-01-05,6.625
CC,2025-01-06,6.815999999999999
CC,2025-01-07,6.634
CC,2025-01-08,6.059999999999999
CC,2025-01-09,6.067
CC,2025-01-10,6.035
CC,2025-01-11,6.074999999999999
CC,2025-01-12,5.681999999999999
CC,2025-01-13,4.821999999999999
CC,2025-01-14,4.404
CC,2025-01-15,4.329999999999998
CC,2025-01-16,4.405999999999999
CC,2025-01-17,4.724999999999998
CC,2025-01-18,4.437999999999999
CC,2025-01-19,4.733999999999998
CC,2025-01-20,4.870000000000001
CC,2025-01-21,4.8359999999999985
CC,2025-01-22,3.7659999999999982
CC,2025-01-23,3.484999999999999
CC,2025-01-24,3.1430000000000007
CC,2025-01-25,3.1900000000000013
CC,2025-01-26,3.655999999999999
CC,2025-01-27,3.599999999999998
CC,2025-01-28,3.7040000000000006
CC,2025-01-29,3.6729999999999983
CC,2025-01-30,3.870999999999998
CC,2025-01-31,3.9609999999999985
CC,2025-02-01,3.632999999999999
CC,2025-02-02,3.244
CC,2025-02-03,3.4319999999999986
CC,2025-02-04,3.562000000000001
CC,2025-02-05,3.7489999999999983
CC,2025-02-06,2.9259999999999984
CC,2025-02-07,2.84
CC,2025-02-08,2.817999999999998
CC,2025-02-09,2.742000000000001
CC,2025-02-10,3.094000000000001
CC,2025-02-11,3.157
CC,2025-02-12,3.338000000000001
CC,2025-02-13,3.1900000000000013
CC,2025-02-14,2.756
CC,2025-02-15,2.6630000000000003
CC,2025-02-16,2.780999999999999
CC,2025-02-17,2.718
CC,2025-02-18,2.6340000000000003
CC,2025-02-19,2.9299999999999997
CC,2025-02-20,1.968
CC,2025-02-21,1.634999999999998
CC,2025-02-22,1.5449999999999982
CC,2025-02-23,1.6720000000000006
CC,2025-02-24,2.088000000000001
CC,2025-02-25,3.210000000000001
CC,2025-02-26,3.2669999999999995
CC,2025-02-27,3.2659999999999982
CC,2025-02-28,3.25
CC,2025-03-01,2.823999999999998
CC,2025-03-02,2.593
CC,2025-03-03,2.527000000000001
CC,2025-03-04,2.771000000000001
CC,2025-03-05,2.994
CC,2025-03-06,2.7010000000000005
CC,2025-03-07,2.631
CC,2025-03-08,2.6179999999999986
CC,2025-03-09,2.664999999999999
CC,2025-03-10,3.436
CC,2025-03-11,3.7959999999999994
CC,2025-03-12,4.198
CC,2025-03-13,4.111000000000001
CC,2025-03-14,4.068999999999999
CC,2025-03-15,3.791999999999998
CC,2025-03-16,3.945
CC,2025-03-17,3.984999999999999
CC,2025-03-18,3.890000000000001
CC,2025-03-19,3.9609999999999985
CC,2025-03-20,5.446999999999999
CC,2025-03-21,5.312999999999999
CC,2025-03-22,5.329999999999998
CC,2025-03-23,5.274000000000001
CC,2025-03-24,5.143999999999998
CC,2025-03-25,5.317999999999998
CC,2025-03-26,5.478999999999999
CC,2025-03-27,5.605999999999998
CC,2025-03-28,5.558
CC,2025-03-29,5.416999999999998
CC,2025-03-30,5.199999999999999
CC,2025-03-31,6.167999999999999
CC,2025-04-01,6.3580000000000005
CC,2025-04-02,6.474999999999998
CC,2025-04-03,6.471
CC,2025-04-04,6.274000000000001
CC,2025-04-05,6.2989999999999995
CC,2025-04-06,6.163
CC,2025-04-07,6.683
CC,2025-04-08,6.803000000000001
CC,2025-04-09,6.061
CC,2025-04-10,5.899000000000001
CC,2025-04-11,5.820999999999998
CC,2025-04-12,5.690999999999999
CC,2025-04-13,5.445
CC,2025-04-14,6.274000000000001
CC,2025-04-15,6.545999999999999
CC,2025-04-16,6.567999999999998
CC,2025-04-17,6.623999999999999
CC,2025-04-18,6.687999999999999
CC,2025-04-19,7.451999999999998
CC,2025-04-20,7.431999999999999
CC,2025-04-21,7.402999999999999
CC,2025-04-22,7.922999999999998
CC,2025-04-23,8.536999999999999
CC,2025-04-24,9.307
CC,2025-04-25,9.066
CC,2025-04-26,8.652000000000001
CC,2025-04-27,8.538999999999998
CC,2025-04-28,8.416
CC,2025-04-29,9.573
CC,2025-04-30,9.432
CC,2025-05-01,9.26
CC,2025-05-02,9.373
CC,2025-05-03,9.222
CC,2025-05-04,9.341
CC,2025-05-05,9.72
CC,2025-05-06,10.583
CC,2025-05-07,11.307
CC,2025-05-08,11.252
CC,2025-05-09,11.475
CC,2025-05-10,11.122
CC,2025-05-11,11.141
CC,2025-05-12,11.163
CC,2025-05-13,10.769
CC,2025-05-14,12.672
CC,2025-05-15,13.087
CC,2025-05-16,13.055
CC,2025-05-17,12.999
CC,2025-05-18,12.718
CC,2025-05-19,12.708
CC,2025-05-20,12.02
CC,2025-05-21,11.852
CC,2025-05-22,11.329
CC,2025-05-23,10.289
CC,2025-05-24,10.568
CC,2025-05-25,12.576
CC,2025-05-26,12.689
CC,2025-05-27,12.644
CC,2025-05-28,12.425
CC,2025-05-29,12.924
CC,2025-05-30,12.177
CC,2025-05-31,12.864
CC,2025-06-01,13.354
CC,2025-06-02,14.248
CC,2025-06-03,14.7
CC,2025-06-04,14.811
CC,2025-06-05,14.688
CC,2025-06-06,14.615
CC,2025-06-07,15.823
CC,2025-06-08,16.317999999999998
CC,2025-06-09,16.35
CC,2025-06-10,16.642
CC,2025-06-11,16.915
CC,2025-06-12,17.029
CC,2025-06-13,17.04
CC,2025-06-14,16.634
CC,2025-06-15,16.414
CC,2025-06-16,15.08
CC,2025-06-17,16.177
CC,2025-06-18,16.023
CC,2025-06-19,15.909
CC,2025-06-20,16.523
CC,2025-06-21,18.151
CC,2025-06-22,18.334
CC,2025-06-23,17.863
CC,2025-06-24,17.646
CC,2025-06-25,18.161
CC,2025-06-26,19.126
CC,2025-06-27,19.059
CC,2025-06-28,17.993
CC,2025-06-29,18.748
CC,2025-06-30,18.68
CC,2025-07-01,18.574
CC,2025-07-02,19.355
CC,2025-07-03,19.907
CC,2025-07-04,20.014
CC,2025-07-05,20.38
CC,2025-07-06,20.364
CC,2025-07-07,20.301
CC,2025-07-08,20.08
CC,2025-07-09,20.063
CC,2025-07-10,19.718
CC,2025-07-11,20.414
CC,2025-07-12,21.137
CC,2025-07-13,21.498
CC,2025-07-14,21.616
CC,2025-07-15,21.607
CC,2025-07-16,21.895
CC,2025-07-17,22.613
CC,2025-07-18,23.132
CC,2025-07-19,23.195
CC,2025-07-20,22.356
CC,2025-07-21,21.378
CC,2025-07-22,21.486
CC,2025-07-23,21.72
CC,2025-07-24,21.849
CC,2025-07-25,21.778
CC,2025-07-26,21.738
CC,2025-07-27,21.801
CC,2025-07-28,22.073
CC,2025-07-29,22.62
CC,2025-07-30,22.616
CC,2025-07-31,21.131
CC,2025-08-01,20.521
CC,2025-08-02,20.569
CC,2025-08-03,20.83
CC,2025-08-04,20.654
CC,2025-08-05,20.902
CC,2025-08-06,20.441
CC,2025-08-07,20.556
CC,2025-08-08,20.407
CC,2025-08-09,21.849
CC,2025-08-10,22.167
CC,2025-08-11,22.168
CC,2025-08-12,22.083
CC,2025-08-13,22.364
CC,2025-08-14,22.476
CC,2025-08-15,22.513
CC,2025-08-16,22.601
CC,2025-08-17,22.838
CC,2025-08-18,22.71
CC,2025-08-19,22.264
CC,2025-08-20,20.793
CL,2024-12-10,10.012
CL,2024-12-11,9.512
CL,2024-12-12,9.622
CL,2024-12-13,9.113
CL,2024-12-14,8.759
CL,2024-12-15,8.645
CL,2024-12-16,8.806000000000001
CL,2024-12-17,8.96
CL,2024-12-18,9.148
CL,2024-12-19,9.346
CL,2024-12-20,9.201
CL,2024-12-21,7.620000000000001
CL,2024-12-22,8.479
CL,2024-12-23,7.837
CL,2024-12-24,7.722000000000001
CL,2024-12-25,7.4289999999999985
CL,2024-12-26,7.594000000000001
CL,2024-12-27,7.674
CL,2024-12-28,7.826999999999998
CL,2024-12-29,8.433
CL,2024-12-30,8.264
CL,2024-12-31,7.774999999999999
CL,2025-01-01,7.634
CL,2025-01-02,7.536000000000001
CL,2025-01-03,7.413999999999998
CL,2025-01-04,7.213999999999999
CL,2025-01-05,7.183
CL,2025-01-06,7.233
CL,2025-01-07,6.994
CL,2025-01-08,6.457000000000001
CL,2025-01-09,6.163999999999998
CL,2025-01-10,6.1739999999999995
CL,2025-01-11,6.198
CL,2025-01-12,5.759999999999998
CL,2025-01-13,5.465
CL,2025-01-14,5.3309999999999995
CL,2025-01-15,5.254000000000001
CL,2025-01-16,5.25
CL,2025-01-17,5.395
CL,2025-01-18,4.977
CL,2025-01-19,5.050999999999998
CL,2025-01-20,4.820999999999998
CL,2025-01-21,5.544999999999998
CL,2025-01-22,4.573999999999998
CL,2025-01-23,4.460000000000001
CL,2025-01-24,4.239000000000001
CL,2025-01-25,4.317999999999998
CL,2025-01-26,4.8629999999999995
CL,2025-01-27,4.861000000000001
CL,2025-01-28,4.794999999999998
CL,2025-01-29,4.710000000000001
CL,2025-01-30,4.695
CL,2025-01-31,4.675999999999998
CL,2025-02-01,4.347999999999999
CL,2025-02-02,4.198999999999998
CL,2025-02-03,4.295999999999999
CL,2025-02-04,4.196999999999999
CL,2025-02-05,4.477999999999998
CL,2025-02-06,4.234999999999999
CL,2025-02-07,4.073
CL,2025-02-08,4.079000000000001
CL,2025-02-09,3.942999999999998
CL,2025-02-10,3.879999999999999
CL,2025-02-11,3.904
CL,2025-02-12,4.004000000000001
CL,2025-02-13,3.998000000000001
CL,2025-02-14,3.5760000000000005
CL,2025-02-15,3.431000000000001
CL,2025-02-16,3.5489999999999995
CL,2025-02-17,3.492000000000001
CL,2025-02-18,3.3629999999999995
CL,2025-02-19,3.344000000000001
CL,2025-02-20,2.9229999999999983
CL,2025-02-21,2.5919999999999987
CL,2025-02-22,2.4609999999999985
CL,2025-02-23,2.727999999999998
CL,2025-02-24,3.254999999999999
CL,2025-02-25,3.948
CL,2025-02-26,3.948
CL,2025-02-27,3.916999999999998
CL,2025-02-28,3.972999999999999
CL,2025-03-01,3.9540000000000006
CL,2025-03-02,3.759999999999998
CL,2025-03-03,3.646000000000001
CL,2025-03-04,3.8569999999999993
CL,2025-03-05,4.157
CL,2025-03-06,4.0809999999999995
CL,2025-03-07,4.0120000000000005
CL,2025-03-08,4.015000000000001
CL,2025-03-09,4.027000000000001
CL,2025-03-10,4.416999999999998
CL,2025-03-11,4.745999999999999
CL,2025-03-12,4.995999999999999
CL,2025-03-13,5.0219999999999985
CL,2025-03-14,4.963999999999999
CL,2025-03-15,4.244
CL,2025-03-16,4.294999999999998
CL,2025-03-17,4.291999999999998
CL,2025-03-18,4.320999999999998
CL,2025-03-19,4.431999999999999
CL,2025-03-20,5.608999999999998
CL,2025-03-21,5.562000000000001
CL,2025-03-22,5.518999999999998
CL,2025-03-23,5.489000000000001
CL,2025-03-24,5.420999999999999
CL,2025-03-25,5.375
CL,2025-03-26,5.373999999999999
CL,2025-03-27,5.413999999999998
CL,2025-03-28,5.538
CL,2025-03-29,5.541999999999998
CL,2025-03-30,5.518999999999998
CL,2025-03-31,6.338000000000001
CL,2025-04-01,6.350999999999999
CL,2025-04-02,6.407
CL,2025-04-03,6.465
CL,2025-04-04,6.57
CL,2025-04-05,6.791999999999998
CL,2025-04-06,6.809000000000001
CL,2025-04-07,6.695999999999998
CL,2025-04-08,6.3969999999999985
CL,2025-04-09,5.940000000000001
CL,2025-04-10,5.779
CL,2025-04-11,5.739999999999998
CL,2025-04-12,5.681000000000001
CL,2025-04-13,5.713999999999999
CL,2025-04-14,6.239999999999998
CL,2025-04-15,6.245000000000001
CL,2025-04-16,6.097000000000001
CL,2025-04-17,6.2620000000000005
CL,2025-04-18,6.533000000000001
CL,2025-04-19,6.91
CL,2025-04-20,7.091999999999999
CL,2025-04-21,7.693000000000001
CL,2025-04-22,8.008
CL,2025-04-23,8.445
CL,2025-04-24,8.658999999999999
CL,2025-04-25,8.617
CL,2025-04-26,8.463999999999999
CL,2025-04-27,7.940999999999999
CL,2025-04-28,7.898
CL,2025-04-29,8.623999999999999
CL,2025-04-30,9.167
CL,2025-05-01,9.282
CL,2025-05-02,9.225
CL,2025-05-03,9.19
CL,2025-05-04,9.368
CL,2025-05-05,9.482
CL,2025-05-06,10.879
CL,2025-05-07,11.615
CL,2025-05-08,11.481
CL,2025-05-09,10.682
CL,2025-05-10,10.299
CL,2025-05-11,10.306
CL,2025-05-12,10.413
CL,2025-05-13,10.684
CL,2025-05-14,12.979
CL,2025-05-15,13.344
CL,2025-05-16,13.401
CL,2025-05-17,13.539
CL,2025-05-18,13.053
CL,2025-05-19,13.038
CL,2025-05-20,12.338
CL,2025-05-21,12.396
CL,2025-05-22,12.052
CL,2025-05-23,11.113
CL,2025-05-24,11.378
CL,2025-05-25,12.082
CL,2025-05-26,12.047
CL,2025-05-27,12.072
CL,2025-05-28,12.612
CL,2025-05-29,12.942
CL,2025-05-30,12.426
CL,2025-05-31,12.636
CL,2025-06-01,13.344
CL,2025-06-02,14.076
CL,2025-06-03,14.221
CL,2025-06-04,14.208
CL,2025-06-05,14.211
CL,2025-06-06,14.468
CL,2025-06-07,15.35
CL,2025-06-08,15.947
CL,2025-06-09,15.975
CL,2025-06-10,16.546
CL,2025-06-11,16.997999999999998
CL,2025-06-12,17.184
CL,2025-06-13,17.208
CL,2025-06-14,16.819
CL,2025-06-15,16.762
CL,2025-06-16,16.363
CL,2025-06-17,16.447
CL,2025-06-18,16.325
CL,2025-06-19,16.154
CL,2025-06-20,16.58
CL,2025-06-21,17.222
CL,2025-06-22,17.54
CL,2025-06-23,18.244
CL,2025-06-24,18.59
CL,2025-06-25,18.707
CL,2025-06-26,20.699
CL,2025-06-27,19.856
CL,2025-06-28,17.881
CL,2025-06-29,19.05
CL,2025-06-30,19.25
CL,2025-07-01,19.438
CL,2025-07-02,19.689
CL,2025-07-03,20.476
CL,2025-07-04,20.827
CL,2025-07-05,20.769
CL,2025-07-06,20.554
CL,2025-07-07,20.47
CL,2025-07-08,20.528
CL,2025-07-09,20.653
CL,2025-07-10,20.591
CL,2025-07-11,21.122
CL,2025-07-12,21.918
CL,2025-07-13,21.799
CL,2025-07-14,22.044
CL,2025-07-15,22.167
CL,2025-07-16,22.356
CL,2025-07-17,22.533
CL,2025-07-18,22.909
CL,2025-07-19,22.428
CL,2025-07-20,22.522
CL,2025-07-21,21.27
CL,2025-07-22,21.236
CL,2025-07-23,21.28
CL,2025-07-24,21.274
CL,2025-07-25,21.523
CL,2025-07-26,21.568
CL,2025-07-27,21.904
CL,2025-07-28,21.8
CL,2025-07-29,22.058
CL,2025-07-30,22.355
CL,2025-07-31,21.91
CL,2025-08-01,21.174
CL,2025-08-02,21.274
CL,2025-08-03,21.284
CL,2025-08-04,21.288
CL,2025-08-05,21.171
DC,2024-05-07,10.499
DC,2024-05-08,10.616
DC,2024-05-09,10.711
DC,2024-05-10,11.038
DC,2024-05-11,11.064
DC,2024-05-12,11.039
DC,2024-05-13,10.856
DC,2024-05-14,10.765
DC,2024-05-15,11.056
DC,2024-05-16,11.437
DC,2024-05-17,11.441
DC,2024-05-18,11.463
DC,2024-05-19,11.612
DC,2024-05-20,11.66
DC,2024-05-21,14.761
DC,2024-05-22,14.316
DC,2024-05-23,14.079
DC,2024-05-24,14.352
DC,2024-05-25,14.657
DC,2024-05-26,14.643
DC,2024-05-27,14.534
DC,2024-05-28,15.576
DC,2024-05-29,15.822
DC,2024-05-30,14.469
DC,2024-05-31,13.996
DC,2024-06-01,14.451
DC,2024-06-02,14.67
DC,2024-06-03,14.923
DC,2024-06-04,15.639
DC,2024-06-05,15.9
DC,2024-06-06,15.717
DC,2024-06-07,15.9
DC,2024-06-08,15.753
DC,2024-06-09,15.404
DC,2024-06-10,15.409
DC,2024-06-11,15.473
DC,2024-06-12,15.979
DC,2024-06-13,17.63
DC,2024-06-14,17.627
DC,2024-06-15,17.256999999999998
DC,2024-06-16,17.15
DC,2024-06-17,17.174
DC,2024-06-18,17.14
DC,2024-06-19,17.217
DC,2024-06-20,17.447
DC,2024-06-21,17.584
DC,2024-06-22,17.750999999999998
DC,2024-06-23,18.16
DC,2024-06-24,17.564
DC,2024-06-25,17.500999999999998
DC,2024-06-26,16.744999999999997
DC,2024-06-27,16.741
DC,2024-06-28,16.415
DC,2024-06-29,16.704
DC,2024-06-30,16.560000000000002
DC,2024-07-01,16.567999999999998
DC,2024-07-02,16.67
DC,2024-07-03,16.422
DC,2024-07-04,16.669
DC,2024-07-05,17.105
DC,2024-07-06,17.624
DC,2024-07-07,18.868
DC,2024-07-08,18.853
DC,2024-07-09,18.746
DC,2024-07-10,18.602
DC,2024-07-11,18.515
DC,2024-07-12,17.740000000000002
DC,2024-07-13,18.072
DC,2024-07-14,17.608
DC,2024-07-15,17.794
DC,2024-07-16,17.803
DC,2024-07-17,17.972
DC,2024-07-18,18.131
DC,2024-07-19,18.062
DC,2024-07-20,18.137
DC,2024-07-21,18.352
DC,2024-07-22,18.497
DC,2024-07-23,18.053
DC,2024-07-24,17.725
DC,2024-07-25,18.452
DC,2024-07-26,18.633
DC,2024-07-27,18.444
DC,2024-07-28,18.348
DC,2024-07-29,18.464
DC,2024-07-30,18.461
DC,2024-07-31,18.777
DC,2024-08-01,19.025
DC,2024-08-02,19.227
DC,2024-08-03,19.317
DC,2024-08-04,19.963
DC,2024-08-05,19.917
DC,2024-08-06,19.915
DC,2024-08-07,18.554
DC,2024-08-08,18.599
DC,2024-08-09,18.778
DC,2024-08-10,19.904
DC,2024-08-11,19.685
DC,2024-08-12,19.386
DC,2024-08-13,19.259
DC,2024-08-14,19.295
DC,2024-08-15,19.536
DC,2024-08-16,19.364
DC,2024-08-17,19.317
DC,2024-08-18,19.413
DC,2024-08-19,19.549
DC,2024-08-20,19.084
DC,2024-08-21,18.568
DC,2024-08-22,18.554
DC,2024-08-23,18.863
DC,2024-08-24,18.957
DC,2024-08-25,18.804
DC,2024-08-26,18.841
DC,2024-08-27,19.155
DC,2024-08-28,19.385
DC,2024-08-29,19.477
DC,2024-08-30,18.377
DC,2024-08-31,18.489
DC,2024-09-01,18.835
DC,2024-09-02,18.845
DC,2024-09-03,18.841
DC,2024-09-04,18.619
DC,2024-09-05,18.537
DC,2024-09-06,18.511
DC,2024-09-07,18.337
DC,2024-09-08,18.386
DC,2024-09-09,18.161
DC,2024-09-10,17.995
DC,2024-09-11,17.908
DC,2024-09-12,18.175
DC,2024-09-13,18.145
DC,2024-09-14,18.049
DC,2024-09-15,18.273
DC,2024-09-16,18.398
DC,2024-09-17,18.308
DC,2024-09-18,18.417
DC,2024-09-19,18.611
DC,2024-09-20,19.341
DC,2024-09-21,18.583
DC,2024-09-22,18.03
DC,2024-09-23,16.779
DC,2024-09-24,16.795
DC,2024-09-25,16.786
DC,2024-09-26,16.637
DC,2024-09-27,16.886
DC,2024-09-28,16.741999999999997
DC,2024-09-29,16.997999999999998
DC,2024-09-30,17.098
DC,2024-10-01,17.059
DC,2024-10-02,16.961
DC,2024-10-03,16.922
DC,2024-10-04,16.978
DC,2024-10-05,16.948999999999998
DC,2024-10-06,16.858
DC,2024-10-07,16.781
DC,2024-10-08,16.14
DC,2024-10-09,16.005
DC,2024-10-10,15.514
DC,2024-10-11,15.494
DC,2024-10-12,15.439
DC,2024-10-13,15.514
DC,2024-10-14,15.582
DC,2024-10-15,14.138
DC,2024-10-16,13.449
DC,2024-10-17,13.296
DC,2024-10-18,13.148
DC,2024-10-19,13.045
DC,2024-10-20,13.378
DC,2024-10-21,13.42
DC,2024-10-22,13.699
DC,2024-10-23,13.873
DC,2024-10-24,13.784
DC,2024-10-25,13.596
DC,2024-10-26,13.18
DC,2024-10-27,12.852
DC,2024-10-28,12.087
DC,2024-10-29,11.846
DC,2024-10-30,11.783
DC,2024-10-31,11.974
DC,2024-11-01,12.02
DC,2024-11-02,11.944
DC,2024-11-03,11.991
DC,2024-11-04,12.07
DC,2024-11-05,12.395
DC,2024-11-06,12.171
DC,2024-11-07,12.201
DC,2024-11-08,12.155
DC,2024-11-09,11.644
DC,2024-11-10,11.414
DC,2024-11-11,11.419
DC,2024-11-12,11.368
DC,2024-11-13,11.189
DC,2024-11-14,11.254
DC,2024-11-15,11.086
DC,2024-11-16,10.524
DC,2024-11-17,10.449
DC,2024-11-18,10.497
DC,2024-11-19,10.247
DC,2024-11-20,10.174
DC,2024-11-21,10.348
DC,2024-11-22,9.929
DC,2024-11-23,9.844
DC,2024-11-24,9.452
DC,2024-11-25,9.371
DC,2024-11-26,9.41
DC,2024-11-27,9.328
DC,2024-11-28,9.322
DC,2024-11-29,9.314
DC,2024-11-30,8.864
DC,2024-12-01,8.698999999999998
DC,2024-12-02,8.652000000000001
DC,2024-12-03,8.735
DC,2024-12-04,8.925
DC,2024-12-05,8.869
DC,2024-12-06,8.492999999999999
DC,2024-12-07,8.381
DC,2024-12-08,8.512
DC,2024-12-09,8.605999999999998
DC,2024-12-10,8.613
DC,2024-12-11,8.514
DC,2024-12-12,8.366
DC,2024-12-13,8.165
DC,2024-12-14,7.654
DC,2024-12-15,7.532
DC,2024-12-16,7.864000000000001
DC,2024-12-17,8.009
DC,2024-12-18,7.588999999999999
DC,2024-12-19,7.477999999999998
DC,2024-12-20,7.295999999999999
DC,2024-12-21,7.038
DC,2024-12-22,6.974999999999998
DC,2024-12-23,6.963000000000001
DC,2024-12-24,7.189
DC,2024-12-25,6.815999999999999
DC,2024-12-26,6.477
DC,2024-12-27,6.306000000000001
DC,2024-12-28,6.666999999999998
DC,2024-12-29,7.114999999999998
DC,2024-12-30,6.9239999999999995
DC,2024-12-31,6.7010000000000005
DC,2025-01-01,6.600999999999999
DC,2025-01-02,6.486999999999998
DC,2025-01-03,6.402000000000001
DC,2025-01-04,6.291
DC,2025-01-05,6.3629999999999995
DC,2025-01-06,6.431000000000001
DC,2025-01-07,6.361000000000001
DC,2025-01-08,5.873000000000001
DC,2025-01-09,5.48
DC,2025-01-10,5.594999999999999
DC,2025-01-11,5.783999999999999
DC,2025-01-12,5.686
DC,2025-01-13,5.143000000000001
DC,2025-01-14,4.866
DC,2025-01-15,4.849
DC,2025-01-16,4.901
DC,2025-01-17,5.102999999999998
DC,2025-01-18,5.349999999999998
DC,2025-01-19,5.071999999999999
DC,2025-01-20,4.739000000000001
DC,2025-01-21,4.472999999999999
DC,2025-01-22,4.384
DC,2025-01-23,4.541
DC,2025-01-24,4.350999999999999
DC,2025-01-25,4.558
DC,2025-01-26,4.768000000000001
DC,2025-01-27,4.687000000000001
DC,2025-01-28,4.562999999999999
DC,2025-01-29,4.463999999999999
DC,2025-01-30,4.413
DC,2025-01-31,4.390000000000001
DC,2025-02-01,4.140000000000001
DC,2025-02-02,3.971
DC,2025-02-03,4.262999999999998
DC,2025-02-04,4.009999999999998
DC,2025-02-05,3.9609999999999985
DC,2025-02-06,3.919999999999998
DC,2025-02-07,4.254999999999999
DC,2025-02-08,4.120999999999999
DC,2025-02-09,4.119
DC,2025-02-10,4.044999999999998
DC,2025-02-11,4.0859999999999985
DC,2025-02-12,4.2010000000000005
DC,2025-02-13,4.222999999999999
DC,2025-02-14,3.992000000000001
DC,2025-02-15,3.959
DC,2025-02-16,3.271000000000001
DC,2025-02-17,3.312999999999999
DC,2025-02-18,3.321999999999999
DC,2025-02-19,3.390000000000001
DC,2025-02-20,3.0410000000000004
DC,2025-02-21,2.774000000000001
DC,2025-02-22,2.716000000000001
DC,2025-02-23,2.8580000000000005
DC,2025-02-24,3.196999999999999
DC,2025-02-25,3.245000000000001
DC,2025-02-26,3.2639999999999993
DC,2025-02-27,3.228999999999999
DC,2025-02-28,3.25
DC,2025-03-01,3.109999999999999
DC,2025-03-02,2.9480000000000004
DC,2025-03-03,2.783999999999999
DC,2025-03-04,3.0180000000000007
DC,2025-03-05,3.335000000000001
DC,2025-03-06,3.437000000000001
DC,2025-03-07,3.2639999999999993
DC,2025-03-08,3.0519999999999996
DC,2025-03-09,3.035
DC,2025-03-10,3.350999999999999
DC,2025-03-11,3.8470000000000018
DC,2025-03-12,4.164999999999999
DC,2025-03-13,4.149999999999999
DC,2025-03-14,3.872
DC,2025-03-15,3.838000000000001
DC,2025-03-16,3.891999999999999
DC,2025-03-17,4.158999999999999
DC,2025-03-18,4.097000000000001
DC,2025-03-19,4.151
DC,2025-03-20,4.6080000000000005
DC,2025-03-21,4.466000000000001
DC,2025-03-22,4.399999999999999
DC,2025-03-23,4.291999999999998
DC,2025-03-24,4.449999999999999
DC,2025-03-25,4.375
DC,2025-03-26,4.2429999999999986
DC,2025-03-27,4.2719999999999985
DC,2025-03-28,4.195
DC,2025-03-29,4.283000000000001
DC,2025-03-30,4.5169999999999995
DC,2025-03-31,5.079999999999998
DC,2025-04-01,5.030999999999999
DC,2025-04-02,5.068999999999999
DC,2025-04-03,5.148
DC,2025-04-04,5.224999999999998
DC,2025-04-05,5.658000000000001
DC,2025-04-06,5.568999999999999
DC,2025-04-07,4.951999999999998
DC,2025-04-08,5.305
DC,2025-04-09,5.291999999999998
DC,2025-04-10,4.981999999999999
DC,2025-04-11,4.855999999999998
DC,2025-04-12,5.006
DC,2025-04-13,4.460000000000001
DC,2025-04-14,5.129000000000001
DC,2025-04-15,5.402000000000001
DC,2025-04-16,5.541
DC,2025-04-17,5.405000000000001
DC,2025-04-18,5.3679999999999986
DC,2025-04-19,5.431999999999999
DC,2025-04-20,5.460000000000001
DC,2025-04-21,5.966000000000001
DC,2025-04-22,6.390000000000001
DC,2025-04-23,6.788999999999998
DC,2025-04-24,7.2429999999999986
DC,2025-04-25,7.1739999999999995
DC,2025-04-26,6.666999999999998
DC,2025-04-27,6.518999999999998
DC,2025-04-28,6.52
DC,2025-04-29,7.2719999999999985
DC,2025-04-30,7.835000000000001
DC,2025-05-01,7.943000000000001
DC,2025-05-02,7.980999999999998
DC,2025-05-03,8.259
DC,2025-05-04,8.815000000000001
DC,2025-05-05,8.847999999999999
DC,2025-05-06,9.685
DC,2025-05-07,9.823
DC,2025-05-08,9.795
DC,2025-05-09,9.596
DC,2025-05-10,8.687000000000001
DC,2025-05-11,8.652999999999999
DC,2025-05-12,9.014
DC,2025-05-13,10.83
DC,2025-05-14,11.686
DC,2025-05-15,11.852
DC,2025-05-16,11.667
DC,2025-05-17,12.213
DC,2025-05-18,12.773
DC,2025-05-19,12.605
DC,2025-05-20,10.156
DC,2025-05-21,9.971
DC,2025-05-22,9.608
DC,2025-05-23,9.046
DC,2025-05-24,9.668
DC,2025-05-25,10.188
DC,2025-05-26,10.107
DC,2025-05-27,10.111
DC,2025-05-28,10.307
DC,2025-05-29,11.88
DC,2025-05-30,12.318
DC,2025-05-31,12.313
DC,2025-06-01,12.296
DC,2025-06-02,12.348
DC,2025-06-03,12.091
DC,2025-06-04,12.094
DC,2025-06-05,12.061
DC,2025-06-06,12.389
DC,2025-06-07,13.723
DC,2025-06-08,13.68
DC,2025-06-09,13.689
DC,2025-06-10,14.201
DC,2025-06-11,15.862
DC,2025-06-12,15.97
DC,2025-06-13,15.957
DC,2025-06-14,15.093
DC,2025-06-15,15.234
DC,2025-06-16,15.046
DC,2025-06-17,16.176000000000002
DC,2025-06-18,16.795
DC,2025-06-19,16.741
DC,2025-06-20,16.622999999999998
DC,2025-06-21,16.726
DC,2025-06-22,17.472
DC,2025-06-23,17.892
DC,2025-06-24,18.637
DC,2025-06-25,18.524
DC,2025-06-26,18.568
DC,2025-06-27,18.31
DC,2025-06-28,18.212
DC,2025-06-29,18.686
DC,2025-06-30,18.739
DC,2025-07-01,18.739
DC,2025-07-02,18.869
DC,2025-07-03,19.02
DC,2025-07-04,19.002
DC,2025-07-05,19.25
DC,2025-07-06,19.511
DC,2025-07-07,19.963
DC,2025-07-08,20.12
DC,2025-07-09,20.199
DC,2025-07-10,19.289
DC,2025-07-11,18.936
DC,2025-07-12,18.737
DC,2025-07-13,18.648
DC,2025-07-14,18.706
DC,2025-07-15,19.86
DC,2025-07-16,20.315
DC,2025-07-17,20.267
DC,2025-07-18,19.989
DC,2025-07-19,19.815
DC,2025-07-20,19.463
DC,2025-07-21,18.094
DC,2025-07-22,17.361
DC,2025-07-23,17.476
DC,2025-07-24,17.609
DC,2025-07-25,18.149
DC,2025-07-26,18.605
DC,2025-07-27,18.976
DC,2025-07-28,19.22
DC,2025-07-29,19.453
DC,2025-07-30,19.616
DC,2025-07-31,19.42
DC,2025-08-01,18.828
DC,2025-08-02,18.799
DC,2025-08-03,18.84
DC,2025-08-04,18.629
DC,2025-08-05,18.521
DC,2025-08-06,18.928
DC,2025-08-07,19.234
DC,2025-08-08,19.236
DC,2025-08-09,19.248
DC,2025-08-10,19.441
DC,2025-08-11,19.573
DC,2025-08-12,20.092
DC,2025-08-13,20.687
DC,2025-08-14,21.201
DC,2025-08-15,21.15
DC,2025-08-16,21.059
DC,2025-08-17,20.958
DC,2025-08-18,20.588
DC,2025-08-19,20.258
DC,2025-08-20,18.848
DC,2025-08-21,18.228
DC,2025-08-22,18.062
DC,2025-08-23,18.164
DC,2025-08-24,18.268
DC,2025-08-25,20.536
DC,2025-08-26,19.877
DC,2025-08-27,18.122
DC,2025-08-28,18.13
DC,2025-08-29,18.221
DC,2025-08-30,18.258
DC,2025-08-31,18.163
DC,2025-09-01,18.155
DC,2025-09-02,18.18
DC,2025-09-03,17.974
DC,2025-09-04,18.087
DC,2025-09-05,18.19
DC,2025-09-06,18.076
DC,2025-09-07,17.947
DC,2025-09-08,17.502
DC,2025-09-09,17.429000000000002
DC,2025-09-10,17.314
DC,2025-09-11,17.094
DC,2025-09-12,16.857
DC,2025-09-13,16.733
DC,2025-09-14,16.718
DC,2025-09-15,16.685000000000002
DC,2025-09-16,16.725
DC,2025-09-17,17.653
DC,2025-09-18,17.682
DC,2025-09-19,17.739
DC,2025-09-20,17.709
DC,2025-09-21,17.383
DC,2025-09-22,17.21
DC,2025-09-23,17.243
DC,2025-09-24,17.273
DC,2025-09-25,17.817999999999998
DC,2025-09-26,18.057
DC,2025-09-27,18.075
DC,2025-09-28,18.647
DC,2025-09-29,18.695
DC,2025-09-30,18.133
DC,2025-10-01,17.817
DC,2025-10-02,16.817999999999998
DC,2025-10-03,16.872
DC,2025-10-04,17.021
DC,2025-10-05,17.036
DC,2025-10-06,17.22
DC,2025-10-07,17.306
DC,2025-10-08,16.976
DC,2025-10-09,16.782
DC,2025-10-10,16.411
GB,2024-04-17,8.693999999999999
GB,2024-04-18,8.77
GB,2024-04-19,8.692
GB,2024-04-20,8.822
GB,2024-04-21,8.893999999999998
GB,2024-04-22,8.913
GB,2024-04-23,9.016
GB,2024-04-24,9.067
GB,2024-04-25,9.108
GB,2024-04-26,9.175
GB,2024-04-27,9.227
GB,2024-04-28,9.286
GB,2024-04-29,9.432
GB,2024-04-30,10.002
GB,2024-05-01,9.926
GB,2024-05-02,10.055
GB,2024-05-03,10.298
GB,2024-05-04,10.549
GB,2024-05-05,10.665
GB,2024-05-06,10.57
GB,2024-05-07,10.745
GB,2024-05-08,10.86
GB,2024-05-09,11.213
GB,2024-05-10,11.027
GB,2024-05-11,11.729
GB,2024-05-12,11.948
GB,2024-05-13,12.035
GB,2024-05-14,12.216
GB,2024-05-15,12.143
GB,2024-05-16,11.939
GB,2024-05-17,11.033
GB,2024-05-18,11.156
GB,2024-05-19,11.291
GB,2024-05-20,11.283
GB,2024-05-21,14.646
GB,2024-05-22,14.635
GB,2024-05-23,14.802
GB,2024-05-24,14.941
GB,2024-05-25,15.029
GB,2024-05-26,15.099
GB,2024-05-27,14.922
GB,2024-05-28,15.738
GB,2024-05-29,16.025
GB,2024-05-30,15.846
GB,2024-05-31,15.6
GB,2024-06-01,16.195
GB,2024-06-02,16.466
GB,2024-06-03,16.698
GB,2024-06-04,16.981
GB,2024-06-05,16.987000000000002
GB,2024-06-06,16.789
GB,2024-06-07,16.805
GB,2024-06-08,16.954
GB,2024-06-09,17.912
GB,2024-06-10,17.573
GB,2024-06-11,17.535
GB,2024-06-12,17.634999999999998
GB,2024-06-13,18.13
GB,2024-06-14,18.221
GB,2024-06-15,18.367
GB,2024-06-16,18.887
GB,2024-06-17,19.059
GB,2024-06-18,19.505
GB,2024-06-19,19.608
GB,2024-06-20,19.453
GB,2024-06-21,19.535
GB,2024-06-22,19.489
GB,2024-06-23,19.398
GB,2024-06-24,18.305
GB,2024-06-25,18.015
GB,2024-06-26,20.44
GB,2024-06-27,19.865
GB,2024-06-28,19.943
GB,2024-06-29,20.12
GB,2024-06-30,20.003
GB,2024-07-01,20.081
GB,2024-07-02,21.211
GB,2024-07-03,21.304
GB,2024-07-04,21.182
GB,2024-07-05,21.09
GB,2024-07-06,21.209
GB,2024-07-07,21.747
GB,2024-07-08,21.786
GB,2024-07-09,21.914
GB,2024-07-10,22.106
GB,2024-07-11,22.46
GB,2024-07-12,22.589
GB,2024-07-13,23.131
GB,2024-07-14,23.365
GB,2024-07-15,23.264
GB,2024-07-16,23.423
GB,2024-07-17,23.414
GB,2024-07-18,23.729
GB,2024-07-19,23.767
GB,2024-07-20,23.803
GB,2024-07-21,24.104
GB,2024-07-22,24.101
GB,2024-07-23,21.945
GB,2024-07-24,21.7
GB,2024-07-25,21.555
GB,2024-07-26,21.836
GB,2024-07-27,22.181
GB,2024-07-28,21.789
GB,2024-07-29,21.367
GB,2024-07-30,21.497
GB,2024-07-31,21.811
GB,2024-08-01,22.066
GB,2024-08-02,22.228
GB,2024-08-03,21.965
GB,2024-08-04,22.02
GB,2024-08-05,22.979
GB,2024-08-06,22.502
GB,2024-08-07,22.098
GB,2024-08-08,22.06
GB,2024-08-09,22.33
GB,2024-08-10,22.593
GB,2024-08-11,22.503
GB,2024-08-12,22.46
GB,2024-08-13,22.358
GB,2024-08-14,22.055
GB,2024-08-15,22.627
GB,2024-08-16,22.608
GB,2024-08-17,22.669
GB,2024-08-18,22.478
GB,2024-08-19,21.933
GB,2024-08-20,21.652
GB,2024-08-21,21.839
GB,2024-08-22,21.848
GB,2024-08-23,21.753
GB,2024-08-24,21.452
GB,2024-08-25,21.11
GB,2024-08-26,21.536
GB,2024-08-27,21.146
GB,2024-08-28,20.49
GB,2024-08-29,20.162
GB,2024-08-30,19.957
GB,2024-08-31,19.883
GB,2024-09-01,19.868
GB,2024-09-02,19.874
GB,2024-09-03,19.592
GB,2024-09-04,19.636
GB,2024-09-05,19.814
GB,2024-09-06,19.858
GB,2024-09-07,19.782
GB,2024-09-08,19.49
GB,2024-09-09,19.039
GB,2024-09-10,18.957
GB,2024-09-11,18.929
GB,2024-09-12,20.046
GB,2024-09-13,20.561
GB,2024-09-14,20.571
GB,2024-09-15,20.758
GB,2024-09-16,20.838
GB,2024-09-17,20.718
GB,2024-09-18,20.319
GB,2024-09-19,19.867
GB,2024-09-20,20.427
GB,2024-09-21,19.573
GB,2024-09-22,19.603
GB,2024-09-23,19.07
GB,2024-09-24,19.076
GB,2024-09-25,19.081
GB,2024-09-26,18.244
GB,2024-09-27,18.281
GB,2024-09-28,18.214
GB,2024-09-29,18.42
GB,2024-09-30,18.613
GB,2024-10-01,18.363
GB,2024-10-02,18.086
GB,2024-10-03,18.027
GB,2024-10-04,18.409
GB,2024-10-05,18.696
GB,2024-10-06,18.628
GB,2024-10-07,18.526
GB,2024-10-08,17.808
GB,2024-10-09,17.493
GB,2024-10-10,17.585
GB,2024-10-11,17.512999999999998
GB,2024-10-12,17.457
GB,2024-10-13,17.367
GB,2024-10-14,16.738
GB,2024-10-15,16.555999999999997
GB,2024-10-16,16.225
GB,2024-10-17,15.943
GB,2024-10-18,15.64
GB,2024-10-19,15.558
GB,2024-10-20,15.76
GB,2024-10-21,15.732
GB,2024-10-22,15.671
GB,2024-10-23,15.885
GB,2024-10-24,15.819
GB,2024-10-25,15.919
GB,2024-10-26,15.817
GB,2024-10-27,15.533
GB,2024-10-28,14.753
GB,2024-10-29,14.597
GB,2024-10-30,14.571
GB,2024-10-31,14.895
GB,2024-11-01,15.26
GB,2024-11-02,15.238
GB,2024-11-03,15.099
GB,2024-11-04,14.884
GB,2024-11-05,14.794
GB,2024-11-06,14.669
GB,2024-11-07,14.83
GB,2024-11-08,14.806
GB,2024-11-09,14.539
GB,2024-11-10,14.059
GB,2024-11-11,13.923
GB,2024-11-12,13.867
GB,2024-11-13,13.845
GB,2024-11-14,13.432
GB,2024-11-15,12.743
GB,2024-11-16,12.721
GB,2024-11-17,12.545
GB,2024-11-18,12.406
GB,2024-11-19,12.472
GB,2024-11-20,12.813
GB,2024-11-21,12.278
GB,2024-11-22,11.173
GB,2024-11-23,11.416
GB,2024-11-24,11.398
GB,2024-11-25,11.116
GB,2024-11-26,10.885
GB,2024-11-27,10.807
GB,2024-11-28,10.868
GB,2024-11-29,10.703
GB,2024-11-30,10.431
GB,2024-12-01,10.07
GB,2024-12-02,9.955
GB,2024-12-03,9.972
GB,2024-12-04,9.792
GB,2024-12-05,9.859
GB,2024-12-06,9.724
GB,2024-12-07,9.874
GB,2024-12-08,9.884
GB,2024-12-09,9.991
GB,2024-12-10,10.024
GB,2024-12-11,8.947
GB,2024-12-12,8.722999999999999
GB,2024-12-13,8.41
GB,2024-12-14,8.082
GB,2024-12-15,7.983
GB,2024-12-16,8.178999999999998
GB,2024-12-17,8.538
GB,2024-12-18,8.829
GB,2024-12-19,9.034
GB,2024-12-20,9.209
GB,2024-12-21,7.363
GB,2024-12-22,7.948999999999998
GB,2024-12-23,7.613
GB,2024-12-24,7.532
GB,2024-12-25,7.381
GB,2024-12-26,7.204000000000001
GB,2024-12-27,7.163999999999998
GB,2024-12-28,7.236999999999998
GB,2024-12-29,7.652999999999999
GB,2024-12-30,7.706
GB,2024-12-31,7.186
GB,2025-01-01,7.143999999999998
GB,2025-01-02,7.044999999999998
GB,2025-01-03,6.7989999999999995
GB,2025-01-04,6.567999999999998
GB,2025-01-05,6.547000000000001
GB,2025-01-06,6.702999999999999
GB,2025-01-07,6.649000000000001
GB,2025-01-08,6.094999999999999
GB,2025-01-09,6.073
GB,2025-01-10,6.024000000000001
GB,2025-01-11,6.039999999999999
GB,2025-01-12,5.626999999999999
GB,2025-01-13,4.285999999999998
GB,2025-01-14,3.84
GB,2025-01-15,3.7369999999999983
GB,2025-01-16,3.9229999999999983
GB,2025-01-17,4.324999999999999
GB,2025-01-18,4.4559999999999995
GB,2025-01-19,4.620000000000001
GB,2025-01-20,4.823
GB,2025-01-21,4.763999999999999
GB,2025-01-22,3.4669999999999987
GB,2025-01-23,3.0539999999999985
GB,2025-01-24,2.437999999999999
GB,2025-01-25,2.5010000000000012
GB,2025-01-26,3.053000000000001
GB,2025-01-27,3.070999999999998
GB,2025-01-28,3.2270000000000003
GB,2025-01-29,3.163999999999998
GB,2025-01-30,3.469000000000001
GB,2025-01-31,3.756999999999998
GB,2025-02-01,3.6439999999999984
GB,2025-02-02,3.192
GB,2025-02-03,3.408999999999999
GB,2025-02-04,3.5429999999999993
GB,2025-02-05,3.695
GB,2025-02-06,2.562999999999999
GB,2025-02-07,2.4570000000000007
GB,2025-02-08,2.433
GB,2025-02-09,2.405999999999999
GB,2025-02-10,3.0820000000000007
GB,2025-02-11,3.166999999999998
GB,2025-02-12,3.321999999999999
GB,2025-02-13,3.157
GB,2025-02-14,2.8320000000000007
GB,2025-02-15,2.66
GB,2025-02-16,2.6359999999999992
GB,2025-02-17,2.6419999999999995
GB,2025-02-18,2.622
GB,2025-02-19,2.905000000000001
GB,2025-02-20,1.8979999999999997
GB,2025-02-21,1.536999999999999
GB,2025-02-22,1.466000000000001
GB,2025-02-23,1.5470000000000006
GB,2025-02-24,1.8339999999999996
GB,2025-02-25,3.1239999999999988
GB,2025-02-26,3.1720000000000006
GB,2025-02-27,3.1179999999999986
GB,2025-02-28,3.068999999999999
GB,2025-03-01,2.564
GB,2025-03-02,2.224
GB,2025-03-03,2.125
GB,2025-03-04,2.390000000000001
GB,2025-03-05,2.637999999999998
GB,2025-03-06,2.7959999999999994
GB,2025-03-07,2.8969999999999985
GB,2025-03-08,2.907
GB,2025-03-09,2.8969999999999985
GB,2025-03-10,3.4190000000000005
GB,2025-03-11,3.652000000000001
GB,2025-03-12,3.902000000000001
GB,2025-03-13,3.984999999999999
GB,2025-03-14,3.942999999999998
GB,2025-03-15,3.663999999999998
GB,2025-03-16,3.855999999999998
GB,2025-03-17,3.994
GB,2025-03-18,3.8999999999999986
GB,2025-03-19,3.9540000000000006
GB,2025-03-20,5.446999999999999
GB,2025-03-21,5.209
GB,2025-03-22,5.166
GB,2025-03-23,5.192
GB,2025-03-24,5.210000000000001
GB,2025-03-25,5.364999999999998
GB,2025-03-26,5.483999999999998
GB,2025-03-27,5.513999999999999
GB,2025-03-28,5.5489999999999995
GB,2025-03-29,5.459
GB,2025-03-30,5.189
GB,2025-03-31,6.276
GB,2025-04-01,6.396000000000001
GB,2025-04-02,6.541999999999998
GB,2025-04-03,6.588999999999999
GB,2025-04-04,6.317999999999998
GB,2025-04-05,6.109999999999999
GB,2025-04-06,5.9559999999999995
GB,2025-04-07,6.827999999999999
GB,2025-04-08,6.980999999999998
GB,2025-04-09,6.251999999999999
GB,2025-04-10,6.073
GB,2025-04-11,5.936
GB,2025-04-12,5.75
GB,2025-04-13,5.472999999999999
GB,2025-04-14,6.315999999999999
GB,2025-04-15,6.73
GB,2025-04-16,6.800000000000001
GB,2025-04-17,6.832000000000001
GB,2025-04-18,6.841000000000001
GB,2025-04-19,7.460000000000001
GB,2025-04-20,7.603999999999999
GB,2025-04-21,7.483999999999998
GB,2025-04-22,7.916999999999998
GB,2025-04-23,8.41
GB,2025-04-24,9.233
GB,2025-04-25,9.105
GB,2025-04-26,8.684000000000001
GB,2025-04-27,8.495999999999999
GB,2025-04-28,8.453
GB,2025-04-29,9.667
GB,2025-04-30,9.568
GB,2025-05-01,9.214
GB,2025-05-02,9.364
GB,2025-05-03,9.136
GB,2025-05-04,9.145
GB,2025-05-05,9.711
GB,2025-05-06,10.509
GB,2025-05-07,11.329
GB,2025-05-08,11.329
GB,2025-05-09,11.998
GB,2025-05-10,11.797
GB,2025-05-11,11.827
GB,2025-05-12,11.827
GB,2025-05-13,10.821
GB,2025-05-14,12.478
GB,2025-05-15,12.878
GB,2025-05-16,12.839
GB,2025-05-17,12.763
GB,2025-05-18,12.5
GB,2025-05-19,12.442
GB,2025-05-20,11.875
GB,2025-05-21,11.704
GB,2025-05-22,11.173
GB,2025-05-23,10.149
GB,2025-05-24,10.412
GB,2025-05-25,12.447
GB,2025-05-26,12.604
GB,2025-05-27,12.55
GB,2025-05-28,12.329
GB,2025-05-29,12.664
GB,2025-05-30,11.902
GB,2025-05-31,12.595
GB,2025-06-01,13.188
GB,2025-06-02,14.327
GB,2025-06-03,14.947
GB,2025-06-04,15.118
GB,2025-06-05,15.055
GB,2025-06-06,14.863
GB,2025-06-07,16.217
GB,2025-06-08,16.61
GB,2025-06-09,16.659
GB,2025-06-10,16.835
GB,2025-06-11,16.82
GB,2025-06-12,16.942
GB,2025-06-13,16.978
GB,2025-06-14,16.374000000000002
GB,2025-06-15,16.179000000000002
GB,2025-06-16,14.644
GB,2025-06-17,15.963
GB,2025-06-18,15.628
GB,2025-06-19,15.757
GB,2025-06-20,16.439999999999998
GB,2025-06-21,17.706
GB,2025-06-22,18.035
GB,2025-06-23,17.405
GB,2025-06-24,17.159
GB,2025-06-25,17.544
GB,2025-06-26,18.601
GB,2025-06-27,18.065
GB,2025-06-28,17.741
GB,2025-06-29,17.987000000000002
GB,2025-06-30,18.393
GB,2025-07-01,18.506
GB,2025-07-02,19.06
GB,2025-07-03,19.862
GB,2025-07-04,20.231
GB,2025-07-05,20.55
GB,2025-07-06,20.224
GB,2025-07-07,20.056
GB,2025-07-08,19.682
GB,2025-07-09,19.453
GB,2025-07-10,19.369
GB,2025-07-11,20.069
GB,2025-07-12,20.613
GB,2025-07-13,20.566
GB,2025-07-14,20.555
GB,2025-07-15,21.16
GB,2025-07-16,21.9
GB,2025-07-17,22.372
GB,2025-07-18,22.638
GB,2025-07-19,22.58
GB,2025-07-20,22.092
GB,2025-07-21,21.205
GB,2025-07-22,21.275
GB,2025-07-23,21.514
GB,2025-07-24,21.113
GB,2025-07-25,21.376
GB,2025-07-26,21.269
GB,2025-07-27,21.254
GB,2025-07-28,21.66
GB,2025-07-29,21.819
GB,2025-07-30,21.895
GB,2025-07-31,20.886
GB,2025-08-01,19.949
GB,2025-08-02,20.122
GB,2025-08-03,20.103
GB,2025-08-04,20.084
GB,2025-08-05,20.414
GB,2025-08-06,20.148
GB,2025-08-07,20.193
GB,2025-08-08,19.984
GB,2025-08-09,21.315
GB,2025-08-10,21.443
GB,2025-08-11,21.654
GB,2025-08-12,21.897
GB,2025-08-13,22.313
GB,2025-08-14,22.509
GB,2025-08-15,22.504
GB,2025-08-16,22.392
GB,2025-08-17,22.558
GB,2025-08-18,22.382
GB,2025-08-19,22.381
GB,2025-08-20,20.345
GB,2025-08-21,19.917
JB,2025-01-29,4.611000000000001
JB,2025-01-30,4.52
JB,2025-01-31,4.477
JB,2025-02-01,3.875
JB,2025-02-02,3.6189999999999998
JB,2025-02-03,3.8099999999999987
JB,2025-02-04,4
JB,2025-02-05,4.274999999999999
JB,2025-02-06,3.853999999999999
JB,2025-02-07,3.657
JB,2025-02-08,3.751999999999999
JB,2025-02-09,3.7079999999999984
JB,2025-02-10,3.75
JB,2025-02-11,3.684000000000001
JB,2025-02-12,3.7439999999999998
JB,2025-02-13,3.9400000000000013
JB,2025-02-14,3.6720000000000006
JB,2025-02-15,3.448999999999998
JB,2025-02-16,3.306000000000001
JB,2025-02-17,3.155999999999999
JB,2025-02-18,3.0599999999999987
JB,2025-02-19,3.071999999999999
JB,2025-02-20,2.6630000000000003
JB,2025-02-21,2.596
JB,2025-02-22,2.561
JB,2025-02-23,2.5519999999999996
JB,2025-02-24,2.7510000000000012
JB,2025-02-25,3.5539999999999985
JB,2025-02-26,3.5790000000000006
JB,2025-02-27,3.3299999999999983
JB,2025-02-28,3.280999999999999
JB,2025-03-01,3.3979999999999997
JB,2025-03-02,3.3649999999999984
JB,2025-03-03,3.335000000000001
JB,2025-03-04,3.6630000000000003
JB,2025-03-05,3.8339999999999996
JB,2025-03-06,3.808
JB,2025-03-07,3.698999999999998
JB,2025-03-08,3.6720000000000006
JB,2025-03-09,3.7010000000000005
JB,2025-03-10,4.425999999999998
JB,2025-03-11,4.606999999999999
JB,2025-03-12,4.893000000000001
JB,2025-03-13,4.937000000000001
JB,2025-03-14,4.884
JB,2025-03-15,4.077999999999999
JB,2025-03-16,4.1469999999999985
JB,2025-03-17,4.145
JB,2025-03-18,4.126000000000001
JB,2025-03-19,4.236000000000001
JB,2025-03-20,5.427
JB,2025-03-21,5.448
JB,2025-03-22,5.434000000000001
JB,2025-03-23,5.349
JB,2025-03-24,5.2330000000000005
JB,2025-03-25,5.276
JB,2025-03-26,5.259999999999998
JB,2025-03-27,5.294999999999998
JB,2025-03-28,5.369
JB,2025-03-29,5.405000000000001
JB,2025-03-30,5.379999999999999
JB,2025-03-31,6.224999999999998
JB,2025-04-01,6.231999999999999
JB,2025-04-02,6.295999999999999
JB,2025-04-03,6.376000000000001
JB,2025-04-04,6.376000000000001
JB,2025-04-05,6.713000000000001
JB,2025-04-06,6.626000000000001
JB,2025-04-07,6.640999999999998
JB,2025-04-08,6.466000000000001
JB,2025-04-09,5.962
JB,2025-04-10,5.7940000000000005
JB,2025-04-11,5.748000000000001
JB,2025-04-12,5.6690000000000005
JB,2025-04-13,5.600999999999999
JB,2025-04-14,6.224
JB,2025-04-15,6.286999999999999
JB,2025-04-16,6.248000000000001
JB,2025-04-17,6.241
JB,2025-04-18,6.273
JB,2025-04-19,7.033000000000001
JB,2025-04-20,7.199999999999999
JB,2025-04-21,7.5760000000000005
JB,2025-04-22,7.995000000000001
JB,2025-04-23,8.543
JB,2025-04-24,8.854
JB,2025-04-25,8.796
JB,2025-04-26,8.55
JB,2025-04-27,8.323999999999998
JB,2025-04-28,8.254000000000001
JB,2025-04-29,8.959
JB,2025-04-30,9.328999999999999
JB,2025-05-01,9.424
JB,2025-05-02,9.371
JB,2025-05-03,9.264
JB,2025-05-04,9.424999999999999
JB,2025-05-05,9.572
JB,2025-05-06,10.799999999999999
JB,2025-05-07,11.467
JB,2025-05-08,11.334999999999999
JB,2025-05-09,10.849
JB,2025-05-10,10.397
JB,2025-05-11,10.418
JB,2025-05-12,10.504
JB,2025-05-13,10.683
JB,2025-05-14,12.831
JB,2025-05-15,13.204
JB,2025-05-16,13.243
JB,2025-05-17,13.334999999999999
JB,2025-05-18,12.959999999999999
JB,2025-05-19,13.01
JB,2025-05-20,12.368
JB,2025-05-21,12.281
JB,2025-05-22,11.824
JB,2025-05-23,10.825
JB,2025-05-24,11.094
JB,2025-05-25,12.344
JB,2025-05-26,12.299
JB,2025-05-27,12.309
JB,2025-05-28,12.541
JB,2025-05-29,13.033999999999999
JB,2025-05-30,12.442
JB,2025-05-31,12.806
JB,2025-06-01,13.423
JB,2025-06-02,14.19
JB,2025-06-03,14.408999999999999
JB,2025-06-04,14.392
JB,2025-06-05,14.33
JB,2025-06-06,14.488999999999999
JB,2025-06-07,15.443999999999999
JB,2025-06-08,16.043
JB,2025-06-09,16.055
JB,2025-06-10,16.539
JB,2025-06-11,17.073
JB,2025-06-12,17.285
JB,2025-06-13,17.3
JB,2025-06-14,16.957
JB,2025-06-15,16.853
JB,2025-06-16,15.988999999999999
JB,2025-06-17,16.435000000000002
JB,2025-06-18,16.304000000000002
JB,2025-06-19,16.128999999999998
JB,2025-06-20,16.500999999999998
JB,2025-06-21,18.166
JB,2025-06-22,18.184
JB,2025-06-23,18.252
JB,2025-06-24,18.378
JB,2025-06-25,18.57
JB,2025-06-26,20.444
JB,2025-06-27,19.845
JB,2025-06-28,17.931
JB,2025-06-29,19.499
JB,2025-06-30,19.484
JB,2025-07-01,19.435
JB,2025-07-02,19.559
JB,2025-07-03,20.701999999999998
JB,2025-07-04,21.081
JB,2025-07-05,20.921
JB,2025-07-06,20.437
JB,2025-07-07,20.198
JB,2025-07-08,20.29
JB,2025-07-09,20.495
JB,2025-07-10,20.309
JB,2025-07-11,20.846
JB,2025-07-12,21.477
JB,2025-07-13,21.727
JB,2025-07-14,21.713
JB,2025-07-15,21.791
JB,2025-07-16,22.16
JB,2025-07-17,22.712
JB,2025-07-18,22.774
JB,2025-07-19,22.555
JB,2025-07-20,22.537
JB,2025-07-21,21.515
JB,2025-07-22,21.371
JB,2025-07-23,21.475
JB,2025-07-24,21.686
JB,2025-07-25,21.876
JB,2025-07-26,21.905
JB,2025-07-27,22.121
JB,2025-07-28,22.326999999999998
JB,2025-07-29,22.337
JB,2025-07-30,22.692
JB,2025-07-31,21.759
JB,2025-08-01,20.992
JB,2025-08-02,21.162
JB,2025-08-03,21.114
JB,2025-08-04,21.001
JB,2025-08-05,20.961
JB,2025-08-06,20.897
JB,2025-08-07,21.326
JB,2025-08-08,21.349
JB,2025-08-09,21.684
JB,2025-08-10,21.528
JB,2025-08-11,21.158
JB,2025-08-12,21.332
NK,2024-05-20,13.99988479683488
NK,2024-05-21,15.448181764129524
NK,2024-05-22,15.30347873142417
NK,2024-05-23,15.278478731424167
NK,2024-05-24,15.735290862245588
NK,2024-05-25,16.00939996036165
NK,2024-05-26,16.017509058477714
NK,2024-05-27,15.77345450941968
NK,2024-05-28,15.84734541130362
NK,2024-05-29,16.27086057483039
NK,2024-05-30,15.713563607535743
NK,2024-05-31,15.964212091183068
NK,2024-06-01,15.963187869178585
NK,2024-06-02,16.14813332012055
NK,2024-06-03,16.360539385531258
NK,2024-06-04,16.504812130821417
NK,2024-06-05,16.878187869178582
NK,2024-06-06,16.883157542125037
NK,2024-06-07,17.426187869178584
NK,2024-06-08,17.24648483647323
NK,2024-06-09,16.968351516352676
NK,2024-06-10,17.391430287415197
NK,2024-06-11,17.27078180376787
NK,2024-06-12,17.62713332012055
NK,2024-06-13,18.140024222004484
NK,2024-06-14,18.07067270565181
NK,2024-06-15,18.41237573835716
NK,2024-06-16,18.50367270565181
NK,2024-06-17,19.33507877106252
NK,2024-06-18,18.792242418236615
NK,2024-06-19,18.704703032705357
NK,2024-06-20,18.080109098116065
NK,2024-06-21,18.578109098116062
NK,2024-06-22,18.890109098116064
NK,2024-06-23,18.928133320120548
NK,2024-06-24,18.036303072343703
NK,2024-06-25,17.316484836473226
NK,2024-06-26,19.356593934589288
NK,2024-06-27,19.396836352825904
NK,2024-06-28,18.87964848364732
NK,2024-06-29,18.852
NK,2024-06-30,19.29
NK,2024-07-01,19.791484836473227
NK,2024-07-02,20.691890901883937
NK,2024-07-03,20.513890901883933
NK,2024-07-04,20.77207877106252
NK,2024-07-05,20.9882666402411
NK,2024-07-06,21.02045450941968
NK,2024-07-07,21.419539385531262
NK,2024-07-08,21.88759393458929
NK,2024-07-09,22.691648483647324
NK,2024-07-10,22.772054549058034
NK,2024-07-11,22.801757581763383
NK,2024-07-12,22.67840606541071
NK,2024-07-13,22.725054549058033
NK,2024-07-14,22.61846061446874
NK,2024-07-15,22.766624261642836
NK,2024-07-16,22.991406065410708
NK,2024-07-17,23.47540606541071
NK,2024-07-18,23.61764848364733
NK,2024-07-19,23.523703032705352
NK,2024-07-20,23.438
NK,2024-07-21,23.22040606541071
NK,2024-07-22,23.194460614468746
NK,2024-07-23,23.098757581763387
NK,2024-07-24,22.08986667987945
NK,2024-07-25,21.566515163526773
NK,2024-07-26,22.066757581763387
NK,2024-07-27,22.16494545094197
NK,2024-07-28,22.33059393458929
NK,2024-07-29,22.106757581763382
NK,2024-07-30,22.029296967294645
NK,2024-07-31,22.120484836473228
NK,2024-08-01,22.13189090188394
NK,2024-08-02,22.232945450941973
NK,2024-08-03,22.34540606541071
NK,2024-08-04,22.47832729434819
NK,2024-08-05,22.36724852328567
NK,2024-08-06,22.141084876111577
NK,2024-08-07,21.525624261642836
NK,2024-08-08,21.35132729434819
NK,2024-08-09,21.55092122893748
NK,2024-08-10,21.663866679879447
NK,2024-08-11,21.703757581763387
NK,2024-08-12,21.624678810700864
NK,2024-08-13,21.398975777995513
NK,2024-08-14,21.18986667987945
NK,2024-08-15,21.23440606541071
NK,2024-08-16,21.03335151635268
NK,2024-08-17,21.040296967294648
NK,2024-08-18,21.257569712584807
NK,2024-08-19,21.47519397422764
NK,2024-08-20,21.2164667195178
NK,2024-08-21,20.51735151635268
NK,2024-08-22,20.21300610504906
NK,2024-08-23,20.08340606541071
NK,2024-08-24,20.122757581763384
NK,2024-08-25,20.275351516352675
NK,2024-08-26,20.456
NK,2024-08-27,20.79481213082142
NK,2024-08-28,20.386296967294644
NK,2024-08-29,20.289
NK,2024-08-30,20.005890901883937
NK,2024-08-31,19.572315084250075
NK,2024-09-01,20.1485332804822
NK,2024-09-02,20.643218196232127
NK,2024-09-03,20.549703032705352
NK,2024-09-04,19.791030327053544
NK,2024-09-05,19.688084876111574
NK,2024-09-06,19.74686667987945
NK,2024-09-07,19.950648483647324
NK,2024-09-08,19.751757581763385
NK,2024-09-09,18.993921228937484
NK,2024-09-10,18.78927274529016
NK,2024-09-11,18.98508487611158
NK,2025-01-29,4.640515163526772
NK,2025-01-30,4.620030327053545
NK,2025-01-31,4.667921228937481
NK,2025-02-01,4.6476484836473215
NK,2025-02-02,4.545648483647322
NK,2025-02-03,4.536406065410708
NK,2025-02-04,4.5505939345892905
NK,2025-02-05,4.758484836473228
NK,2025-02-06,4.341163647174096
NK,2025-02-07,4.2604060654107085
NK,2025-02-08,4.346
NK,2025-02-09,4.146484836473227
NK,2025-02-10,3.975054549058032
NK,2025-02-11,3.9162181962321263
NK,2025-02-12,4.050296967294645
NK,2025-02-13,4.224969672946455
NK,2025-02-14,3.4117333597588986
NK,2025-02-15,3.258624261642835
NK,2025-02-16,3.64505454905803
NK,2025-02-17,3.603593934589291
NK,2025-02-18,3.625812130821419
NK,2025-02-19,3.4905697125848043
NK,2025-02-20,3.0637030327053543
NK,2025-02-21,2.851109098116064
NK,2025-02-22,2.781921228937482
NK,2025-02-23,2.9354060654107093
NK,2025-02-24,3.1460303270535444
NK,2025-02-25,3.8194909415222846
NK,2025-02-26,3.797842457874963
NK,2025-02-27,3.8138970069329954
NK,2025-02-28,3.90219397422764
NK,2025-03-01,3.779272745290158
NK,2025-03-02,3.664406065410709
NK,2025-03-03,3.618703032705354
NK,2025-03-04,3.744757581763386
NK,2025-03-05,3.885030327053545
NK,2025-03-06,3.9409212289374818
NK,2025-03-07,4.01846061446874
NK,2025-03-08,4.046351516352677
NK,2025-03-09,4.059351516352677
NK,2025-03-10,4.3994302874151945
NK,2025-03-11,4.622806025772359
NK,2025-03-12,4.955812130821417
NK,2025-03-13,5.046757581763385
NK,2025-03-14,4.789975777995512
NK,2025-03-15,4.203515163526773
NK,2025-03-16,4.353999999999999
NK,2025-03-17,4.3662969672946454
NK,2025-03-18,4.4149454509419686
NK,2025-03-19,4.529296967294646
NK,2025-03-20,5.659109098116064
NK,2025-03-21,5.624187869178582
NK,2025-03-22,5.589430287415196
NK,2025-03-23,5.563593934589292
NK,2025-03-24,5.475406065410708
NK,2025-03-25,5.38605454905803
NK,2025-03-26,5.3913515163526755
NK,2025-03-27,5.437648483647322
NK,2025-03-28,5.510757581763387
NK,2025-03-29,5.561703032705354
NK,2025-03-30,5.55205454905803
NK,2025-03-31,6.335109098116062
NK,2025-04-01,6.324678810700866
NK,2025-04-02,6.366787908816932
NK,2025-04-03,6.453163647174095
NK,2025-04-04,6.802703032705354
NK,2025-04-05,7.026648483647323
NK,2025-04-06,6.980242418236613
NK,2025-04-07,6.7499454509419685
NK,2025-04-08,6.33840606541071
NK,2025-04-09,5.925351516352677
NK,2025-04-10,5.768999999999998
NK,2025-04-11,5.734999999999999
NK,2025-04-12,5.6926484836473215
NK,2025-04-13,5.765648483647322
NK,2025-04-14,6.239351516352677
NK,2025-04-15,6.2429999999999986
NK,2025-04-16,6.079836352825903
NK,2025-04-17,6.165242418236613
NK,2025-04-18,6.47405454905803
NK,2025-04-19,6.839890901883934
NK,2025-04-20,7.005054549058032
NK,2025-04-21,7.753945450941967
NK,2025-04-22,7.920163647174093
NK,2025-04-23,8.226897006932996
NK,2025-04-24,8.645842457874961
NK,2025-04-25,8.502569712584805
NK,2025-04-26,8.339109098116063
NK,2025-04-27,7.782296967294646
NK,2025-04-28,7.557648483647323
NK,2025-04-29,8.556648483647322
NK,2025-04-30,8.912866679879448
NK,2025-05-01,8.991569712584804
NK,2025-05-02,8.981866679879447
NK,2025-05-03,9.06746061446874
NK,2025-05-04,9.22986667987945
NK,2025-05-05,9.349163647174096
NK,2025-05-06,10.906648483647322
NK,2025-05-07,11.783836352825904
NK,2025-05-08,11.660484836473229
NK,2025-05-09,10.553460614468742
NK,2025-05-10,10.196812130821415
NK,2025-05-11,10.200812130821417
NK,2025-05-12,10.31946061446874
NK,2025-05-13,10.665703032705354
NK,2025-05-14,13.05
NK,2025-05-15,13.41464848364732
NK,2025-05-16,13.483648483647324
NK,2025-05-17,13.644296967294643
NK,2025-05-18,13.13659393458929
NK,2025-05-19,13.093593934589292
NK,2025-05-20,12.152406065410707
NK,2025-05-21,12.351351516352675
NK,2025-05-22,12.086703032705351
NK,2025-05-23,11.308836352825905
NK,2025-05-24,11.566890901883935
NK,2025-05-25,11.806975777995516
NK,2025-05-26,11.779624261642835
NK,2025-05-27,11.890163647174097
NK,2025-05-28,12.678242418236614
NK,2025-05-29,12.829109098116064
NK,2025-05-30,12.436593934589292
NK,2025-05-31,12.51640606541071
NK,2025-06-01,13.269054549058032
NK,2025-06-02,13.996054549058032
NK,2025-06-03,14.057515163526771
NK,2025-06-04,14.023218196232127
NK,2025-06-05,14.066515163526772
NK,2025-06-06,14.427054549058033
NK,2025-06-07,15.307
NK,2025-06-08,15.846109098116065
NK,2025-06-09,15.895757581763386
NK,2025-06-10,16.562296967294646
NK,2025-06-11,16.94064848364732
NK,2025-06-12,17.09635151635268
NK,2025-06-13,17.126351516352674
NK,2025-06-14,16.720648483647324
NK,2025-06-15,16.520296967294644
NK,2025-06-16,16.228296967294646
NK,2025-06-17,16.281
NK,2025-06-18,16.376890901883932
NK,2025-06-19,16.006569712584806
NK,2025-06-20,16.12160003963835
NK,2025-06-21,17.06507877106252
NK,2025-06-22,17.671727254709843
NK,2025-06-23,18.60639996036165
NK,2025-06-24,18.91721209118307
NK,2025-06-25,18.981969672946455
NK,2025-06-26,20.866836352825903
NK,2025-06-27,19.78494545094197
NK,2025-06-28,17.570490941522284
NK,2025-06-29,18.42832729434819
NK,2025-06-30,18.807678810700867
NK,2025-07-01,19.319109098116066
NK,2025-07-02,19.809836352825904
NK,2025-07-03,20.601133320120553
NK,2025-07-04,20.909133320120553
NK,2025-07-05,20.89172725470984
NK,2025-07-06,20.586242418236612
NK,2025-07-07,20.428703032705354
NK,2025-07-08,20.51035151635267
NK,2025-07-09,20.706296967294644
NK,2025-07-10,20.771836352825904
NK,2025-07-11,21.27253938553126
NK,2025-07-12,22.15307877106252
NK,2025-07-13,21.958212091183068
NK,2025-07-14,22.363672705651812
NK,2025-07-15,22.338375738357165
NK,2025-07-16,22.50050905847771
NK,2025-07-17,22.62321209118307
NK,2025-07-18,23.197618156593773
NK,2025-07-19,22.701915123888423
NK,2025-07-20,22.774375738357165
NK,2025-07-21,21.267757581763384
NK,2025-07-22,21.098515163526773
OB,2024-04-16,8.259
OB,2024-04-17,8.541999999999998
OB,2024-04-18,8.591000000000001
OB,2024-04-19,8.515
OB,2024-04-20,8.527000000000001
OB,2024-04-21,8.303999999999998
OB,2024-04-22,8.544
OB,2024-04-23,8.646999999999998
OB,2024-04-24,8.509999999999998
OB,2024-04-25,8.503
OB,2024-04-26,8.633
OB,2024-04-27,8.658999999999999
OB,2024-04-28,8.681000000000001
OB,2024-04-29,8.786000000000001
OB,2024-04-30,9.93
OB,2024-05-01,9.597
OB,2024-05-02,9.735999999999999
OB,2024-05-03,9.905
OB,2024-05-04,10.072
OB,2024-05-05,10.432
OB,2024-05-06,10.472999999999999
OB,2024-05-07,10.718
OB,2024-05-08,10.856
OB,2024-05-09,11.043
OB,2024-05-10,10.995
OB,2024-05-11,11.689
OB,2024-05-12,12.03
OB,2024-05-13,12.299
OB,2024-05-14,12.382
OB,2024-05-15,12.261
OB,2024-05-16,11.915
OB,2024-05-17,11.334
OB,2024-05-18,11.407
OB,2024-05-19,11.478
OB,2024-05-20,11.604
OB,2024-05-21,14.783999999999999
OB,2024-05-22,14.763
OB,2024-05-23,14.843
OB,2024-05-24,14.759
OB,2024-05-25,15.092
OB,2024-05-26,14.907
OB,2024-05-27,14.878
OB,2024-05-28,15.89
OB,2024-05-29,16.234
OB,2024-05-30,16.378
OB,2024-05-31,16.543
OB,2024-06-01,16.474
OB,2024-06-02,16.238
OB,2024-06-03,16.526
OB,2024-06-04,16.805999999999997
OB,2024-06-05,16.743000000000002
OB,2024-06-06,16.490000000000002
OB,2024-06-07,16.774
OB,2024-06-08,16.634
OB,2024-06-09,17.477
OB,2024-06-10,17.33
OB,2024-06-11,17.415
OB,2024-06-12,17.591
OB,2024-06-13,18.451999999999998
OB,2024-06-14,18.292
OB,2024-06-15,18.431
OB,2024-06-16,18.759999999999998
OB,2024-06-17,18.966
OB,2024-06-18,19.244
OB,2024-06-19,19.407
OB,2024-06-20,19.049
OB,2024-06-21,19.052
OB,2024-06-22,19.323999999999998
OB,2024-06-23,19.249
OB,2024-06-24,18.335
OB,2024-06-25,18.256999999999998
OB,2024-06-26,19.801000000000002
OB,2024-06-27,19.433
OB,2024-06-28,19.539
OB,2024-06-29,19.752
OB,2024-06-30,19.625
OB,2024-07-01,19.705
OB,2024-07-02,20.874
OB,2024-07-03,20.825
OB,2024-07-04,20.774
OB,2024-07-05,20.726
OB,2024-07-06,20.732
OB,2024-07-07,21.477
OB,2024-07-08,21.573
OB,2024-07-09,21.807
OB,2024-07-10,21.89
OB,2024-07-11,21.979
OB,2024-07-12,21.896
OB,2024-07-13,22.286
OB,2024-07-14,22.439
OB,2024-07-15,22.427
OB,2024-07-16,22.565
OB,2024-07-17,22.445
OB,2024-07-18,22.773
OB,2024-07-19,22.881
OB,2024-07-20,22.959
OB,2024-07-21,23.242
OB,2024-07-22,23.289
OB,2024-07-23,21.402
OB,2024-07-24,21.031
OB,2024-07-25,20.967
OB,2024-07-26,21.147
OB,2024-07-27,21.257
OB,2024-07-28,20.966
OB,2024-07-29,20.961
OB,2024-07-30,21.195
OB,2024-07-31,21.224
OB,2024-08-01,21.256
OB,2024-08-02,21.296
OB,2024-08-03,21.323999999999998
OB,2024-08-04,21.559
OB,2024-08-05,22.004
OB,2024-08-06,21.555
OB,2024-08-07,21.063
OB,2024-08-08,21.034
OB,2024-08-09,21.458
OB,2024-08-10,21.947
OB,2024-08-11,21.895
OB,2024-08-12,21.731
OB,2024-08-13,21.75
OB,2024-08-14,21.272
OB,2024-08-15,22.070999999999998
OB,2024-08-16,22.369
OB,2024-08-17,22.458
OB,2024-08-18,22.165
OB,2024-08-19,21.659
OB,2024-08-20,21.668
OB,2024-08-21,21.308
OB,2024-08-22,21.164
OB,2024-08-23,21.059
OB,2024-08-24,20.968
OB,2024-08-25,20.483
OB,2024-08-26,20.78
OB,2024-08-27,20.666
OB,2024-08-28,20.167
OB,2024-08-29,20.037
OB,2024-08-30,19.666
OB,2024-08-31,19.705
OB,2024-09-01,19.988
OB,2024-09-02,20.079
OB,2024-09-03,19.344
OB,2024-09-04,19.091
OB,2024-09-05,19.118
OB,2024-09-06,19.259999999999998
OB,2024-09-07,19.41
OB,2024-09-08,19.307
OB,2024-09-09,18.863
OB,2024-09-10,18.692
OB,2024-09-11,18.705
OB,2024-09-12,19.531
OB,2024-09-13,20.317999999999998
OB,2024-09-14,20.533
OB,2024-09-15,20.582
OB,2024-09-16,20.448999999999998
OB,2024-09-17,20.375
OB,2024-09-18,20.166
OB,2024-09-19,19.692
OB,2024-09-20,20.188
OB,2024-09-21,19.36
OB,2024-09-22,19.131999999999998
OB,2024-09-23,18.325
OB,2024-09-24,18.297
OB,2024-09-25,18.386
OB,2024-09-26,17.911
OB,2024-09-27,17.897
OB,2024-09-28,18.031
OB,2024-09-29,18.05
OB,2024-09-30,18.005
OB,2024-10-01,17.858
OB,2024-10-02,17.843
OB,2024-10-03,17.807
OB,2024-10-04,17.961
OB,2024-10-05,18.064
OB,2024-10-06,17.981
OB,2024-10-07,17.986
OB,2024-10-08,17.405
OB,2024-10-09,17.061
OB,2024-10-10,16.758
OB,2024-10-11,16.461
OB,2024-10-12,16.359
OB,2024-10-13,16.569
OB,2024-10-14,16.282
OB,2024-10-15,15.757
OB,2024-10-16,15.379
OB,2024-10-17,14.704
OB,2024-10-18,14.58
OB,2024-10-19,14.572
OB,2024-10-20,14.652
OB,2024-10-21,14.635
OB,2024-10-22,14.862
OB,2024-10-23,15.368
OB,2024-10-24,15.433
OB,2024-10-25,15.326
OB,2024-10-26,14.895999999999999
OB,2024-10-27,14.57
OB,2024-10-28,14.204
OB,2024-10-29,13.676
OB,2024-10-30,13.681
OB,2024-10-31,14.203
OB,2024-11-01,14.109
OB,2024-11-02,13.968
OB,2024-11-03,13.972999999999999
OB,2024-11-04,13.965
OB,2024-11-05,14.064
OB,2024-11-06,13.774
OB,2024-11-07,13.672
OB,2024-11-08,13.597
OB,2024-11-09,13.597
OB,2024-11-10,13.155
OB,2024-11-11,12.842
OB,2024-11-12,12.831999999999999
OB,2024-11-13,12.761
OB,2024-11-14,12.555
OB,2024-11-15,11.953999999999999
OB,2024-11-16,11.860999999999999
OB,2024-11-17,11.783
OB,2024-11-18,11.725
OB,2024-11-19,11.648
OB,2024-11-20,12.115
OB,2024-11-21,11.459999999999999
OB,2024-11-22,10.751999999999999
OB,2024-11-23,10.862
OB,2024-11-24,10.395
OB,2024-11-25,10.119
OB,2024-11-26,10.206
OB,2024-11-27,10.28
OB,2024-11-28,10.280999999999999
OB,2024-11-29,10.206
OB,2024-11-30,9.87
OB,2024-12-01,9.666
OB,2024-12-02,9.530999999999999
OB,2024-12-03,9.525
OB,2024-12-04,9.44
OB,2024-12-05,9.448
OB,2024-12-06,9.362
OB,2024-12-07,9.424999999999999
OB,2024-12-08,9.315
OB,2024-12-09,9.571
OB,2024-12-10,9.6
OB,2024-12-11,8.764
OB,2024-12-12,8.584
OB,2024-12-13,8.091999999999999
OB,2024-12-14,7.855
OB,2024-12-15,7.800999999999998
OB,2024-12-16,7.925000000000001
OB,2024-12-17,8.155999999999999
OB,2024-12-18,8.344999999999999
OB,2024-12-19,8.533000000000001
OB,2024-12-20,8.675
OB,2024-12-21,6.977
OB,2024-12-22,7.553000000000001
OB,2024-12-23,7.209
OB,2024-12-24,7.222999999999999
OB,2024-12-25,7.2059999999999995
OB,2024-12-26,7.0760000000000005
OB,2024-12-27,7.041999999999998
OB,2024-12-28,7.064
OB,2024-12-29,7.451999999999998
OB,2024-12-30,7.305
OB,2024-12-31,6.824999999999999
OB,2025-01-01,6.789999999999999
OB,2025-01-02,6.5440000000000005
OB,2025-01-03,6.3359999999999985
OB,2025-01-04,6.2010000000000005
OB,2025-01-05,6.280000000000001
OB,2025-01-06,6.494
OB,2025-01-07,6.100999999999999
OB,2025-01-08,5.704999999999998
OB,2025-01-09,5.707999999999998
OB,2025-01-10,5.684999999999999
OB,2025-01-11,5.725999999999999
OB,2025-01-12,5.530999999999999
OB,2025-01-13,4.626000000000001
OB,2025-01-14,3.6950000000000003
OB,2025-01-15,3.628999999999998
OB,2025-01-16,3.8949999999999996
OB,2025-01-17,4.474999999999998
OB,2025-01-18,4.408000000000001
OB,2025-01-19,4.573999999999998
OB,2025-01-20,4.701999999999998
OB,2025-01-21,4.552
OB,2025-01-22,3.599
OB,2025-01-23,3.216000000000001
OB,2025-01-24,2.530999999999999
OB,2025-01-25,2.5919999999999987
OB,2025-01-26,3
OB,2025-01-27,2.9299999999999997
OB,2025-01-28,3.2220000000000013
OB,2025-01-29,3.123000000000001
OB,2025-01-30,3.4609999999999985
OB,2025-01-31,3.567999999999998
OB,2025-02-01,3.3569999999999993
OB,2025-02-02,2.910999999999998
OB,2025-02-03,3.149000000000001
OB,2025-02-04,3.312000000000001
OB,2025-02-05,3.532
OB,2025-02-06,2.538999999999998
OB,2025-02-07,2.3760000000000012
OB,2025-02-08,2.4450000000000003
OB,2025-02-09,2.4239999999999995
OB,2025-02-10,2.8580000000000005
OB,2025-02-11,3.0569999999999986
OB,2025-02-12,3.2650000000000006
OB,2025-02-13,3.126999999999999
OB,2025-02-14,2.6479999999999997
OB,2025-02-15,2.5500000000000007
OB,2025-02-16,2.692999999999998
OB,2025-02-17,2.5219999999999985
OB,2025-02-18,2.4669999999999987
OB,2025-02-19,2.8150000000000013
OB,2025-02-20,1.6879999999999988
OB,2025-02-21,1.314
OB,2025-02-22,1.163999999999998
OB,2025-02-23,1.3449999999999989
OB,2025-02-24,1.7800000000000011
OB,2025-02-25,2.9289999999999985
OB,2025-02-26,3.033999999999999
OB,2025-02-27,3.035
OB,2025-02-28,2.978999999999999
OB,2025-03-01,2.3369999999999997
OB,2025-03-02,2.1449999999999996
OB,2025-03-03,1.9819999999999993
OB,2025-03-04,2.1900000000000013
OB,2025-03-05,2.4510000000000005
OB,2025-03-06,2.719000000000001
OB,2025-03-07,2.780999999999999
OB,2025-03-08,2.8039999999999985
OB,2025-03-09,2.774000000000001
OB,2025-03-10,3.4869999999999983
OB,2025-03-11,3.812000000000001
OB,2025-03-12,4.027999999999999
OB,2025-03-13,4.036999999999999
OB,2025-03-14,3.913999999999998
OB,2025-03-15,3.7169999999999987
OB,2025-03-16,3.905000000000001
OB,2025-03-17,3.875
OB,2025-03-18,3.687000000000001
OB,2025-03-19,3.7300000000000004
OB,2025-03-20,5.056000000000001
OB,2025-03-21,4.933
OB,2025-03-22,4.942
OB,2025-03-23,4.872
OB,2025-03-24,4.812999999999999
OB,2025-03-25,4.954999999999998
OB,2025-03-26,4.952999999999999
OB,2025-03-27,5.0489999999999995
OB,2025-03-28,5.093
OB,2025-03-29,5.036999999999999
OB,2025-03-30,5.006999999999998
OB,2025-03-31,5.922000000000001
OB,2025-04-01,6.056999999999999
OB,2025-04-02,6.167999999999999
OB,2025-04-03,6.207000000000001
OB,2025-04-04,6.062999999999999
OB,2025-04-05,6.155000000000001
OB,2025-04-06,6.0219999999999985
OB,2025-04-07,6.309000000000001
OB,2025-04-08,6.448
OB,2025-04-09,6.006
OB,2025-04-10,5.849
OB,2025-04-11,5.765000000000001
OB,2025-04-12,5.68
OB,2025-04-13,5.277000000000001
OB,2025-04-14,5.989000000000001
OB,2025-04-15,6.279
OB,2025-04-16,6.367000000000001
OB,2025-04-17,6.52
OB,2025-04-18,6.6179999999999986
OB,2025-04-19,7.09
OB,2025-04-20,7.207000000000001
OB,2025-04-21,7.134
OB,2025-04-22,7.631999999999998
OB,2025-04-23,8.100000000000001
OB,2025-04-24,8.806000000000001
OB,2025-04-25,8.648
OB,2025-04-26,8.233
OB,2025-04-27,7.864999999999998
OB,2025-04-28,7.834
OB,2025-04-29,8.773
OB,2025-04-30,8.936
OB,2025-05-01,8.806999999999999
OB,2025-05-02,8.864999999999998
OB,2025-05-03,8.768
OB,2025-05-04,8.925
OB,2025-05-05,9.379999999999999
OB,2025-05-06,10.517999999999999
OB,2025-05-07,11.074
OB,2025-05-08,11.067
OB,2025-05-09,11.581999999999999
OB,2025-05-10,11.395999999999999
OB,2025-05-11,11.422
OB,2025-05-12,11.440999999999999
OB,2025-05-13,10.796
OB,2025-05-14,12.443
OB,2025-05-15,12.785
OB,2025-05-16,12.712
OB,2025-05-17,12.661999999999999
OB,2025-05-18,12.562
OB,2025-05-19,12.557
OB,2025-05-20,11.517
OB,2025-05-21,11.349
OB,2025-05-22,10.828999999999999
OB,2025-05-23,9.997
OB,2025-05-24,10.222999999999999
OB,2025-05-25,11.735
OB,2025-05-26,11.78
OB,2025-05-27,11.773
OB,2025-05-28,11.687
OB,2025-05-29,12.302999999999999
OB,2025-05-30,11.946
OB,2025-05-31,12.398
OB,2025-06-01,12.865
OB,2025-06-02,14.132
OB,2025-06-03,14.602
OB,2025-06-04,14.647
OB,2025-06-05,14.482
OB,2025-06-06,14.246
OB,2025-06-07,15.797
OB,2025-06-08,16.205
OB,2025-06-09,16.265
OB,2025-06-10,16.609
OB,2025-06-11,16.921
OB,2025-06-12,17.05
OB,2025-06-13,17.070999999999998
OB,2025-06-14,16.386
OB,2025-06-15,16.232
OB,2025-06-16,14.736
OB,2025-06-17,16.03
OB,2025-06-18,15.922
OB,2025-06-19,15.782
OB,2025-06-20,16.227
OB,2025-06-21,17.602
OB,2025-06-22,18.146
OB,2025-06-23,17.724
OB,2025-06-24,17.605
OB,2025-06-25,17.762
OB,2025-06-26,19.028
OB,2025-06-27,18.673000000000002
OB,2025-06-28,18.086
OB,2025-06-29,18.291
OB,2025-06-30,18.378999999999998
OB,2025-07-01,18.375
OB,2025-07-02,18.915
OB,2025-07-03,19.63
OB,2025-07-04,19.868000000000002
OB,2025-07-05,20.166
OB,2025-07-06,19.875
OB,2025-07-07,19.893
OB,2025-07-08,19.833
OB,2025-07-09,19.748
OB,2025-07-10,19.599
OB,2025-07-11,19.78
OB,2025-07-12,20.064
OB,2025-07-13,20.16
OB,2025-07-14,20.32
OB,2025-07-15,20.588
OB,2025-07-16,21.349
OB,2025-07-17,21.959
OB,2025-07-18,22.322
OB,2025-07-19,22.39
OB,2025-07-20,21.454
OB,2025-07-21,20.441
OB,2025-07-22,20.661
OB,2025-07-23,21.049
OB,2025-07-24,21.217
OB,2025-07-25,21.076
OB,2025-07-26,20.849
OB,2025-07-27,21.054
OB,2025-07-28,21.315
OB,2025-07-29,21.714
OB,2025-07-30,21.803
OB,2025-07-31,20.59
OB,2025-08-01,19.587
OB,2025-08-02,19.695999999999998
OB,2025-08-03,19.771
OB,2025-08-04,19.805
OB,2025-08-05,20.088
OB,2025-08-06,20.067999999999998
OB,2025-08-07,20.353
OB,2025-08-08,20.237000000000002
OB,2025-08-09,21.193
OB,2025-08-10,21.585
OB,2025-08-11,21.807
OB,2025-08-12,21.843
OB,2025-08-13,21.98
OB,2025-08-14,22.886
OB,2025-08-15,23.079
OB,2025-08-16,22.871
OB,2025-08-17,22.663
OB,2025-08-18,22.063
OB,2025-08-19,21.912
OB,2025-08-20,20.079
OB,2025-08-21,19.441
OB,2025-08-22,19.381999999999998
OB,2025-08-23,19.279
OB,2025-08-24,19.282
OB,2025-08-25,21.436
OB,2025-08-26,20.798000000000002
SH,2024-05-15,11.061
SH,2024-05-16,11.013
SH,2024-05-17,10.903
SH,2024-05-18,11.059
SH,2024-05-19,11.237
SH,2024-05-20,11.459999999999999
SH,2024-05-21,14.464
SH,2024-05-22,14.438
SH,2024-05-23,14.395
SH,2024-05-24,14.124
SH,2024-05-25,14.24
SH,2024-05-26,14.277
SH,2024-05-27,14.333
SH,2024-05-28,15.074
SH,2024-05-29,15.352
SH,2024-05-30,15.252
SH,2024-05-31,15.261
SH,2024-06-01,15.173
SH,2024-06-02,15.121
SH,2024-06-03,15.408
SH,2024-06-04,15.64
SH,2024-06-05,15.647
SH,2024-06-06,15.759
SH,2024-06-07,16.176000000000002
SH,2024-06-08,16.025
SH,2024-06-09,16.276
SH,2024-06-10,16.244
SH,2024-06-11,16.304000000000002
SH,2024-06-12,16.731
SH,2024-06-13,17.861
SH,2024-06-14,17.785
SH,2024-06-15,17.853
SH,2024-06-16,18.094
SH,2024-06-17,18.273
SH,2024-06-18,18.387
SH,2024-06-19,18.502
SH,2024-06-20,18.508
SH,2024-06-21,18.639
SH,2024-06-22,18.871
SH,2024-06-23,18.935
SH,2024-06-24,18.114
SH,2024-06-25,18.026
SH,2024-06-26,18.618
SH,2024-06-27,18.162
SH,2024-06-28,18.078
SH,2024-06-29,18.387
SH,2024-06-30,18.607
SH,2024-07-01,18.674
SH,2024-07-02,18.88
SH,2024-07-03,18.78
SH,2024-07-04,18.878
SH,2024-07-05,19.285
SH,2024-07-06,19.573999999999998
SH,2024-07-07,20.783
SH,2024-07-08,20.959
SH,2024-07-09,20.975
SH,2024-07-10,20.907
SH,2024-07-11,20.661
SH,2024-07-12,20.618000000000002
SH,2024-07-13,20.774
SH,2024-07-14,20.705
SH,2024-07-15,20.583
SH,2024-07-16,20.52
SH,2024-07-17,20.482
SH,2024-07-18,20.796
SH,2024-07-19,20.864
SH,2024-07-20,20.961
SH,2024-07-21,21.294
SH,2024-07-22,21.455
SH,2024-07-23,20.32
SH,2024-07-24,19.868000000000002
SH,2024-07-25,20.076
SH,2024-07-26,20.158
SH,2024-07-27,19.966
SH,2024-07-28,19.816
SH,2024-07-29,19.992
SH,2024-07-30,20.143
SH,2024-07-31,20.111
SH,2024-08-01,20.086
SH,2024-08-02,20.114
SH,2024-08-03,20.431
SH,2024-08-04,20.641
SH,2024-08-05,20.669
SH,2024-08-06,20.232
SH,2024-08-07,19.436
SH,2024-08-08,19.435
SH,2024-08-09,19.761
SH,2024-08-10,19.931
SH,2024-08-11,19.726
SH,2024-08-12,19.728
SH,2024-08-13,19.746
SH,2024-08-14,19.756999999999998
SH,2024-08-15,20.292
SH,2024-08-16,20.392
SH,2024-08-17,20.372
SH,2024-08-18,20.352
SH,2024-08-19,20.333
SH,2024-08-20,19.95
SH,2024-08-21,19.334
SH,2024-08-22,19.233
SH,2024-08-23,19.175
SH,2024-08-24,19.271
SH,2024-08-25,19.453
SH,2024-08-26,19.742
SH,2024-08-27,19.89
SH,2024-08-28,19.401
SH,2024-08-29,19.278
SH,2024-08-30,18.97
SH,2024-08-31,18.86
SH,2024-09-01,19.103
SH,2024-09-02,19.667
SH,2024-09-03,19.009
SH,2024-09-04,18.338
SH,2024-09-05,18.363
SH,2024-09-06,18.375999999999998
SH,2024-09-07,18.722
SH,2024-09-08,18.596
SH,2024-09-09,18.145
SH,2024-09-10,18.063
SH,2024-09-11,18.283
SH,2024-09-12,18.409
SH,2024-09-13,18.831
SH,2024-09-14,19.021
SH,2024-09-15,19.017
SH,2024-09-16,19.314999999999998
SH,2024-09-17,19.756
SH,2024-09-18,19.791
SH,2024-09-19,19.500999999999998
SH,2024-09-20,19.903
SH,2024-09-21,19.098
SH,2024-09-22,18.65
SH,2024-09-23,17.113
SH,2024-09-24,17.163
SH,2024-09-25,17.136
SH,2024-09-26,17.124
SH,2024-09-27,17.426000000000002
SH,2024-09-28,17.537
SH,2024-09-29,17.248
SH,2024-09-30,17.161
SH,2024-10-01,17.124
SH,2024-10-02,17.237000000000002
SH,2024-10-03,17.108
SH,2024-10-04,17.261
SH,2024-10-05,17.029
SH,2024-10-06,16.906
SH,2024-10-07,17.005
SH,2024-10-08,16.445999999999998
SH,2024-10-09,16.252000000000002
SH,2024-10-10,15.737
SH,2024-10-11,15.49
SH,2024-10-12,15.45
SH,2024-10-13,15.793
SH,2024-10-14,15.597
SH,2024-10-15,15.161
SH,2024-10-16,14.745
SH,2024-10-17,14.488999999999999
SH,2024-10-18,14.326
SH,2024-10-19,14.254999999999999
SH,2024-10-20,14.395
SH,2024-10-21,14.323
SH,2024-10-22,14.451
SH,2024-10-23,14.776
SH,2024-10-24,14.693
SH,2024-10-25,14.672
SH,2024-10-26,14.458
SH,2024-10-27,13.988
SH,2024-10-28,13.465
SH,2024-10-29,13.190999999999999
SH,2024-10-30,13.282
SH,2024-10-31,13.54
SH,2024-11-01,13.709
SH,2024-11-02,13.581
SH,2024-11-03,13.563
SH,2024-11-04,13.504
SH,2024-11-05,13.39
SH,2024-11-06,12.934
SH,2024-11-07,12.721
SH,2024-11-08,12.677999999999999
SH,2024-11-09,12.776
SH,2024-11-10,12.301
SH,2024-11-11,11.853
SH,2024-11-12,11.839
SH,2024-11-13,11.823
SH,2024-11-14,11.593
SH,2024-11-15,11.419
SH,2024-11-16,11.402
SH,2024-11-17,11.190999999999999
SH,2024-11-18,11.171
SH,2024-11-19,11.164
SH,2024-11-20,11.368
SH,2024-11-21,11.154
SH,2024-11-22,10.715
SH,2024-11-23,10.524
SH,2024-11-24,9.945
SH,2024-11-25,9.897
SH,2024-11-26,9.987
SH,2024-11-27,9.958
SH,2024-11-28,9.882
SH,2024-11-29,9.859
SH,2024-11-30,9.692
SH,2024-12-01,9.482
SH,2024-12-02,9.302999999999999
SH,2024-12-03,9.249
SH,2024-12-04,9.241
SH,2024-12-05,9.189
SH,2024-12-06,8.945999999999998
SH,2024-12-07,8.915
SH,2024-12-08,8.864999999999998
SH,2024-12-09,9.038
SH,2024-12-10,9.097999999999999
SH,2024-12-11,8.707999999999998
SH,2024-12-12,8.527000000000001
SH,2024-12-13,8.082
SH,2024-12-14,7.504000000000001
SH,2024-12-15,7.433
SH,2024-12-16,7.643000000000001
SH,2024-12-17,7.876000000000001
SH,2024-12-18,8.061
SH,2024-12-19,8.149000000000001
SH,2024-12-20,8.193999999999999
SH,2024-12-21,7.038999999999998
SH,2024-12-22,7.364999999999998
SH,2024-12-23,7.132999999999999
SH,2024-12-24,7.18
SH,2024-12-25,7.271000000000001
SH,2024-12-26,7.247
SH,2024-12-27,7.193000000000001
SH,2024-12-28,7.218
SH,2024-12-29,7.376000000000001
SH,2024-12-30,7.0219999999999985
SH,2024-12-31,6.757999999999999
SH,2025-01-01,6.629000000000001
SH,2025-01-02,6.271000000000001
SH,2025-01-03,6.102
SH,2025-01-04,6.045999999999999
SH,2025-01-05,6.215
SH,2025-01-06,6.356999999999999
SH,2025-01-07,5.817999999999998
SH,2025-01-08,5.594999999999999
SH,2025-01-09,5.6469999999999985
SH,2025-01-10,5.634
SH,2025-01-11,5.616
SH,2025-01-12,5.507999999999999
SH,2025-01-13,5.204999999999998
SH,2025-01-14,4.847000000000001
SH,2025-01-15,4.587
SH,2025-01-16,4.390000000000001
SH,2025-01-17,4.634999999999998
SH,2025-01-18,4.821999999999999
SH,2025-01-19,4.896000000000001
SH,2025-01-20,4.7620000000000005
SH,2025-01-21,4.498999999999999
SH,2025-01-22,4.302
SH,2025-01-23,3.943999999999999
SH,2025-01-24,3.847999999999999
SH,2025-01-25,3.821999999999999
SH,2025-01-26,3.687999999999999
SH,2025-01-27,3.5519999999999996
SH,2025-01-28,3.631999999999998
SH,2025-01-29,3.698999999999998
SH,2025-01-30,3.8329999999999984
SH,2025-01-31,3.689
SH,2025-02-01,3.4349999999999987
SH,2025-02-02,3.030000000000001
SH,2025-02-03,3.308
SH,2025-02-04,3.4319999999999986
SH,2025-02-05,3.5380000000000003
SH,2025-02-06,3.0330000000000013
SH,2025-02-07,2.8599999999999994
SH,2025-02-08,2.948999999999998
SH,2025-02-09,2.713000000000001
SH,2025-02-10,2.919999999999998
SH,2025-02-11,3.035999999999998
SH,2025-02-12,3.224999999999998
SH,2025-02-13,3.225999999999999
SH,2025-02-14,2.655999999999999
SH,2025-02-15,2.687000000000001
SH,2025-02-16,2.879999999999999
SH,2025-02-17,2.6499999999999986
SH,2025-02-18,2.6159999999999997
SH,2025-02-19,2.817999999999998
SH,2025-02-20,2.262999999999998
SH,2025-02-21,1.8789999999999978
SH,2025-02-22,1.5060000000000002
SH,2025-02-23,2.0489999999999995
SH,2025-02-24,2.25
SH,2025-02-25,2.7360000000000007
SH,2025-02-26,2.821999999999999
SH,2025-02-27,2.843
SH,2025-02-28,2.8969999999999985
SH,2025-03-01,2.8640000000000008
SH,2025-03-02,2.873000000000001
SH,2025-03-03,2.5829999999999984
SH,2025-03-04,2.4570000000000007
SH,2025-03-05,2.7880000000000003
SH,2025-03-06,3.0189999999999984
SH,2025-03-07,3.219000000000001
SH,2025-03-08,3.1389999999999993
SH,2025-03-09,3.1080000000000005
SH,2025-03-10,3.713000000000001
SH,2025-03-11,3.858999999999998
SH,2025-03-12,4.146000000000001
SH,2025-03-13,4.219999999999999
SH,2025-03-14,4.0489999999999995
SH,2025-03-15,3.8200000000000003
SH,2025-03-16,3.9989999999999988
SH,2025-03-17,3.8279999999999994
SH,2025-03-18,3.585000000000001
SH,2025-03-19,3.6239999999999988
SH,2025-03-20,4.609999999999999
SH,2025-03-21,4.5760000000000005
SH,2025-03-22,4.550000000000001
SH,2025-03-23,4.497
SH,2025-03-24,4.416
SH,2025-03-25,4.670999999999999
SH,2025-03-26,4.841000000000001
SH,2025-03-27,5.001000000000001
SH,2025-03-28,5.006999999999998
SH,2025-03-29,4.937000000000001
SH,2025-03-30,4.826999999999998
SH,2025-03-31,5.541
SH,2025-04-01,5.619
SH,2025-04-02,5.6690000000000005
SH,2025-04-03,5.687999999999999
SH,2025-04-04,5.666999999999998
SH,2025-04-05,6.117000000000001
SH,2025-04-06,6.003
SH,2025-04-07,5.518999999999998
SH,2025-04-08,5.599999999999998
SH,2025-04-09,5.510999999999999
SH,2025-04-10,5.408000000000001
SH,2025-04-11,5.466000000000001
SH,2025-04-12,5.550999999999998
SH,2025-04-13,4.998000000000001
SH,2025-04-14,5.526
SH,2025-04-15,5.734999999999999
SH,2025-04-16,5.734999999999999
SH,2025-04-17,5.780000000000001
SH,2025-04-18,6.07
SH,2025-04-19,6.23
SH,2025-04-20,6.355
SH,2025-04-21,6.748999999999999
SH,2025-04-22,7.253
SH,2025-04-23,7.634
SH,2025-04-24,8.395
SH,2025-04-25,8.163999999999998
SH,2025-04-26,7.628
SH,2025-04-27,7.085000000000001
SH,2025-04-28,7.0859999999999985
SH,2025-04-29,7.788999999999998
SH,2025-04-30,8.323
SH,2025-05-01,8.489999999999998
SH,2025-05-02,8.491
SH,2025-05-03,8.495999999999999
SH,2025-05-04,8.793
SH,2025-05-05,9.133
SH,2025-05-06,10.443
SH,2025-05-07,10.721
SH,2025-05-08,10.696
SH,2025-05-09,10.852
SH,2025-05-10,10.483
SH,2025-05-11,10.478
SH,2025-05-12,10.517999999999999
SH,2025-05-13,10.746
SH,2025-05-14,12.424999999999999
SH,2025-05-15,12.7
SH,2025-05-16,12.636
SH,2025-05-17,12.642999999999999
SH,2025-05-18,12.658
SH,2025-05-19,12.753
SH,2025-05-20,11.088
SH,2025-05-21,10.924
SH,2025-05-22,10.43
SH,2025-05-23,9.788
SH,2025-05-24,9.979
SH,2025-05-25,10.798
SH,2025-05-26,10.779
SH,2025-05-27,10.879999999999999
SH,2025-05-28,11.025
SH,2025-05-29,11.94
SH,2025-05-30,12.148
SH,2025-05-31,12.299
SH,2025-06-01,12.501999999999999
SH,2025-06-02,13.379
SH,2025-06-03,13.479
SH,2025-06-04,13.472999999999999
SH,2025-06-05,13.423
SH,2025-06-06,13.399
SH,2025-06-07,14.849
SH,2025-06-08,15.088
SH,2025-06-09,15.15
SH,2025-06-10,15.869
SH,2025-06-11,16.604
SH,2025-06-12,16.668
SH,2025-06-13,16.65
SH,2025-06-14,16.032
SH,2025-06-15,15.672
SH,2025-06-16,14.584
SH,2025-06-17,15.704
SH,2025-06-18,16.215
SH,2025-06-19,15.711
SH,2025-06-20,15.734
SH,2025-06-21,16.734
SH,2025-06-22,17.782
SH,2025-06-23,17.78
SH,2025-06-24,18.093
SH,2025-06-25,18.089
SH,2025-06-26,19.058
SH,2025-06-27,18.509999999999998
SH,2025-06-28,18.201999999999998
SH,2025-06-29,18.472
SH,2025-06-30,18.366
SH,2025-07-01,18.422
SH,2025-07-02,19.003
SH,2025-07-03,19.47
SH,2025-07-04,19.483
SH,2025-07-05,19.407
SH,2025-07-06,19.581
SH,2025-07-07,19.712
SH,2025-07-08,19.969
SH,2025-07-09,20.1
SH,2025-07-10,19.741
SH,2025-07-11,19.451
SH,2025-07-12,19.423000000000002
SH,2025-07-13,19.437
SH,2025-07-14,19.658
SH,2025-07-15,19.926000000000002
SH,2025-07-16,20.28
SH,2025-07-17,20.662
SH,2025-07-18,20.811
SH,2025-07-19,20.758
SH,2025-07-20,20.064
SH,2025-07-21,19.204
SH,2025-07-22,19.178
SH,2025-07-23,19.357
SH,2025-07-24,19.349
SH,2025-07-25,19.364
SH,2025-07-26,19.79
SH,2025-07-27,20.07
SH,2025-07-28,20.099
SH,2025-07-29,20.606
SH,2025-07-30,20.926000000000002
SH,2025-07-31,20.314999999999998
SH,2025-08-01,19.258
SH,2025-08-02,19.292
SH,2025-08-03,19.462
SH,2025-08-04,19.655
SH,2025-08-05,19.525
SH,2025-08-06,19.789
SH,2025-08-07,20.251
SH,2025-08-08,20.215
SH,2025-08-09,20.309
SH,2025-08-10,20.249
SH,2025-08-11,20.413
SH,2025-08-12,20.572
SH,2025-08-13,21.002
SH,2025-08-14,21.661
SH,2025-08-15,21.616
SH,2025-08-16,21.139
SH,2025-08-17,21.001
SH,2025-08-18,20.929000000000002
SH,2025-08-19,21.167
SH,2025-08-20,19.041
SH,2025-08-21,18.725
SH,2025-08-22,18.86
SH,2025-08-23,18.924
SH,2025-08-24,18.967
SH,2025-08-25,21.179
SH,2025-08-26,20.539
SH,2025-08-27,18.867
SH,2025-08-28,18.897
SH,2025-08-29,18.738
SH,2025-08-30,18.642
SH,2025-08-31,18.515
SH,2025-09-01,18.728
SH,2025-09-02,18.853
SH,2025-09-03,18.688
SH,2025-09-04,18.476
WB,2024-10-22,13.49
WB,2024-10-23,13.929
WB,2024-10-24,14.025
WB,2024-10-25,13.738
WB,2024-10-26,13.481
WB,2024-10-27,12.38
WB,2024-10-28,12.119
WB,2024-10-29,11.857
WB,2024-10-30,11.754
WB,2024-10-31,12.043
WB,2024-11-01,12.134
WB,2024-11-02,11.983
WB,2024-11-03,12.131
WB,2024-11-04,12.33
WB,2024-11-05,12.631
WB,2024-11-06,12.207
WB,2024-11-07,11.653
WB,2024-11-08,11.596
WB,2024-11-09,11.584
WB,2024-11-10,11.475
WB,2024-11-11,11.016
WB,2024-11-12,10.832
WB,2024-11-13,10.596
WB,2024-11-14,10.876
WB,2024-11-15,10.958
WB,2024-11-16,10.308
WB,2024-11-17,10.2
WB,2024-11-18,10.41
WB,2024-11-19,10.432
WB,2024-11-20,10.495
WB,2024-11-21,10.404
WB,2024-11-22,10.012
WB,2024-11-23,9.942
WB,2024-11-24,9.405
WB,2024-11-25,9.283
WB,2024-11-26,9.436
WB,2024-11-27,9.416
WB,2024-11-28,9.555
WB,2024-11-29,9.568
WB,2024-11-30,9.283
WB,2024-12-01,9.119
WB,2024-12-02,9.116
WB,2024-12-03,9.099
WB,2024-12-04,9.027
WB,2024-12-05,8.95
WB,2024-12-06,8.82
WB,2024-12-07,8.844000000000001
WB,2024-12-08,8.806999999999999
WB,2024-12-09,8.773
WB,2024-12-10,8.738
WB,2024-12-11,8.485
WB,2024-12-12,8.273
WB,2024-12-13,8.111999999999998
WB,2024-12-14,7.864000000000001
WB,2024-12-15,7.77
WB,2024-12-16,7.887
WB,2024-12-17,7.9609999999999985
WB,2024-12-18,7.555
WB,2024-12-19,7.408000000000001
WB,2024-12-20,7.242000000000001
WB,2024-12-21,7.123000000000001
WB,2024-12-22,7.2109999999999985
WB,2024-12-23,7.015000000000001
WB,2024-12-24,7.018000000000001
WB,2024-12-25,6.709
WB,2024-12-26,6.329000000000001
WB,2024-12-27,6.172000000000001
WB,2024-12-28,6.367000000000001
WB,2024-12-29,6.940000000000001
WB,2024-12-30,6.949999999999999
WB,2024-12-31,6.858999999999998
WB,2025-01-01,6.786000000000001
WB,2025-01-02,6.477
WB,2025-01-03,6.495999999999999
WB,2025-01-04,6.579000000000001
WB,2025-01-05,6.553000000000001
WB,2025-01-06,6.5489999999999995
WB,2025-01-07,6.399999999999999
WB,2025-01-08,6.047999999999998
WB,2025-01-09,5.629999999999999
WB,2025-01-10,5.6080000000000005
WB,2025-01-11,5.677
WB,2025-01-12,5.535
WB,2025-01-13,5.236999999999998
WB,2025-01-14,4.9510000000000005
WB,2025-01-15,4.710000000000001
WB,2025-01-16,4.789999999999999
WB,2025-01-17,4.952999999999999
WB,2025-01-18,5.087
WB,2025-01-19,4.774000000000001
WB,2025-01-20,4.623000000000001
WB,2025-01-21,4.366
WB,2025-01-22,4.274000000000001
WB,2025-01-23,4.199999999999999
WB,2025-01-24,3.934000000000001
WB,2025-01-25,4.126000000000001
WB,2025-01-26,4.404
WB,2025-01-27,4.242000000000001
WB,2025-01-28,4.158000000000001
WB,2025-01-29,4.283999999999999
WB,2025-01-30,4.295999999999999
WB,2025-01-31,4.193999999999999
WB,2025-02-01,4.007999999999999
WB,2025-02-02,3.8299999999999983
WB,2025-02-03,3.975999999999999
WB,2025-02-04,3.9720000000000018
WB,2025-02-05,3.995000000000001
WB,2025-02-06,3.905000000000001
WB,2025-02-07,4.088999999999999
WB,2025-02-08,4.070999999999998
WB,2025-02-09,3.84
WB,2025-02-10,3.77
WB,2025-02-11,3.8359999999999985
WB,2025-02-12,3.884999999999998
WB,2025-02-13,3.773
WB,2025-02-14,3.608000000000001
WB,2025-02-15,3.5569999999999986
WB,2025-02-16,3.1119999999999983
WB,2025-02-17,3.0790000000000006
WB,2025-02-18,3.029
WB,2025-02-19,3.2119999999999997
WB,2025-02-20,2.942999999999998
WB,2025-02-21,2.436
WB,2025-02-22,2.3299999999999983
WB,2025-02-23,2.5839999999999996
WB,2025-02-24,2.91
WB,2025-02-25,2.6340000000000003
WB,2025-02-26,2.588000000000001
WB,2025-02-27,2.6239999999999988
WB,2025-02-28,2.978999999999999
WB,2025-03-01,2.724
WB,2025-03-02,2.5760000000000005
WB,2025-03-03,2.622
WB,2025-03-04,2.9480000000000004
WB,2025-03-05,3.3939999999999984
WB,2025-03-06,3.213999999999998
WB,2025-03-07,2.8889999999999993
WB,2025-03-08,2.719999999999999
WB,2025-03-09,2.7459999999999987
WB,2025-03-10,2.9160000000000004
WB,2025-03-11,3.3369999999999997
WB,2025-03-12,4.044999999999998
WB,2025-03-13,4.039999999999999
WB,2025-03-14,3.937999999999999
WB,2025-03-15,3.710000000000001
WB,2025-03-16,3.834
WB,2025-03-17,3.9890000000000008
WB,2025-03-18,3.879999999999999
WB,2025-03-19,3.946999999999999
WB,2025-03-20,4.631
WB,2025-03-21,4.472999999999999
WB,2025-03-22,4.449999999999999
WB,2025-03-23,4.390999999999998
WB,2025-03-24,4.469999999999999
WB,2025-03-25,4.489000000000001
WB,2025-03-26,4.402999999999999
WB,2025-03-27,4.428000000000001
WB,2025-03-28,4.385999999999999
WB,2025-03-29,4.472999999999999
WB,2025-03-30,4.567999999999998
WB,2025-03-31,5.175000000000001
WB,2025-04-01,5.184999999999999
WB,2025-04-02,5.2379999999999995
WB,2025-04-03,5.260999999999999
WB,2025-04-04,5.347000000000001
WB,2025-04-05,5.8260000000000005
WB,2025-04-06,5.719000000000001
WB,2025-04-07,5.123999999999999
WB,2025-04-08,5.288999999999998
WB,2025-04-09,5.201999999999998
WB,2025-04-10,5.105
WB,2025-04-11,5.036999999999999
WB,2025-04-12,5.134999999999998
WB,2025-04-13,4.567999999999998
WB,2025-04-14,5.312000000000001
WB,2025-04-15,5.756999999999998
WB,2025-04-16,5.8580000000000005
WB,2025-04-17,5.602
WB,2025-04-18,5.481999999999999
WB,2025-04-19,5.544999999999998
WB,2025-04-20,5.599999999999998
WB,2025-04-21,6.222000000000001
WB,2025-04-22,6.6370000000000005
WB,2025-04-23,6.980999999999998
WB,2025-04-24,7.8969999999999985
WB,2025-04-25,7.677
WB,2025-04-26,6.753
WB,2025-04-27,6.225999999999999
WB,2025-04-28,6.216999999999999
WB,2025-04-29,7.635999999999999
WB,2025-04-30,8.126000000000001
WB,2025-05-01,8.146
WB,2025-05-02,8.158000000000001
WB,2025-05-03,8.337
WB,2025-05-04,8.887
WB,2025-05-05,8.971
WB,2025-05-06,9.897
WB,2025-05-07,10.066
WB,2025-05-08,10.026
WB,2025-05-09,9.823
WB,2025-05-10,8.948
WB,2025-05-11,8.942
WB,2025-05-12,9.216
WB,2025-05-13,10.779
WB,2025-05-14,11.86
WB,2025-05-15,11.966
WB,2025-05-16,11.823
WB,2025-05-17,12.168
WB,2025-05-18,12.668
WB,2025-05-19,12.647
WB,2025-05-20,10.367
WB,2025-05-21,10.201
WB,2025-05-22,9.819
WB,2025-05-23,9.275
WB,2025-05-24,10.035
WB,2025-05-25,10.25
WB,2025-05-26,10.071
WB,2025-05-27,10.187
WB,2025-05-28,10.423
WB,2025-05-29,11.935
WB,2025-05-30,12.425
WB,2025-05-31,12.438
WB,2025-06-01,12.411
WB,2025-06-02,12.547
WB,2025-06-03,12.416
WB,2025-06-04,12.403
WB,2025-06-05,12.341
WB,2025-06-06,12.611
WB,2025-06-07,13.848
WB,2025-06-08,13.869
WB,2025-06-09,13.901
WB,2025-06-10,14.473
WB,2025-06-11,16.009
WB,2025-06-12,16.061999999999998
WB,2025-06-13,16.015
WB,2025-06-14,15.349
WB,2025-06-15,15.318
WB,2025-06-16,14.859
WB,2025-06-17,16.469
WB,2025-06-18,17.185
WB,2025-06-19,17.095
WB,2025-06-20,17.014
WB,2025-06-21,17.051000000000002
WB,2025-06-22,17.402
WB,2025-06-23,17.807
WB,2025-06-24,18.728
WB,2025-06-25,18.595
WB,2025-06-26,18.674
WB,2025-06-27,18.606
WB,2025-06-28,18.439
WB,2025-06-29,18.735
WB,2025-06-30,18.713
WB,2025-07-01,18.704
WB,2025-07-02,18.898
WB,2025-07-03,19.17
WB,2025-07-04,19.213
WB,2025-07-05,19.305
WB,2025-07-06,19.655
WB,2025-07-07,20.204
WB,2025-07-08,20.357
WB,2025-07-09,20.374
WB,2025-07-10,19.508
WB,2025-07-11,19.124
WB,2025-07-12,19.047
WB,2025-07-13,19.076
WB,2025-07-14,19.249
WB,2025-07-15,19.933
WB,2025-07-16,20.456
WB,2025-07-17,20.364
WB,2025-07-18,20.473
WB,2025-07-19,20.392
WB,2025-07-20,19.831
WB,2025-07-21,18.134
WB,2025-07-22,17.436
WB,2025-07-23,17.437
WB,2025-07-24,17.737000000000002
WB,2025-07-25,18.391
WB,2025-07-26,18.749
WB,2025-07-27,19.196
WB,2025-07-28,19.446
WB,2025-07-29,19.59
WB,2025-07-30,19.84
WB,2025-07-31,19.573
WB,2025-08-01,19.175
WB,2025-08-02,18.614
WB,2025-08-03,18.395
WB,2025-08-04,18.445
WB,2025-08-05,18.845
WB,2025-08-06,18.989
WB,2025-08-07,19.242
WB,2025-08-08,19.194
WB,2025-08-09,19.543
WB,2025-08-10,19.717
WB,2025-08-11,19.722
WB,2025-08-12,19.969
WB,2025-08-13,20.627
WB,2025-08-14,21.207
WB,2025-08-15,21.078
WB,2025-08-16,21
WB,2025-08-17,20.954
WB,2025-08-18,20.517
WB,2025-08-19,20.371
WB,2025-08-20,18.441
WB,2025-08-21,18.221
WB,2025-08-22,18.257
WB,2025-08-23,18.362
WB,2025-08-24,18.432
WB,2025-08-25,20.706
WB,2025-08-26,20.027
WB,2025-08-27,18.289
WB,2025-08-28,18.314
WB,2025-08-29,18.321
WB,2025-08-30,18.253
WB,2025-08-31,18.157
WB,2025-09-01,18.324
WB,2025-09-02,18.158
WB,2025-09-03,17.976
WB,2025-09-04,17.914
WB,2025-09-05,18.021
WB,2025-09-06,18.053
WB,2025-09-07,18.046
WB,2025-09-08,17.856
WB,2025-09-09,17.615000000000002
WB,2025-09-10,17.538
WB,2025-09-11,17.375999999999998
WB,2025-09-12,17.125999999999998
WB,2025-09-13,17.054000000000002
WB,2025-09-14,17.053
WB,2025-09-15,17.056
WB,2025-09-16,17.119
WB,2025-09-17,17.755
WB,2025-09-18,17.992
WB,2025-09-19,17.997
WB,2025-09-20,17.789
WB,2025-09-21,17.652
WB,2025-09-22,17.403
WB,2025-09-23,17.46
WB,2025-09-24,17.5
WB,2025-09-25,17.831
WB,2025-09-26,18.334
WB,2025-09-27,18.295
WB,2025-09-28,18.296
WB,2025-09-29,18.283
WB,2025-09-30,18.27
WB,2025-10-01,17.413
WB,2025-10-02,16.919
WB,2025-10-03,16.648
WB,2025-10-04,16.925
WB,2025-10-05,17.104
WB,2025-10-06,17.195
WB,2025-10-07,17.271
WB,2025-10-08,16.973
WB,2025-10-09,16.628999999999998
WB,2025-10-10,16.006999999999998
WB,2025-10-11,16.27
WB,2025-10-12,16.353
WB,2025-10-13,15.745
WB,2025-10-14,14.493
WB,2025-10-15,14.322
WB,2025-10-16,14.245
WB,2025-10-17,14.116
WB,2025-10-18,14.012
WB,2025-10-19,13.934
WB,2025-10-20,13.8
WB,2025-10-21,13.753
WB,2025-10-22,13.681
WC,2024-04-17,8.666
WC,2024-04-18,8.703
WC,2024-04-19,8.575
WC,2024-04-20,8.64
WC,2024-04-21,8.495999999999999
WC,2024-04-22,8.779
WC,2024-04-23,8.870000000000001
WC,2024-04-24,8.709
WC,2024-04-25,8.741
WC,2024-04-26,8.864
WC,2024-04-27,8.879999999999999
WC,2024-04-28,8.893
WC,2024-04-29,8.951
WC,2024-04-30,10.133
WC,2024-05-01,9.741
WC,2024-05-02,9.908
WC,2024-05-03,10.086
WC,2024-05-04,10.289
WC,2024-05-05,10.668
WC,2024-05-06,10.548
WC,2024-05-07,10.736
WC,2024-05-08,10.871
WC,2024-05-09,11.093
WC,2024-05-10,11.033
WC,2024-05-11,11.773
WC,2024-05-12,12.117
WC,2024-05-13,12.461
WC,2024-05-14,12.568
WC,2024-05-15,12.427
WC,2024-05-16,11.999
WC,2024-05-17,11.317
WC,2024-05-18,11.4
WC,2024-05-19,11.471
WC,2024-05-20,11.566
WC,2024-05-21,14.813
WC,2024-05-22,14.816
WC,2024-05-23,14.887
WC,2024-05-24,14.879
WC,2024-05-25,15.311
WC,2024-05-26,15.07
WC,2024-05-27,14.954
WC,2024-05-28,15.975
WC,2024-05-29,16.362000000000002
WC,2024-05-30,16.57
WC,2024-05-31,16.734
WC,2024-06-01,16.63
WC,2024-06-02,16.381999999999998
WC,2024-06-03,16.674
WC,2024-06-04,16.947
WC,2024-06-05,16.887
WC,2024-06-06,16.63
WC,2024-06-07,16.854
WC,2024-06-08,16.759999999999998
WC,2024-06-09,17.703
WC,2024-06-10,17.531
WC,2024-06-11,17.616
WC,2024-06-12,17.750999999999998
WC,2024-06-13,18.552
WC,2024-06-14,18.353
WC,2024-06-15,18.509
WC,2024-06-16,18.831
WC,2024-06-17,19.039
WC,2024-06-18,19.372
WC,2024-06-19,19.551
WC,2024-06-20,19.178
WC,2024-06-21,19.158
WC,2024-06-22,19.406
WC,2024-06-23,19.295
WC,2024-06-24,18.338
WC,2024-06-25,18.247
WC,2024-06-26,19.95
WC,2024-06-27,19.579
WC,2024-06-28,19.687
WC,2024-06-29,19.872
WC,2024-06-30,19.714
WC,2024-07-01,19.831
WC,2024-07-02,21.088
WC,2024-07-03,21.036
WC,2024-07-04,20.971
WC,2024-07-05,20.874
WC,2024-07-06,20.845
WC,2024-07-07,21.526
WC,2024-07-08,21.603
WC,2024-07-09,21.864
WC,2024-07-10,21.977
WC,2024-07-11,22.112
WC,2024-07-12,22.053
WC,2024-07-13,22.47
WC,2024-07-14,22.658
WC,2024-07-15,22.638
WC,2024-07-16,22.793
WC,2024-07-17,22.671
WC,2024-07-18,23.014
WC,2024-07-19,23.126
WC,2024-07-20,23.203
WC,2024-07-21,23.475
WC,2024-07-22,23.51
WC,2024-07-23,21.492
WC,2024-07-24,21.135
WC,2024-07-25,21.057
WC,2024-07-26,21.263
WC,2024-07-27,21.431
WC,2024-07-28,21.113
WC,2024-07-29,21.044
WC,2024-07-30,21.244
WC,2024-07-31,21.303
WC,2024-08-01,21.358
WC,2024-08-02,21.425
WC,2024-08-03,21.428
WC,2024-08-04,21.675
WC,2024-08-05,22.185
WC,2024-08-06,21.748
WC,2024-08-07,21.282
WC,2024-08-08,21.238
WC,2024-08-09,21.674
WC,2024-08-10,22.212
WC,2024-08-11,22.175
WC,2024-08-12,22.014
WC,2024-08-13,22.035
WC,2024-08-14,21.509
WC,2024-08-15,22.356
WC,2024-08-16,22.674
WC,2024-08-17,22.786
WC,2024-08-18,22.415
WC,2024-08-19,21.903
WC,2024-08-20,21.962
WC,2024-08-21,21.618
WC,2024-08-22,21.428
WC,2024-08-23,21.314
WC,2024-08-24,21.255
WC,2024-08-25,20.641
WC,2024-08-26,20.93
WC,2024-08-27,20.744
WC,2024-08-28,20.241
WC,2024-08-29,20.099
WC,2024-08-30,19.765
WC,2024-08-31,19.778
WC,2024-09-01,19.979
WC,2024-09-02,20.048
WC,2024-09-03,19.391
WC,2024-09-04,19.196
WC,2024-09-05,19.26
WC,2024-09-06,19.422
WC,2024-09-07,19.508
WC,2024-09-08,19.376
WC,2024-09-09,18.913
WC,2024-09-10,18.745
WC,2024-09-11,18.753
WC,2024-09-12,19.657
WC,2024-09-13,20.553
WC,2024-09-14,20.763
WC,2024-09-15,20.809
WC,2024-09-16,20.628
WC,2024-09-17,20.496
WC,2024-09-18,20.229
WC,2024-09-19,19.729
WC,2024-09-20,20.223
WC,2024-09-21,19.387
WC,2024-09-22,19.213
WC,2024-09-23,18.497
WC,2024-09-24,18.499
WC,2024-09-25,18.554
WC,2024-09-26,17.993
WC,2024-09-27,17.963
WC,2024-09-28,18.089
WC,2024-09-29,18.148
WC,2024-09-30,18.118
WC,2024-10-01,17.984
WC,2024-10-02,17.928
WC,2024-10-03,17.905
WC,2024-10-04,18.089
WC,2024-10-05,18.245
WC,2024-10-06,18.164
WC,2024-10-07,18.133
WC,2024-10-08,17.474
WC,2024-10-09,17.163
WC,2024-10-10,16.941
WC,2024-10-11,16.643
WC,2024-10-12,16.508
WC,2024-10-13,16.695
WC,2024-10-14,16.384999999999998
WC,2024-10-15,15.85
WC,2024-10-16,15.486
WC,2024-10-17,14.728
WC,2024-10-18,14.545
WC,2024-10-19,14.542
WC,2024-10-20,14.676
WC,2024-10-21,14.732
WC,2024-10-22,14.884
WC,2024-10-23,15.378
WC,2024-10-24,15.462
WC,2024-10-25,15.389
WC,2024-10-26,14.939
WC,2024-10-27,14.612
WC,2024-10-28,14.225
WC,2024-10-29,13.704
WC,2024-10-30,13.724
WC,2024-10-31,14.295
WC,2024-11-01,14.177
WC,2024-11-02,14.036
WC,2024-11-03,14.043
WC,2024-11-04,14.035
WC,2024-11-05,14.163
WC,2024-11-06,13.908
WC,2024-11-07,13.81
WC,2024-11-08,13.713
WC,2024-11-09,13.728
WC,2024-11-10,13.256
WC,2024-11-11,12.998
WC,2024-11-12,12.982
WC,2024-11-13,12.913
WC,2024-11-14,12.687
WC,2024-11-15,12.044
WC,2024-11-16,11.942
WC,2024-11-17,11.855
WC,2024-11-18,11.793
WC,2024-11-19,11.726
WC,2024-11-20,12.192
WC,2024-11-21,11.518
WC,2024-11-22,10.755
WC,2024-11-23,10.915
WC,2024-11-24,10.487
WC,2024-11-25,10.164
WC,2024-11-26,10.231
WC,2024-11-27,10.301
WC,2024-11-28,10.321
WC,2024-11-29,10.248
WC,2024-11-30,9.901
WC,2024-12-01,9.691
WC,2024-12-02,9.562
WC,2024-12-03,9.559
WC,2024-12-04,9.461
WC,2024-12-05,9.484
WC,2024-12-06,9.395
WC,2024-12-07,9.479
WC,2024-12-08,9.385
WC,2024-12-09,9.64
WC,2024-12-10,9.672
WC,2024-12-11,8.768
WC,2024-12-12,8.576999999999998
WC,2024-12-13,8.100999999999999
WC,2024-12-14,7.875
WC,2024-12-15,7.817
WC,2024-12-16,7.949999999999999
WC,2024-12-17,8.203
WC,2024-12-18,8.407
WC,2024-12-19,8.604
WC,2024-12-20,8.762
WC,2024-12-21,7.006999999999998
WC,2024-12-22,7.599999999999998
WC,2024-12-23,7.254999999999999
WC,2024-12-24,7.267
WC,2024-12-25,7.225999999999999
WC,2024-12-26,7.074999999999999
WC,2024-12-27,7.036000000000001
WC,2024-12-28,7.065000000000001
WC,2024-12-29,7.472999999999999
WC,2024-12-30,7.359999999999999
WC,2024-12-31,6.858999999999998
WC,2025-01-01,6.826999999999998
WC,2025-01-02,6.608999999999998
WC,2025-01-03,6.393999999999998
WC,2025-01-04,6.231999999999999
WC,2025-01-05,6.289999999999999
WC,2025-01-06,6.507999999999999
WC,2025-01-07,6.172000000000001
WC,2025-01-08,5.759
WC,2025-01-09,5.747
WC,2025-01-10,5.718
WC,2025-01-11,5.757999999999999
WC,2025-01-12,5.536999999999999
WC,2025-01-13,4.518000000000001
WC,2025-01-14,3.605
WC,2025-01-15,3.541999999999998
WC,2025-01-16,3.8290000000000006
WC,2025-01-17,4.442
WC,2025-01-18,4.395
WC,2025-01-19,4.565000000000001
WC,2025-01-20,4.713999999999999
WC,2025-01-21,4.573
WC,2025-01-22,3.5249999999999986
WC,2025-01-23,3.1389999999999993
WC,2025-01-24,2.3870000000000005
WC,2025-01-25,2.4570000000000007
WC,2025-01-26,2.933
WC,2025-01-27,2.881999999999998
WC,2025-01-28,3.184000000000001
WC,2025-01-29,3.0820000000000007
WC,2025-01-30,3.428000000000001
WC,2025-01-31,3.5839999999999996
WC,2025-02-01,3.3939999999999984
WC,2025-02-02,2.9319999999999986
WC,2025-02-03,3.1739999999999995
WC,2025-02-04,3.3329999999999984
WC,2025-02-05,3.5479999999999983
WC,2025-02-06,2.480999999999998
WC,2025-02-07,2.317
WC,2025-02-08,2.3610000000000007
WC,2025-02-09,2.3569999999999993
WC,2025-02-10,2.882999999999999
WC,2025-02-11,3.073999999999998
WC,2025-02-12,3.277000000000001
WC,2025-02-13,3.126999999999999
WC,2025-02-14,2.6720000000000006
WC,2025-02-15,2.5549999999999997
WC,2025-02-16,2.664999999999999
WC,2025-02-17,2.512999999999998
WC,2025-02-18,2.463000000000001
WC,2025-02-19,2.817999999999998
WC,2025-02-20,1.652000000000001
WC,2025-02-21,1.2749999999999986
WC,2025-02-22,1.1509999999999998
WC,2025-02-23,1.3000000000000007
WC,2025-02-24,1.748000000000001
WC,2025-02-25,2.969000000000001
WC,2025-02-26,3.067999999999998
WC,2025-02-27,3.058
WC,2025-02-28,2.9899999999999984
WC,2025-03-01,2.3299999999999983
WC,2025-03-02,2.094999999999999
WC,2025-03-03,1.9209999999999992
WC,2025-03-04,2.1769999999999996
WC,2025-03-05,2.440999999999999
WC,2025-03-06,2.721
WC,2025-03-07,2.8230000000000004
WC,2025-03-08,2.869
WC,2025-03-09,2.780999999999999
WC,2025-03-10,3.5229999999999997
WC,2025-03-11,3.7959999999999994
WC,2025-03-12,4.042999999999999
WC,2025-03-13,4.0539999999999985
WC,2025-03-14,3.904
WC,2025-03-15,3.7040000000000006
WC,2025-03-16,3.8930000000000007
WC,2025-03-17,3.884999999999998
WC,2025-03-18,3.7070000000000007
WC,2025-03-19,3.75
WC,2025-03-20,5.158000000000001
WC,2025-03-21,5.027999999999999
WC,2025-03-22,5.042999999999999
WC,2025-03-23,4.972999999999999
WC,2025-03-24,4.904
WC,2025-03-25,5.024999999999999
WC,2025-03-26,5.052
WC,2025-03-27,5.149999999999999
WC,2025-03-28,5.184999999999999
WC,2025-03-29,5.103999999999999
WC,2025-03-30,5.038999999999998
WC,2025-03-31,5.994
WC,2025-04-01,6.161999999999999
WC,2025-04-02,6.286999999999999
WC,2025-04-03,6.318999999999999
WC,2025-04-04,6.125
WC,2025-04-05,6.143000000000001
WC,2025-04-06,6.006999999999998
WC,2025-04-07,6.428000000000001
WC,2025-04-08,6.582000000000001
WC,2025-04-09,6.07
WC,2025-04-10,5.902999999999999
WC,2025-04-11,5.802
WC,2025-04-12,5.698
WC,2025-04-13,5.312999999999999
WC,2025-04-14,6.047999999999998
WC,2025-04-15,6.378
WC,2025-04-16,6.48
WC,2025-04-17,6.623999999999999
WC,2025-04-18,6.713999999999999
WC,2025-04-19,7.224
WC,2025-04-20,7.332000000000001
WC,2025-04-21,7.193999999999999
WC,2025-04-22,7.684000000000001
WC,2025-04-23,8.151
WC,2025-04-24,8.870000000000001
WC,2025-04-25,8.725000000000001
WC,2025-04-26,8.318000000000001
WC,2025-04-27,7.977
WC,2025-04-28,7.945
WC,2025-04-29,8.951
WC,2025-04-30,9.048
WC,2025-05-01,8.858999999999998
WC,2025-05-02,8.927
WC,2025-05-03,8.808
WC,2025-05-04,8.940000000000001
WC,2025-05-05,9.42
WC,2025-05-06,10.516
WC,2025-05-07,11.114
WC,2025-05-08,11.113
WC,2025-05-09,11.708
WC,2025-05-10,11.555
WC,2025-05-11,11.584
WC,2025-05-12,11.595
WC,2025-05-13,10.808
WC,2025-05-14,12.425
WC,2025-05-15,12.773
WC,2025-05-16,12.703
WC,2025-05-17,12.651
WC,2025-05-18,12.533
WC,2025-05-19,12.519
WC,2025-05-20,11.572
WC,2025-05-21,11.4
WC,2025-05-22,10.876
WC,2025-05-23,10.018
WC,2025-05-24,10.248
WC,2025-05-25,11.853
WC,2025-05-26,11.914
WC,2025-05-27,11.895
WC,2025-05-28,11.778
WC,2025-05-29,12.341
WC,2025-05-30,11.912
WC,2025-05-31,12.405
WC,2025-06-01,12.904
WC,2025-06-02,14.214
WC,2025-06-03,14.738
WC,2025-06-04,14.796
WC,2025-06-05,14.63
WC,2025-06-06,14.369
WC,2025-06-07,15.928
WC,2025-06-08,16.344
WC,2025-06-09,16.404
WC,2025-06-10,16.698
WC,2025-06-11,16.933999999999997
WC,2025-06-12,17.069
WC,2025-06-13,17.097
WC,2025-06-14,16.396
WC,2025-06-15,16.238
WC,2025-06-16,14.705
WC,2025-06-17,16.006
WC,2025-06-18,15.849
WC,2025-06-19,15.777
WC,2025-06-20,16.28
WC,2025-06-21,17.636
WC,2025-06-22,18.142
WC,2025-06-23,17.671
WC,2025-06-24,17.503
WC,2025-06-25,17.692
WC,2025-06-26,18.921
WC,2025-06-27,18.541
WC,2025-06-28,18.000999999999998
WC,2025-06-29,18.216
WC,2025-06-30,18.371
WC,2025-07-01,18.383
WC,2025-07-02,18.91
WC,2025-07-03,19.642
WC,2025-07-04,19.947
WC,2025-07-05,20.334
WC,2025-07-06,19.94
WC,2025-07-07,19.91
WC,2025-07-08,19.791
WC,2025-07-09,19.669
WC,2025-07-10,19.558
WC,2025-07-11,19.828
WC,2025-07-12,20.164
WC,2025-07-13,20.262
WC,2025-07-14,20.394
WC,2025-07-15,20.672
WC,2025-07-16,21.497
WC,2025-07-17,22.11
WC,2025-07-18,22.486
WC,2025-07-19,22.558
WC,2025-07-20,21.63
WC,2025-07-21,20.609
WC,2025-07-22,20.874
WC,2025-07-23,21.289
WC,2025-07-24,21.457
WC,2025-07-25,21.306
WC,2025-07-26,20.979
WC,2025-07-27,21.161
WC,2025-07-28,21.425
WC,2025-07-29,21.801
WC,2025-07-30,21.873
WC,2025-07-31,20.635
WC,2025-08-01,19.633
WC,2025-08-02,19.761
WC,2025-08-03,19.832
WC,2025-08-04,19.852
WC,2025-08-05,20.158
WC,2025-08-06,20.089
PV,2024-04-16,7.611
PV,2024-04-17,7.649
PV,2024-04-18,7.819
PV,2024-04-19,7.986
PV,2024-04-20,7.741
PV,2024-04-21,7.519
PV,2024-04-22,7.437
PV,2024-04-23,7.559
PV,2024-04-24,7.151
PV,2024-04-25,6.993
PV,2024-04-26,7.188
PV,2024-04-27,7.374
PV,2024-04-28,7.429
PV,2024-04-29,7.634
PV,2024-04-30,8.529
PV,2024-05-01,8.497
PV,2024-05-02,8.54
PV,2024-05-03,8.788
PV,2024-05-04,8.942
PV,2024-05-05,9.003
PV,2024-05-06,10.063
PV,2024-05-07,10.65
PV,2024-05-08,10.758
PV,2024-05-09,10.642
PV,2024-05-10,10.607
PV,2024-05-11,10.739
PV,2024-05-12,11.107
PV,2024-05-13,11.161
PV,2024-05-14,11.25
PV,2024-05-15,11.347
PV,2024-05-16,11.728
PV,2024-05-17,11.758
PV,2024-05-18,11.568
PV,2024-05-19,11.855
PV,2024-05-20,12.434
PV,2024-05-21,15.413
PV,2024-05-22,14.931
PV,2024-05-23,14.643
PV,2024-05-24,14.829
PV,2024-05-25,14.902
PV,2024-05-26,14.827
PV,2024-05-27,15.022
PV,2024-05-28,15.333
PV,2024-05-29,15.359
PV,2024-05-30,15.201
PV,2024-05-31,15.438
PV,2024-06-01,15.383
PV,2024-06-02,15.492
PV,2024-06-03,15.624
PV,2024-06-04,15.897
PV,2024-06-05,15.96
PV,2024-06-06,16.065
PV,2024-06-07,16.092
PV,2024-06-08,16.274
PV,2024-06-09,16.397
PV,2024-06-10,16.37
PV,2024-06-11,16.591
PV,2024-06-12,16.948
PV,2024-06-13,17.872
PV,2024-06-14,17.815
PV,2024-06-15,17.954
PV,2024-06-16,18.105
PV,2024-06-17,18.205
PV,2024-06-18,17.894
PV,2024-06-19,17.764
PV,2024-06-20,17.507
PV,2024-06-21,17.591
PV,2024-06-22,18.002
PV,2024-06-23,18.489
PV,2024-06-24,17.766
PV,2024-06-25,17.706
PV,2024-06-26,18.004
PV,2024-06-27,17.832
PV,2024-06-28,17.719
PV,2024-06-29,17.877
PV,2024-06-30,17.904
PV,2024-07-01,17.742
PV,2024-07-02,17.767
PV,2024-07-03,17.596
PV,2024-07-04,17.769
PV,2024-07-05,18.416
PV,2024-07-06,18.746
PV,2024-07-07,19.822
PV,2024-07-08,19.884
PV,2024-07-09,19.903
PV,2024-07-10,19.826
PV,2024-07-11,19.509
PV,2024-07-12,19.02
PV,2024-07-13,19.07
PV,2024-07-14,18.869
PV,2024-07-15,18.746
PV,2024-07-16,18.723
PV,2024-07-17,18.93
PV,2024-07-18,19.164
PV,2024-07-19,19.13
PV,2024-07-20,19.339
PV,2024-07-21,19.675
PV,2024-07-22,19.843
PV,2024-07-23,19.405
PV,2024-07-24,19.046
PV,2024-07-25,19.431
PV,2024-07-26,19.602
PV,2024-07-27,19.163
PV,2024-07-28,19.006
PV,2024-07-29,19.261
PV,2024-07-30,19.594
PV,2024-07-31,20.088
PV,2024-08-01,20.417
PV,2024-08-02,20.504
PV,2024-08-03,20.492
PV,2024-08-04,20.392
PV,2024-08-05,20.17
PV,2024-08-06,19.377
PV,2024-08-07,18.564
PV,2024-08-08,19.301
PV,2024-08-09,19.648
PV,2024-08-10,20.09
PV,2024-08-11,20.043
PV,2024-08-12,19.812
PV,2024-08-13,19.753
PV,2024-08-14,19.614
PV,2024-08-15,20.128
PV,2024-08-16,20.142
PV,2024-08-17,20.054
PV,2024-08-18,20.178
PV,2024-08-19,19.906
PV,2024-08-20,19.781
PV,2024-08-21,19.36
PV,2024-08-22,19.231
PV,2024-08-23,19.238
PV,2024-08-24,19.265
PV,2024-08-25,19.305
PV,2024-08-26,19.541
PV,2024-08-27,19.658
PV,2024-08-28,19.557
PV,2024-08-29,19.191
PV,2024-08-30,19.086
PV,2024-08-31,19.089
PV,2024-09-01,19.135
PV,2024-09-02,19.275
PV,2024-09-03,18.956
PV,2024-09-04,18.471
PV,2024-09-05,18.381
PV,2024-09-06,18.259
PV,2024-09-07,18.384
PV,2024-09-08,18.403
PV,2024-09-09,17.621
PV,2024-09-10,17.333
PV,2024-09-11,17.094
PV,2024-09-12,18.24
PV,2024-09-13,18.49
PV,2024-09-14,18.507
PV,2024-09-15,18.578
PV,2024-09-16,18.464
PV,2024-09-17,18.404
PV,2024-09-18,18.499
PV,2024-09-19,18.829
PV,2024-09-20,19.751
PV,2024-09-21,19.036
PV,2024-09-22,18.537
PV,2024-09-23,16.578
PV,2024-09-24,16.548
PV,2024-09-25,16.59
PV,2024-09-26,16.6
PV,2024-09-27,17.039
PV,2024-09-28,17.054
PV,2024-09-29,17.119
PV,2024-09-30,17.121
PV,2024-10-01,17.054
PV,2024-10-02,17.079
PV,2024-10-03,17.13
PV,2024-10-04,17.183
PV,2024-10-05,17.03
PV,2024-10-06,17.067
PV,2024-10-07,16.886
PV,2024-10-08,16.42
PV,2024-10-09,16.249
PV,2024-10-10,15.822
PV,2024-10-11,15.484
PV,2024-10-12,15.441
PV,2024-10-13,15.627
PV,2024-10-14,15.704
PV,2024-10-15,14.691
PV,2024-10-16,13.777
PV,2024-10-17,13.599
PV,2024-10-18,13.419
PV,2024-10-19,13.309
PV,2024-10-20,13.601
PV,2024-10-21,13.58
PV,2024-10-22,13.895
PV,2024-10-23,14.198
PV,2024-10-24,14.08
PV,2024-10-25,13.92
PV,2024-10-26,13.693
PV,2024-10-27,12.714
PV,2024-10-28,12.378
PV,2024-10-29,12.161
PV,2024-10-30,11.945
PV,2024-10-31,12.313
PV,2024-11-01,12.43
PV,2024-11-02,12.321
PV,2024-11-03,12.34
PV,2024-11-04,12.49
PV,2024-11-05,12.834
PV,2024-11-06,12.379
PV,2024-11-07,11.909
PV,2024-11-08,11.829
PV,2024-11-09,11.824
PV,2024-11-10,11.727
PV,2024-11-11,11.165
PV,2024-11-12,10.981
PV,2024-11-13,10.871
PV,2024-11-14,11.022
PV,2024-11-15,11.066
PV,2024-11-16,10.564
PV,2024-11-17,10.49
PV,2024-11-18,10.593
PV,2024-11-19,10.585
PV,2024-11-20,10.797
PV,2024-11-21,10.446
PV,2024-11-22,10.019
PV,2024-11-23,9.971
PV,2024-11-24,9.448
PV,2024-11-25,9.409
PV,2024-11-26,9.611
PV,2024-11-27,9.628
PV,2024-11-28,9.69
PV,2024-11-29,9.567
PV,2024-11-30,9.249
PV,2024-12-01,9.091
PV,2024-12-02,8.992
PV,2024-12-03,8.912
PV,2024-12-04,8.897
PV,2024-12-05,8.933
PV,2024-12-06,8.573
PV,2024-12-07,8.554
PV,2024-12-08,8.594
PV,2024-12-09,8.831
PV,2024-12-10,8.851
PV,2024-12-11,8.518
PV,2024-12-12,8.248
PV,2024-12-13,7.886
PV,2024-12-14,7.537
PV,2024-12-15,7.501
PV,2024-12-16,7.613
PV,2024-12-17,7.869
PV,2024-12-18,7.643
PV,2024-12-19,7.527
PV,2024-12-20,7.281
PV,2024-12-21,6.647
PV,2024-12-22,6.835
PV,2024-12-23,6.731
PV,2024-12-24,6.846
PV,2024-12-25,6.765
PV,2024-12-26,6.333
PV,2024-12-27,6.251
PV,2024-12-28,6.488
PV,2024-12-29,7.019
PV,2024-12-30,6.933
PV,2024-12-31,6.564
PV,2025-01-01,6.538
PV,2025-01-02,6.282
PV,2025-01-03,6.212
PV,2025-01-04,6.404
PV,2025-01-05,6.515
PV,2025-01-06,6.576
PV,2025-01-07,6.319
PV,2025-01-08,6.009
PV,2025-01-09,5.676
PV,2025-01-10,5.572
PV,2025-01-11,5.615
PV,2025-01-12,5.424
PV,2025-01-13,5.027
PV,2025-01-14,4.603
PV,2025-01-15,4.356
PV,2025-01-16,4.413
PV,2025-01-17,4.611
PV,2025-01-18,4.819
PV,2025-01-19,4.498
PV,2025-01-20,4.394
PV,2025-01-21,4.272
PV,2025-01-22,3.871
PV,2025-01-23,3.884
PV,2025-01-24,3.473
PV,2025-01-25,3.736
PV,2025-01-26,4.153
PV,2025-01-27,4.031
PV,2025-01-28,3.948
PV,2025-01-29,3.926
PV,2025-01-30,3.949
PV,2025-01-31,3.808
PV,2025-02-01,3.569
PV,2025-02-02,3.344
PV,2025-02-03,3.542
PV,2025-02-04,3.628
PV,2025-02-05,3.685
PV,2025-02-06,3.542
PV,2025-02-07,3.728
PV,2025-02-08,3.699
PV,2025-02-09,3.406
PV,2025-02-10,3.366
PV,2025-02-11,3.555
PV,2025-02-12,3.609
PV,2025-02-13,3.453
PV,2025-02-14,3.175
PV,2025-02-15,3.159
PV,2025-02-16,2.87
PV,2025-02-17,2.914
PV,2025-02-18,3.075
PV,2025-02-19,3.053
PV,2025-02-20,2.847
PV,2025-02-21,2.496
PV,2025-02-22,2.406
PV,2025-02-23,2.61
PV,2025-02-24,2.706
PV,2025-02-25,2.721
PV,2025-02-26,2.692
PV,2025-02-27,2.695
PV,2025-02-28,2.99
PV,2025-03-01,2.964
PV,2025-03-02,2.87
PV,2025-03-03,2.817
PV,2025-03-04,2.909
PV,2025-03-05,3.452
PV,2025-03-06,3.129
PV,2025-03-07,2.974
PV,2025-03-08,2.909
PV,2025-03-09,2.937
PV,2025-03-10,3.207
PV,2025-03-11,3.519
PV,2025-03-12,3.966
PV,2025-03-13,4.017
PV,2025-03-14,4.014
PV,2025-03-15,3.679
PV,2025-03-16,3.816
PV,2025-03-17,3.885
PV,2025-03-18,3.747
PV,2025-03-19,3.834
PV,2025-03-20,4.817
PV,2025-03-21,4.69
PV,2025-03-22,4.677
PV,2025-03-23,4.622
PV,2025-03-24,4.546
PV,2025-03-25,4.636
PV,2025-03-26,4.634
PV,2025-03-27,4.624
PV,2025-03-28,4.656
PV,2025-03-29,4.706
PV,2025-03-30,4.658
PV,2025-03-31,5.41
PV,2025-04-01,5.441
PV,2025-04-02,5.478
PV,2025-04-03,5.576
PV,2025-04-04,5.539
PV,2025-04-05,5.984
PV,2025-04-06,5.863
PV,2025-04-07,5.33
PV,2025-04-08,5.487
PV,2025-04-09,5.41
PV,2025-04-10,5.285
PV,2025-04-11,5.207
PV,2025-04-12,5.255
PV,2025-04-13,4.684
PV,2025-04-14,5.446
PV,2025-04-15,5.587
PV,2025-04-16,5.511
PV,2025-04-17,5.584
PV,2025-04-18,5.67
PV,2025-04-19,5.882
PV,2025-04-20,5.936
PV,2025-04-21,6.425
PV,2025-04-22,6.906
PV,2025-04-23,7.241
PV,2025-04-24,8.153
PV,2025-04-25,7.798
PV,2025-04-26,7
PV,2025-04-27,6.492
PV,2025-04-28,6.477
PV,2025-04-29,7.986
PV,2025-04-30,8.265
PV,2025-05-01,8.29
PV,2025-05-02,8.31
PV,2025-05-03,8.439
PV,2025-05-04,8.937
PV,2025-05-05,9.074
PV,2025-05-06,10.087
PV,2025-05-07,10.327
PV,2025-05-08,10.279
PV,2025-05-09,10.068
PV,2025-05-10,9.226
PV,2025-05-11,9.246
PV,2025-05-12,9.458
PV,2025-05-13,10.705
PV,2025-05-14,11.999
PV,2025-05-15,12.151
PV,2025-05-16,12.058
PV,2025-05-17,12.267
PV,2025-05-18,12.646
PV,2025-05-19,12.672
PV,2025-05-20,10.591
PV,2025-05-21,10.443
PV,2025-05-22,10.044
PV,2025-05-23,9.518
PV,2025-05-24,10.216
PV,2025-05-25,10.553
PV,2025-05-26,10.491
PV,2025-05-27,10.476
PV,2025-05-28,10.664
PV,2025-05-29,12.047
PV,2025-05-30,12.462
PV,2025-05-31,12.52
PV,2025-06-01,12.53
PV,2025-06-02,12.777
PV,2025-06-03,12.677
PV,2025-06-04,12.633
PV,2025-06-05,12.577
PV,2025-06-06,12.84
PV,2025-06-07,14.073
PV,2025-06-08,14.173
PV,2025-06-09,14.23
PV,2025-06-10,14.859
PV,2025-06-11,16.167
PV,2025-06-12,16.14
PV,2025-06-13,16.069
PV,2025-06-14,15.62
PV,2025-06-15,15.49
PV,2025-06-16,14.782
PV,2025-06-17,16.388
PV,2025-06-18,16.905
PV,2025-06-19,16.693
PV,2025-06-20,16.575
PV,2025-06-21,17.005
PV,2025-06-22,17.242
PV,2025-06-23,17.717
PV,2025-06-24,18.722
PV,2025-06-25,18.557
PV,2025-06-26,18.757
PV,2025-06-27,18.852
PV,2025-06-28,18.567
PV,2025-06-29,18.725
PV,2025-06-30,18.745
PV,2025-07-01,18.894
PV,2025-07-02,19.148
PV,2025-07-03,19.42
PV,2025-07-04,19.376
PV,2025-07-05,19.428
PV,2025-07-06,19.59
PV,2025-07-07,20.262
PV,2025-07-08,20.479
PV,2025-07-09,20.483
PV,2025-07-10,19.658
PV,2025-07-11,19.292
PV,2025-07-12,19.267
PV,2025-07-13,19.281
PV,2025-07-14,19.533
PV,2025-07-15,20.066
PV,2025-07-16,20.342
PV,2025-07-17,20.646
PV,2025-07-18,20.865
PV,2025-07-19,20.793
PV,2025-07-20,20.065
PV,2025-07-21,18.559
PV,2025-07-22,17.896
PV,2025-07-23,17.918
PV,2025-07-24,18.279
PV,2025-07-25,18.863
PV,2025-07-26,19.044
PV,2025-07-27,19.361
PV,2025-07-28,19.72
PV,2025-07-29,20.134
PV,2025-07-30,20.329
PV,2025-07-31,19.9
PV,2025-08-01,19.271
PV,2025-08-02,18.777
PV,2025-08-03,18.475
PV,2025-08-04,18.388
PV,2025-08-05,18.399
PV,2025-08-06,19.153
PV,2025-08-07,19.295
PV,2025-08-08,19.324
PV,2025-08-09,19.422
PV,2025-08-10,19.424
PV,2025-08-11,19.757
PV,2025-08-12,19.92
PV,2025-08-13,20.822
PV,2025-08-14,21.443
PV,2025-08-15,21.198
PV,2025-08-16,21.142
PV,2025-08-17,20.975
PV,2025-08-18,20.503
PV,2025-08-19,20.541
PV,2025-08-20,18.615
PV,2025-08-21,18.373
PV,2025-08-22,18.48
PV,2025-08-23,18.624
PV,2025-08-24,18.667
PV,2025-08-25,20.878
PV,2025-08-26,20.182
PV,2025-08-27,18.438
PV,2025-08-28,18.418
PV,2025-08-29,18.396
PV,2025-08-30,18.326
PV,2025-08-31,18.24
PV,2025-09-01,18.352
PV,2025-09-02,18.075
PV,2025-09-03,17.851
PV,2025-09-04,17.756
PV,2025-09-05,17.986
PV,2025-09-06,18.223
PV,2025-09-07,18.23
PV,2025-09-08,18.203
PV,2025-09-09,17.755
PV,2025-09-10,17.545
PV,2025-09-11,17.163
PV,2025-09-12,16.99
PV,2025-09-13,16.928
PV,2025-09-14,16.939
PV,2025-09-15,17.046
PV,2025-09-16,17.167
PV,2025-09-17,17.792
PV,2025-09-18,18.205
PV,2025-09-19,18.166
PV,2025-09-20,17.792
PV,2025-09-21,17.655
PV,2025-09-22,17.599
PV,2025-09-23,17.626
PV,2025-09-24,17.649
PV,2025-09-25,17.87
PV,2025-09-26,18.406
PV,2025-09-27,18.437
PV,2025-09-28,18.677
PV,2025-09-29,18.698
PV,2025-09-30,18.626
PV,2025-10-01,17.653
PV,2025-10-02,16.657
PV,2025-10-03,16.555
PV,2025-10-04,16.807
PV,2025-10-05,17.037
PV,2025-10-06,17.289
PV,2025-10-07,17.247
PV,2025-10-08,16.988
PV,2025-10-09,16.594
PV,2025-10-10,16.242
PV,2025-10-11,16.595
PV,2025-10-12,16.646
PV,2025-10-13,16.046
PV,2025-10-14,14.792
PV,2025-10-15,14.245
PV,2025-10-16,14.17
PV,2025-10-17,14.065
PV,2025-10-18,14.016
PV,2025-10-19,14.017
PV,2025-10-20,13.926
PV,2025-10-21,13.847
PV,2025-10-22,13.801
NB,2024-04-16,7.702
NB,2024-04-17,7.82
NB,2024-04-18,7.957
NB,2024-04-19,7.857
NB,2024-04-20,7.556
NB,2024-04-21,7.49
NB,2024-04-22,7.435
NB,2024-04-23,7.837
NB,2024-04-24,7.459
NB,2024-04-25,6.989
NB,2024-04-26,7.031
NB,2024-04-27,7.065
NB,2024-04-28,7.147
NB,2024-04-29,7.541
NB,2024-04-30,8.178
NB,2024-05-01,8.41
NB,2024-05-02,8.455
NB,2024-05-03,8.792
NB,2024-05-04,8.955
NB,2024-05-05,9.057
NB,2024-05-06,9.538
NB,2024-05-07,10.443
NB,2024-05-08,10.498
NB,2024-05-09,10.373
NB,2024-05-10,10.393
NB,2024-05-11,10.393
NB,2024-05-12,10.843
NB,2024-05-13,11.119
NB,2024-05-14,11.271
NB,2024-05-15,11.152
NB,2024-05-16,11.501
NB,2024-05-17,11.673
NB,2024-05-18,11.49
NB,2024-05-19,11.482
NB,2024-05-20,11.525
NB,2024-05-21,14.748
NB,2024-05-22,14.232
NB,2024-05-23,13.962
NB,2024-05-24,14.132
NB,2024-05-25,14.41
NB,2024-05-26,14.437
NB,2024-05-27,14.419
NB,2024-05-28,15.416
NB,2024-05-29,15.502
NB,2024-05-30,14.339
NB,2024-05-31,14.112
NB,2024-06-01,14.95
NB,2024-06-02,15.114
NB,2024-06-03,14.888
NB,2024-06-04,15.485
NB,2024-06-05,15.559
NB,2024-06-06,15.648
NB,2024-06-07,15.903
NB,2024-06-08,15.844
NB,2024-06-09,15.563
NB,2024-06-10,15.539
NB,2024-06-11,15.657
NB,2024-06-12,15.983
NB,2024-06-13,17.556
NB,2024-06-14,17.518
NB,2024-06-15,17.22
NB,2024-06-16,17.092
NB,2024-06-17,17.167
NB,2024-06-18,17.079
NB,2024-06-19,17.113
NB,2024-06-20,17.369
NB,2024-06-21,17.658
NB,2024-06-22,17.831
NB,2024-06-23,18.206
NB,2024-06-24,17.617
NB,2024-06-25,17.553
NB,2024-06-26,16.985
NB,2024-06-27,17.011
NB,2024-06-28,16.619
NB,2024-06-29,16.993
NB,2024-06-30,16.745
NB,2024-07-01,16.557
NB,2024-07-02,16.734
NB,2024-07-03,16.56
NB,2024-07-04,16.738
NB,2024-07-05,17.247
NB,2024-07-06,17.806
NB,2024-07-07,19.154
NB,2024-07-08,19.174
NB,2024-07-09,19.056
NB,2024-07-10,18.806
NB,2024-07-11,18.6
NB,2024-07-12,17.994
NB,2024-07-13,18.235
NB,2024-07-14,17.847
NB,2024-07-15,17.856
NB,2024-07-16,17.836
NB,2024-07-17,17.985
NB,2024-07-18,18.265
NB,2024-07-19,18.138
NB,2024-07-20,18.299
NB,2024-07-21,18.613
NB,2024-07-22,18.709
NB,2024-07-23,18.279
NB,2024-07-24,17.937
NB,2024-07-25,18.601
NB,2024-07-26,18.727
NB,2024-07-27,18.427
NB,2024-07-28,18.317
NB,2024-07-29,18.541
NB,2024-07-30,18.543
NB,2024-07-31,18.813
NB,2024-08-01,19.022
NB,2024-08-02,19.094
NB,2024-08-03,19.257
NB,2024-08-04,19.805
NB,2024-08-05,19.787
NB,2024-08-06,19.833
NB,2024-08-07,18.455
NB,2024-08-08,18.541
NB,2024-08-09,18.83
NB,2024-08-10,20.05
NB,2024-08-11,19.733
NB,2024-08-12,19.17
NB,2024-08-13,19.09
NB,2024-08-14,19.143
NB,2024-08-15,19.46
NB,2024-08-16,19.516
NB,2024-08-17,19.571
NB,2024-08-18,19.591
NB,2024-08-19,19.633
NB,2024-08-20,19.319
NB,2024-08-21,18.632
NB,2024-08-22,18.602
NB,2024-08-23,18.773
NB,2024-08-24,18.973
NB,2024-08-25,18.931
NB,2024-08-26,18.955
NB,2024-08-27,19.169
NB,2024-08-28,19.126
NB,2024-08-29,19.069
NB,2024-08-30,18.711
NB,2024-08-31,18.769
NB,2024-09-01,18.858
NB,2024-09-02,18.853
NB,2024-09-03,18.71
NB,2024-09-04,18.327
NB,2024-09-05,18.298
NB,2024-09-06,18.29
NB,2024-09-07,18.418
NB,2024-09-08,18.454
NB,2024-09-09,18.1
NB,2024-09-10,17.745
NB,2024-09-11,17.986
NB,2024-09-12,18.151
NB,2024-09-13,18.19
NB,2024-09-14,18.182
NB,2024-09-15,18.467
NB,2024-09-16,18.815
NB,2024-09-17,18.791
NB,2024-09-18,18.719
NB,2024-09-19,18.702
NB,2024-09-20,19.384
NB,2024-09-21,18.626
NB,2024-09-22,18.079
NB,2024-09-23,16.638
NB,2024-09-24,16.63
NB,2024-09-25,16.651
NB,2024-09-26,16.612
NB,2024-09-27,16.927
NB,2024-09-28,16.835
NB,2024-09-29,17.07
NB,2024-09-30,17.129
NB,2024-10-01,17.003
NB,2024-10-02,16.98
NB,2024-10-03,17.042
NB,2024-10-04,17.014
NB,2024-10-05,17.014
NB,2024-10-06,16.981
NB,2024-10-07,16.851
NB,2024-10-08,16.132
NB,2024-10-09,15.997
NB,2024-10-10,15.431
NB,2024-10-11,15.327
NB,2024-10-12,15.345
NB,2024-10-13,15.598
NB,2024-10-14,15.623
NB,2024-10-15,14.153
NB,2024-10-16,13.303
NB,2024-10-17,13.134
NB,2024-10-18,13.227
NB,2024-10-19,13.173
NB,2024-10-20,13.459
NB,2024-10-21,13.338
NB,2024-10-22,13.507
NB,2024-10-23,13.775
NB,2024-10-24,13.664
NB,2024-10-25,13.336
NB,2024-10-26,13.164
NB,2024-10-27,12.55
NB,2024-10-28,11.927
NB,2024-10-29,11.602
NB,2024-10-30,11.664
NB,2024-10-31,11.943
NB,2024-11-01,12.028
NB,2024-11-02,11.913
NB,2024-11-03,11.944
NB,2024-11-04,12.137
NB,2024-11-05,12.483
NB,2024-11-06,12.12
NB,2024-11-07,12.09
NB,2024-11-08,12.027
NB,2024-11-09,11.678
NB,2024-11-10,11.448
NB,2024-11-11,11.408
NB,2024-11-12,11.345
NB,2024-11-13,11.146
NB,2024-11-14,11.217
NB,2024-11-15,11.099
NB,2024-11-16,10.475
NB,2024-11-17,10.398
NB,2024-11-18,10.537
NB,2024-11-19,10.446
NB,2024-11-20,10.397
NB,2024-11-21,10.464
NB,2024-11-22,10.073
NB,2024-11-23,10.013
NB,2024-11-24,9.677
NB,2024-11-25,9.587
NB,2024-11-26,9.593
NB,2024-11-27,9.499
NB,2024-11-28,9.507
NB,2024-11-29,9.516
NB,2024-11-30,9.271
NB,2024-12-01,9.08
NB,2024-12-02,9.009
NB,2024-12-03,8.988
NB,2024-12-04,9.032
NB,2024-12-05,9.004
NB,2024-12-06,8.743
NB,2024-12-07,8.684
NB,2024-12-08,8.738
NB,2024-12-09,8.754
NB,2024-12-10,8.722
NB,2024-12-11,8.614
NB,2024-12-12,8.444
NB,2024-12-13,8.283
NB,2024-12-14,8.011
NB,2024-12-15,7.953
NB,2024-12-16,8.091
NB,2024-12-17,8.125
NB,2024-12-18,7.647
NB,2024-12-19,7.508
NB,2024-12-20,7.27
NB,2024-12-21,6.987
NB,2024-12-22,7.023
NB,2024-12-23,6.95
NB,2024-12-24,7.249
NB,2024-12-25,6.939
NB,2024-12-26,6.585
NB,2024-12-27,6.459
NB,2024-12-28,6.756
NB,2024-12-29,7.129
NB,2024-12-30,6.936
NB,2024-12-31,6.601
NB,2025-01-01,6.528
NB,2025-01-02,6.678
NB,2025-01-03,6.579
NB,2025-01-04,6.389
NB,2025-01-05,6.35
NB,2025-01-06,6.337
NB,2025-01-07,6.3
NB,2025-01-08,6.168
NB,2025-01-09,5.668
NB,2025-01-10,5.66
NB,2025-01-11,5.735
NB,2025-01-12,5.727
NB,2025-01-13,5.381
NB,2025-01-14,5.205
NB,2025-01-15,4.988
NB,2025-01-16,5.033
NB,2025-01-17,5.218
NB,2025-01-18,5.42
NB,2025-01-19,5.166
NB,2025-01-20,4.918
NB,2025-01-21,4.64
NB,2025-01-22,4.66
NB,2025-01-23,4.545
NB,2025-01-24,4.256
NB,2025-01-25,4.438
NB,2025-01-26,4.724
NB,2025-01-27,4.656
NB,2025-01-28,4.56
NB,2025-01-29,4.533
NB,2025-01-30,4.397
NB,2025-01-31,4.285
NB,2025-02-01,4.095
NB,2025-02-02,3.891
NB,2025-02-03,4.175
NB,2025-02-04,3.871
NB,2025-02-05,3.786
NB,2025-02-06,3.806
NB,2025-02-07,4.291
NB,2025-02-08,4.217
NB,2025-02-09,3.88
NB,2025-02-10,3.829
NB,2025-02-11,3.994
NB,2025-02-12,4.26
NB,2025-02-13,4.269
NB,2025-02-14,4.079
NB,2025-02-15,4.051
NB,2025-02-16,3.445
NB,2025-02-17,3.488
NB,2025-02-18,3.452
NB,2025-02-19,3.398
NB,2025-02-20,3.1
NB,2025-02-21,2.84
NB,2025-02-22,2.806
NB,2025-02-23,2.935
NB,2025-02-24,3.234
NB,2025-02-25,3.228
NB,2025-02-26,3.242
NB,2025-02-27,3.212
NB,2025-02-28,3.282
NB,2025-03-01,3.147
NB,2025-03-02,2.985
NB,2025-03-03,2.899
NB,2025-03-04,3.199
NB,2025-03-05,3.528
NB,2025-03-06,3.526
NB,2025-03-07,3.364
NB,2025-03-08,3.181
NB,2025-03-09,3.167
NB,2025-03-10,3.32
NB,2025-03-11,3.794
NB,2025-03-12,4.253
NB,2025-03-13,4.181
NB,2025-03-14,3.903
NB,2025-03-15,3.833
NB,2025-03-16,3.937
NB,2025-03-17,4.144
NB,2025-03-18,4.052
NB,2025-03-19,4.104
NB,2025-03-20,4.696
NB,2025-03-21,4.547
NB,2025-03-22,4.488
NB,2025-03-23,4.471
NB,2025-03-24,4.523
NB,2025-03-25,4.413
NB,2025-03-26,4.289
NB,2025-03-27,4.297
NB,2025-03-28,4.287
NB,2025-03-29,4.388
NB,2025-03-30,4.576
NB,2025-03-31,5.111
NB,2025-04-01,4.979
NB,2025-04-02,5.002
NB,2025-04-03,5.149
NB,2025-04-04,5.273
NB,2025-04-05,5.726
NB,2025-04-06,5.634
NB,2025-04-07,5.029
NB,2025-04-08,5.271
NB,2025-04-09,5.219
NB,2025-04-10,5.039
NB,2025-04-11,4.939
NB,2025-04-12,5.075
NB,2025-04-13,4.512
NB,2025-04-14,5.155
NB,2025-04-15,5.248
NB,2025-04-16,5.179
NB,2025-04-17,5.187
NB,2025-04-18,5.219
NB,2025-04-19,5.437
NB,2025-04-20,5.499
NB,2025-04-21,6.126
NB,2025-04-22,6.478
NB,2025-04-23,6.765
NB,2025-04-24,7.537
NB,2025-04-25,7.263
NB,2025-04-26,6.73
NB,2025-04-27,6.598
NB,2025-04-28,6.682
NB,2025-04-29,7.256
NB,2025-04-30,7.945
NB,2025-05-01,7.991
NB,2025-05-02,8.013
NB,2025-05-03,8.269
NB,2025-05-04,8.865
NB,2025-05-05,8.923
NB,2025-05-06,9.794
NB,2025-05-07,9.905
NB,2025-05-08,9.877
NB,2025-05-09,9.718
NB,2025-05-10,8.86
NB,2025-05-11,8.82
NB,2025-05-12,9.116
NB,2025-05-13,10.921
NB,2025-05-14,11.855
NB,2025-05-15,11.98
NB,2025-05-16,11.82
NB,2025-05-17,12.323
NB,2025-05-18,12.86
NB,2025-05-19,12.732
NB,2025-05-20,10.234
NB,2025-05-21,10.056
NB,2025-05-22,9.685
NB,2025-05-23,9.11
NB,2025-05-24,9.664
NB,2025-05-25,10.1
NB,2025-05-26,9.974
NB,2025-05-27,10.032
NB,2025-05-28,10.249
NB,2025-05-29,11.738
NB,2025-05-30,12.272
NB,2025-05-31,12.267
NB,2025-06-01,12.253
NB,2025-06-02,12.387
NB,2025-06-03,12.245
NB,2025-06-04,12.255
NB,2025-06-05,12.206
NB,2025-06-06,12.441
NB,2025-06-07,13.665
NB,2025-06-08,13.601
NB,2025-06-09,13.603
NB,2025-06-10,14.141
NB,2025-06-11,15.885
NB,2025-06-12,16.005
NB,2025-06-13,15.997
NB,2025-06-14,15.131
NB,2025-06-15,15.194
NB,2025-06-16,14.982
NB,2025-06-17,16.399
NB,2025-06-18,16.982
NB,2025-06-19,16.902
NB,2025-06-20,16.871
NB,2025-06-21,16.956
NB,2025-06-22,17.548
NB,2025-06-23,17.916
NB,2025-06-24,18.678
NB,2025-06-25,18.604
NB,2025-06-26,18.689
NB,2025-06-27,18.386
NB,2025-06-28,18.28
NB,2025-06-29,18.68
NB,2025-06-30,18.753
NB,2025-07-01,18.755
NB,2025-07-02,18.865
NB,2025-07-03,19.194
NB,2025-07-04,19.24
NB,2025-07-05,19.331
NB,2025-07-06,19.616
NB,2025-07-07,20.041
NB,2025-07-08,20.27
NB,2025-07-09,20.322
NB,2025-07-10,19.426
NB,2025-07-11,19.093
NB,2025-07-12,19.027
NB,2025-07-13,18.949
NB,2025-07-14,18.994
NB,2025-07-15,20.002
NB,2025-07-16,20.324
NB,2025-07-17,20.289
NB,2025-07-18,20.173
NB,2025-07-19,20.003
NB,2025-07-20,19.574
NB,2025-07-21,18.072
NB,2025-07-22,17.467
NB,2025-07-23,17.558
NB,2025-07-24,17.751
NB,2025-07-25,18.351
NB,2025-07-26,18.667
NB,2025-07-27,19.04
NB,2025-07-28,19.212
NB,2025-07-29,19.505
NB,2025-07-30,19.663
NB,2025-07-31,19.535
NB,2025-08-01,19.026
NB,2025-08-02,18.629
NB,2025-08-03,18.442
NB,2025-08-04,18.279
NB,2025-08-05,18.527
NB,2025-08-06,19.038
NB,2025-08-07,19.314
NB,2025-08-08,19.275
NB,2025-08-09,19.486
NB,2025-08-10,19.52
NB,2025-08-11,19.696
NB,2025-08-12,20.089
NB,2025-08-13,20.557
NB,2025-08-14,20.996
NB,2025-08-15,20.947
NB,2025-08-16,20.905
NB,2025-08-17,20.87
NB,2025-08-18,20.475
NB,2025-08-19,20.345
NB,2025-08-20,18.433
NB,2025-08-21,18.161
NB,2025-08-22,18.155
NB,2025-08-23,18.22
NB,2025-08-24,18.283
NB,2025-08-25,20.601
NB,2025-08-26,19.945
NB,2025-08-27,18.229
NB,2025-08-28,18.267
NB,2025-08-29,18.31
NB,2025-08-30,18.285
NB,2025-08-31,18.235
NB,2025-09-01,18.319
NB,2025-09-02,18.613
NB,2025-09-03,18.462
NB,2025-09-04,18.354
NB,2025-09-05,18.303
NB,2025-09-06,18.211
NB,2025-09-07,18.108
NB,2025-09-08,17.796
NB,2025-09-09,17.727
NB,2025-09-10,17.68
NB,2025-09-11,17.482
NB,2025-09-12,17.104
NB,2025-09-13,16.964
NB,2025-09-14,16.892
NB,2025-09-15,16.818
NB,2025-09-16,16.967
NB,2025-09-17,17.7
NB,2025-09-18,17.869
NB,2025-09-19,17.915
NB,2025-09-20,17.679
NB,2025-09-21,17.463
NB,2025-09-22,17.272
NB,2025-09-23,17.256
NB,2025-09-24,17.342
NB,2025-09-25,17.742
NB,2025-09-26,18.075
NB,2025-09-27,18.067
NB,2025-09-28,18.283
NB,2025-09-29,18.237
NB,2025-09-30,18.041
NB,2025-10-01,17.528
NB,2025-10-02,17.012
NB,2025-10-03,16.964
NB,2025-10-04,17.139
NB,2025-10-05,17.279
NB,2025-10-06,17.395
NB,2025-10-07,17.374
NB,2025-10-08,16.814
NB,2025-10-09,16.431
NB,2025-10-10,16.11
NB,2025-10-11,16.292
NB,2025-10-12,16.201
NB,2025-10-13,15.529
NB,2025-10-14,14.3
NB,2025-10-15,14.243
NB,2025-10-16,14.21
NB,2025-10-17,13.933
NB,2025-10-18,13.824
NB,2025-10-19,13.701
NB,2025-10-20,13.503
NB,2025-10-21,13.456
NB,2025-10-22,13.416
