"site_id","time","temp"
"AQ","2026-03-05T00:00:00.000000",2.56899738311768
"AQ","2026-03-05T01:00:00.000000",2.58006048202515
"AQ","2026-03-05T02:00:00.000000",2.59320902824402
"AQ","2026-03-05T03:00:00.000000",2.60515737533569
"AQ","2026-03-05T04:00:00.000000",2.61022710800171
"AQ","2026-03-05T05:00:00.000000",2.61169862747192
"AQ","2026-03-05T06:00:00.000000",2.61008715629578
"AQ","2026-03-05T07:00:00.000000",2.60217642784119
"AQ","2026-03-05T08:00:00.000000",2.59401082992554
"AQ","2026-03-05T09:00:00.000000",2.58549308776855
"AQ","2026-03-05T10:00:00.000000",2.57708263397217
"AQ","2026-03-05T11:00:00.000000",2.5755500793457
"AQ","2026-03-05T12:00:00.000000",2.58045983314514
"AQ","2026-03-05T13:00:00.000000",2.58997392654419
"AQ","2026-03-05T14:00:00.000000",2.59851169586182
"AQ","2026-03-05T15:00:00.000000",2.6008985042572
"AQ","2026-03-05T16:00:00.000000",2.60379767417908
"AQ","2026-03-05T17:00:00.000000",2.60316228866577
"AQ","2026-03-05T18:00:00.000000",2.59930300712585
"AQ","2026-03-05T19:00:00.000000",2.59338212013245
"AQ","2026-03-05T20:00:00.000000",2.58375310897827
"AQ","2026-03-05T21:00:00.000000",2.57093048095703
"AQ","2026-03-05T22:00:00.000000",2.5528621673584
"AQ","2026-03-05T23:00:00.000000",2.53670263290405
"AQ","2026-03-06T00:00:00.000000",2.528804063797
"AQ","2026-03-06T01:00:00.000000",2.52949261665344
"AQ","2026-03-06T02:00:00.000000",2.52562117576599
"AQ","2026-03-06T03:00:00.000000",2.49502158164978
"AQ","2026-03-06T04:00:00.000000",2.46437406539917
"AQ","2026-03-06T05:00:00.000000",2.46433854103088
"AQ","2026-03-06T06:00:00.000000",2.46218371391296
"AQ","2026-03-06T07:00:00.000000",2.45573210716248
"AQ","2026-03-06T08:00:00.000000",2.43971753120422
"AQ","2026-03-06T09:00:00.000000",2.41687631607056
"AQ","2026-03-06T10:00:00.000000",2.39737963676453
"AQ","2026-03-06T11:00:00.000000",2.37973141670227
"AQ","2026-03-06T12:00:00.000000",2.37023711204529
"AQ","2026-03-06T13:00:00.000000",2.36772108078003
"AQ","2026-03-06T14:00:00.000000",2.37172937393188
"AQ","2026-03-06T15:00:00.000000",2.37533020973206
"AQ","2026-03-06T16:00:00.000000",2.3766918182373
"AQ","2026-03-06T17:00:00.000000",2.37834215164185
"AQ","2026-03-06T18:00:00.000000",2.37823414802551
"AQ","2026-03-06T19:00:00.000000",2.37084341049194
"AQ","2026-03-06T20:00:00.000000",2.36028957366943
"AQ","2026-03-06T21:00:00.000000",2.35624504089355
"AQ","2026-03-06T22:00:00.000000",2.34839868545532
"AQ","2026-03-06T23:00:00.000000",2.33898782730103
"AQ","2026-03-07T00:00:00.000000",2.33106899261475
"AQ","2026-03-07T01:00:00.000000",2.32695269584656
"AQ","2026-03-07T02:00:00.000000",2.32758450508118
"AQ","2026-03-07T03:00:00.000000",2.33133125305176
"AQ","2026-03-07T04:00:00.000000",2.33446407318115
"AQ","2026-03-07T05:00:00.000000",2.33684992790222
"AQ","2026-03-07T06:00:00.000000",2.34065389633179
"AQ","2026-03-07T07:00:00.000000",2.34259986877441
"AQ","2026-03-07T08:00:00.000000",2.34648060798645
"AQ","2026-03-07T09:00:00.000000",2.34784412384033
"AQ","2026-03-07T10:00:00.000000",2.34251666069031
"AQ","2026-03-07T11:00:00.000000",2.33440136909485
"AQ","2026-03-07T12:00:00.000000",2.32765650749207
"AQ","2026-03-07T13:00:00.000000",2.3266019821167
"AQ","2026-03-07T14:00:00.000000",2.33265423774719
"AQ","2026-03-07T15:00:00.000000",2.34654688835144
"AQ","2026-03-07T16:00:00.000000",2.36652278900146
"AQ","2026-03-07T17:00:00.000000",2.38065338134766
"AQ","2026-03-07T18:00:00.000000",2.38630676269531
"AQ","2026-03-07T19:00:00.000000",2.38590335845947
"AQ","2026-03-07T20:00:00.000000",2.37937593460083
"AQ","2026-03-07T21:00:00.000000",2.37198209762573
"AQ","2026-03-07T22:00:00.000000",2.36303186416626
"AQ","2026-03-07T23:00:00.000000",2.34732246398926
"AQ","2026-03-08T00:00:00.000000",2.33589196205139
"AQ","2026-03-08T01:00:00.000000",2.33601856231689
"AQ","2026-03-08T02:00:00.000000",2.35167169570923
"AQ","2026-03-08T03:00:00.000000",2.38084578514099
"AQ","2026-03-08T04:00:00.000000",2.40863442420959
"AQ","2026-03-08T05:00:00.000000",2.42992424964905
"AQ","2026-03-08T06:00:00.000000",2.4472291469574
"AQ","2026-03-08T07:00:00.000000",2.45142412185669
"AQ","2026-03-08T08:00:00.000000",2.45037221908569
"AQ","2026-03-08T09:00:00.000000",2.43764448165894
"AQ","2026-03-08T10:00:00.000000",2.41241478919983
"AQ","2026-03-08T11:00:00.000000",2.3896336555481
"AQ","2026-03-08T12:00:00.000000",2.37028932571411
"AQ","2026-03-08T13:00:00.000000",2.36381816864014
"AQ","2026-03-08T14:00:00.000000",2.37138342857361
"AQ","2026-03-08T15:00:00.000000",2.39177083969116
"AQ","2026-03-08T16:00:00.000000",2.41507196426392
"AQ","2026-03-08T17:00:00.000000",2.43228220939636
"AQ","2026-03-08T18:00:00.000000",2.44296669960022
"AQ","2026-03-08T19:00:00.000000",2.44834518432617
"AQ","2026-03-08T20:00:00.000000",2.44959497451782
"AQ","2026-03-08T21:00:00.000000",2.44369530677795
"AQ","2026-03-08T22:00:00.000000",2.42746186256409
"AQ","2026-03-08T23:00:00.000000",2.41302084922791
"AQ","2026-03-09T00:00:00.000000",2.4033465385437
"AQ","2026-03-09T01:00:00.000000",2.40129613876343
"AQ","2026-03-09T02:00:00.000000",2.41051316261292
"AQ","2026-03-09T03:00:00.000000",2.43011379241943
"AQ","2026-03-09T04:00:00.000000",2.44358658790588
"AQ","2026-03-09T05:00:00.000000",2.44876980781555
"AQ","2026-03-09T06:00:00.000000",2.45172214508057
"AQ","2026-03-09T07:00:00.000000",2.45388340950012
"AQ","2026-03-09T08:00:00.000000",2.45459342002869
"AQ","2026-03-09T09:00:00.000000",2.45402240753174
"AQ","2026-03-09T10:00:00.000000",2.45129323005676
"AQ","2026-03-09T11:00:00.000000",2.44850158691406
"AQ","2026-03-09T12:00:00.000000",2.44415640830994
"AQ","2026-03-09T13:00:00.000000",2.44102549552917
"AQ","2026-03-09T14:00:00.000000",2.44391345977783
"AQ","2026-03-09T15:00:00.000000",2.4496111869812
"AQ","2026-03-09T16:00:00.000000",2.45415568351746
"AQ","2026-03-09T17:00:00.000000",2.45708107948303
"AQ","2026-03-09T18:00:00.000000",2.45889091491699
"AQ","2026-03-09T19:00:00.000000",2.4602198600769
"AQ","2026-03-09T20:00:00.000000",2.46122884750366
"AQ","2026-03-09T21:00:00.000000",2.4620532989502
"AQ","2026-03-09T22:00:00.000000",2.46291279792786
"AQ","2026-03-09T23:00:00.000000",2.46345925331116
"AQ","2026-03-10T00:00:00.000000",2.46373510360718
"AQ","2026-03-10T01:00:00.000000",2.46374416351318
"AQ","2026-03-10T02:00:00.000000",2.46488499641418
"AQ","2026-03-10T03:00:00.000000",2.46689820289612
"AQ","2026-03-10T04:00:00.000000",2.46894907951355
"AQ","2026-03-10T05:00:00.000000",2.46952748298645
"AQ","2026-03-10T06:00:00.000000",2.46931433677673
"AQ","2026-03-10T07:00:00.000000",2.46882963180542
"AQ","2026-03-10T08:00:00.000000",2.46838045120239
"AQ","2026-03-10T09:00:00.000000",2.46815061569214
"AQ","2026-03-10T10:00:00.000000",2.46824502944946
"AQ","2026-03-10T11:00:00.000000",2.46812057495117
"AQ","2026-03-10T12:00:00.000000",2.46771049499512
"AQ","2026-03-10T13:00:00.000000",2.46745753288269
"AQ","2026-03-10T14:00:00.000000",2.46838545799255
"AQ","2026-03-10T15:00:00.000000",2.47089171409607
"AQ","2026-03-10T16:00:00.000000",2.47524237632751
"AQ","2026-03-10T17:00:00.000000",2.47977781295776
"AQ","2026-03-10T18:00:00.000000",2.4836642742157
"AQ","2026-03-10T19:00:00.000000",2.48676514625549
"AQ","2026-03-10T20:00:00.000000",2.48892498016357
"AQ","2026-03-10T21:00:00.000000",2.49054503440857
"AQ","2026-03-10T22:00:00.000000",2.49103140830994
"AQ","2026-03-10T23:00:00.000000",2.490558385849
"AQ","2026-03-11T00:00:00.000000",2.48998093605042
"AQ","2026-03-11T01:00:00.000000",2.48954796791077
"AQ","2026-03-11T02:00:00.000000",2.48975229263306
"AQ","2026-03-11T03:00:00.000000",2.49223351478577
"AQ","2026-03-11T04:00:00.000000",2.49867820739746
"AQ","2026-03-11T05:00:00.000000",2.50587749481201
"AQ","2026-03-11T06:00:00.000000",2.50983881950378
"AQ","2026-03-11T07:00:00.000000",2.51115369796753
"AQ","2026-03-11T08:00:00.000000",2.51202440261841
"AQ","2026-03-11T09:00:00.000000",2.51237678527832
"AQ","2026-03-11T10:00:00.000000",2.51192212104797
"AQ","2026-03-11T11:00:00.000000",2.51020503044128
"AQ","2026-03-11T12:00:00.000000",2.50755023956299
"AQ","2026-03-11T13:00:00.000000",2.50560760498047
"AQ","2026-03-11T14:00:00.000000",2.50487112998962
"AQ","2026-03-11T15:00:00.000000",2.50559973716736
"AQ","2026-03-11T16:00:00.000000",2.50912761688232
"AQ","2026-03-11T17:00:00.000000",2.51609802246094
"AQ","2026-03-11T18:00:00.000000",2.52219653129578
"AQ","2026-03-11T19:00:00.000000",2.52557134628296
"AQ","2026-03-11T20:00:00.000000",2.52678465843201
"AQ","2026-03-11T21:00:00.000000",2.52702212333679
"AQ","2026-03-11T22:00:00.000000",2.52528882026672
"AQ","2026-03-11T23:00:00.000000",2.52195048332214
"AQ","2026-03-12T00:00:00.000000",2.51932859420776
"AQ","2026-03-12T01:00:00.000000",2.51815962791443
"AQ","2026-03-12T02:00:00.000000",2.51779103279114
"AQ","2026-03-12T03:00:00.000000",2.51788520812988
"AQ","2026-03-12T04:00:00.000000",2.51979660987854
"AQ","2026-03-12T05:00:00.000000",2.52591681480408
"AQ","2026-03-12T06:00:00.000000",2.53264594078064
"AQ","2026-03-12T07:00:00.000000",2.53692030906677
"AQ","2026-03-12T08:00:00.000000",2.53898549079895
"AQ","2026-03-12T09:00:00.000000",2.54003977775574
"AQ","2026-03-12T10:00:00.000000",2.54042553901672
"AQ","2026-03-12T11:00:00.000000",2.53966856002808
"AQ","2026-03-12T12:00:00.000000",2.5374960899353
"AQ","2026-03-12T13:00:00.000000",2.5350399017334
"AQ","2026-03-12T14:00:00.000000",2.53279638290405
"AQ","2026-03-12T15:00:00.000000",2.53152871131897
"AQ","2026-03-12T16:00:00.000000",2.53210306167603
"AQ","2026-03-12T17:00:00.000000",2.53396463394165
"AQ","2026-03-12T18:00:00.000000",2.53782677650452
"AQ","2026-03-12T19:00:00.000000",2.54368233680725
"AQ","2026-03-12T20:00:00.000000",2.5486946105957
"AQ","2026-03-12T21:00:00.000000",2.55823087692261
"AQ","2026-03-12T22:00:00.000000",2.56589245796204
"AQ","2026-03-12T23:00:00.000000",2.57080984115601
"AQ","2026-03-13T00:00:00.000000",2.57442450523376
"CB","2026-03-05T00:00:00.000000",3.02233862876892
"CB","2026-03-05T01:00:00.000000",2.974853515625
"CB","2026-03-05T02:00:00.000000",2.97972512245178
"CB","2026-03-05T03:00:00.000000",3.02026057243347
"CB","2026-03-05T04:00:00.000000",3.03478074073792
"CB","2026-03-05T05:00:00.000000",3.0307993888855
"CB","2026-03-05T06:00:00.000000",3.0183322429657
"CB","2026-03-05T07:00:00.000000",2.98893451690674
"CB","2026-03-05T08:00:00.000000",2.95707964897156
"CB","2026-03-05T09:00:00.000000",2.92072558403015
"CB","2026-03-05T10:00:00.000000",2.87784099578857
"CB","2026-03-05T11:00:00.000000",2.86377215385437
"CB","2026-03-05T12:00:00.000000",2.87936282157898
"CB","2026-03-05T13:00:00.000000",2.85724592208862
"CB","2026-03-05T14:00:00.000000",2.83882188796997
"CB","2026-03-05T15:00:00.000000",2.86072516441345
"CB","2026-03-05T16:00:00.000000",2.85876226425171
"CB","2026-03-05T17:00:00.000000",2.84474444389343
"CB","2026-03-05T18:00:00.000000",2.83118343353271
"CB","2026-03-05T19:00:00.000000",2.81353855133057
"CB","2026-03-05T20:00:00.000000",2.78124809265137
"CB","2026-03-05T21:00:00.000000",2.75873064994812
"CB","2026-03-05T22:00:00.000000",2.74643611907959
"CB","2026-03-05T23:00:00.000000",2.72004246711731
"CB","2026-03-06T00:00:00.000000",2.71356415748596
"CB","2026-03-06T01:00:00.000000",2.73028182983398
"CB","2026-03-06T02:00:00.000000",2.77527785301208
"CB","2026-03-06T03:00:00.000000",2.84571051597595
"CB","2026-03-06T04:00:00.000000",2.91227459907532
"CB","2026-03-06T05:00:00.000000",2.96935105323792
"CB","2026-03-06T06:00:00.000000",2.98355865478516
"CB","2026-03-06T07:00:00.000000",2.98295116424561
"CB","2026-03-06T08:00:00.000000",2.96497559547424
"CB","2026-03-06T09:00:00.000000",2.94642782211304
"CB","2026-03-06T10:00:00.000000",2.85412311553955
"CB","2026-03-06T11:00:00.000000",2.73015356063843
"CB","2026-03-06T12:00:00.000000",2.64090251922607
"CB","2026-03-06T13:00:00.000000",2.61521363258362
"CB","2026-03-06T14:00:00.000000",2.81118297576904
"CB","2026-03-06T15:00:00.000000",2.9650354385376
"CB","2026-03-06T16:00:00.000000",3.03440523147583
"CB","2026-03-06T17:00:00.000000",3.06218886375427
"CB","2026-03-06T18:00:00.000000",3.07535290718079
"CB","2026-03-06T19:00:00.000000",3.07145762443542
"CB","2026-03-06T20:00:00.000000",3.04610395431519
"CB","2026-03-06T21:00:00.000000",3.0111243724823
"CB","2026-03-06T22:00:00.000000",2.9603955745697
"CB","2026-03-06T23:00:00.000000",2.88557410240173
"CB","2026-03-07T00:00:00.000000",2.85627365112305
"CB","2026-03-07T01:00:00.000000",2.862060546875
"CB","2026-03-07T02:00:00.000000",2.8724250793457
"CB","2026-03-07T03:00:00.000000",2.91038203239441
"CB","2026-03-07T04:00:00.000000",2.91717624664307
"CB","2026-03-07T05:00:00.000000",2.91951251029968
"CB","2026-03-07T06:00:00.000000",2.90702986717224
"CB","2026-03-07T07:00:00.000000",2.88895845413208
"CB","2026-03-07T08:00:00.000000",2.87236261367798
"CB","2026-03-07T09:00:00.000000",2.86101531982422
"CB","2026-03-07T10:00:00.000000",2.85012769699097
"CB","2026-03-07T11:00:00.000000",2.83932137489319
"CB","2026-03-07T12:00:00.000000",2.7906756401062
"CB","2026-03-07T13:00:00.000000",2.74233198165894
"CB","2026-03-07T14:00:00.000000",2.77887773513794
"CB","2026-03-07T15:00:00.000000",2.78933167457581
"CB","2026-03-07T16:00:00.000000",2.79622435569763
"CB","2026-03-07T17:00:00.000000",2.8020281791687
"CB","2026-03-07T18:00:00.000000",2.80806875228882
"CB","2026-03-07T19:00:00.000000",2.82939743995667
"CB","2026-03-07T20:00:00.000000",2.88725185394287
"CB","2026-03-07T21:00:00.000000",2.97059726715088
"CB","2026-03-07T22:00:00.000000",3.00833225250244
"CB","2026-03-07T23:00:00.000000",3.03092432022095
"CB","2026-03-08T00:00:00.000000",3.00765156745911
"CB","2026-03-08T01:00:00.000000",3.09524035453796
"CB","2026-03-08T02:00:00.000000",3.20255160331726
"CB","2026-03-08T03:00:00.000000",3.22433400154114
"CB","2026-03-08T04:00:00.000000",3.22704434394836
"CB","2026-03-08T05:00:00.000000",3.22875833511353
"CB","2026-03-08T06:00:00.000000",3.23077249526978
"CB","2026-03-08T07:00:00.000000",3.24263548851013
"CB","2026-03-08T08:00:00.000000",3.26618766784668
"CB","2026-03-08T09:00:00.000000",3.28736329078674
"CB","2026-03-08T10:00:00.000000",3.30487847328186
"CB","2026-03-08T11:00:00.000000",3.31518745422363
"CB","2026-03-08T12:00:00.000000",3.31774640083313
"CB","2026-03-08T13:00:00.000000",3.30650687217712
"CB","2026-03-08T14:00:00.000000",3.31334233283997
"CB","2026-03-08T15:00:00.000000",3.31787919998169
"CB","2026-03-08T16:00:00.000000",3.31865835189819
"CB","2026-03-08T17:00:00.000000",3.32212066650391
"CB","2026-03-08T18:00:00.000000",3.32008123397827
"CB","2026-03-08T19:00:00.000000",3.3130955696106
"CB","2026-03-08T20:00:00.000000",3.30244374275208
"CB","2026-03-08T21:00:00.000000",3.27475690841675
"CB","2026-03-08T22:00:00.000000",3.23072290420532
"CB","2026-03-08T23:00:00.000000",3.18690180778503
"CB","2026-03-09T00:00:00.000000",3.13345074653625
"CB","2026-03-09T01:00:00.000000",3.11073112487793
"CB","2026-03-09T02:00:00.000000",3.09914469718933
"CB","2026-03-09T03:00:00.000000",3.08582735061646
"CB","2026-03-09T04:00:00.000000",3.07590627670288
"CB","2026-03-09T05:00:00.000000",3.1126754283905
"CB","2026-03-09T06:00:00.000000",3.20675253868103
"CB","2026-03-09T07:00:00.000000",3.27165174484253
"CB","2026-03-09T08:00:00.000000",3.3111515045166
"CB","2026-03-09T09:00:00.000000",3.33858704566956
"CB","2026-03-09T10:00:00.000000",3.35847091674805
"CB","2026-03-09T11:00:00.000000",3.37405204772949
"CB","2026-03-09T12:00:00.000000",3.3844108581543
"CB","2026-03-09T13:00:00.000000",3.39436626434326
"CB","2026-03-09T14:00:00.000000",3.41410827636719
"CB","2026-03-09T15:00:00.000000",3.42615461349487
"CB","2026-03-09T16:00:00.000000",3.42745184898376
"CB","2026-03-09T17:00:00.000000",3.43262934684753
"CB","2026-03-09T18:00:00.000000",3.45778918266296
"CB","2026-03-09T19:00:00.000000",3.49229454994202
"CB","2026-03-09T20:00:00.000000",3.52227139472961
"CB","2026-03-09T21:00:00.000000",3.53862261772156
"CB","2026-03-09T22:00:00.000000",3.54692888259888
"CB","2026-03-09T23:00:00.000000",3.55179905891418
"CB","2026-03-10T00:00:00.000000",3.55500864982605
"CB","2026-03-10T01:00:00.000000",3.55851888656616
"CB","2026-03-10T02:00:00.000000",3.56011128425598
"CB","2026-03-10T03:00:00.000000",3.55671906471252
"CB","2026-03-10T04:00:00.000000",3.54602885246277
"CB","2026-03-10T05:00:00.000000",3.53453516960144
"CB","2026-03-10T06:00:00.000000",3.52730345726013
"CB","2026-03-10T07:00:00.000000",3.52459645271301
"CB","2026-03-10T08:00:00.000000",3.52501916885376
"CB","2026-03-10T09:00:00.000000",3.52627372741699
"CB","2026-03-10T10:00:00.000000",3.52667999267578
"CB","2026-03-10T11:00:00.000000",3.5256814956665
"CB","2026-03-10T12:00:00.000000",3.51898741722107
"CB","2026-03-10T13:00:00.000000",3.50616145133972
"CB","2026-03-10T14:00:00.000000",3.49472713470459
"CB","2026-03-10T15:00:00.000000",3.4906644821167
"CB","2026-03-10T16:00:00.000000",3.49220991134644
"CB","2026-03-10T17:00:00.000000",3.49158048629761
"CB","2026-03-10T18:00:00.000000",3.48741888999939
"CB","2026-03-10T19:00:00.000000",3.48277616500854
"CB","2026-03-10T20:00:00.000000",3.48044991493225
"CB","2026-03-10T21:00:00.000000",3.48199844360352
"CB","2026-03-10T22:00:00.000000",3.48379898071289
"CB","2026-03-10T23:00:00.000000",3.48737454414368
"CB","2026-03-11T00:00:00.000000",3.49235987663269
"CB","2026-03-11T01:00:00.000000",3.49757504463196
"CB","2026-03-11T02:00:00.000000",3.5027916431427
"CB","2026-03-11T03:00:00.000000",3.51004099845886
"CB","2026-03-11T04:00:00.000000",3.51684498786926
"CB","2026-03-11T05:00:00.000000",3.52288389205933
"CB","2026-03-11T06:00:00.000000",3.53139281272888
"CB","2026-03-11T07:00:00.000000",3.53946447372437
"CB","2026-03-11T08:00:00.000000",3.5439977645874
"CB","2026-03-11T09:00:00.000000",3.54482579231262
"CB","2026-03-11T10:00:00.000000",3.54451537132263
"CB","2026-03-11T11:00:00.000000",3.54370999336243
"CB","2026-03-11T12:00:00.000000",3.5413818359375
"CB","2026-03-11T13:00:00.000000",3.53483772277832
"CB","2026-03-11T14:00:00.000000",3.52395629882812
"CB","2026-03-11T15:00:00.000000",3.51229214668274
"CB","2026-03-11T16:00:00.000000",3.50357246398926
"CB","2026-03-11T17:00:00.000000",3.49710154533386
"CB","2026-03-11T18:00:00.000000",3.49661612510681
"CB","2026-03-11T19:00:00.000000",3.49025750160217
"CB","2026-03-11T20:00:00.000000",3.47108340263367
"CB","2026-03-11T21:00:00.000000",3.44287514686584
"CB","2026-03-11T22:00:00.000000",3.41742014884949
"CB","2026-03-11T23:00:00.000000",3.39251279830933
"CB","2026-03-12T00:00:00.000000",3.37362003326416
"CB","2026-03-12T01:00:00.000000",3.35818576812744
"CB","2026-03-12T02:00:00.000000",3.34721159934998
"CB","2026-03-12T03:00:00.000000",3.34398484230042
"CB","2026-03-12T04:00:00.000000",3.34624981880188
"CB","2026-03-12T05:00:00.000000",3.3548481464386
"CB","2026-03-12T06:00:00.000000",3.37867450714111
"CB","2026-03-12T07:00:00.000000",3.41141891479492
"CB","2026-03-12T08:00:00.000000",3.43038511276245
"CB","2026-03-12T09:00:00.000000",3.43910193443298
"CB","2026-03-12T10:00:00.000000",3.45252394676208
"CB","2026-03-12T11:00:00.000000",3.47657084465027
"CB","2026-03-12T12:00:00.000000",3.50729465484619
"CB","2026-03-12T13:00:00.000000",3.5329704284668
"CB","2026-03-12T14:00:00.000000",3.53801131248474
"CB","2026-03-12T15:00:00.000000",3.52205681800842
"CB","2026-03-12T16:00:00.000000",3.54016876220703
"CB","2026-03-12T17:00:00.000000",3.5829393863678
"CB","2026-03-12T18:00:00.000000",3.63118267059326
"CB","2026-03-12T19:00:00.000000",3.66872835159302
"CB","2026-03-12T20:00:00.000000",3.688805103302
"CB","2026-03-12T21:00:00.000000",3.69551515579224
"CB","2026-03-12T22:00:00.000000",3.69335317611694
"CB","2026-03-12T23:00:00.000000",3.68131899833679
"CB","2026-03-13T00:00:00.000000",3.65732622146606
"CI","2026-03-05T00:00:00.000000",1.8173611164093
"CI","2026-03-05T01:00:00.000000",1.87959814071655
"CI","2026-03-05T02:00:00.000000",1.99687361717224
"CI","2026-03-05T03:00:00.000000",2.0829930305481
"CI","2026-03-05T04:00:00.000000",2.11545991897583
"CI","2026-03-05T05:00:00.000000",2.12212920188904
"CI","2026-03-05T06:00:00.000000",2.10984182357788
"CI","2026-03-05T07:00:00.000000",2.04578471183777
"CI","2026-03-05T08:00:00.000000",1.97329688072205
"CI","2026-03-05T09:00:00.000000",1.9096919298172
"CI","2026-03-05T10:00:00.000000",1.87129950523376
"CI","2026-03-05T11:00:00.000000",1.83791899681091
"CI","2026-03-05T12:00:00.000000",1.83073449134827
"CI","2026-03-05T13:00:00.000000",1.90826308727264
"CI","2026-03-05T14:00:00.000000",2.00275492668152
"CI","2026-03-05T15:00:00.000000",2.08200216293335
"CI","2026-03-05T16:00:00.000000",2.11363291740417
"CI","2026-03-05T17:00:00.000000",2.12516617774963
"CI","2026-03-05T18:00:00.000000",2.12480616569519
"CI","2026-03-05T19:00:00.000000",2.09617352485657
"CI","2026-03-05T20:00:00.000000",2.03299117088318
"CI","2026-03-05T21:00:00.000000",1.97869217395782
"CI","2026-03-05T22:00:00.000000",1.92479383945465
"CI","2026-03-05T23:00:00.000000",1.88485598564148
"CI","2026-03-06T00:00:00.000000",1.85107827186584
"CI","2026-03-06T01:00:00.000000",1.9248685836792
"CI","2026-03-06T02:00:00.000000",1.98966979980469
"CI","2026-03-06T03:00:00.000000",2.09185457229614
"CI","2026-03-06T04:00:00.000000",2.14658689498901
"CI","2026-03-06T05:00:00.000000",2.1663498878479
"CI","2026-03-06T06:00:00.000000",2.16681146621704
"CI","2026-03-06T07:00:00.000000",2.15127873420715
"CI","2026-03-06T08:00:00.000000",2.05557131767273
"CI","2026-03-06T09:00:00.000000",2.01249504089355
"CI","2026-03-06T10:00:00.000000",1.97810018062592
"CI","2026-03-06T11:00:00.000000",1.9532835483551
"CI","2026-03-06T12:00:00.000000",1.90220987796783
"CI","2026-03-06T13:00:00.000000",1.93825840950012
"CI","2026-03-06T14:00:00.000000",2.00845885276794
"CI","2026-03-06T15:00:00.000000",2.1003577709198
"CI","2026-03-06T16:00:00.000000",2.17644619941711
"CI","2026-03-06T17:00:00.000000",2.21324181556702
"CI","2026-03-06T18:00:00.000000",2.2207350730896
"CI","2026-03-06T19:00:00.000000",2.21567559242249
"CI","2026-03-06T20:00:00.000000",2.12761187553406
"CI","2026-03-06T21:00:00.000000",2.08188438415527
"CI","2026-03-06T22:00:00.000000",2.03779983520508
"CI","2026-03-06T23:00:00.000000",2.01365566253662
"CI","2026-03-07T00:00:00.000000",1.98267316818237
"CI","2026-03-07T01:00:00.000000",1.98194515705109
"CI","2026-03-07T02:00:00.000000",2.05172228813171
"CI","2026-03-07T03:00:00.000000",2.1243371963501
"CI","2026-03-07T04:00:00.000000",2.20564150810242
"CI","2026-03-07T05:00:00.000000",2.24394178390503
"CI","2026-03-07T06:00:00.000000",2.25217890739441
"CI","2026-03-07T07:00:00.000000",2.25272631645203
"CI","2026-03-07T08:00:00.000000",2.19284272193909
"CI","2026-03-07T09:00:00.000000",2.1318302154541
"CI","2026-03-07T10:00:00.000000",2.08527493476868
"CI","2026-03-07T11:00:00.000000",2.05209374427795
"CI","2026-03-07T12:00:00.000000",2.01356029510498
"CI","2026-03-07T13:00:00.000000",1.98892915248871
"CI","2026-03-07T14:00:00.000000",2.03479647636414
"CI","2026-03-07T15:00:00.000000",2.09137988090515
"CI","2026-03-07T16:00:00.000000",2.16767597198486
"CI","2026-03-07T17:00:00.000000",2.2224235534668
"CI","2026-03-07T18:00:00.000000",2.25572204589844
"CI","2026-03-07T19:00:00.000000",2.26969265937805
"CI","2026-03-07T20:00:00.000000",2.25923204421997
"CI","2026-03-07T21:00:00.000000",2.18110704421997
"CI","2026-03-07T22:00:00.000000",2.14495968818665
"CI","2026-03-07T23:00:00.000000",2.10967087745667
"CI","2026-03-08T00:00:00.000000",2.08160257339478
"CI","2026-03-08T01:00:00.000000",2.05501389503479
"CI","2026-03-08T02:00:00.000000",2.09816527366638
"CI","2026-03-08T03:00:00.000000",2.16504883766174
"CI","2026-03-08T04:00:00.000000",2.22567820549011
"CI","2026-03-08T05:00:00.000000",2.24929308891296
"CI","2026-03-08T06:00:00.000000",2.25667905807495
"CI","2026-03-08T07:00:00.000000",2.25840473175049
"CI","2026-03-08T08:00:00.000000",2.25660848617554
"CI","2026-03-08T09:00:00.000000",2.21479201316833
"CI","2026-03-08T10:00:00.000000",2.177903175354
"CI","2026-03-08T11:00:00.000000",2.13546681404114
"CI","2026-03-08T12:00:00.000000",2.1015682220459
"CI","2026-03-08T13:00:00.000000",2.05789041519165
"CI","2026-03-08T14:00:00.000000",2.02355003356934
"CI","2026-03-08T15:00:00.000000",2.11335110664368
"CI","2026-03-08T16:00:00.000000",2.18473243713379
"CI","2026-03-08T17:00:00.000000",2.21899724006653
"CI","2026-03-08T18:00:00.000000",2.24036812782288
"CI","2026-03-08T19:00:00.000000",2.26305508613586
"CI","2026-03-08T20:00:00.000000",2.27767419815063
"CI","2026-03-08T21:00:00.000000",2.26105618476868
"CI","2026-03-08T22:00:00.000000",2.20826530456543
"CI","2026-03-08T23:00:00.000000",2.18392729759216
"CI","2026-03-09T00:00:00.000000",2.14877009391785
"CI","2026-03-09T01:00:00.000000",2.11852502822876
"CI","2026-03-09T02:00:00.000000",2.11526942253113
"CI","2026-03-09T03:00:00.000000",2.17575883865356
"CI","2026-03-09T04:00:00.000000",2.23244905471802
"CI","2026-03-09T05:00:00.000000",2.26097178459167
"CI","2026-03-09T06:00:00.000000",2.27019619941711
"CI","2026-03-09T07:00:00.000000",2.27598667144775
"CI","2026-03-09T08:00:00.000000",2.27667856216431
"CI","2026-03-09T09:00:00.000000",2.26322793960571
"CI","2026-03-09T10:00:00.000000",2.20794868469238
"CI","2026-03-09T11:00:00.000000",2.1863124370575
"CI","2026-03-09T12:00:00.000000",2.15752577781677
"CI","2026-03-09T13:00:00.000000",2.13329935073853
"CI","2026-03-09T14:00:00.000000",2.11534070968628
"CI","2026-03-09T15:00:00.000000",2.16337418556213
"CI","2026-03-09T16:00:00.000000",2.2230818271637
"CI","2026-03-09T17:00:00.000000",2.27218627929688
"CI","2026-03-09T18:00:00.000000",2.30322551727295
"CI","2026-03-09T19:00:00.000000",2.33038473129272
"CI","2026-03-09T20:00:00.000000",2.35833096504211
"CI","2026-03-09T21:00:00.000000",2.36249279975891
"CI","2026-03-09T22:00:00.000000",2.3206889629364
"CI","2026-03-09T23:00:00.000000",2.28112077713013
"CI","2026-03-10T00:00:00.000000",2.25574254989624
"CI","2026-03-10T01:00:00.000000",2.23023056983948
"CI","2026-03-10T02:00:00.000000",2.2132625579834
"CI","2026-03-10T03:00:00.000000",2.25860071182251
"CI","2026-03-10T04:00:00.000000",2.28724551200867
"CI","2026-03-10T05:00:00.000000",2.33184766769409
"CI","2026-03-10T06:00:00.000000",2.35565042495728
"CI","2026-03-10T07:00:00.000000",2.36069798469543
"CI","2026-03-10T08:00:00.000000",2.35987639427185
"CI","2026-03-10T09:00:00.000000",2.35888028144836
"CI","2026-03-10T10:00:00.000000",2.33982229232788
"CI","2026-03-10T11:00:00.000000",2.29249858856201
"CI","2026-03-10T12:00:00.000000",2.26432824134827
"CI","2026-03-10T13:00:00.000000",2.2362105846405
"CI","2026-03-10T14:00:00.000000",2.21541786193848
"CI","2026-03-10T15:00:00.000000",2.20211744308472
"CI","2026-03-10T16:00:00.000000",2.25798940658569
"CI","2026-03-10T17:00:00.000000",2.32431745529175
"CI","2026-03-10T18:00:00.000000",2.35652089118958
"CI","2026-03-10T19:00:00.000000",2.37730646133423
"CI","2026-03-10T20:00:00.000000",2.39464998245239
"CI","2026-03-10T21:00:00.000000",2.40581774711609
"CI","2026-03-10T22:00:00.000000",2.40381765365601
"CI","2026-03-10T23:00:00.000000",2.36799168586731
"CI","2026-03-11T00:00:00.000000",2.3380970954895
"CI","2026-03-11T01:00:00.000000",2.32149982452393
"CI","2026-03-11T02:00:00.000000",2.30613923072815
"CI","2026-03-11T03:00:00.000000",2.29583954811096
"CI","2026-03-11T04:00:00.000000",2.33893060684204
"CI","2026-03-11T05:00:00.000000",2.3677613735199
"CI","2026-03-11T06:00:00.000000",2.39151120185852
"CI","2026-03-11T07:00:00.000000",2.39872217178345
"CI","2026-03-11T08:00:00.000000",2.39976906776428
"CI","2026-03-11T09:00:00.000000",2.39972496032715
"CI","2026-03-11T10:00:00.000000",2.39957118034363
"CI","2026-03-11T11:00:00.000000",2.38276958465576
"CI","2026-03-11T12:00:00.000000",2.35167479515076
"CI","2026-03-11T13:00:00.000000",2.33566498756409
"CI","2026-03-11T14:00:00.000000",2.31564044952393
"CI","2026-03-11T15:00:00.000000",2.29751658439636
"CI","2026-03-11T16:00:00.000000",2.30341172218323
"CI","2026-03-11T17:00:00.000000",2.34537863731384
"CI","2026-03-11T18:00:00.000000",2.38977408409119
"CI","2026-03-11T19:00:00.000000",2.41663789749146
"CI","2026-03-11T20:00:00.000000",2.43059587478638
"CI","2026-03-11T21:00:00.000000",2.43671751022339
"CI","2026-03-11T22:00:00.000000",2.4435670375824
"CI","2026-03-11T23:00:00.000000",2.43752551078796
"CI","2026-03-12T00:00:00.000000",2.40912914276123
"CI","2026-03-12T01:00:00.000000",2.39200496673584
"CI","2026-03-12T02:00:00.000000",2.38676333427429
"CI","2026-03-12T03:00:00.000000",2.37523937225342
"CI","2026-03-12T04:00:00.000000",2.36395406723022
"CI","2026-03-12T05:00:00.000000",2.38984155654907
"CI","2026-03-12T06:00:00.000000",2.42817807197571
"CI","2026-03-12T07:00:00.000000",2.4478554725647
"CI","2026-03-12T08:00:00.000000",2.45338749885559
"CI","2026-03-12T09:00:00.000000",2.45571279525757
"CI","2026-03-12T10:00:00.000000",2.45757031440735
"CI","2026-03-12T11:00:00.000000",2.45373296737671
"CI","2026-03-12T12:00:00.000000",2.43353080749512
"CI","2026-03-12T13:00:00.000000",2.41562557220459
"CI","2026-03-12T14:00:00.000000",2.40392374992371
"CI","2026-03-12T15:00:00.000000",2.38561964035034
"CI","2026-03-12T16:00:00.000000",2.35567092895508
"CI","2026-03-12T17:00:00.000000",2.3629584312439
"CI","2026-03-12T18:00:00.000000",2.41000819206238
"CI","2026-03-12T19:00:00.000000",2.44683122634888
"CI","2026-03-12T20:00:00.000000",2.46283006668091
"CI","2026-03-12T21:00:00.000000",2.47268176078796
"CI","2026-03-12T22:00:00.000000",2.47725582122803
"CI","2026-03-12T23:00:00.000000",2.47694730758667
"CI","2026-03-13T00:00:00.000000",2.45800757408142
"DC","2026-03-05T00:00:00.000000",3.04750633239746
"DC","2026-03-05T01:00:00.000000",3.2442991733551
"DC","2026-03-05T02:00:00.000000",3.34789752960205
"DC","2026-03-05T03:00:00.000000",3.38824653625488
"DC","2026-03-05T04:00:00.000000",3.38976287841797
"DC","2026-03-05T05:00:00.000000",3.37687349319458
"DC","2026-03-05T06:00:00.000000",3.3484354019165
"DC","2026-03-05T07:00:00.000000",3.28664422035217
"DC","2026-03-05T08:00:00.000000",3.18564248085022
"DC","2026-03-05T09:00:00.000000",2.88674902915955
"DC","2026-03-05T10:00:00.000000",2.71750664710999
"DC","2026-03-05T11:00:00.000000",2.65839338302612
"DC","2026-03-05T12:00:00.000000",2.7938506603241
"DC","2026-03-05T13:00:00.000000",2.8733537197113
"DC","2026-03-05T14:00:00.000000",2.86301136016846
"DC","2026-03-05T15:00:00.000000",3.0237717628479
"DC","2026-03-05T16:00:00.000000",3.18278646469116
"DC","2026-03-05T17:00:00.000000",3.22110271453857
"DC","2026-03-05T18:00:00.000000",3.2385847568512
"DC","2026-03-05T19:00:00.000000",3.21865057945251
"DC","2026-03-05T20:00:00.000000",3.10361814498901
"DC","2026-03-05T21:00:00.000000",2.86921143531799
"DC","2026-03-05T22:00:00.000000",2.79127025604248
"DC","2026-03-05T23:00:00.000000",2.7752571105957
"DC","2026-03-06T00:00:00.000000",2.88311958312988
"DC","2026-03-06T01:00:00.000000",3.05376362800598
"DC","2026-03-06T02:00:00.000000",3.15908122062683
"DC","2026-03-06T03:00:00.000000",3.27548956871033
"DC","2026-03-06T04:00:00.000000",3.31746029853821
"DC","2026-03-06T05:00:00.000000",3.31536245346069
"DC","2026-03-06T06:00:00.000000",3.32344627380371
"DC","2026-03-06T07:00:00.000000",3.31667113304138
"DC","2026-03-06T08:00:00.000000",3.24265265464783
"DC","2026-03-06T09:00:00.000000",3.19903755187988
"DC","2026-03-06T10:00:00.000000",3.0877583026886
"DC","2026-03-06T11:00:00.000000",3.00473594665527
"DC","2026-03-06T12:00:00.000000",3.04262065887451
"DC","2026-03-06T13:00:00.000000",3.14722466468811
"DC","2026-03-06T14:00:00.000000",3.2694091796875
"DC","2026-03-06T15:00:00.000000",3.27535915374756
"DC","2026-03-06T16:00:00.000000",3.26182746887207
"DC","2026-03-06T17:00:00.000000",3.26529026031494
"DC","2026-03-06T18:00:00.000000",3.23435091972351
"DC","2026-03-06T19:00:00.000000",3.2301025390625
"DC","2026-03-06T20:00:00.000000",3.19105243682861
"DC","2026-03-06T21:00:00.000000",3.13517713546753
"DC","2026-03-06T22:00:00.000000",3.07584929466248
"DC","2026-03-06T23:00:00.000000",3.00597906112671
"DC","2026-03-07T00:00:00.000000",2.97973346710205
"DC","2026-03-07T01:00:00.000000",3.01490211486816
"DC","2026-03-07T02:00:00.000000",3.00554060935974
"DC","2026-03-07T03:00:00.000000",3.00754594802856
"DC","2026-03-07T04:00:00.000000",3.02954006195068
"DC","2026-03-07T05:00:00.000000",3.07343769073486
"DC","2026-03-07T06:00:00.000000",3.08293652534485
"DC","2026-03-07T07:00:00.000000",3.07216620445251
"DC","2026-03-07T08:00:00.000000",2.99890089035034
"DC","2026-03-07T09:00:00.000000",2.94714593887329
"DC","2026-03-07T10:00:00.000000",2.92986559867859
"DC","2026-03-07T11:00:00.000000",2.89729642868042
"DC","2026-03-07T12:00:00.000000",2.83671712875366
"DC","2026-03-07T13:00:00.000000",2.79634618759155
"DC","2026-03-07T14:00:00.000000",2.79634094238281
"DC","2026-03-07T15:00:00.000000",2.80679059028625
"DC","2026-03-07T16:00:00.000000",2.89896535873413
"DC","2026-03-07T17:00:00.000000",3.07950592041016
"DC","2026-03-07T18:00:00.000000",3.22445225715637
"DC","2026-03-07T19:00:00.000000",3.32179379463196
"DC","2026-03-07T20:00:00.000000",3.36584043502808
"DC","2026-03-07T21:00:00.000000",3.39068484306335
"DC","2026-03-07T22:00:00.000000",3.4071216583252
"DC","2026-03-07T23:00:00.000000",3.41407489776611
"DC","2026-03-08T00:00:00.000000",3.24090838432312
"DC","2026-03-08T01:00:00.000000",3.08777976036072
"DC","2026-03-08T02:00:00.000000",3.13934206962585
"DC","2026-03-08T03:00:00.000000",3.14381289482117
"DC","2026-03-08T04:00:00.000000",3.10817241668701
"DC","2026-03-08T05:00:00.000000",3.13595795631409
"DC","2026-03-08T06:00:00.000000",3.22374987602234
"DC","2026-03-08T07:00:00.000000",3.29954814910889
"DC","2026-03-08T08:00:00.000000",3.34458994865417
"DC","2026-03-08T09:00:00.000000",3.36293768882751
"DC","2026-03-08T10:00:00.000000",3.38150906562805
"DC","2026-03-08T11:00:00.000000",3.40106892585754
"DC","2026-03-08T12:00:00.000000",3.23780035972595
"DC","2026-03-08T13:00:00.000000",3.07434964179993
"DC","2026-03-08T14:00:00.000000",3.18884110450745
"DC","2026-03-08T15:00:00.000000",3.26305079460144
"DC","2026-03-08T16:00:00.000000",3.2942271232605
"DC","2026-03-08T17:00:00.000000",3.30308866500854
"DC","2026-03-08T18:00:00.000000",3.3271427154541
"DC","2026-03-08T19:00:00.000000",3.35411381721497
"DC","2026-03-08T20:00:00.000000",3.36615037918091
"DC","2026-03-08T21:00:00.000000",3.36958432197571
"DC","2026-03-08T22:00:00.000000",3.34976863861084
"DC","2026-03-08T23:00:00.000000",3.31227684020996
"DC","2026-03-09T00:00:00.000000",3.17690300941467
"DC","2026-03-09T01:00:00.000000",3.17090249061584
"DC","2026-03-09T02:00:00.000000",3.22522020339966
"DC","2026-03-09T03:00:00.000000",3.35109090805054
"DC","2026-03-09T04:00:00.000000",3.44174766540527
"DC","2026-03-09T05:00:00.000000",3.49138069152832
"DC","2026-03-09T06:00:00.000000",3.51795816421509
"DC","2026-03-09T07:00:00.000000",3.53263378143311
"DC","2026-03-09T08:00:00.000000",3.5395302772522
"DC","2026-03-09T09:00:00.000000",3.54392719268799
"DC","2026-03-09T10:00:00.000000",3.5455207824707
"DC","2026-03-09T11:00:00.000000",3.54577493667603
"DC","2026-03-09T12:00:00.000000",3.54565286636353
"DC","2026-03-09T13:00:00.000000",3.52159261703491
"DC","2026-03-09T14:00:00.000000",3.45873641967773
"DC","2026-03-09T15:00:00.000000",3.42538499832153
"DC","2026-03-09T16:00:00.000000",3.435063123703
"DC","2026-03-09T17:00:00.000000",3.50170183181763
"DC","2026-03-09T18:00:00.000000",3.59885907173157
"DC","2026-03-09T19:00:00.000000",3.63376092910767
"DC","2026-03-09T20:00:00.000000",3.63763952255249
"DC","2026-03-09T21:00:00.000000",3.64197087287903
"DC","2026-03-09T22:00:00.000000",3.64282536506653
"DC","2026-03-09T23:00:00.000000",3.63731598854065
"DC","2026-03-10T00:00:00.000000",3.63055515289307
"DC","2026-03-10T01:00:00.000000",3.62058544158936
"DC","2026-03-10T02:00:00.000000",3.56577658653259
"DC","2026-03-10T03:00:00.000000",3.50743722915649
"DC","2026-03-10T04:00:00.000000",3.50645971298218
"DC","2026-03-10T05:00:00.000000",3.51988959312439
"DC","2026-03-10T06:00:00.000000",3.52493071556091
"DC","2026-03-10T07:00:00.000000",3.52521800994873
"DC","2026-03-10T08:00:00.000000",3.52182865142822
"DC","2026-03-10T09:00:00.000000",3.52194952964783
"DC","2026-03-10T10:00:00.000000",3.52665376663208
"DC","2026-03-10T11:00:00.000000",3.52809858322144
"DC","2026-03-10T12:00:00.000000",3.52435088157654
"DC","2026-03-10T13:00:00.000000",3.51365542411804
"DC","2026-03-10T14:00:00.000000",3.49137282371521
"DC","2026-03-10T15:00:00.000000",3.46847438812256
"DC","2026-03-10T16:00:00.000000",3.42821598052979
"DC","2026-03-10T17:00:00.000000",3.40356421470642
"DC","2026-03-10T18:00:00.000000",3.43400955200195
"DC","2026-03-10T19:00:00.000000",3.48580861091614
"DC","2026-03-10T20:00:00.000000",3.51668906211853
"DC","2026-03-10T21:00:00.000000",3.53888130187988
"DC","2026-03-10T22:00:00.000000",3.54795694351196
"DC","2026-03-10T23:00:00.000000",3.55404305458069
"DC","2026-03-11T00:00:00.000000",3.55796647071838
"DC","2026-03-11T01:00:00.000000",3.56477236747742
"DC","2026-03-11T02:00:00.000000",3.57073140144348
"DC","2026-03-11T03:00:00.000000",3.56481885910034
"DC","2026-03-11T04:00:00.000000",3.58522462844849
"DC","2026-03-11T05:00:00.000000",3.61999034881592
"DC","2026-03-11T06:00:00.000000",3.63991832733154
"DC","2026-03-11T07:00:00.000000",3.63831067085266
"DC","2026-03-11T08:00:00.000000",3.62003135681152
"DC","2026-03-11T09:00:00.000000",3.60663676261902
"DC","2026-03-11T10:00:00.000000",3.60071802139282
"DC","2026-03-11T11:00:00.000000",3.59031391143799
"DC","2026-03-11T12:00:00.000000",3.57711696624756
"DC","2026-03-11T13:00:00.000000",3.56111717224121
"DC","2026-03-11T14:00:00.000000",3.54136180877686
"DC","2026-03-11T15:00:00.000000",3.54201602935791
"DC","2026-03-11T16:00:00.000000",3.56253957748413
"DC","2026-03-11T17:00:00.000000",3.56169581413269
"DC","2026-03-11T18:00:00.000000",3.5198335647583
"DC","2026-03-11T19:00:00.000000",3.46034383773804
"DC","2026-03-11T20:00:00.000000",3.46986126899719
"DC","2026-03-11T21:00:00.000000",3.47898697853088
"DC","2026-03-11T22:00:00.000000",3.48705863952637
"DC","2026-03-11T23:00:00.000000",3.49156427383423
"DC","2026-03-12T00:00:00.000000",3.49272751808167
"DC","2026-03-12T01:00:00.000000",3.4854588508606
"DC","2026-03-12T02:00:00.000000",3.46667051315308
"DC","2026-03-12T03:00:00.000000",3.44608783721924
"DC","2026-03-12T04:00:00.000000",3.43714761734009
"DC","2026-03-12T05:00:00.000000",3.45755743980408
"DC","2026-03-12T06:00:00.000000",3.47445750236511
"DC","2026-03-12T07:00:00.000000",3.47620224952698
"DC","2026-03-12T08:00:00.000000",3.5176465511322
"DC","2026-03-12T09:00:00.000000",3.60045790672302
"DC","2026-03-12T10:00:00.000000",3.64817881584167
"DC","2026-03-12T11:00:00.000000",3.67637014389038
"DC","2026-03-12T12:00:00.000000",3.69308590888977
"DC","2026-03-12T13:00:00.000000",3.7040650844574
"DC","2026-03-12T14:00:00.000000",3.71493768692017
"DC","2026-03-12T15:00:00.000000",3.71038556098938
"DC","2026-03-12T16:00:00.000000",3.69466924667358
"DC","2026-03-12T17:00:00.000000",3.70987153053284
"DC","2026-03-12T18:00:00.000000",3.74087476730347
"DC","2026-03-12T19:00:00.000000",3.76242828369141
"DC","2026-03-12T20:00:00.000000",3.7736759185791
"DC","2026-03-12T21:00:00.000000",3.7770140171051
"DC","2026-03-12T22:00:00.000000",3.68446254730225
"DC","2026-03-12T23:00:00.000000",3.64006447792053
"DC","2026-03-13T00:00:00.000000",3.64012408256531
"LH","2026-03-05T00:00:00.000000",2.44132924079895
"LH","2026-03-05T01:00:00.000000",2.41419291496277
"LH","2026-03-05T02:00:00.000000",2.38277387619019
"LH","2026-03-05T03:00:00.000000",2.36342144012451
"LH","2026-03-05T04:00:00.000000",2.3572781085968
"LH","2026-03-05T05:00:00.000000",2.35763502120972
"LH","2026-03-05T06:00:00.000000",2.35798311233521
"LH","2026-03-05T07:00:00.000000",2.35819530487061
"LH","2026-03-05T08:00:00.000000",2.35920691490173
"LH","2026-03-05T09:00:00.000000",2.35976839065552
"LH","2026-03-05T10:00:00.000000",2.38545346260071
"LH","2026-03-05T11:00:00.000000",2.41344785690308
"LH","2026-03-05T12:00:00.000000",2.40979266166687
"LH","2026-03-05T13:00:00.000000",2.38890147209167
"LH","2026-03-05T14:00:00.000000",2.3655846118927
"LH","2026-03-05T15:00:00.000000",2.34979009628296
"LH","2026-03-05T16:00:00.000000",2.34165143966675
"LH","2026-03-05T17:00:00.000000",2.33849334716797
"LH","2026-03-05T18:00:00.000000",2.34004902839661
"LH","2026-03-05T19:00:00.000000",2.34169220924377
"LH","2026-03-05T20:00:00.000000",2.34149026870728
"LH","2026-03-05T21:00:00.000000",2.34555649757385
"LH","2026-03-05T22:00:00.000000",2.35646533966064
"LH","2026-03-05T23:00:00.000000",2.37824511528015
"LH","2026-03-06T00:00:00.000000",2.37520456314087
"LH","2026-03-06T01:00:00.000000",2.36225509643555
"LH","2026-03-06T02:00:00.000000",2.34673428535461
"LH","2026-03-06T03:00:00.000000",2.32550239562988
"LH","2026-03-06T04:00:00.000000",2.30138993263245
"LH","2026-03-06T05:00:00.000000",2.2823691368103
"LH","2026-03-06T06:00:00.000000",2.27676248550415
"LH","2026-03-06T07:00:00.000000",2.27649998664856
"LH","2026-03-06T08:00:00.000000",2.27869439125061
"LH","2026-03-06T09:00:00.000000",2.28845024108887
"LH","2026-03-06T10:00:00.000000",2.29759550094604
"LH","2026-03-06T11:00:00.000000",2.307621717453
"LH","2026-03-06T12:00:00.000000",2.30859398841858
"LH","2026-03-06T13:00:00.000000",2.28647089004517
"LH","2026-03-06T14:00:00.000000",2.25176429748535
"LH","2026-03-06T15:00:00.000000",2.22389817237854
"LH","2026-03-06T16:00:00.000000",2.20144271850586
"LH","2026-03-06T17:00:00.000000",2.18079590797424
"LH","2026-03-06T18:00:00.000000",2.17148208618164
"LH","2026-03-06T19:00:00.000000",2.16843700408936
"LH","2026-03-06T20:00:00.000000",2.16872572898865
"LH","2026-03-06T21:00:00.000000",2.17199730873108
"LH","2026-03-06T22:00:00.000000",2.18079781532288
"LH","2026-03-06T23:00:00.000000",2.20212531089783
"LH","2026-03-07T00:00:00.000000",2.20980954170227
"LH","2026-03-07T01:00:00.000000",2.20548057556152
"LH","2026-03-07T02:00:00.000000",2.19930076599121
"LH","2026-03-07T03:00:00.000000",2.18210959434509
"LH","2026-03-07T04:00:00.000000",2.15924024581909
"LH","2026-03-07T05:00:00.000000",2.13924717903137
"LH","2026-03-07T06:00:00.000000",2.13331842422485
"LH","2026-03-07T07:00:00.000000",2.1313579082489
"LH","2026-03-07T08:00:00.000000",2.132493019104
"LH","2026-03-07T09:00:00.000000",2.14305353164673
"LH","2026-03-07T10:00:00.000000",2.16277623176575
"LH","2026-03-07T11:00:00.000000",2.1938841342926
"LH","2026-03-07T12:00:00.000000",2.23925042152405
"LH","2026-03-07T13:00:00.000000",2.23929834365845
"LH","2026-03-07T14:00:00.000000",2.21206617355347
"LH","2026-03-07T15:00:00.000000",2.17950010299683
"LH","2026-03-07T16:00:00.000000",2.15716218948364
"LH","2026-03-07T17:00:00.000000",2.1424572467804
"LH","2026-03-07T18:00:00.000000",2.13602995872498
"LH","2026-03-07T19:00:00.000000",2.13413214683533
"LH","2026-03-07T20:00:00.000000",2.13421487808228
"LH","2026-03-07T21:00:00.000000",2.13779735565186
"LH","2026-03-07T22:00:00.000000",2.14943361282349
"LH","2026-03-07T23:00:00.000000",2.16843676567078
"LH","2026-03-08T00:00:00.000000",2.19656205177307
"LH","2026-03-08T01:00:00.000000",2.19642114639282
"LH","2026-03-08T02:00:00.000000",2.18913888931274
"LH","2026-03-08T03:00:00.000000",2.17738342285156
"LH","2026-03-08T04:00:00.000000",2.16215419769287
"LH","2026-03-08T05:00:00.000000",2.15187764167786
"LH","2026-03-08T06:00:00.000000",2.14527773857117
"LH","2026-03-08T07:00:00.000000",2.14268732070923
"LH","2026-03-08T08:00:00.000000",2.14156484603882
"LH","2026-03-08T09:00:00.000000",2.14470386505127
"LH","2026-03-08T10:00:00.000000",2.15634632110596
"LH","2026-03-08T11:00:00.000000",2.17827033996582
"LH","2026-03-08T12:00:00.000000",2.22092366218567
"LH","2026-03-08T13:00:00.000000",2.24858713150024
"LH","2026-03-08T14:00:00.000000",2.23525500297546
"LH","2026-03-08T15:00:00.000000",2.21553754806519
"LH","2026-03-08T16:00:00.000000",2.20472764968872
"LH","2026-03-08T17:00:00.000000",2.19610285758972
"LH","2026-03-08T18:00:00.000000",2.19211769104004
"LH","2026-03-08T19:00:00.000000",2.18951272964478
"LH","2026-03-08T20:00:00.000000",2.18848204612732
"LH","2026-03-08T21:00:00.000000",2.19011831283569
"LH","2026-03-08T22:00:00.000000",2.19603514671326
"LH","2026-03-08T23:00:00.000000",2.20119786262512
"LH","2026-03-09T00:00:00.000000",2.21160888671875
"LH","2026-03-09T01:00:00.000000",2.22655439376831
"LH","2026-03-09T02:00:00.000000",2.22615671157837
"LH","2026-03-09T03:00:00.000000",2.22490072250366
"LH","2026-03-09T04:00:00.000000",2.21994543075562
"LH","2026-03-09T05:00:00.000000",2.2111508846283
"LH","2026-03-09T06:00:00.000000",2.20196461677551
"LH","2026-03-09T07:00:00.000000",2.19488763809204
"LH","2026-03-09T08:00:00.000000",2.19138860702515
"LH","2026-03-09T09:00:00.000000",2.19209814071655
"LH","2026-03-09T10:00:00.000000",2.19775986671448
"LH","2026-03-09T11:00:00.000000",2.20502614974976
"LH","2026-03-09T12:00:00.000000",2.21889877319336
"LH","2026-03-09T13:00:00.000000",2.23875522613525
"LH","2026-03-09T14:00:00.000000",2.24451065063477
"LH","2026-03-09T15:00:00.000000",2.24257254600525
"LH","2026-03-09T16:00:00.000000",2.24665904045105
"LH","2026-03-09T17:00:00.000000",2.24470162391663
"LH","2026-03-09T18:00:00.000000",2.24423456192017
"LH","2026-03-09T19:00:00.000000",2.24554920196533
"LH","2026-03-09T20:00:00.000000",2.24755144119263
"LH","2026-03-09T21:00:00.000000",2.25083351135254
"LH","2026-03-09T22:00:00.000000",2.25851678848267
"LH","2026-03-09T23:00:00.000000",2.26731061935425
"LH","2026-03-10T00:00:00.000000",2.26994585990906
"LH","2026-03-10T01:00:00.000000",2.27503633499146
"LH","2026-03-10T02:00:00.000000",2.27962827682495
"LH","2026-03-10T03:00:00.000000",2.27991700172424
"LH","2026-03-10T04:00:00.000000",2.28184080123901
"LH","2026-03-10T05:00:00.000000",2.28092479705811
"LH","2026-03-10T06:00:00.000000",2.27844071388245
"LH","2026-03-10T07:00:00.000000",2.2750506401062
"LH","2026-03-10T08:00:00.000000",2.27242040634155
"LH","2026-03-10T09:00:00.000000",2.27067279815674
"LH","2026-03-10T10:00:00.000000",2.27109575271606
"LH","2026-03-10T11:00:00.000000",2.27352499961853
"LH","2026-03-10T12:00:00.000000",2.27660465240479
"LH","2026-03-10T13:00:00.000000",2.28324866294861
"LH","2026-03-10T14:00:00.000000",2.29137182235718
"LH","2026-03-10T15:00:00.000000",2.29599022865295
"LH","2026-03-10T16:00:00.000000",2.29813981056213
"LH","2026-03-10T17:00:00.000000",2.30071616172791
"LH","2026-03-10T18:00:00.000000",2.29983472824097
"LH","2026-03-10T19:00:00.000000",2.29893374443054
"LH","2026-03-10T20:00:00.000000",2.30114054679871
"LH","2026-03-10T21:00:00.000000",2.3030424118042
"LH","2026-03-10T22:00:00.000000",2.30429100990295
"LH","2026-03-10T23:00:00.000000",2.30592656135559
"LH","2026-03-11T00:00:00.000000",2.30709981918335
"LH","2026-03-11T01:00:00.000000",2.30925726890564
"LH","2026-03-11T02:00:00.000000",2.31262540817261
"LH","2026-03-11T03:00:00.000000",2.31598305702209
"LH","2026-03-11T04:00:00.000000",2.31824636459351
"LH","2026-03-11T05:00:00.000000",2.31923580169678
"LH","2026-03-11T06:00:00.000000",2.31635117530823
"LH","2026-03-11T07:00:00.000000",2.31333518028259
"LH","2026-03-11T08:00:00.000000",2.31111669540405
"LH","2026-03-11T09:00:00.000000",2.31011772155762
"LH","2026-03-11T10:00:00.000000",2.30967259407043
"LH","2026-03-11T11:00:00.000000",2.30985116958618
"LH","2026-03-11T12:00:00.000000",2.31046056747437
"LH","2026-03-11T13:00:00.000000",2.31159257888794
"LH","2026-03-11T14:00:00.000000",2.31403732299805
"LH","2026-03-11T15:00:00.000000",2.31742334365845
"LH","2026-03-11T16:00:00.000000",2.31787633895874
"LH","2026-03-11T17:00:00.000000",2.31045603752136
"LH","2026-03-11T18:00:00.000000",2.30664992332458
"LH","2026-03-11T19:00:00.000000",2.30855250358582
"LH","2026-03-11T20:00:00.000000",2.31224513053894
"LH","2026-03-11T21:00:00.000000",2.31639528274536
"LH","2026-03-11T22:00:00.000000",2.31936550140381
"LH","2026-03-11T23:00:00.000000",2.32100796699524
"LH","2026-03-12T00:00:00.000000",2.32229495048523
"LH","2026-03-12T01:00:00.000000",2.32314419746399
"LH","2026-03-12T02:00:00.000000",2.3239803314209
"LH","2026-03-12T03:00:00.000000",2.32512736320496
"LH","2026-03-12T04:00:00.000000",2.3266932964325
"LH","2026-03-12T05:00:00.000000",2.32797193527222
"LH","2026-03-12T06:00:00.000000",2.32893419265747
"LH","2026-03-12T07:00:00.000000",2.32996916770935
"LH","2026-03-12T08:00:00.000000",2.33087754249573
"LH","2026-03-12T09:00:00.000000",2.33190298080444
"LH","2026-03-12T10:00:00.000000",2.33292937278748
"LH","2026-03-12T11:00:00.000000",2.33434104919434
"LH","2026-03-12T12:00:00.000000",2.33579516410828
"LH","2026-03-12T13:00:00.000000",2.33718395233154
"LH","2026-03-12T14:00:00.000000",2.33881592750549
"LH","2026-03-12T15:00:00.000000",2.34114217758179
"LH","2026-03-12T16:00:00.000000",2.34335613250732
"LH","2026-03-12T17:00:00.000000",2.3443717956543
"LH","2026-03-12T18:00:00.000000",2.3444721698761
"LH","2026-03-12T19:00:00.000000",2.34591126441956
"LH","2026-03-12T20:00:00.000000",2.34862208366394
"LH","2026-03-12T21:00:00.000000",2.35401463508606
"LH","2026-03-12T22:00:00.000000",2.35749745368958
"LH","2026-03-12T23:00:00.000000",2.36197280883789
"LH","2026-03-13T00:00:00.000000",2.36710166931152
"NB","2026-03-05T00:00:00.000000",2.78906083106995
"NB","2026-03-05T01:00:00.000000",2.79311680793762
"NB","2026-03-05T02:00:00.000000",2.79600834846497
"NB","2026-03-05T03:00:00.000000",2.79873108863831
"NB","2026-03-05T04:00:00.000000",2.80189871788025
"NB","2026-03-05T05:00:00.000000",2.80583930015564
"NB","2026-03-05T06:00:00.000000",2.80844402313232
"NB","2026-03-05T07:00:00.000000",2.80798292160034
"NB","2026-03-05T08:00:00.000000",2.79778718948364
"NB","2026-03-05T09:00:00.000000",2.78080725669861
"NB","2026-03-05T10:00:00.000000",2.76047897338867
"NB","2026-03-05T11:00:00.000000",2.75292062759399
"NB","2026-03-05T12:00:00.000000",2.7528440952301
"NB","2026-03-05T13:00:00.000000",2.75644779205322
"NB","2026-03-05T14:00:00.000000",2.76146721839905
"NB","2026-03-05T15:00:00.000000",2.76612210273743
"NB","2026-03-05T16:00:00.000000",2.77254271507263
"NB","2026-03-05T17:00:00.000000",2.7804639339447
"NB","2026-03-05T18:00:00.000000",2.79080557823181
"NB","2026-03-05T19:00:00.000000",2.79555344581604
"NB","2026-03-05T20:00:00.000000",2.79613184928894
"NB","2026-03-05T21:00:00.000000",2.79426550865173
"NB","2026-03-05T22:00:00.000000",2.79137492179871
"NB","2026-03-05T23:00:00.000000",2.79272675514221
"NB","2026-03-06T00:00:00.000000",2.79854583740234
"NB","2026-03-06T01:00:00.000000",2.80776143074036
"NB","2026-03-06T02:00:00.000000",2.81755638122559
"NB","2026-03-06T03:00:00.000000",2.82589483261108
"NB","2026-03-06T04:00:00.000000",2.83167386054993
"NB","2026-03-06T05:00:00.000000",2.83392119407654
"NB","2026-03-06T06:00:00.000000",2.83448719978333
"NB","2026-03-06T07:00:00.000000",2.83420920372009
"NB","2026-03-06T08:00:00.000000",2.83262491226196
"NB","2026-03-06T09:00:00.000000",2.82942819595337
"NB","2026-03-06T10:00:00.000000",2.82072281837463
"NB","2026-03-06T11:00:00.000000",2.81223058700562
"NB","2026-03-06T12:00:00.000000",2.80475926399231
"NB","2026-03-06T13:00:00.000000",2.80061769485474
"NB","2026-03-06T14:00:00.000000",2.79968547821045
"NB","2026-03-06T15:00:00.000000",2.79894280433655
"NB","2026-03-06T16:00:00.000000",2.7974226474762
"NB","2026-03-06T17:00:00.000000",2.79642081260681
"NB","2026-03-06T18:00:00.000000",2.79521536827087
"NB","2026-03-06T19:00:00.000000",2.79451704025269
"NB","2026-03-06T20:00:00.000000",2.79366135597229
"NB","2026-03-06T21:00:00.000000",2.79110360145569
"NB","2026-03-06T22:00:00.000000",2.78448820114136
"NB","2026-03-06T23:00:00.000000",2.77274131774902
"NB","2026-03-07T00:00:00.000000",2.76394462585449
"NB","2026-03-07T01:00:00.000000",2.7591187953949
"NB","2026-03-07T02:00:00.000000",2.7550892829895
"NB","2026-03-07T03:00:00.000000",2.7521595954895
"NB","2026-03-07T04:00:00.000000",2.74938488006592
"NB","2026-03-07T05:00:00.000000",2.74968481063843
"NB","2026-03-07T06:00:00.000000",2.7546968460083
"NB","2026-03-07T07:00:00.000000",2.76726818084717
"NB","2026-03-07T08:00:00.000000",2.78350877761841
"NB","2026-03-07T09:00:00.000000",2.79888772964478
"NB","2026-03-07T10:00:00.000000",2.81079339981079
"NB","2026-03-07T11:00:00.000000",2.8134491443634
"NB","2026-03-07T12:00:00.000000",2.80903553962708
"NB","2026-03-07T13:00:00.000000",2.79955101013184
"NB","2026-03-07T14:00:00.000000",2.79132509231567
"NB","2026-03-07T15:00:00.000000",2.78568935394287
"NB","2026-03-07T16:00:00.000000",2.78910756111145
"NB","2026-03-07T17:00:00.000000",2.79707431793213
"NB","2026-03-07T18:00:00.000000",2.80840277671814
"NB","2026-03-07T19:00:00.000000",2.82286643981934
"NB","2026-03-07T20:00:00.000000",2.84679937362671
"NB","2026-03-07T21:00:00.000000",2.88397240638733
"NB","2026-03-07T22:00:00.000000",2.89297819137573
"NB","2026-03-07T23:00:00.000000",2.89664554595947
"NB","2026-03-08T00:00:00.000000",2.89820551872253
"NB","2026-03-08T01:00:00.000000",2.90153670310974
"NB","2026-03-08T02:00:00.000000",2.90623044967651
"NB","2026-03-08T03:00:00.000000",2.91353154182434
"NB","2026-03-08T04:00:00.000000",2.91829824447632
"NB","2026-03-08T05:00:00.000000",2.91926884651184
"NB","2026-03-08T06:00:00.000000",2.91924643516541
"NB","2026-03-08T07:00:00.000000",2.91922807693481
"NB","2026-03-08T08:00:00.000000",2.91925692558289
"NB","2026-03-08T09:00:00.000000",2.91936039924622
"NB","2026-03-08T10:00:00.000000",2.92049622535706
"NB","2026-03-08T11:00:00.000000",2.92242789268494
"NB","2026-03-08T12:00:00.000000",2.92513561248779
"NB","2026-03-08T13:00:00.000000",2.92855787277222
"NB","2026-03-08T14:00:00.000000",2.9334397315979
"NB","2026-03-08T15:00:00.000000",2.93957710266113
"NB","2026-03-08T16:00:00.000000",2.94609832763672
"NB","2026-03-08T17:00:00.000000",2.95349931716919
"NB","2026-03-08T18:00:00.000000",2.96207785606384
"NB","2026-03-08T19:00:00.000000",2.97096347808838
"NB","2026-03-08T20:00:00.000000",2.97826766967773
"NB","2026-03-08T21:00:00.000000",2.98026156425476
"NB","2026-03-08T22:00:00.000000",2.97447466850281
"NB","2026-03-08T23:00:00.000000",2.96081304550171
"NB","2026-03-09T00:00:00.000000",2.94496250152588
"NB","2026-03-09T01:00:00.000000",2.92641067504883
"NB","2026-03-09T02:00:00.000000",2.90350008010864
"NB","2026-03-09T03:00:00.000000",2.87779569625854
"NB","2026-03-09T04:00:00.000000",2.85554480552673
"NB","2026-03-09T05:00:00.000000",2.84331107139587
"NB","2026-03-09T06:00:00.000000",2.8396532535553
"NB","2026-03-09T07:00:00.000000",2.84099125862122
"NB","2026-03-09T08:00:00.000000",2.84379029273987
"NB","2026-03-09T09:00:00.000000",2.84595656394958
"NB","2026-03-09T10:00:00.000000",2.84966158866882
"NB","2026-03-09T11:00:00.000000",2.85694050788879
"NB","2026-03-09T12:00:00.000000",2.86494612693787
"NB","2026-03-09T13:00:00.000000",2.86916780471802
"NB","2026-03-09T14:00:00.000000",2.86543869972229
"NB","2026-03-09T15:00:00.000000",2.8564248085022
"NB","2026-03-09T16:00:00.000000",2.84543013572693
"NB","2026-03-09T17:00:00.000000",2.84160685539246
"NB","2026-03-09T18:00:00.000000",2.85589408874512
"NB","2026-03-09T19:00:00.000000",2.88298082351685
"NB","2026-03-09T20:00:00.000000",2.90496730804443
"NB","2026-03-09T21:00:00.000000",2.97361302375793
"NB","2026-03-09T22:00:00.000000",2.98825073242188
"NB","2026-03-09T23:00:00.000000",2.99607300758362
"NB","2026-03-10T00:00:00.000000",3.00194096565247
"NB","2026-03-10T01:00:00.000000",3.0083179473877
"NB","2026-03-10T02:00:00.000000",3.01111340522766
"NB","2026-03-10T03:00:00.000000",3.00838279724121
"NB","2026-03-10T04:00:00.000000",2.99962472915649
"NB","2026-03-10T05:00:00.000000",2.99136972427368
"NB","2026-03-10T06:00:00.000000",2.9832227230072
"NB","2026-03-10T07:00:00.000000",2.97434139251709
"NB","2026-03-10T08:00:00.000000",2.96558022499084
"NB","2026-03-10T09:00:00.000000",2.95818591117859
"NB","2026-03-10T10:00:00.000000",2.95265960693359
"NB","2026-03-10T11:00:00.000000",2.94922375679016
"NB","2026-03-10T12:00:00.000000",2.95048260688782
"NB","2026-03-10T13:00:00.000000",2.95309638977051
"NB","2026-03-10T14:00:00.000000",2.95600986480713
"NB","2026-03-10T15:00:00.000000",2.95796990394592
"NB","2026-03-10T16:00:00.000000",2.9580819606781
"NB","2026-03-10T17:00:00.000000",2.95682239532471
"NB","2026-03-10T18:00:00.000000",2.95421528816223
"NB","2026-03-10T19:00:00.000000",2.95027184486389
"NB","2026-03-10T20:00:00.000000",2.94533920288086
"NB","2026-03-10T21:00:00.000000",2.93990468978882
"NB","2026-03-10T22:00:00.000000",2.93586730957031
"NB","2026-03-10T23:00:00.000000",2.93299961090088
"NB","2026-03-11T00:00:00.000000",2.92937064170837
"NB","2026-03-11T01:00:00.000000",2.92747759819031
"NB","2026-03-11T02:00:00.000000",2.927814245224
"NB","2026-03-11T03:00:00.000000",2.92983770370483
"NB","2026-03-11T04:00:00.000000",2.93210315704346
"NB","2026-03-11T05:00:00.000000",2.93651700019836
"NB","2026-03-11T06:00:00.000000",2.9467179775238
"NB","2026-03-11T07:00:00.000000",2.96357178688049
"NB","2026-03-11T08:00:00.000000",2.98491978645325
"NB","2026-03-11T09:00:00.000000",3.00863146781921
"NB","2026-03-11T10:00:00.000000",3.02884483337402
"NB","2026-03-11T11:00:00.000000",3.04050540924072
"NB","2026-03-11T12:00:00.000000",3.04362607002258
"NB","2026-03-11T13:00:00.000000",3.02770137786865
"NB","2026-03-11T14:00:00.000000",3.00607681274414
"NB","2026-03-11T15:00:00.000000",2.98350381851196
"NB","2026-03-11T16:00:00.000000",2.96139860153198
"NB","2026-03-11T17:00:00.000000",2.93938875198364
"NB","2026-03-11T18:00:00.000000",2.91999006271362
"NB","2026-03-11T19:00:00.000000",2.90059328079224
"NB","2026-03-11T20:00:00.000000",2.88039875030518
"NB","2026-03-11T21:00:00.000000",2.85777974128723
"NB","2026-03-11T22:00:00.000000",2.83937215805054
"NB","2026-03-11T23:00:00.000000",2.82829260826111
"NB","2026-03-12T00:00:00.000000",2.82328486442566
"NB","2026-03-12T01:00:00.000000",2.82149362564087
"NB","2026-03-12T02:00:00.000000",2.82139039039612
"NB","2026-03-12T03:00:00.000000",2.8222188949585
"NB","2026-03-12T04:00:00.000000",2.82489895820618
"NB","2026-03-12T05:00:00.000000",2.82971882820129
"NB","2026-03-12T06:00:00.000000",2.83721137046814
"NB","2026-03-12T07:00:00.000000",2.849200963974
"NB","2026-03-12T08:00:00.000000",2.87572193145752
"NB","2026-03-12T09:00:00.000000",2.92144680023193
"NB","2026-03-12T10:00:00.000000",2.97102022171021
"NB","2026-03-12T11:00:00.000000",3.04295468330383
"NB","2026-03-12T12:00:00.000000",3.1104371547699
"NB","2026-03-12T13:00:00.000000",3.12057280540466
"NB","2026-03-12T14:00:00.000000",3.12806582450867
"NB","2026-03-12T15:00:00.000000",3.13549876213074
"NB","2026-03-12T16:00:00.000000",3.14273619651794
"NB","2026-03-12T17:00:00.000000",3.14930248260498
"NB","2026-03-12T18:00:00.000000",3.15531659126282
"NB","2026-03-12T19:00:00.000000",3.16092848777771
"NB","2026-03-12T20:00:00.000000",3.16672873497009
"NB","2026-03-12T21:00:00.000000",3.174067735672
"NB","2026-03-12T22:00:00.000000",3.18340373039246
"NB","2026-03-12T23:00:00.000000",3.19612669944763
"NB","2026-03-13T00:00:00.000000",3.21073007583618
"PC","2026-03-05T00:00:00.000000",1.93437254428864
"PC","2026-03-05T01:00:00.000000",1.94482636451721
"PC","2026-03-05T02:00:00.000000",1.94748687744141
"PC","2026-03-05T03:00:00.000000",1.93427729606628
"PC","2026-03-05T04:00:00.000000",1.93044376373291
"PC","2026-03-05T05:00:00.000000",1.93227481842041
"PC","2026-03-05T06:00:00.000000",1.93407905101776
"PC","2026-03-05T07:00:00.000000",1.93496644496918
"PC","2026-03-05T08:00:00.000000",1.93585991859436
"PC","2026-03-05T09:00:00.000000",1.93661916255951
"PC","2026-03-05T10:00:00.000000",1.93825852870941
"PC","2026-03-05T11:00:00.000000",1.94311237335205
"PC","2026-03-05T12:00:00.000000",1.94596028327942
"PC","2026-03-05T13:00:00.000000",1.95224225521088
"PC","2026-03-05T14:00:00.000000",1.96042680740356
"PC","2026-03-05T15:00:00.000000",1.96072602272034
"PC","2026-03-05T16:00:00.000000",1.96535611152649
"PC","2026-03-05T17:00:00.000000",1.96854305267334
"PC","2026-03-05T18:00:00.000000",1.97143530845642
"PC","2026-03-05T19:00:00.000000",1.97274315357208
"PC","2026-03-05T20:00:00.000000",1.97374320030212
"PC","2026-03-05T21:00:00.000000",1.97460663318634
"PC","2026-03-05T22:00:00.000000",1.97564661502838
"PC","2026-03-05T23:00:00.000000",1.9794979095459
"PC","2026-03-06T00:00:00.000000",1.98661804199219
"PC","2026-03-06T01:00:00.000000",1.99205899238586
"PC","2026-03-06T02:00:00.000000",1.99907779693604
"PC","2026-03-06T03:00:00.000000",2.00104331970215
"PC","2026-03-06T04:00:00.000000",2.00427293777466
"PC","2026-03-06T05:00:00.000000",2.00688457489014
"PC","2026-03-06T06:00:00.000000",2.00989055633545
"PC","2026-03-06T07:00:00.000000",2.01060605049133
"PC","2026-03-06T08:00:00.000000",2.01102590560913
"PC","2026-03-06T09:00:00.000000",2.01153516769409
"PC","2026-03-06T10:00:00.000000",2.01241040229797
"PC","2026-03-06T11:00:00.000000",2.0149519443512
"PC","2026-03-06T12:00:00.000000",2.02209544181824
"PC","2026-03-06T13:00:00.000000",2.02585077285767
"PC","2026-03-06T14:00:00.000000",2.02777600288391
"PC","2026-03-06T15:00:00.000000",2.03169989585876
"PC","2026-03-06T16:00:00.000000",2.03291463851929
"PC","2026-03-06T17:00:00.000000",2.03708028793335
"PC","2026-03-06T18:00:00.000000",2.04288673400879
"PC","2026-03-06T19:00:00.000000",2.04567193984985
"PC","2026-03-06T20:00:00.000000",2.04653596878052
"PC","2026-03-06T21:00:00.000000",2.04737424850464
"PC","2026-03-06T22:00:00.000000",2.04836201667786
"PC","2026-03-06T23:00:00.000000",2.05052089691162
"PC","2026-03-07T00:00:00.000000",2.05563688278198
"PC","2026-03-07T01:00:00.000000",2.05991625785828
"PC","2026-03-07T02:00:00.000000",2.06581902503967
"PC","2026-03-07T03:00:00.000000",2.07041597366333
"PC","2026-03-07T04:00:00.000000",2.07652950286865
"PC","2026-03-07T05:00:00.000000",2.07607364654541
"PC","2026-03-07T06:00:00.000000",2.0768346786499
"PC","2026-03-07T07:00:00.000000",2.07855916023254
"PC","2026-03-07T08:00:00.000000",2.07925581932068
"PC","2026-03-07T09:00:00.000000",2.07976889610291
"PC","2026-03-07T10:00:00.000000",2.08011722564697
"PC","2026-03-07T11:00:00.000000",2.08042407035828
"PC","2026-03-07T12:00:00.000000",2.08104872703552
"PC","2026-03-07T13:00:00.000000",2.08378601074219
"PC","2026-03-07T14:00:00.000000",2.09616947174072
"PC","2026-03-07T15:00:00.000000",2.10873031616211
"PC","2026-03-07T16:00:00.000000",2.1144917011261
"PC","2026-03-07T17:00:00.000000",2.11792898178101
"PC","2026-03-07T18:00:00.000000",2.1229395866394
"PC","2026-03-07T19:00:00.000000",2.12805652618408
"PC","2026-03-07T20:00:00.000000",2.13111257553101
"PC","2026-03-07T21:00:00.000000",2.13271141052246
"PC","2026-03-07T22:00:00.000000",2.13350105285645
"PC","2026-03-07T23:00:00.000000",2.13382458686829
"PC","2026-03-08T00:00:00.000000",2.134033203125
"PC","2026-03-08T01:00:00.000000",2.1342613697052
"PC","2026-03-08T02:00:00.000000",2.13631558418274
"PC","2026-03-08T03:00:00.000000",2.14318895339966
"PC","2026-03-08T04:00:00.000000",2.15447998046875
"PC","2026-03-08T05:00:00.000000",2.16255521774292
"PC","2026-03-08T06:00:00.000000",2.16772675514221
"PC","2026-03-08T07:00:00.000000",2.17200565338135
"PC","2026-03-08T08:00:00.000000",2.17610049247742
"PC","2026-03-08T09:00:00.000000",2.17665410041809
"PC","2026-03-08T10:00:00.000000",2.17476511001587
"PC","2026-03-08T11:00:00.000000",2.1725172996521
"PC","2026-03-08T12:00:00.000000",2.17134857177734
"PC","2026-03-08T13:00:00.000000",2.17118263244629
"PC","2026-03-08T14:00:00.000000",2.17178964614868
"PC","2026-03-08T15:00:00.000000",2.17542457580566
"PC","2026-03-08T16:00:00.000000",2.18748879432678
"PC","2026-03-08T17:00:00.000000",2.19790863990784
"PC","2026-03-08T18:00:00.000000",2.20487141609192
"PC","2026-03-08T19:00:00.000000",2.21465468406677
"PC","2026-03-08T20:00:00.000000",2.22478294372559
"PC","2026-03-08T21:00:00.000000",2.23041319847107
"PC","2026-03-08T22:00:00.000000",2.23170638084412
"PC","2026-03-08T23:00:00.000000",2.23101687431335
"PC","2026-03-09T00:00:00.000000",2.22924160957336
"PC","2026-03-09T01:00:00.000000",2.22848677635193
"PC","2026-03-09T02:00:00.000000",2.22821474075317
"PC","2026-03-09T03:00:00.000000",2.22941088676453
"PC","2026-03-09T04:00:00.000000",2.23675942420959
"PC","2026-03-09T05:00:00.000000",2.24554085731506
"PC","2026-03-09T06:00:00.000000",2.25021028518677
"PC","2026-03-09T07:00:00.000000",2.25276160240173
"PC","2026-03-09T08:00:00.000000",2.25480842590332
"PC","2026-03-09T09:00:00.000000",2.25601363182068
"PC","2026-03-09T10:00:00.000000",2.25602412223816
"PC","2026-03-09T11:00:00.000000",2.25581073760986
"PC","2026-03-09T12:00:00.000000",2.25566220283508
"PC","2026-03-09T13:00:00.000000",2.25596737861633
"PC","2026-03-09T14:00:00.000000",2.25742721557617
"PC","2026-03-09T15:00:00.000000",2.2604022026062
"PC","2026-03-09T16:00:00.000000",2.2665114402771
"PC","2026-03-09T17:00:00.000000",2.27594518661499
"PC","2026-03-09T18:00:00.000000",2.28452324867249
"PC","2026-03-09T19:00:00.000000",2.29173803329468
"PC","2026-03-09T20:00:00.000000",2.29875326156616
"PC","2026-03-09T21:00:00.000000",2.30332732200623
"PC","2026-03-09T22:00:00.000000",2.30543875694275
"PC","2026-03-09T23:00:00.000000",2.30601239204407
"PC","2026-03-10T00:00:00.000000",2.30616402626038
"PC","2026-03-10T01:00:00.000000",2.30632090568542
"PC","2026-03-10T02:00:00.000000",2.30663871765137
"PC","2026-03-10T03:00:00.000000",2.30748915672302
"PC","2026-03-10T04:00:00.000000",2.31005048751831
"PC","2026-03-10T05:00:00.000000",2.31480574607849
"PC","2026-03-10T06:00:00.000000",2.31776905059814
"PC","2026-03-10T07:00:00.000000",2.31933259963989
"PC","2026-03-10T08:00:00.000000",2.31998062133789
"PC","2026-03-10T09:00:00.000000",2.32040882110596
"PC","2026-03-10T10:00:00.000000",2.3204517364502
"PC","2026-03-10T11:00:00.000000",2.3201265335083
"PC","2026-03-10T12:00:00.000000",2.31983327865601
"PC","2026-03-10T13:00:00.000000",2.31999683380127
"PC","2026-03-10T14:00:00.000000",2.32076525688171
"PC","2026-03-10T15:00:00.000000",2.32271814346313
"PC","2026-03-10T16:00:00.000000",2.32647824287415
"PC","2026-03-10T17:00:00.000000",2.33327722549438
"PC","2026-03-10T18:00:00.000000",2.34046459197998
"PC","2026-03-10T19:00:00.000000",2.347088098526
"PC","2026-03-10T20:00:00.000000",2.35321044921875
"PC","2026-03-10T21:00:00.000000",2.35804080963135
"PC","2026-03-10T22:00:00.000000",2.36048030853271
"PC","2026-03-10T23:00:00.000000",2.36120319366455
"PC","2026-03-11T00:00:00.000000",2.361252784729
"PC","2026-03-11T01:00:00.000000",2.36144971847534
"PC","2026-03-11T02:00:00.000000",2.36184811592102
"PC","2026-03-11T03:00:00.000000",2.36224055290222
"PC","2026-03-11T04:00:00.000000",2.36321473121643
"PC","2026-03-11T05:00:00.000000",2.36587476730347
"PC","2026-03-11T06:00:00.000000",2.37026858329773
"PC","2026-03-11T07:00:00.000000",2.37371468544006
"PC","2026-03-11T08:00:00.000000",2.37628245353699
"PC","2026-03-11T09:00:00.000000",2.37858510017395
"PC","2026-03-11T10:00:00.000000",2.38056826591492
"PC","2026-03-11T11:00:00.000000",2.3810567855835
"PC","2026-03-11T12:00:00.000000",2.38069748878479
"PC","2026-03-11T13:00:00.000000",2.38041162490845
"PC","2026-03-11T14:00:00.000000",2.38064384460449
"PC","2026-03-11T15:00:00.000000",2.38102674484253
"PC","2026-03-11T16:00:00.000000",2.38184714317322
"PC","2026-03-11T17:00:00.000000",2.38476514816284
"PC","2026-03-11T18:00:00.000000",2.3901698589325
"PC","2026-03-11T19:00:00.000000",2.39479398727417
"PC","2026-03-11T20:00:00.000000",2.39777994155884
"PC","2026-03-11T21:00:00.000000",2.40002226829529
"PC","2026-03-11T22:00:00.000000",2.40172529220581
"PC","2026-03-11T23:00:00.000000",2.40252661705017
"PC","2026-03-12T00:00:00.000000",2.40264272689819
"PC","2026-03-12T01:00:00.000000",2.40280270576477
"PC","2026-03-12T02:00:00.000000",2.40325784683228
"PC","2026-03-12T03:00:00.000000",2.40381097793579
"PC","2026-03-12T04:00:00.000000",2.40446472167969
"PC","2026-03-12T05:00:00.000000",2.40586471557617
"PC","2026-03-12T06:00:00.000000",2.40815949440002
"PC","2026-03-12T07:00:00.000000",2.4112024307251
"PC","2026-03-12T08:00:00.000000",2.41384148597717
"PC","2026-03-12T09:00:00.000000",2.41639924049377
"PC","2026-03-12T10:00:00.000000",2.41909098625183
"PC","2026-03-12T11:00:00.000000",2.42095351219177
"PC","2026-03-12T12:00:00.000000",2.42133188247681
"PC","2026-03-12T13:00:00.000000",2.42122840881348
"PC","2026-03-12T14:00:00.000000",2.42139601707458
"PC","2026-03-12T15:00:00.000000",2.42204594612122
"PC","2026-03-12T16:00:00.000000",2.4231493473053
"PC","2026-03-12T17:00:00.000000",2.42528295516968
"PC","2026-03-12T18:00:00.000000",2.42817783355713
"PC","2026-03-12T19:00:00.000000",2.43190550804138
"PC","2026-03-12T20:00:00.000000",2.4349627494812
"PC","2026-03-12T21:00:00.000000",2.4383327960968
"PC","2026-03-12T22:00:00.000000",2.44140243530273
"PC","2026-03-12T23:00:00.000000",2.44307017326355
"PC","2026-03-13T00:00:00.000000",2.44392085075378
"PV","2026-03-05T00:00:00.000000",2.60059785842896
"PV","2026-03-05T01:00:00.000000",2.59107160568237
"PV","2026-03-05T02:00:00.000000",2.5591025352478
"PV","2026-03-05T03:00:00.000000",2.5512580871582
"PV","2026-03-05T04:00:00.000000",2.5685350894928
"PV","2026-03-05T05:00:00.000000",2.5685350894928
"PV","2026-03-05T06:00:00.000000",2.5685350894928
"PV","2026-03-05T07:00:00.000000",2.51523947715759
"PV","2026-03-05T08:00:00.000000",2.48924374580383
"PV","2026-03-05T09:00:00.000000",2.46312665939331
"PV","2026-03-05T10:00:00.000000",2.43977999687195
"PV","2026-03-05T11:00:00.000000",2.47626233100891
"PV","2026-03-05T12:00:00.000000",2.50756311416626
"PV","2026-03-05T13:00:00.000000",2.52229928970337
"PV","2026-03-05T14:00:00.000000",2.5305769443512
"PV","2026-03-05T15:00:00.000000",2.53314709663391
"PV","2026-03-05T16:00:00.000000",2.55298852920532
"PV","2026-03-05T17:00:00.000000",2.55130171775818
"PV","2026-03-05T18:00:00.000000",2.5150158405304
"PV","2026-03-05T19:00:00.000000",2.45362496376038
"PV","2026-03-05T20:00:00.000000",2.42031145095825
"PV","2026-03-05T21:00:00.000000",2.40243101119995
"PV","2026-03-05T22:00:00.000000",2.4044132232666
"PV","2026-03-05T23:00:00.000000",2.41932487487793
"PV","2026-03-06T00:00:00.000000",2.46360802650452
"PV","2026-03-06T01:00:00.000000",2.45290899276733
"PV","2026-03-06T02:00:00.000000",2.43724393844604
"PV","2026-03-06T03:00:00.000000",2.42007827758789
"PV","2026-03-06T04:00:00.000000",2.421954870224
"PV","2026-03-06T05:00:00.000000",2.42178750038147
"PV","2026-03-06T06:00:00.000000",2.39205479621887
"PV","2026-03-06T07:00:00.000000",2.3188579082489
"PV","2026-03-06T08:00:00.000000",2.24801564216614
"PV","2026-03-06T09:00:00.000000",2.22146487236023
"PV","2026-03-06T10:00:00.000000",2.21853637695312
"PV","2026-03-06T11:00:00.000000",2.22791814804077
"PV","2026-03-06T12:00:00.000000",2.19979619979858
"PV","2026-03-06T13:00:00.000000",2.27141451835632
"PV","2026-03-06T14:00:00.000000",2.28754496574402
"PV","2026-03-06T15:00:00.000000",2.27823305130005
"PV","2026-03-06T16:00:00.000000",2.28621172904968
"PV","2026-03-06T17:00:00.000000",2.30779147148132
"PV","2026-03-06T18:00:00.000000",2.30728912353516
"PV","2026-03-06T19:00:00.000000",2.27588176727295
"PV","2026-03-06T20:00:00.000000",2.22566223144531
"PV","2026-03-06T21:00:00.000000",2.18996095657349
"PV","2026-03-06T22:00:00.000000",2.18401408195496
"PV","2026-03-06T23:00:00.000000",2.18971633911133
"PV","2026-03-07T00:00:00.000000",2.19332313537598
"PV","2026-03-07T01:00:00.000000",2.21268486976624
"PV","2026-03-07T02:00:00.000000",2.23596000671387
"PV","2026-03-07T03:00:00.000000",2.21215009689331
"PV","2026-03-07T04:00:00.000000",2.22921228408813
"PV","2026-03-07T05:00:00.000000",2.2570812702179
"PV","2026-03-07T06:00:00.000000",2.25816798210144
"PV","2026-03-07T07:00:00.000000",2.22904276847839
"PV","2026-03-07T08:00:00.000000",2.18013143539429
"PV","2026-03-07T09:00:00.000000",2.1441445350647
"PV","2026-03-07T10:00:00.000000",2.13773655891418
"PV","2026-03-07T11:00:00.000000",2.13465023040771
"PV","2026-03-07T12:00:00.000000",2.15069890022278
"PV","2026-03-07T13:00:00.000000",2.21261811256409
"PV","2026-03-07T14:00:00.000000",2.22921967506409
"PV","2026-03-07T15:00:00.000000",2.22715306282043
"PV","2026-03-07T16:00:00.000000",2.23641180992126
"PV","2026-03-07T17:00:00.000000",2.24418973922729
"PV","2026-03-07T18:00:00.000000",2.24699759483337
"PV","2026-03-07T19:00:00.000000",2.25040197372437
"PV","2026-03-07T20:00:00.000000",2.24725317955017
"PV","2026-03-07T21:00:00.000000",2.21807432174683
"PV","2026-03-07T22:00:00.000000",2.20885133743286
"PV","2026-03-07T23:00:00.000000",2.19967341423035
"PV","2026-03-08T00:00:00.000000",2.19945740699768
"PV","2026-03-08T01:00:00.000000",2.22450995445251
"PV","2026-03-08T02:00:00.000000",2.2374165058136
"PV","2026-03-08T03:00:00.000000",2.24153470993042
"PV","2026-03-08T04:00:00.000000",2.24818420410156
"PV","2026-03-08T05:00:00.000000",2.25633096694946
"PV","2026-03-08T06:00:00.000000",2.25691413879395
"PV","2026-03-08T07:00:00.000000",2.25753355026245
"PV","2026-03-08T08:00:00.000000",2.2576858997345
"PV","2026-03-08T09:00:00.000000",2.23467350006104
"PV","2026-03-08T10:00:00.000000",2.21953558921814
"PV","2026-03-08T11:00:00.000000",2.21521377563477
"PV","2026-03-08T12:00:00.000000",2.21615529060364
"PV","2026-03-08T13:00:00.000000",2.21542549133301
"PV","2026-03-08T14:00:00.000000",2.23758912086487
"PV","2026-03-08T15:00:00.000000",2.25237655639648
"PV","2026-03-08T16:00:00.000000",2.26633477210999
"PV","2026-03-08T17:00:00.000000",2.27828979492188
"PV","2026-03-08T18:00:00.000000",2.29492259025574
"PV","2026-03-08T19:00:00.000000",2.30607867240906
"PV","2026-03-08T20:00:00.000000",2.30741596221924
"PV","2026-03-08T21:00:00.000000",2.31869697570801
"PV","2026-03-08T22:00:00.000000",2.29875683784485
"PV","2026-03-08T23:00:00.000000",2.28165650367737
"PV","2026-03-09T00:00:00.000000",2.27363586425781
"PV","2026-03-09T01:00:00.000000",2.26824855804443
"PV","2026-03-09T02:00:00.000000",2.26280117034912
"PV","2026-03-09T03:00:00.000000",2.27792859077454
"PV","2026-03-09T04:00:00.000000",2.30031991004944
"PV","2026-03-09T05:00:00.000000",2.31758952140808
"PV","2026-03-09T06:00:00.000000",2.32456016540527
"PV","2026-03-09T07:00:00.000000",2.32189774513245
"PV","2026-03-09T08:00:00.000000",2.30626511573792
"PV","2026-03-09T09:00:00.000000",2.28665995597839
"PV","2026-03-09T10:00:00.000000",2.26399183273315
"PV","2026-03-09T11:00:00.000000",2.25044941902161
"PV","2026-03-09T12:00:00.000000",2.24838328361511
"PV","2026-03-09T13:00:00.000000",2.25195741653442
"PV","2026-03-09T14:00:00.000000",2.26042413711548
"PV","2026-03-09T15:00:00.000000",2.29088091850281
"PV","2026-03-09T16:00:00.000000",2.32364964485168
"PV","2026-03-09T17:00:00.000000",2.35798025131226
"PV","2026-03-09T18:00:00.000000",2.38070321083069
"PV","2026-03-09T19:00:00.000000",2.39475703239441
"PV","2026-03-09T20:00:00.000000",2.4234139919281
"PV","2026-03-09T21:00:00.000000",2.4637303352356
"PV","2026-03-09T22:00:00.000000",2.50768828392029
"PV","2026-03-09T23:00:00.000000",2.48358225822449
"PV","2026-03-10T00:00:00.000000",2.45733547210693
"PV","2026-03-10T01:00:00.000000",2.43361830711365
"PV","2026-03-10T02:00:00.000000",2.41067385673523
"PV","2026-03-10T03:00:00.000000",2.38379049301147
"PV","2026-03-10T04:00:00.000000",2.37894201278687
"PV","2026-03-10T05:00:00.000000",2.38625121116638
"PV","2026-03-10T06:00:00.000000",2.39472794532776
"PV","2026-03-10T07:00:00.000000",2.40550899505615
"PV","2026-03-10T08:00:00.000000",2.40677690505981
"PV","2026-03-10T09:00:00.000000",2.40673875808716
"PV","2026-03-10T10:00:00.000000",2.38356137275696
"PV","2026-03-10T11:00:00.000000",2.349848985672
"PV","2026-03-10T12:00:00.000000",2.329176902771
"PV","2026-03-10T13:00:00.000000",2.31948518753052
"PV","2026-03-10T14:00:00.000000",2.3340322971344
"PV","2026-03-10T15:00:00.000000",2.36231827735901
"PV","2026-03-10T16:00:00.000000",2.38598036766052
"PV","2026-03-10T17:00:00.000000",2.40653824806213
"PV","2026-03-10T18:00:00.000000",2.43082928657532
"PV","2026-03-10T19:00:00.000000",2.45263195037842
"PV","2026-03-10T20:00:00.000000",2.46713876724243
"PV","2026-03-10T21:00:00.000000",2.46559476852417
"PV","2026-03-10T22:00:00.000000",2.46173667907715
"PV","2026-03-10T23:00:00.000000",2.47182250022888
"PV","2026-03-11T00:00:00.000000",2.4406099319458
"PV","2026-03-11T01:00:00.000000",2.42177534103394
"PV","2026-03-11T02:00:00.000000",2.41840147972107
"PV","2026-03-11T03:00:00.000000",2.4346399307251
"PV","2026-03-11T04:00:00.000000",2.44187784194946
"PV","2026-03-11T05:00:00.000000",2.44059371948242
"PV","2026-03-11T06:00:00.000000",2.44167041778564
"PV","2026-03-11T07:00:00.000000",2.44673705101013
"PV","2026-03-11T08:00:00.000000",2.45693159103394
"PV","2026-03-11T09:00:00.000000",2.4656834602356
"PV","2026-03-11T10:00:00.000000",2.46700668334961
"PV","2026-03-11T11:00:00.000000",2.46738958358765
"PV","2026-03-11T12:00:00.000000",2.44513916969299
"PV","2026-03-11T13:00:00.000000",2.42610692977905
"PV","2026-03-11T14:00:00.000000",2.41987037658691
"PV","2026-03-11T15:00:00.000000",2.43643450737
"PV","2026-03-11T16:00:00.000000",2.44701528549194
"PV","2026-03-11T17:00:00.000000",2.44994521141052
"PV","2026-03-11T18:00:00.000000",2.45807504653931
"PV","2026-03-11T19:00:00.000000",2.47423005104065
"PV","2026-03-11T20:00:00.000000",2.49545955657959
"PV","2026-03-11T21:00:00.000000",2.50934171676636
"PV","2026-03-11T22:00:00.000000",2.51758408546448
"PV","2026-03-11T23:00:00.000000",2.52209329605103
"PV","2026-03-12T00:00:00.000000",2.51390933990479
"PV","2026-03-12T01:00:00.000000",2.49958205223083
"PV","2026-03-12T02:00:00.000000",2.49125862121582
"PV","2026-03-12T03:00:00.000000",2.49355363845825
"PV","2026-03-12T04:00:00.000000",2.52082252502441
"PV","2026-03-12T05:00:00.000000",2.52932167053223
"PV","2026-03-12T06:00:00.000000",2.53397345542908
"PV","2026-03-12T07:00:00.000000",2.55290651321411
"PV","2026-03-12T08:00:00.000000",2.56085276603699
"PV","2026-03-12T09:00:00.000000",2.56577920913696
"PV","2026-03-12T10:00:00.000000",2.56977581977844
"PV","2026-03-12T11:00:00.000000",2.58991479873657
"PV","2026-03-12T12:00:00.000000",2.60486054420471
"PV","2026-03-12T13:00:00.000000",2.59722948074341
"PV","2026-03-12T14:00:00.000000",2.58354783058167
"PV","2026-03-12T15:00:00.000000",2.57708621025085
"PV","2026-03-12T16:00:00.000000",2.57598733901978
"PV","2026-03-12T17:00:00.000000",2.55359983444214
"PV","2026-03-12T18:00:00.000000",2.5464391708374
"PV","2026-03-12T19:00:00.000000",2.56195712089539
"PV","2026-03-12T20:00:00.000000",2.57817411422729
"PV","2026-03-12T21:00:00.000000",2.59708905220032
"PV","2026-03-12T22:00:00.000000",2.60412526130676
"PV","2026-03-12T23:00:00.000000",2.59283113479614
"PV","2026-03-13T00:00:00.000000",2.55226159095764
"SH","2026-03-05T00:00:00.000000",1.95842182636261
"SH","2026-03-05T01:00:00.000000",2.04984378814697
"SH","2026-03-05T02:00:00.000000",2.12327408790588
"SH","2026-03-05T03:00:00.000000",2.1253125667572
"SH","2026-03-05T04:00:00.000000",2.11923456192017
"SH","2026-03-05T05:00:00.000000",2.11664700508118
"SH","2026-03-05T06:00:00.000000",2.11893606185913
"SH","2026-03-05T07:00:00.000000",2.13038158416748
"SH","2026-03-05T08:00:00.000000",2.12795805931091
"SH","2026-03-05T09:00:00.000000",2.09380578994751
"SH","2026-03-05T10:00:00.000000",2.0590500831604
"SH","2026-03-05T11:00:00.000000",1.99560511112213
"SH","2026-03-05T12:00:00.000000",1.98822820186615
"SH","2026-03-05T13:00:00.000000",2.04518675804138
"SH","2026-03-05T14:00:00.000000",2.11761379241943
"SH","2026-03-05T15:00:00.000000",2.12532091140747
"SH","2026-03-05T16:00:00.000000",2.12623310089111
"SH","2026-03-05T17:00:00.000000",2.12632203102112
"SH","2026-03-05T18:00:00.000000",2.13054156303406
"SH","2026-03-05T19:00:00.000000",2.14606046676636
"SH","2026-03-05T20:00:00.000000",2.15609574317932
"SH","2026-03-05T21:00:00.000000",2.13154101371765
"SH","2026-03-05T22:00:00.000000",2.09901142120361
"SH","2026-03-05T23:00:00.000000",2.02242875099182
"SH","2026-03-06T00:00:00.000000",1.95090293884277
"SH","2026-03-06T01:00:00.000000",1.98403799533844
"SH","2026-03-06T02:00:00.000000",2.12370228767395
"SH","2026-03-06T03:00:00.000000",2.1703085899353
"SH","2026-03-06T04:00:00.000000",2.17642426490784
"SH","2026-03-06T05:00:00.000000",2.1783652305603
"SH","2026-03-06T06:00:00.000000",2.18082427978516
"SH","2026-03-06T07:00:00.000000",2.18669080734253
"SH","2026-03-06T08:00:00.000000",2.19089984893799
"SH","2026-03-06T09:00:00.000000",2.17194747924805
"SH","2026-03-06T10:00:00.000000",2.13536787033081
"SH","2026-03-06T11:00:00.000000",2.10590004920959
"SH","2026-03-06T12:00:00.000000",2.06307530403137
"SH","2026-03-06T13:00:00.000000",2.05883526802063
"SH","2026-03-06T14:00:00.000000",2.1617693901062
"SH","2026-03-06T15:00:00.000000",2.22983145713806
"SH","2026-03-06T16:00:00.000000",2.23988151550293
"SH","2026-03-06T17:00:00.000000",2.24328851699829
"SH","2026-03-06T18:00:00.000000",2.24699950218201
"SH","2026-03-06T19:00:00.000000",2.25400400161743
"SH","2026-03-06T20:00:00.000000",2.26554203033447
"SH","2026-03-06T21:00:00.000000",2.25590777397156
"SH","2026-03-06T22:00:00.000000",2.21444916725159
"SH","2026-03-06T23:00:00.000000",2.17725205421448
"SH","2026-03-07T00:00:00.000000",2.13604784011841
"SH","2026-03-07T01:00:00.000000",2.12536716461182
"SH","2026-03-07T02:00:00.000000",2.19004058837891
"SH","2026-03-07T03:00:00.000000",2.2634060382843
"SH","2026-03-07T04:00:00.000000",2.26894664764404
"SH","2026-03-07T05:00:00.000000",2.26011610031128
"SH","2026-03-07T06:00:00.000000",2.25539469718933
"SH","2026-03-07T07:00:00.000000",2.25669264793396
"SH","2026-03-07T08:00:00.000000",2.27424287796021
"SH","2026-03-07T09:00:00.000000",2.28314304351807
"SH","2026-03-07T10:00:00.000000",2.26052212715149
"SH","2026-03-07T11:00:00.000000",2.22668385505676
"SH","2026-03-07T12:00:00.000000",2.16167616844177
"SH","2026-03-07T13:00:00.000000",2.07941818237305
"SH","2026-03-07T14:00:00.000000",2.09106850624084
"SH","2026-03-07T15:00:00.000000",2.20337629318237
"SH","2026-03-07T16:00:00.000000",2.2427830696106
"SH","2026-03-07T17:00:00.000000",2.24231243133545
"SH","2026-03-07T18:00:00.000000",2.23595356941223
"SH","2026-03-07T19:00:00.000000",2.23687410354614
"SH","2026-03-07T20:00:00.000000",2.25735282897949
"SH","2026-03-07T21:00:00.000000",2.30533576011658
"SH","2026-03-07T22:00:00.000000",2.30205798149109
"SH","2026-03-07T23:00:00.000000",2.27757024765015
"SH","2026-03-08T00:00:00.000000",2.25998425483704
"SH","2026-03-08T01:00:00.000000",2.23474621772766
"SH","2026-03-08T02:00:00.000000",2.23408079147339
"SH","2026-03-08T03:00:00.000000",2.25428533554077
"SH","2026-03-08T04:00:00.000000",2.24223351478577
"SH","2026-03-08T05:00:00.000000",2.22561717033386
"SH","2026-03-08T06:00:00.000000",2.22017979621887
"SH","2026-03-08T07:00:00.000000",2.22059011459351
"SH","2026-03-08T08:00:00.000000",2.23109579086304
"SH","2026-03-08T09:00:00.000000",2.25479078292847
"SH","2026-03-08T10:00:00.000000",2.26129937171936
"SH","2026-03-08T11:00:00.000000",2.25453019142151
"SH","2026-03-08T12:00:00.000000",2.25011610984802
"SH","2026-03-08T13:00:00.000000",2.21634316444397
"SH","2026-03-08T14:00:00.000000",2.13785719871521
"SH","2026-03-08T15:00:00.000000",2.16743040084839
"SH","2026-03-08T16:00:00.000000",2.20145559310913
"SH","2026-03-08T17:00:00.000000",2.20687866210938
"SH","2026-03-08T18:00:00.000000",2.20199871063232
"SH","2026-03-08T19:00:00.000000",2.20071458816528
"SH","2026-03-08T20:00:00.000000",2.20628786087036
"SH","2026-03-08T21:00:00.000000",2.24880576133728
"SH","2026-03-08T22:00:00.000000",2.28618431091309
"SH","2026-03-08T23:00:00.000000",2.28578615188599
"SH","2026-03-09T00:00:00.000000",2.28461170196533
"SH","2026-03-09T01:00:00.000000",2.28037786483765
"SH","2026-03-09T02:00:00.000000",2.27493476867676
"SH","2026-03-09T03:00:00.000000",2.27055954933167
"SH","2026-03-09T04:00:00.000000",2.26466846466064
"SH","2026-03-09T05:00:00.000000",2.25617694854736
"SH","2026-03-09T06:00:00.000000",2.24815726280212
"SH","2026-03-09T07:00:00.000000",2.24126243591309
"SH","2026-03-09T08:00:00.000000",2.24072647094727
"SH","2026-03-09T09:00:00.000000",2.26201486587524
"SH","2026-03-09T10:00:00.000000",2.29675817489624
"SH","2026-03-09T11:00:00.000000",2.2911114692688
"SH","2026-03-09T12:00:00.000000",2.28231644630432
"SH","2026-03-09T13:00:00.000000",2.2761538028717
"SH","2026-03-09T14:00:00.000000",2.2686026096344
"SH","2026-03-09T15:00:00.000000",2.27266430854797
"SH","2026-03-09T16:00:00.000000",2.28795480728149
"SH","2026-03-09T17:00:00.000000",2.30332899093628
"SH","2026-03-09T18:00:00.000000",2.31500673294067
"SH","2026-03-09T19:00:00.000000",2.3125205039978
"SH","2026-03-09T20:00:00.000000",2.30885481834412
"SH","2026-03-09T21:00:00.000000",2.33023834228516
"SH","2026-03-09T22:00:00.000000",2.4242091178894
"SH","2026-03-09T23:00:00.000000",2.45947670936584
"SH","2026-03-10T00:00:00.000000",2.42985033988953
"SH","2026-03-10T01:00:00.000000",2.40970134735107
"SH","2026-03-10T02:00:00.000000",2.40260481834412
"SH","2026-03-10T03:00:00.000000",2.40037775039673
"SH","2026-03-10T04:00:00.000000",2.39541077613831
"SH","2026-03-10T05:00:00.000000",2.34342288970947
"SH","2026-03-10T06:00:00.000000",2.30648303031921
"SH","2026-03-10T07:00:00.000000",2.28974723815918
"SH","2026-03-10T08:00:00.000000",2.28406023979187
"SH","2026-03-10T09:00:00.000000",2.28582239151001
"SH","2026-03-10T10:00:00.000000",2.31652498245239
"SH","2026-03-10T11:00:00.000000",2.3515408039093
"SH","2026-03-10T12:00:00.000000",2.353670835495
"SH","2026-03-10T13:00:00.000000",2.35635495185852
"SH","2026-03-10T14:00:00.000000",2.353835105896
"SH","2026-03-10T15:00:00.000000",2.35187649726868
"SH","2026-03-10T16:00:00.000000",2.35331845283508
"SH","2026-03-10T17:00:00.000000",2.35431337356567
"SH","2026-03-10T18:00:00.000000",2.34031748771667
"SH","2026-03-10T19:00:00.000000",2.3252580165863
"SH","2026-03-10T20:00:00.000000",2.31016778945923
"SH","2026-03-10T21:00:00.000000",2.30548357963562
"SH","2026-03-10T22:00:00.000000",2.33105278015137
"SH","2026-03-10T23:00:00.000000",2.42052435874939
"SH","2026-03-11T00:00:00.000000",2.42845559120178
"SH","2026-03-11T01:00:00.000000",2.42109847068787
"SH","2026-03-11T02:00:00.000000",2.41906499862671
"SH","2026-03-11T03:00:00.000000",2.41642045974731
"SH","2026-03-11T04:00:00.000000",2.40910363197327
"SH","2026-03-11T05:00:00.000000",2.40083050727844
"SH","2026-03-11T06:00:00.000000",2.37067699432373
"SH","2026-03-11T07:00:00.000000",2.35602307319641
"SH","2026-03-11T08:00:00.000000",2.34762072563171
"SH","2026-03-11T09:00:00.000000",2.34582304954529
"SH","2026-03-11T10:00:00.000000",2.35153770446777
"SH","2026-03-11T11:00:00.000000",2.38838362693787
"SH","2026-03-11T12:00:00.000000",2.40297627449036
"SH","2026-03-11T13:00:00.000000",2.40084028244019
"SH","2026-03-11T14:00:00.000000",2.3988664150238
"SH","2026-03-11T15:00:00.000000",2.40159893035889
"SH","2026-03-11T16:00:00.000000",2.39993953704834
"SH","2026-03-11T17:00:00.000000",2.401442527771
"SH","2026-03-11T18:00:00.000000",2.40895748138428
"SH","2026-03-11T19:00:00.000000",2.4231915473938
"SH","2026-03-11T20:00:00.000000",2.42333698272705
"SH","2026-03-11T21:00:00.000000",2.41577577590942
"SH","2026-03-11T22:00:00.000000",2.41262674331665
"SH","2026-03-11T23:00:00.000000",2.44078278541565
"SH","2026-03-12T00:00:00.000000",2.5102334022522
"SH","2026-03-12T01:00:00.000000",2.49941062927246
"SH","2026-03-12T02:00:00.000000",2.49217367172241
"SH","2026-03-12T03:00:00.000000",2.48431658744812
"SH","2026-03-12T04:00:00.000000",2.47771120071411
"SH","2026-03-12T05:00:00.000000",2.47156691551208
"SH","2026-03-12T06:00:00.000000",2.4694709777832
"SH","2026-03-12T07:00:00.000000",2.46143341064453
"SH","2026-03-12T08:00:00.000000",2.45580410957336
"SH","2026-03-12T09:00:00.000000",2.4554455280304
"SH","2026-03-12T10:00:00.000000",2.45705938339233
"SH","2026-03-12T11:00:00.000000",2.47010159492493
"SH","2026-03-12T12:00:00.000000",2.47307419776917
"SH","2026-03-12T13:00:00.000000",2.46826767921448
"SH","2026-03-12T14:00:00.000000",2.46527290344238
"SH","2026-03-12T15:00:00.000000",2.46295261383057
"SH","2026-03-12T16:00:00.000000",2.46539783477783
"SH","2026-03-12T17:00:00.000000",2.45208334922791
"SH","2026-03-12T18:00:00.000000",2.43606400489807
"SH","2026-03-12T19:00:00.000000",2.44615435600281
"SH","2026-03-12T20:00:00.000000",2.44566631317139
"SH","2026-03-12T21:00:00.000000",2.43511271476746
"SH","2026-03-12T22:00:00.000000",2.41158866882324
"SH","2026-03-12T23:00:00.000000",2.39755630493164
"SH","2026-03-13T00:00:00.000000",2.40101981163025
"WB","2026-03-05T00:00:00.000000",2.61595821380615
"WB","2026-03-05T01:00:00.000000",2.60985398292542
"WB","2026-03-05T02:00:00.000000",2.61524558067322
"WB","2026-03-05T03:00:00.000000",2.62285470962524
"WB","2026-03-05T04:00:00.000000",2.62886595726013
"WB","2026-03-05T05:00:00.000000",2.63267660140991
"WB","2026-03-05T06:00:00.000000",2.63530397415161
"WB","2026-03-05T07:00:00.000000",2.63132500648499
"WB","2026-03-05T08:00:00.000000",2.60689496994019
"WB","2026-03-05T09:00:00.000000",2.6036593914032
"WB","2026-03-05T10:00:00.000000",2.60656428337097
"WB","2026-03-05T11:00:00.000000",2.61012768745422
"WB","2026-03-05T12:00:00.000000",2.61472940444946
"WB","2026-03-05T13:00:00.000000",2.62133240699768
"WB","2026-03-05T14:00:00.000000",2.61736679077148
"WB","2026-03-05T15:00:00.000000",2.61932921409607
"WB","2026-03-05T16:00:00.000000",2.62626552581787
"WB","2026-03-05T17:00:00.000000",2.63275599479675
"WB","2026-03-05T18:00:00.000000",2.63740587234497
"WB","2026-03-05T19:00:00.000000",2.60631227493286
"WB","2026-03-05T20:00:00.000000",2.5679190158844
"WB","2026-03-05T21:00:00.000000",2.55519127845764
"WB","2026-03-05T22:00:00.000000",2.55868744850159
"WB","2026-03-05T23:00:00.000000",2.5620219707489
"WB","2026-03-06T00:00:00.000000",2.55785465240479
"WB","2026-03-06T01:00:00.000000",2.55194115638733
"WB","2026-03-06T02:00:00.000000",2.57393217086792
"WB","2026-03-06T03:00:00.000000",2.59660267829895
"WB","2026-03-06T04:00:00.000000",2.6085524559021
"WB","2026-03-06T05:00:00.000000",2.61271381378174
"WB","2026-03-06T06:00:00.000000",2.60882782936096
"WB","2026-03-06T07:00:00.000000",2.59600043296814
"WB","2026-03-06T08:00:00.000000",2.5809154510498
"WB","2026-03-06T09:00:00.000000",2.57092380523682
"WB","2026-03-06T10:00:00.000000",2.56276345252991
"WB","2026-03-06T11:00:00.000000",2.55787706375122
"WB","2026-03-06T12:00:00.000000",2.55705523490906
"WB","2026-03-06T13:00:00.000000",2.56631016731262
"WB","2026-03-06T14:00:00.000000",2.58786225318909
"WB","2026-03-06T15:00:00.000000",2.59932041168213
"WB","2026-03-06T16:00:00.000000",2.60362577438354
"WB","2026-03-06T17:00:00.000000",2.60517334938049
"WB","2026-03-06T18:00:00.000000",2.60530996322632
"WB","2026-03-06T19:00:00.000000",2.60417199134827
"WB","2026-03-06T20:00:00.000000",2.60177278518677
"WB","2026-03-06T21:00:00.000000",2.59896278381348
"WB","2026-03-06T22:00:00.000000",2.59519910812378
"WB","2026-03-06T23:00:00.000000",2.59068584442139
"WB","2026-03-07T00:00:00.000000",2.5873396396637
"WB","2026-03-07T01:00:00.000000",2.59364533424377
"WB","2026-03-07T02:00:00.000000",2.61124563217163
"WB","2026-03-07T03:00:00.000000",2.63802623748779
"WB","2026-03-07T04:00:00.000000",2.65595006942749
"WB","2026-03-07T05:00:00.000000",2.66847395896912
"WB","2026-03-07T06:00:00.000000",2.67535209655762
"WB","2026-03-07T07:00:00.000000",2.67913699150085
"WB","2026-03-07T08:00:00.000000",2.67911887168884
"WB","2026-03-07T09:00:00.000000",2.67657327651978
"WB","2026-03-07T10:00:00.000000",2.66858148574829
"WB","2026-03-07T11:00:00.000000",2.65888381004333
"WB","2026-03-07T12:00:00.000000",2.65032720565796
"WB","2026-03-07T13:00:00.000000",2.64527893066406
"WB","2026-03-07T14:00:00.000000",2.65220284461975
"WB","2026-03-07T15:00:00.000000",2.66072368621826
"WB","2026-03-07T16:00:00.000000",2.66772222518921
"WB","2026-03-07T17:00:00.000000",2.67388129234314
"WB","2026-03-07T18:00:00.000000",2.67956900596619
"WB","2026-03-07T19:00:00.000000",2.68411231040955
"WB","2026-03-07T20:00:00.000000",2.690096616745
"WB","2026-03-07T21:00:00.000000",2.69752097129822
"WB","2026-03-07T22:00:00.000000",2.69486141204834
"WB","2026-03-07T23:00:00.000000",2.68763780593872
"WB","2026-03-08T00:00:00.000000",2.67760801315308
"WB","2026-03-08T01:00:00.000000",2.66990852355957
"WB","2026-03-08T02:00:00.000000",2.67325353622437
"WB","2026-03-08T03:00:00.000000",2.68817615509033
"WB","2026-03-08T04:00:00.000000",2.70126366615295
"WB","2026-03-08T05:00:00.000000",2.70688247680664
"WB","2026-03-08T06:00:00.000000",2.70777297019958
"WB","2026-03-08T07:00:00.000000",2.70551109313965
"WB","2026-03-08T08:00:00.000000",2.70323824882507
"WB","2026-03-08T09:00:00.000000",2.70295667648315
"WB","2026-03-08T10:00:00.000000",2.69640517234802
"WB","2026-03-08T11:00:00.000000",2.6790132522583
"WB","2026-03-08T12:00:00.000000",2.65716004371643
"WB","2026-03-08T13:00:00.000000",2.64041566848755
"WB","2026-03-08T14:00:00.000000",2.64117288589478
"WB","2026-03-08T15:00:00.000000",2.66066837310791
"WB","2026-03-08T16:00:00.000000",2.681480884552
"WB","2026-03-08T17:00:00.000000",2.69252562522888
"WB","2026-03-08T18:00:00.000000",2.69277000427246
"WB","2026-03-08T19:00:00.000000",2.68878293037415
"WB","2026-03-08T20:00:00.000000",2.68669867515564
"WB","2026-03-08T21:00:00.000000",2.68840098381042
"WB","2026-03-08T22:00:00.000000",2.68102645874023
"WB","2026-03-08T23:00:00.000000",2.64925479888916
"WB","2026-03-09T00:00:00.000000",2.6213481426239
"WB","2026-03-09T01:00:00.000000",2.60134887695312
"WB","2026-03-09T02:00:00.000000",2.59932112693787
"WB","2026-03-09T03:00:00.000000",2.61281967163086
"WB","2026-03-09T04:00:00.000000",2.62860107421875
"WB","2026-03-09T05:00:00.000000",2.63377857208252
"WB","2026-03-09T06:00:00.000000",2.6318199634552
"WB","2026-03-09T07:00:00.000000",2.627366065979
"WB","2026-03-09T08:00:00.000000",2.62171077728271
"WB","2026-03-09T09:00:00.000000",2.61486768722534
"WB","2026-03-09T10:00:00.000000",2.60038065910339
"WB","2026-03-09T11:00:00.000000",2.56639933586121
"WB","2026-03-09T12:00:00.000000",2.54055452346802
"WB","2026-03-09T13:00:00.000000",2.52495670318604
"WB","2026-03-09T14:00:00.000000",2.5223331451416
"WB","2026-03-09T15:00:00.000000",2.53495979309082
"WB","2026-03-09T16:00:00.000000",2.55734777450562
"WB","2026-03-09T17:00:00.000000",2.57662129402161
"WB","2026-03-09T18:00:00.000000",2.59424686431885
"WB","2026-03-09T19:00:00.000000",2.6471893787384
"WB","2026-03-09T20:00:00.000000",2.66565728187561
"WB","2026-03-09T21:00:00.000000",2.67434310913086
"WB","2026-03-09T22:00:00.000000",2.68243312835693
"WB","2026-03-09T23:00:00.000000",2.68747520446777
"WB","2026-03-10T00:00:00.000000",2.67810392379761
"WB","2026-03-10T01:00:00.000000",2.6537401676178
"WB","2026-03-10T02:00:00.000000",2.62813186645508
"WB","2026-03-10T03:00:00.000000",2.6134090423584
"WB","2026-03-10T04:00:00.000000",2.61140727996826
"WB","2026-03-10T05:00:00.000000",2.61670422554016
"WB","2026-03-10T06:00:00.000000",2.61644840240479
"WB","2026-03-10T07:00:00.000000",2.61197686195374
"WB","2026-03-10T08:00:00.000000",2.60525441169739
"WB","2026-03-10T09:00:00.000000",2.59664845466614
"WB","2026-03-10T10:00:00.000000",2.58285737037659
"WB","2026-03-10T11:00:00.000000",2.56142377853394
"WB","2026-03-10T12:00:00.000000",2.53352928161621
"WB","2026-03-10T13:00:00.000000",2.51178693771362
"WB","2026-03-10T14:00:00.000000",2.50282025337219
"WB","2026-03-10T15:00:00.000000",2.50454807281494
"WB","2026-03-10T16:00:00.000000",2.51783871650696
"WB","2026-03-10T17:00:00.000000",2.53437113761902
"WB","2026-03-10T18:00:00.000000",2.54536437988281
"WB","2026-03-10T19:00:00.000000",2.55123233795166
"WB","2026-03-10T20:00:00.000000",2.55431628227234
"WB","2026-03-10T21:00:00.000000",2.55654096603394
"WB","2026-03-10T22:00:00.000000",2.55822849273682
"WB","2026-03-10T23:00:00.000000",2.55993914604187
"WB","2026-03-11T00:00:00.000000",2.55824780464172
"WB","2026-03-11T01:00:00.000000",2.55490279197693
"WB","2026-03-11T02:00:00.000000",2.58139252662659
"WB","2026-03-11T03:00:00.000000",2.57896709442139
"WB","2026-03-11T04:00:00.000000",2.56987547874451
"WB","2026-03-11T05:00:00.000000",2.57167720794678
"WB","2026-03-11T06:00:00.000000",2.58160877227783
"WB","2026-03-11T07:00:00.000000",2.58551263809204
"WB","2026-03-11T08:00:00.000000",2.5851902961731
"WB","2026-03-11T09:00:00.000000",2.58491349220276
"WB","2026-03-11T10:00:00.000000",2.58547973632812
"WB","2026-03-11T11:00:00.000000",2.58511638641357
"WB","2026-03-11T12:00:00.000000",2.57978630065918
"WB","2026-03-11T13:00:00.000000",2.56922960281372
"WB","2026-03-11T14:00:00.000000",2.55866503715515
"WB","2026-03-11T15:00:00.000000",2.55053329467773
"WB","2026-03-11T16:00:00.000000",2.54728174209595
"WB","2026-03-11T17:00:00.000000",2.55071663856506
"WB","2026-03-11T18:00:00.000000",2.55589985847473
"WB","2026-03-11T19:00:00.000000",2.55882358551025
"WB","2026-03-11T20:00:00.000000",2.56070160865784
"WB","2026-03-11T21:00:00.000000",2.56298971176147
"WB","2026-03-11T22:00:00.000000",2.56770443916321
"WB","2026-03-11T23:00:00.000000",2.5837779045105
"WB","2026-03-12T00:00:00.000000",2.60042285919189
"WB","2026-03-12T01:00:00.000000",2.60695552825928
"WB","2026-03-12T02:00:00.000000",2.61445736885071
"WB","2026-03-12T03:00:00.000000",2.61969661712646
"WB","2026-03-12T04:00:00.000000",2.61818146705627
"WB","2026-03-12T05:00:00.000000",2.65685558319092
"WB","2026-03-12T06:00:00.000000",2.70058917999268
"WB","2026-03-12T07:00:00.000000",2.72107005119324
"WB","2026-03-12T08:00:00.000000",2.72280836105347
"WB","2026-03-12T09:00:00.000000",2.72144508361816
"WB","2026-03-12T10:00:00.000000",2.72067093849182
"WB","2026-03-12T11:00:00.000000",2.72878766059875
"WB","2026-03-12T12:00:00.000000",2.76583123207092
"WB","2026-03-12T13:00:00.000000",2.77805089950562
"WB","2026-03-12T14:00:00.000000",2.78387045860291
"WB","2026-03-12T15:00:00.000000",2.78904342651367
"WB","2026-03-12T16:00:00.000000",2.79158091545105
"WB","2026-03-12T17:00:00.000000",2.79064130783081
"WB","2026-03-12T18:00:00.000000",2.78602457046509
"WB","2026-03-12T19:00:00.000000",2.78304314613342
"WB","2026-03-12T20:00:00.000000",2.77952909469604
"WB","2026-03-12T21:00:00.000000",2.77237319946289
"WB","2026-03-12T22:00:00.000000",2.76482725143433
"WB","2026-03-12T23:00:00.000000",2.75678777694702
"WB","2026-03-13T00:00:00.000000",2.75351285934448
"CL","2026-03-05T00:00:00.000000",1.9914835691452
"CL","2026-03-05T01:00:00.000000",1.98187685012817
"CL","2026-03-05T02:00:00.000000",1.97400712966919
"CL","2026-03-05T03:00:00.000000",1.98547387123108
"CL","2026-03-05T04:00:00.000000",1.98315238952637
"CL","2026-03-05T05:00:00.000000",1.95837438106537
"CL","2026-03-05T06:00:00.000000",1.91015529632568
"CL","2026-03-05T07:00:00.000000",1.8963897228241
"CL","2026-03-05T08:00:00.000000",1.89260745048523
"CL","2026-03-05T09:00:00.000000",1.89113867282867
"CL","2026-03-05T10:00:00.000000",1.90397071838379
"CL","2026-03-05T11:00:00.000000",2.05502080917358
"CL","2026-03-05T12:00:00.000000",2.07803773880005
"CL","2026-03-05T13:00:00.000000",2.07517123222351
"CL","2026-03-05T14:00:00.000000",2.07105135917664
"CL","2026-03-05T15:00:00.000000",2.06750559806824
"CL","2026-03-05T16:00:00.000000",2.07372856140137
"CL","2026-03-05T17:00:00.000000",2.07490944862366
"CL","2026-03-05T18:00:00.000000",2.04633331298828
"CL","2026-03-05T19:00:00.000000",2.00244569778442
"CL","2026-03-05T20:00:00.000000",2.0105299949646
"CL","2026-03-05T21:00:00.000000",1.99695289134979
"CL","2026-03-05T22:00:00.000000",2.05342411994934
"CL","2026-03-05T23:00:00.000000",2.07979798316956
"CL","2026-03-06T00:00:00.000000",2.07883286476135
"CL","2026-03-06T01:00:00.000000",2.07733273506165
"CL","2026-03-06T02:00:00.000000",2.07525873184204
"CL","2026-03-06T03:00:00.000000",2.07366991043091
"CL","2026-03-06T04:00:00.000000",2.07406210899353
"CL","2026-03-06T05:00:00.000000",2.07096910476685
"CL","2026-03-06T06:00:00.000000",2.05116319656372
"CL","2026-03-06T07:00:00.000000",2.00916242599487
"CL","2026-03-06T08:00:00.000000",1.99953067302704
"CL","2026-03-06T09:00:00.000000",1.97773468494415
"CL","2026-03-06T10:00:00.000000",1.97976052761078
"CL","2026-03-06T11:00:00.000000",2.06780624389648
"CL","2026-03-06T12:00:00.000000",2.0715479850769
"CL","2026-03-06T13:00:00.000000",2.0686354637146
"CL","2026-03-06T14:00:00.000000",2.06748270988464
"CL","2026-03-06T15:00:00.000000",2.06824469566345
"CL","2026-03-06T16:00:00.000000",2.07071876525879
"CL","2026-03-06T17:00:00.000000",2.07671213150024
"CL","2026-03-06T18:00:00.000000",2.07698559761047
"CL","2026-03-06T19:00:00.000000",2.05864572525024
"CL","2026-03-06T20:00:00.000000",2.04957175254822
"CL","2026-03-06T21:00:00.000000",2.05028986930847
"CL","2026-03-06T22:00:00.000000",2.04350256919861
"CL","2026-03-06T23:00:00.000000",2.09676718711853
"CL","2026-03-07T00:00:00.000000",2.09939932823181
"CL","2026-03-07T01:00:00.000000",2.09585165977478
"CL","2026-03-07T02:00:00.000000",2.09365463256836
"CL","2026-03-07T03:00:00.000000",2.09559059143066
"CL","2026-03-07T04:00:00.000000",2.09723615646362
"CL","2026-03-07T05:00:00.000000",2.10349631309509
"CL","2026-03-07T06:00:00.000000",2.10680794715881
"CL","2026-03-07T07:00:00.000000",2.09328937530518
"CL","2026-03-07T08:00:00.000000",2.07399749755859
"CL","2026-03-07T09:00:00.000000",2.05896067619324
"CL","2026-03-07T10:00:00.000000",2.05901551246643
"CL","2026-03-07T11:00:00.000000",2.05719375610352
"CL","2026-03-07T12:00:00.000000",2.09941387176514
"CL","2026-03-07T13:00:00.000000",2.0825617313385
"CL","2026-03-07T14:00:00.000000",2.07256770133972
"CL","2026-03-07T15:00:00.000000",2.07222867012024
"CL","2026-03-07T16:00:00.000000",2.07719254493713
"CL","2026-03-07T17:00:00.000000",2.08861184120178
"CL","2026-03-07T18:00:00.000000",2.10897159576416
"CL","2026-03-07T19:00:00.000000",2.10056781768799
"CL","2026-03-07T20:00:00.000000",2.07860565185547
"CL","2026-03-07T21:00:00.000000",2.07861733436584
"CL","2026-03-07T22:00:00.000000",2.07819676399231
"CL","2026-03-07T23:00:00.000000",2.08263731002808
"CL","2026-03-08T00:00:00.000000",2.15469431877136
"CL","2026-03-08T01:00:00.000000",2.15203857421875
"CL","2026-03-08T02:00:00.000000",2.13564777374268
"CL","2026-03-08T03:00:00.000000",2.11950540542603
"CL","2026-03-08T04:00:00.000000",2.12115359306335
"CL","2026-03-08T05:00:00.000000",2.12597751617432
"CL","2026-03-08T06:00:00.000000",2.14739656448364
"CL","2026-03-08T07:00:00.000000",2.1423134803772
"CL","2026-03-08T08:00:00.000000",2.09344005584717
"CL","2026-03-08T09:00:00.000000",2.08357691764832
"CL","2026-03-08T10:00:00.000000",2.06598210334778
"CL","2026-03-08T11:00:00.000000",2.05515193939209
"CL","2026-03-08T12:00:00.000000",2.08824181556702
"CL","2026-03-08T13:00:00.000000",2.16290926933289
"CL","2026-03-08T14:00:00.000000",2.16533970832825
"CL","2026-03-08T15:00:00.000000",2.16722202301025
"CL","2026-03-08T16:00:00.000000",2.16855525970459
"CL","2026-03-08T17:00:00.000000",2.1709520816803
"CL","2026-03-08T18:00:00.000000",2.17281150817871
"CL","2026-03-08T19:00:00.000000",2.11009168624878
"CL","2026-03-08T20:00:00.000000",2.05681395530701
"CL","2026-03-08T21:00:00.000000",2.04156184196472
"CL","2026-03-08T22:00:00.000000",2.04020857810974
"CL","2026-03-08T23:00:00.000000",2.04511189460754
"CL","2026-03-09T00:00:00.000000",2.06791186332703
"CL","2026-03-09T01:00:00.000000",2.17551779747009
"CL","2026-03-09T02:00:00.000000",2.1755063533783
"CL","2026-03-09T03:00:00.000000",2.18073129653931
"CL","2026-03-09T04:00:00.000000",2.18432569503784
"CL","2026-03-09T05:00:00.000000",2.18499493598938
"CL","2026-03-09T06:00:00.000000",2.18242359161377
"CL","2026-03-09T07:00:00.000000",2.17501497268677
"CL","2026-03-09T08:00:00.000000",2.14924836158752
"CL","2026-03-09T09:00:00.000000",2.09875082969666
"CL","2026-03-09T10:00:00.000000",2.08758783340454
"CL","2026-03-09T11:00:00.000000",2.07686448097229
"CL","2026-03-09T12:00:00.000000",2.09578657150269
"CL","2026-03-09T13:00:00.000000",2.11477518081665
"CL","2026-03-09T14:00:00.000000",2.10185575485229
"CL","2026-03-09T15:00:00.000000",2.10038089752197
"CL","2026-03-09T16:00:00.000000",2.10668563842773
"CL","2026-03-09T17:00:00.000000",2.10985255241394
"CL","2026-03-09T18:00:00.000000",2.12796378135681
"CL","2026-03-09T19:00:00.000000",2.14879274368286
"CL","2026-03-09T20:00:00.000000",2.14557909965515
"CL","2026-03-09T21:00:00.000000",2.11781167984009
"CL","2026-03-09T22:00:00.000000",2.12045645713806
"CL","2026-03-09T23:00:00.000000",2.13534712791443
"CL","2026-03-10T00:00:00.000000",2.13029050827026
"CL","2026-03-10T01:00:00.000000",2.08824563026428
"CL","2026-03-10T02:00:00.000000",2.08335399627686
"CL","2026-03-10T03:00:00.000000",2.07844758033752
"CL","2026-03-10T04:00:00.000000",2.07620525360107
"CL","2026-03-10T05:00:00.000000",2.07617592811584
"CL","2026-03-10T06:00:00.000000",2.07691478729248
"CL","2026-03-10T07:00:00.000000",2.07737565040588
"CL","2026-03-10T08:00:00.000000",2.07927584648132
"CL","2026-03-10T09:00:00.000000",2.08418297767639
"CL","2026-03-10T10:00:00.000000",2.08821821212769
"CL","2026-03-10T11:00:00.000000",2.09022974967957
"CL","2026-03-10T12:00:00.000000",2.09248399734497
"CL","2026-03-10T13:00:00.000000",2.09155821800232
"CL","2026-03-10T14:00:00.000000",2.08491182327271
"CL","2026-03-10T15:00:00.000000",2.07424378395081
"CL","2026-03-10T16:00:00.000000",2.07385206222534
"CL","2026-03-10T17:00:00.000000",2.07905888557434
"CL","2026-03-10T18:00:00.000000",2.0882625579834
"CL","2026-03-10T19:00:00.000000",2.1054961681366
"CL","2026-03-10T20:00:00.000000",2.13004302978516
"CL","2026-03-10T21:00:00.000000",2.13110017776489
"CL","2026-03-10T22:00:00.000000",2.12353467941284
"CL","2026-03-10T23:00:00.000000",2.12320351600647
"CL","2026-03-11T00:00:00.000000",2.12550735473633
"CL","2026-03-11T01:00:00.000000",2.10869431495667
"CL","2026-03-11T02:00:00.000000",1.97598540782928
"CL","2026-03-11T03:00:00.000000",1.94960141181946
"CL","2026-03-11T04:00:00.000000",1.94642531871796
"CL","2026-03-11T05:00:00.000000",1.9802086353302
"CL","2026-03-11T06:00:00.000000",2.01535797119141
"CL","2026-03-11T07:00:00.000000",2.0089225769043
"CL","2026-03-11T08:00:00.000000",1.97801566123962
"CL","2026-03-11T09:00:00.000000",1.95915102958679
"CL","2026-03-11T10:00:00.000000",1.96101939678192
"CL","2026-03-11T11:00:00.000000",1.97314751148224
"CL","2026-03-11T12:00:00.000000",1.98677825927734
"CL","2026-03-11T13:00:00.000000",2.00554895401001
"CL","2026-03-11T14:00:00.000000",1.98609733581543
"CL","2026-03-11T15:00:00.000000",1.95691800117493
"CL","2026-03-11T16:00:00.000000",1.93156886100769
"CL","2026-03-11T17:00:00.000000",1.93081820011139
"CL","2026-03-11T18:00:00.000000",1.93797945976257
"CL","2026-03-11T19:00:00.000000",1.9520777463913
"CL","2026-03-11T20:00:00.000000",1.96720087528229
"CL","2026-03-11T21:00:00.000000",2.00560927391052
"CL","2026-03-11T22:00:00.000000",2.05484986305237
"CL","2026-03-11T23:00:00.000000",2.06808495521545
"CL","2026-03-12T00:00:00.000000",2.03928565979004
"CL","2026-03-12T01:00:00.000000",2.00604248046875
"CL","2026-03-12T02:00:00.000000",1.94951605796814
"CL","2026-03-12T03:00:00.000000",1.91251862049103
"CL","2026-03-12T04:00:00.000000",1.9020162820816
"CL","2026-03-12T05:00:00.000000",1.90947067737579
"CL","2026-03-12T06:00:00.000000",1.93081665039062
"CL","2026-03-12T07:00:00.000000",1.93526196479797
"CL","2026-03-12T08:00:00.000000",1.93257510662079
"CL","2026-03-12T09:00:00.000000",1.92986309528351
"CL","2026-03-12T10:00:00.000000",1.92048394680023
"CL","2026-03-12T11:00:00.000000",1.91919922828674
"CL","2026-03-12T12:00:00.000000",1.93208563327789
"CL","2026-03-12T13:00:00.000000",1.9652658700943
"CL","2026-03-12T14:00:00.000000",1.99003779888153
"CL","2026-03-12T15:00:00.000000",1.97589600086212
"CL","2026-03-12T16:00:00.000000",1.97085297107697
"CL","2026-03-12T17:00:00.000000",1.96340000629425
"CL","2026-03-12T18:00:00.000000",1.95344805717468
"CL","2026-03-12T19:00:00.000000",1.9558539390564
"CL","2026-03-12T20:00:00.000000",1.96673631668091
"CL","2026-03-12T21:00:00.000000",2.07985091209412
"CL","2026-03-12T22:00:00.000000",2.07303738594055
"CL","2026-03-12T23:00:00.000000",2.04839181900024
"CL","2026-03-13T00:00:00.000000",2.0321090221405
"FG","2026-03-05T00:00:00.000000",1.8955614566803
"FG","2026-03-05T01:00:00.000000",1.88448190689087
"FG","2026-03-05T02:00:00.000000",1.9304860830307
"FG","2026-03-05T03:00:00.000000",2.00227046012878
"FG","2026-03-05T04:00:00.000000",2.0862398147583
"FG","2026-03-05T05:00:00.000000",2.03716564178467
"FG","2026-03-05T06:00:00.000000",2.00667071342468
"FG","2026-03-05T07:00:00.000000",1.95225965976715
"FG","2026-03-05T08:00:00.000000",1.94743776321411
"FG","2026-03-05T09:00:00.000000",1.9518586397171
"FG","2026-03-05T10:00:00.000000",1.96013736724854
"FG","2026-03-05T11:00:00.000000",1.86154472827911
"FG","2026-03-05T12:00:00.000000",1.85672473907471
"FG","2026-03-05T13:00:00.000000",1.8780609369278
"FG","2026-03-05T14:00:00.000000",1.90258049964905
"FG","2026-03-05T15:00:00.000000",1.92870557308197
"FG","2026-03-05T16:00:00.000000",1.90461480617523
"FG","2026-03-05T17:00:00.000000",1.88551938533783
"FG","2026-03-05T18:00:00.000000",1.90886890888214
"FG","2026-03-05T19:00:00.000000",1.9220370054245
"FG","2026-03-05T20:00:00.000000",1.88408970832825
"FG","2026-03-05T21:00:00.000000",1.88931703567505
"FG","2026-03-05T22:00:00.000000",1.90911614894867
"FG","2026-03-05T23:00:00.000000",1.89523696899414
"FG","2026-03-06T00:00:00.000000",1.86217534542084
"FG","2026-03-06T01:00:00.000000",1.87585270404816
"FG","2026-03-06T02:00:00.000000",1.8880854845047
"FG","2026-03-06T03:00:00.000000",1.90100872516632
"FG","2026-03-06T04:00:00.000000",1.86896026134491
"FG","2026-03-06T05:00:00.000000",1.83361458778381
"FG","2026-03-06T06:00:00.000000",1.85836923122406
"FG","2026-03-06T07:00:00.000000",1.8701730966568
"FG","2026-03-06T08:00:00.000000",1.86593067646027
"FG","2026-03-06T09:00:00.000000",1.8607223033905
"FG","2026-03-06T10:00:00.000000",1.86116290092468
"FG","2026-03-06T11:00:00.000000",1.86127042770386
"FG","2026-03-06T12:00:00.000000",1.80293536186218
"FG","2026-03-06T13:00:00.000000",1.83868145942688
"FG","2026-03-06T14:00:00.000000",1.85237228870392
"FG","2026-03-06T15:00:00.000000",1.85394144058228
"FG","2026-03-06T16:00:00.000000",1.81306302547455
"FG","2026-03-06T17:00:00.000000",1.77465450763702
"FG","2026-03-06T18:00:00.000000",1.79821574687958
"FG","2026-03-06T19:00:00.000000",1.83471858501434
"FG","2026-03-06T20:00:00.000000",1.83380997180939
"FG","2026-03-06T21:00:00.000000",1.82537293434143
"FG","2026-03-06T22:00:00.000000",1.82463479042053
"FG","2026-03-06T23:00:00.000000",1.82644891738892
"FG","2026-03-07T00:00:00.000000",1.81615138053894
"FG","2026-03-07T01:00:00.000000",1.81085908412933
"FG","2026-03-07T02:00:00.000000",1.83141469955444
"FG","2026-03-07T03:00:00.000000",1.83054649829865
"FG","2026-03-07T04:00:00.000000",1.82147014141083
"FG","2026-03-07T05:00:00.000000",1.81327974796295
"FG","2026-03-07T06:00:00.000000",1.81371915340424
"FG","2026-03-07T07:00:00.000000",1.8259265422821
"FG","2026-03-07T08:00:00.000000",1.83685600757599
"FG","2026-03-07T09:00:00.000000",1.82149398326874
"FG","2026-03-07T10:00:00.000000",1.85369074344635
"FG","2026-03-07T11:00:00.000000",1.83926117420197
"FG","2026-03-07T12:00:00.000000",1.84344387054443
"FG","2026-03-07T13:00:00.000000",1.83228623867035
"FG","2026-03-07T14:00:00.000000",1.83458256721497
"FG","2026-03-07T15:00:00.000000",1.83127892017365
"FG","2026-03-07T16:00:00.000000",1.84610533714294
"FG","2026-03-07T17:00:00.000000",1.85998106002808
"FG","2026-03-07T18:00:00.000000",1.87379419803619
"FG","2026-03-07T19:00:00.000000",1.87351381778717
"FG","2026-03-07T20:00:00.000000",1.883957862854
"FG","2026-03-07T21:00:00.000000",1.7991988658905
"FG","2026-03-07T22:00:00.000000",1.85647249221802
"FG","2026-03-07T23:00:00.000000",1.84102606773376
"FG","2026-03-08T00:00:00.000000",1.85853469371796
"FG","2026-03-08T01:00:00.000000",1.8686637878418
"FG","2026-03-08T02:00:00.000000",1.85780298709869
"FG","2026-03-08T03:00:00.000000",1.8333752155304
"FG","2026-03-08T04:00:00.000000",1.85476124286652
"FG","2026-03-08T05:00:00.000000",1.8998316526413
"FG","2026-03-08T06:00:00.000000",1.94166052341461
"FG","2026-03-08T07:00:00.000000",1.93774807453156
"FG","2026-03-08T08:00:00.000000",1.92506694793701
"FG","2026-03-08T09:00:00.000000",1.84628570079803
"FG","2026-03-08T10:00:00.000000",1.87405240535736
"FG","2026-03-08T11:00:00.000000",1.87504804134369
"FG","2026-03-08T12:00:00.000000",1.88249015808105
"FG","2026-03-08T13:00:00.000000",1.8742151260376
"FG","2026-03-08T14:00:00.000000",1.86396670341492
"FG","2026-03-08T15:00:00.000000",1.84829080104828
"FG","2026-03-08T16:00:00.000000",1.87798738479614
"FG","2026-03-08T17:00:00.000000",1.90747404098511
"FG","2026-03-08T18:00:00.000000",1.93525063991547
"FG","2026-03-08T19:00:00.000000",1.9309800863266
"FG","2026-03-08T20:00:00.000000",1.89879512786865
"FG","2026-03-08T21:00:00.000000",1.89241552352905
"FG","2026-03-08T22:00:00.000000",1.88978087902069
"FG","2026-03-08T23:00:00.000000",1.87414753437042
"FG","2026-03-09T00:00:00.000000",1.87913775444031
"FG","2026-03-09T01:00:00.000000",1.87115740776062
"FG","2026-03-09T02:00:00.000000",1.89393281936646
"FG","2026-03-09T03:00:00.000000",1.84401822090149
"FG","2026-03-09T04:00:00.000000",1.83630585670471
"FG","2026-03-09T05:00:00.000000",1.86757302284241
"FG","2026-03-09T06:00:00.000000",1.90528869628906
"FG","2026-03-09T07:00:00.000000",1.92998576164246
"FG","2026-03-09T08:00:00.000000",1.92591369152069
"FG","2026-03-09T09:00:00.000000",1.90532827377319
"FG","2026-03-09T10:00:00.000000",1.85496461391449
"FG","2026-03-09T11:00:00.000000",1.86270773410797
"FG","2026-03-09T12:00:00.000000",1.85310983657837
"FG","2026-03-09T13:00:00.000000",1.84851312637329
"FG","2026-03-09T14:00:00.000000",1.80776429176331
"FG","2026-03-09T15:00:00.000000",1.78634369373322
"FG","2026-03-09T16:00:00.000000",1.79966259002686
"FG","2026-03-09T17:00:00.000000",1.84701716899872
"FG","2026-03-09T18:00:00.000000",1.88867509365082
"FG","2026-03-09T19:00:00.000000",1.90256595611572
"FG","2026-03-09T20:00:00.000000",1.9015394449234
"FG","2026-03-09T21:00:00.000000",1.90153217315674
"FG","2026-03-09T22:00:00.000000",1.8515202999115
"FG","2026-03-09T23:00:00.000000",1.89509642124176
"FG","2026-03-10T00:00:00.000000",1.83416831493378
"FG","2026-03-10T01:00:00.000000",1.85345923900604
"FG","2026-03-10T02:00:00.000000",1.81722176074982
"FG","2026-03-10T03:00:00.000000",1.75540471076965
"FG","2026-03-10T04:00:00.000000",1.751051902771
"FG","2026-03-10T05:00:00.000000",1.80797111988068
"FG","2026-03-10T06:00:00.000000",1.84608030319214
"FG","2026-03-10T07:00:00.000000",1.88876664638519
"FG","2026-03-10T08:00:00.000000",1.90623831748962
"FG","2026-03-10T09:00:00.000000",1.91240096092224
"FG","2026-03-10T10:00:00.000000",1.87341737747192
"FG","2026-03-10T11:00:00.000000",1.8228987455368
"FG","2026-03-10T12:00:00.000000",1.82398843765259
"FG","2026-03-10T13:00:00.000000",1.84671580791473
"FG","2026-03-10T14:00:00.000000",1.84110188484192
"FG","2026-03-10T15:00:00.000000",1.76886224746704
"FG","2026-03-10T16:00:00.000000",1.7704268693924
"FG","2026-03-10T17:00:00.000000",1.81564211845398
"FG","2026-03-10T18:00:00.000000",1.88206768035889
"FG","2026-03-10T19:00:00.000000",1.93263816833496
"FG","2026-03-10T20:00:00.000000",1.95578801631927
"FG","2026-03-10T21:00:00.000000",1.95529043674469
"FG","2026-03-10T22:00:00.000000",1.96074450016022
"FG","2026-03-10T23:00:00.000000",1.84278416633606
"FG","2026-03-11T00:00:00.000000",1.91323065757751
"FG","2026-03-11T01:00:00.000000",1.84701788425446
"FG","2026-03-11T02:00:00.000000",1.87423670291901
"FG","2026-03-11T03:00:00.000000",1.81744587421417
"FG","2026-03-11T04:00:00.000000",1.78313982486725
"FG","2026-03-11T05:00:00.000000",1.80087089538574
"FG","2026-03-11T06:00:00.000000",1.83353507518768
"FG","2026-03-11T07:00:00.000000",1.87014448642731
"FG","2026-03-11T08:00:00.000000",1.91221475601196
"FG","2026-03-11T09:00:00.000000",1.93298101425171
"FG","2026-03-11T10:00:00.000000",1.94747698307037
"FG","2026-03-11T11:00:00.000000",1.87708592414856
"FG","2026-03-11T12:00:00.000000",1.83693063259125
"FG","2026-03-11T13:00:00.000000",1.83931446075439
"FG","2026-03-11T14:00:00.000000",1.86576616764069
"FG","2026-03-11T15:00:00.000000",1.89169979095459
"FG","2026-03-11T16:00:00.000000",1.76922357082367
"FG","2026-03-11T17:00:00.000000",1.80245876312256
"FG","2026-03-11T18:00:00.000000",1.84485447406769
"FG","2026-03-11T19:00:00.000000",1.8868180513382
"FG","2026-03-11T20:00:00.000000",1.9312481880188
"FG","2026-03-11T21:00:00.000000",1.95294594764709
"FG","2026-03-11T22:00:00.000000",1.95950615406036
"FG","2026-03-11T23:00:00.000000",1.89068365097046
"FG","2026-03-12T00:00:00.000000",1.85388994216919
"FG","2026-03-12T01:00:00.000000",1.87152397632599
"FG","2026-03-12T02:00:00.000000",1.88842701911926
"FG","2026-03-12T03:00:00.000000",1.92759621143341
"FG","2026-03-12T04:00:00.000000",1.81446182727814
"FG","2026-03-12T05:00:00.000000",1.75520515441895
"FG","2026-03-12T06:00:00.000000",1.76153242588043
"FG","2026-03-12T07:00:00.000000",1.79756474494934
"FG","2026-03-12T08:00:00.000000",1.84414887428284
"FG","2026-03-12T09:00:00.000000",1.92048943042755
"FG","2026-03-12T10:00:00.000000",1.96952736377716
"FG","2026-03-12T11:00:00.000000",1.96926403045654
"FG","2026-03-12T12:00:00.000000",1.90731179714203
"FG","2026-03-12T13:00:00.000000",1.89878487586975
"FG","2026-03-12T14:00:00.000000",1.91498792171478
"FG","2026-03-12T15:00:00.000000",1.95042133331299
"FG","2026-03-12T16:00:00.000000",1.99492406845093
"FG","2026-03-12T17:00:00.000000",1.93875598907471
"FG","2026-03-12T18:00:00.000000",2.01780533790588
"FG","2026-03-12T19:00:00.000000",2.07011675834656
"FG","2026-03-12T20:00:00.000000",2.09853601455688
"FG","2026-03-12T21:00:00.000000",2.10875105857849
"FG","2026-03-12T22:00:00.000000",2.07454252243042
"FG","2026-03-12T23:00:00.000000",2.01673817634583
"FG","2026-03-13T00:00:00.000000",1.97083282470703
"GI","2026-03-05T00:00:00.000000",1.97113394737244
"GI","2026-03-05T01:00:00.000000",1.97934079170227
"GI","2026-03-05T02:00:00.000000",1.97976195812225
"GI","2026-03-05T03:00:00.000000",1.96475863456726
"GI","2026-03-05T04:00:00.000000",1.92030620574951
"GI","2026-03-05T05:00:00.000000",1.89089214801788
"GI","2026-03-05T06:00:00.000000",1.90581977367401
"GI","2026-03-05T07:00:00.000000",1.89292252063751
"GI","2026-03-05T08:00:00.000000",1.88677453994751
"GI","2026-03-05T09:00:00.000000",1.88767564296722
"GI","2026-03-05T10:00:00.000000",1.88086378574371
"GI","2026-03-05T11:00:00.000000",1.88451993465424
"GI","2026-03-05T12:00:00.000000",2.01655983924866
"GI","2026-03-05T13:00:00.000000",2.06193089485168
"GI","2026-03-05T14:00:00.000000",2.06774878501892
"GI","2026-03-05T15:00:00.000000",2.06708383560181
"GI","2026-03-05T16:00:00.000000",2.02706146240234
"GI","2026-03-05T17:00:00.000000",1.96302056312561
"GI","2026-03-05T18:00:00.000000",1.92727422714233
"GI","2026-03-05T19:00:00.000000",1.90227830410004
"GI","2026-03-05T20:00:00.000000",1.90151762962341
"GI","2026-03-05T21:00:00.000000",1.88382089138031
"GI","2026-03-05T22:00:00.000000",1.89968645572662
"GI","2026-03-05T23:00:00.000000",1.96003556251526
"GI","2026-03-06T00:00:00.000000",2.04900455474854
"GI","2026-03-06T01:00:00.000000",2.07254242897034
"GI","2026-03-06T02:00:00.000000",2.07439017295837
"GI","2026-03-06T03:00:00.000000",2.07274436950684
"GI","2026-03-06T04:00:00.000000",2.04600286483765
"GI","2026-03-06T05:00:00.000000",1.98102295398712
"GI","2026-03-06T06:00:00.000000",1.93310785293579
"GI","2026-03-06T07:00:00.000000",1.90073192119598
"GI","2026-03-06T08:00:00.000000",1.89308035373688
"GI","2026-03-06T09:00:00.000000",1.87950801849365
"GI","2026-03-06T10:00:00.000000",1.8897430896759
"GI","2026-03-06T11:00:00.000000",1.89182949066162
"GI","2026-03-06T12:00:00.000000",1.98708617687225
"GI","2026-03-06T13:00:00.000000",2.05279397964478
"GI","2026-03-06T14:00:00.000000",2.06310296058655
"GI","2026-03-06T15:00:00.000000",2.06429290771484
"GI","2026-03-06T16:00:00.000000",2.0619752407074
"GI","2026-03-06T17:00:00.000000",1.99659097194672
"GI","2026-03-06T18:00:00.000000",1.95827317237854
"GI","2026-03-06T19:00:00.000000",1.93838346004486
"GI","2026-03-06T20:00:00.000000",1.93648266792297
"GI","2026-03-06T21:00:00.000000",1.9487646818161
"GI","2026-03-06T22:00:00.000000",1.94724309444427
"GI","2026-03-06T23:00:00.000000",1.9574226140976
"GI","2026-03-07T00:00:00.000000",1.99487400054932
"GI","2026-03-07T01:00:00.000000",2.07252597808838
"GI","2026-03-07T02:00:00.000000",2.09142899513245
"GI","2026-03-07T03:00:00.000000",2.09294056892395
"GI","2026-03-07T04:00:00.000000",2.09473729133606
"GI","2026-03-07T05:00:00.000000",2.04823565483093
"GI","2026-03-07T06:00:00.000000",2.00513601303101
"GI","2026-03-07T07:00:00.000000",1.98030960559845
"GI","2026-03-07T08:00:00.000000",1.97641372680664
"GI","2026-03-07T09:00:00.000000",1.97412323951721
"GI","2026-03-07T10:00:00.000000",1.98440444469452
"GI","2026-03-07T11:00:00.000000",1.98380625247955
"GI","2026-03-07T12:00:00.000000",1.98638486862183
"GI","2026-03-07T13:00:00.000000",2.0309636592865
"GI","2026-03-07T14:00:00.000000",2.07812023162842
"GI","2026-03-07T15:00:00.000000",2.08562731742859
"GI","2026-03-07T16:00:00.000000",2.09160304069519
"GI","2026-03-07T17:00:00.000000",2.05964469909668
"GI","2026-03-07T18:00:00.000000",2.02360415458679
"GI","2026-03-07T19:00:00.000000",2.02134966850281
"GI","2026-03-07T20:00:00.000000",2.0211808681488
"GI","2026-03-07T21:00:00.000000",2.02492475509644
"GI","2026-03-07T22:00:00.000000",2.02557396888733
"GI","2026-03-07T23:00:00.000000",2.02586793899536
"GI","2026-03-08T00:00:00.000000",2.03238606452942
"GI","2026-03-08T01:00:00.000000",2.09004616737366
"GI","2026-03-08T02:00:00.000000",2.12729954719543
"GI","2026-03-08T03:00:00.000000",2.13894033432007
"GI","2026-03-08T04:00:00.000000",2.1378493309021
"GI","2026-03-08T05:00:00.000000",2.13469958305359
"GI","2026-03-08T06:00:00.000000",2.08790612220764
"GI","2026-03-08T07:00:00.000000",2.05507135391235
"GI","2026-03-08T08:00:00.000000",2.04144215583801
"GI","2026-03-08T09:00:00.000000",2.04340791702271
"GI","2026-03-08T10:00:00.000000",2.03542542457581
"GI","2026-03-08T11:00:00.000000",2.03233790397644
"GI","2026-03-08T12:00:00.000000",2.03593611717224
"GI","2026-03-08T13:00:00.000000",2.04258275032043
"GI","2026-03-08T14:00:00.000000",2.07628393173218
"GI","2026-03-08T15:00:00.000000",2.10149574279785
"GI","2026-03-08T16:00:00.000000",2.10993123054504
"GI","2026-03-08T17:00:00.000000",2.09971022605896
"GI","2026-03-08T18:00:00.000000",2.05485153198242
"GI","2026-03-08T19:00:00.000000",2.0447244644165
"GI","2026-03-08T20:00:00.000000",2.06705164909363
"GI","2026-03-08T21:00:00.000000",2.03875780105591
"GI","2026-03-08T22:00:00.000000",2.03511905670166
"GI","2026-03-08T23:00:00.000000",2.03095245361328
"GI","2026-03-09T00:00:00.000000",2.02289032936096
"GI","2026-03-09T01:00:00.000000",2.04214572906494
"GI","2026-03-09T02:00:00.000000",2.09640097618103
"GI","2026-03-09T03:00:00.000000",2.14891934394836
"GI","2026-03-09T04:00:00.000000",2.16046929359436
"GI","2026-03-09T05:00:00.000000",2.16323232650757
"GI","2026-03-09T06:00:00.000000",2.13319039344788
"GI","2026-03-09T07:00:00.000000",2.07247281074524
"GI","2026-03-09T08:00:00.000000",2.0395770072937
"GI","2026-03-09T09:00:00.000000",2.0526065826416
"GI","2026-03-09T10:00:00.000000",2.05336761474609
"GI","2026-03-09T11:00:00.000000",2.04873490333557
"GI","2026-03-09T12:00:00.000000",2.04186582565308
"GI","2026-03-09T13:00:00.000000",2.04199433326721
"GI","2026-03-09T14:00:00.000000",2.07034277915955
"GI","2026-03-09T15:00:00.000000",2.09973812103271
"GI","2026-03-09T16:00:00.000000",2.10726189613342
"GI","2026-03-09T17:00:00.000000",2.11135673522949
"GI","2026-03-09T18:00:00.000000",2.09952449798584
"GI","2026-03-09T19:00:00.000000",2.06812691688538
"GI","2026-03-09T20:00:00.000000",2.05408239364624
"GI","2026-03-09T21:00:00.000000",2.07473921775818
"GI","2026-03-09T22:00:00.000000",2.06809234619141
"GI","2026-03-09T23:00:00.000000",2.06476306915283
"GI","2026-03-10T00:00:00.000000",2.06801867485046
"GI","2026-03-10T01:00:00.000000",2.0905396938324
"GI","2026-03-10T02:00:00.000000",2.10772252082825
"GI","2026-03-10T03:00:00.000000",2.09694457054138
"GI","2026-03-10T04:00:00.000000",2.09014391899109
"GI","2026-03-10T05:00:00.000000",2.08687376976013
"GI","2026-03-10T06:00:00.000000",2.08661413192749
"GI","2026-03-10T07:00:00.000000",2.09298205375671
"GI","2026-03-10T08:00:00.000000",2.09335827827454
"GI","2026-03-10T09:00:00.000000",2.08631610870361
"GI","2026-03-10T10:00:00.000000",2.08485317230225
"GI","2026-03-10T11:00:00.000000",2.08468341827393
"GI","2026-03-10T12:00:00.000000",2.082852602005
"GI","2026-03-10T13:00:00.000000",2.08565735816956
"GI","2026-03-10T14:00:00.000000",2.09157204627991
"GI","2026-03-10T15:00:00.000000",2.09665870666504
"GI","2026-03-10T16:00:00.000000",2.10123586654663
"GI","2026-03-10T17:00:00.000000",2.10378909111023
"GI","2026-03-10T18:00:00.000000",2.10684299468994
"GI","2026-03-10T19:00:00.000000",2.10868263244629
"GI","2026-03-10T20:00:00.000000",2.10683131217957
"GI","2026-03-10T21:00:00.000000",2.1043267250061
"GI","2026-03-10T22:00:00.000000",2.10096025466919
"GI","2026-03-10T23:00:00.000000",2.09753370285034
"GI","2026-03-11T00:00:00.000000",2.09442162513733
"GI","2026-03-11T01:00:00.000000",2.09888100624084
"GI","2026-03-11T02:00:00.000000",2.11126589775085
"GI","2026-03-11T03:00:00.000000",2.10575914382935
"GI","2026-03-11T04:00:00.000000",2.05195116996765
"GI","2026-03-11T05:00:00.000000",2.01168870925903
"GI","2026-03-11T06:00:00.000000",1.99026334285736
"GI","2026-03-11T07:00:00.000000",1.99238574504852
"GI","2026-03-11T08:00:00.000000",2.02956080436707
"GI","2026-03-11T09:00:00.000000",2.07732963562012
"GI","2026-03-11T10:00:00.000000",2.09240865707397
"GI","2026-03-11T11:00:00.000000",2.09335660934448
"GI","2026-03-11T12:00:00.000000",2.09118247032166
"GI","2026-03-11T13:00:00.000000",2.09327292442322
"GI","2026-03-11T14:00:00.000000",2.07976174354553
"GI","2026-03-11T15:00:00.000000",2.07437252998352
"GI","2026-03-11T16:00:00.000000",2.0671374797821
"GI","2026-03-11T17:00:00.000000",2.05993986129761
"GI","2026-03-11T18:00:00.000000",2.05121231079102
"GI","2026-03-11T19:00:00.000000",2.05059695243835
"GI","2026-03-11T20:00:00.000000",2.06509828567505
"GI","2026-03-11T21:00:00.000000",2.08773303031921
"GI","2026-03-11T22:00:00.000000",2.09945440292358
"GI","2026-03-11T23:00:00.000000",2.09636616706848
"GI","2026-03-12T00:00:00.000000",2.08508253097534
"GI","2026-03-12T01:00:00.000000",2.07971119880676
"GI","2026-03-12T02:00:00.000000",2.07683372497559
"GI","2026-03-12T03:00:00.000000",2.07122421264648
"GI","2026-03-12T04:00:00.000000",2.04156565666199
"GI","2026-03-12T05:00:00.000000",1.98964893817902
"GI","2026-03-12T06:00:00.000000",1.95016324520111
"GI","2026-03-12T07:00:00.000000",1.93009269237518
"GI","2026-03-12T08:00:00.000000",1.93208980560303
"GI","2026-03-12T09:00:00.000000",1.94706404209137
"GI","2026-03-12T10:00:00.000000",1.99138593673706
"GI","2026-03-12T11:00:00.000000",2.0323703289032
"GI","2026-03-12T12:00:00.000000",2.04746794700623
"GI","2026-03-12T13:00:00.000000",2.05096340179443
"GI","2026-03-12T14:00:00.000000",2.04418873786926
"GI","2026-03-12T15:00:00.000000",2.04800701141357
"GI","2026-03-12T16:00:00.000000",2.05735778808594
"GI","2026-03-12T17:00:00.000000",2.0643572807312
"GI","2026-03-12T18:00:00.000000",2.07062315940857
"GI","2026-03-12T19:00:00.000000",2.07309007644653
"GI","2026-03-12T20:00:00.000000",2.07496643066406
"GI","2026-03-12T21:00:00.000000",2.07420682907104
"GI","2026-03-12T22:00:00.000000",2.07476830482483
"GI","2026-03-12T23:00:00.000000",2.06291007995605
"GI","2026-03-13T00:00:00.000000",1.99462604522705
"JB","2026-03-05T00:00:00.000000",1.95985186100006
"JB","2026-03-05T01:00:00.000000",1.90474355220795
"JB","2026-03-05T02:00:00.000000",1.92970991134644
"JB","2026-03-05T03:00:00.000000",2.04680681228638
"JB","2026-03-05T04:00:00.000000",2.04067182540894
"JB","2026-03-05T05:00:00.000000",2.02518725395203
"JB","2026-03-05T06:00:00.000000",2.00949883460999
"JB","2026-03-05T07:00:00.000000",2.00949883460999
"JB","2026-03-05T08:00:00.000000",2.00949883460999
"JB","2026-03-05T09:00:00.000000",2.02618336677551
"JB","2026-03-05T10:00:00.000000",2.00130867958069
"JB","2026-03-05T11:00:00.000000",2.04808974266052
"JB","2026-03-05T12:00:00.000000",2.04245400428772
"JB","2026-03-05T13:00:00.000000",1.96259665489197
"JB","2026-03-05T14:00:00.000000",1.93038284778595
"JB","2026-03-05T15:00:00.000000",1.98833203315735
"JB","2026-03-05T16:00:00.000000",1.98765277862549
"JB","2026-03-05T17:00:00.000000",1.98379695415497
"JB","2026-03-05T18:00:00.000000",1.98099398612976
"JB","2026-03-05T19:00:00.000000",1.9728307723999
"JB","2026-03-05T20:00:00.000000",1.88232338428497
"JB","2026-03-05T21:00:00.000000",1.96578741073608
"JB","2026-03-05T22:00:00.000000",1.96436190605164
"JB","2026-03-05T23:00:00.000000",1.96338450908661
"JB","2026-03-06T00:00:00.000000",1.9668093919754
"JB","2026-03-06T01:00:00.000000",1.95531165599823
"JB","2026-03-06T02:00:00.000000",1.91385841369629
"JB","2026-03-06T03:00:00.000000",1.96092104911804
"JB","2026-03-06T04:00:00.000000",1.96027648448944
"JB","2026-03-06T05:00:00.000000",1.95554399490356
"JB","2026-03-06T06:00:00.000000",1.94522321224213
"JB","2026-03-06T07:00:00.000000",1.92688941955566
"JB","2026-03-06T08:00:00.000000",1.77790439128876
"JB","2026-03-06T09:00:00.000000",1.86426329612732
"JB","2026-03-06T10:00:00.000000",1.93099808692932
"JB","2026-03-06T11:00:00.000000",1.92481565475464
"JB","2026-03-06T12:00:00.000000",1.74327421188354
"JB","2026-03-06T13:00:00.000000",1.86698460578918
"JB","2026-03-06T14:00:00.000000",1.84046268463135
"JB","2026-03-06T15:00:00.000000",1.84774565696716
"JB","2026-03-06T16:00:00.000000",1.87340748310089
"JB","2026-03-06T17:00:00.000000",1.87526452541351
"JB","2026-03-06T18:00:00.000000",1.86929476261139
"JB","2026-03-06T19:00:00.000000",1.87159740924835
"JB","2026-03-06T20:00:00.000000",1.8673255443573
"JB","2026-03-06T21:00:00.000000",1.8588593006134
"JB","2026-03-06T22:00:00.000000",1.85920476913452
"JB","2026-03-06T23:00:00.000000",1.85398685932159
"JB","2026-03-07T00:00:00.000000",1.86028575897217
"JB","2026-03-07T01:00:00.000000",1.85445630550385
"JB","2026-03-07T02:00:00.000000",1.82712852954865
"JB","2026-03-07T03:00:00.000000",1.80078756809235
"JB","2026-03-07T04:00:00.000000",1.87006783485413
"JB","2026-03-07T05:00:00.000000",1.87100517749786
"JB","2026-03-07T06:00:00.000000",1.79872131347656
"JB","2026-03-07T07:00:00.000000",1.82576203346252
"JB","2026-03-07T08:00:00.000000",1.85930979251862
"JB","2026-03-07T09:00:00.000000",1.86486625671387
"JB","2026-03-07T10:00:00.000000",1.83784162998199
"JB","2026-03-07T11:00:00.000000",1.81885004043579
"JB","2026-03-07T12:00:00.000000",1.84538161754608
"JB","2026-03-07T13:00:00.000000",1.87422120571136
"JB","2026-03-07T14:00:00.000000",1.82601022720337
"JB","2026-03-07T15:00:00.000000",1.76698446273804
"JB","2026-03-07T16:00:00.000000",1.85086905956268
"JB","2026-03-07T17:00:00.000000",1.89381206035614
"JB","2026-03-07T18:00:00.000000",1.85903072357178
"JB","2026-03-07T19:00:00.000000",1.85467231273651
"JB","2026-03-07T20:00:00.000000",1.83668267726898
"JB","2026-03-07T21:00:00.000000",1.86804378032684
"JB","2026-03-07T22:00:00.000000",1.87554621696472
"JB","2026-03-07T23:00:00.000000",1.81572079658508
"JB","2026-03-08T00:00:00.000000",1.79616701602936
"JB","2026-03-08T01:00:00.000000",1.81257355213165
"JB","2026-03-08T02:00:00.000000",1.81280088424683
"JB","2026-03-08T03:00:00.000000",1.762570977211
"JB","2026-03-08T04:00:00.000000",1.77413904666901
"JB","2026-03-08T05:00:00.000000",1.86107337474823
"JB","2026-03-08T06:00:00.000000",1.85153603553772
"JB","2026-03-08T07:00:00.000000",1.84561240673065
"JB","2026-03-08T08:00:00.000000",1.85097050666809
"JB","2026-03-08T09:00:00.000000",1.83802306652069
"JB","2026-03-08T10:00:00.000000",1.83799171447754
"JB","2026-03-08T11:00:00.000000",1.83704340457916
"JB","2026-03-08T12:00:00.000000",1.85762417316437
"JB","2026-03-08T13:00:00.000000",1.85306417942047
"JB","2026-03-08T14:00:00.000000",1.85436713695526
"JB","2026-03-08T15:00:00.000000",1.82000410556793
"JB","2026-03-08T16:00:00.000000",1.81190478801727
"JB","2026-03-08T17:00:00.000000",1.88649821281433
"JB","2026-03-08T18:00:00.000000",1.88447558879852
"JB","2026-03-08T19:00:00.000000",1.86288595199585
"JB","2026-03-08T20:00:00.000000",1.84643018245697
"JB","2026-03-08T21:00:00.000000",1.85019624233246
"JB","2026-03-08T22:00:00.000000",1.9297593832016
"JB","2026-03-08T23:00:00.000000",1.9184056520462
"JB","2026-03-09T00:00:00.000000",1.84730422496796
"JB","2026-03-09T01:00:00.000000",1.84205651283264
"JB","2026-03-09T02:00:00.000000",1.87312400341034
"JB","2026-03-09T03:00:00.000000",1.86975133419037
"JB","2026-03-09T04:00:00.000000",1.80016028881073
"JB","2026-03-09T05:00:00.000000",1.86585307121277
"JB","2026-03-09T06:00:00.000000",1.92276692390442
"JB","2026-03-09T07:00:00.000000",1.91535115242004
"JB","2026-03-09T08:00:00.000000",1.90463471412659
"JB","2026-03-09T09:00:00.000000",1.86757147312164
"JB","2026-03-09T10:00:00.000000",1.9150584936142
"JB","2026-03-09T11:00:00.000000",1.91511595249176
"JB","2026-03-09T12:00:00.000000",1.85736978054047
"JB","2026-03-09T13:00:00.000000",1.89565551280975
"JB","2026-03-09T14:00:00.000000",1.90989577770233
"JB","2026-03-09T15:00:00.000000",1.92194831371307
"JB","2026-03-09T16:00:00.000000",1.85145199298859
"JB","2026-03-09T17:00:00.000000",1.92142736911774
"JB","2026-03-09T18:00:00.000000",1.93019771575928
"JB","2026-03-09T19:00:00.000000",1.86868178844452
"JB","2026-03-09T20:00:00.000000",1.84326112270355
"JB","2026-03-09T21:00:00.000000",1.85994017124176
"JB","2026-03-09T22:00:00.000000",1.89146113395691
"JB","2026-03-09T23:00:00.000000",1.96943640708923
"JB","2026-03-10T00:00:00.000000",1.90442800521851
"JB","2026-03-10T01:00:00.000000",1.84927582740784
"JB","2026-03-10T02:00:00.000000",1.84319460391998
"JB","2026-03-10T03:00:00.000000",1.86954295635223
"JB","2026-03-10T04:00:00.000000",1.83384454250336
"JB","2026-03-10T05:00:00.000000",1.82345628738403
"JB","2026-03-10T06:00:00.000000",1.89363348484039
"JB","2026-03-10T07:00:00.000000",1.8994687795639
"JB","2026-03-10T08:00:00.000000",1.87961423397064
"JB","2026-03-10T09:00:00.000000",1.89047849178314
"JB","2026-03-10T10:00:00.000000",1.87143385410309
"JB","2026-03-10T11:00:00.000000",1.90349102020264
"JB","2026-03-10T12:00:00.000000",1.88833856582642
"JB","2026-03-10T13:00:00.000000",1.86436021327972
"JB","2026-03-10T14:00:00.000000",1.8971391916275
"JB","2026-03-10T15:00:00.000000",1.92826473712921
"JB","2026-03-10T16:00:00.000000",1.92958784103394
"JB","2026-03-10T17:00:00.000000",1.8757289648056
"JB","2026-03-10T18:00:00.000000",1.94509017467499
"JB","2026-03-10T19:00:00.000000",1.96677994728088
"JB","2026-03-10T20:00:00.000000",1.92028772830963
"JB","2026-03-10T21:00:00.000000",1.92368042469025
"JB","2026-03-10T22:00:00.000000",1.92782080173492
"JB","2026-03-10T23:00:00.000000",1.98551082611084
"JB","2026-03-11T00:00:00.000000",2.00686407089233
"JB","2026-03-11T01:00:00.000000",1.93925988674164
"JB","2026-03-11T02:00:00.000000",1.89746332168579
"JB","2026-03-11T03:00:00.000000",1.90928101539612
"JB","2026-03-11T04:00:00.000000",1.92650246620178
"JB","2026-03-11T05:00:00.000000",1.88183069229126
"JB","2026-03-11T06:00:00.000000",1.87723028659821
"JB","2026-03-11T07:00:00.000000",1.93754553794861
"JB","2026-03-11T08:00:00.000000",1.94183671474457
"JB","2026-03-11T09:00:00.000000",1.91653752326965
"JB","2026-03-11T10:00:00.000000",1.92474567890167
"JB","2026-03-11T11:00:00.000000",1.91556239128113
"JB","2026-03-11T12:00:00.000000",1.96570885181427
"JB","2026-03-11T13:00:00.000000",1.94550895690918
"JB","2026-03-11T14:00:00.000000",1.91093218326569
"JB","2026-03-11T15:00:00.000000",1.92777991294861
"JB","2026-03-11T16:00:00.000000",1.97634613513947
"JB","2026-03-11T17:00:00.000000",1.97232449054718
"JB","2026-03-11T18:00:00.000000",1.93572330474854
"JB","2026-03-11T19:00:00.000000",1.94122695922852
"JB","2026-03-11T20:00:00.000000",1.96805143356323
"JB","2026-03-11T21:00:00.000000",1.95832669734955
"JB","2026-03-11T22:00:00.000000",1.95292210578918
"JB","2026-03-11T23:00:00.000000",1.96607220172882
"JB","2026-03-12T00:00:00.000000",2.01051449775696
"JB","2026-03-12T01:00:00.000000",1.99390149116516
"JB","2026-03-12T02:00:00.000000",1.94920575618744
"JB","2026-03-12T03:00:00.000000",1.9208357334137
"JB","2026-03-12T04:00:00.000000",1.93917453289032
"JB","2026-03-12T05:00:00.000000",1.95631515979767
"JB","2026-03-12T06:00:00.000000",1.93178164958954
"JB","2026-03-12T07:00:00.000000",1.91034400463104
"JB","2026-03-12T08:00:00.000000",1.93958008289337
"JB","2026-03-12T09:00:00.000000",1.94064927101135
"JB","2026-03-12T10:00:00.000000",1.94284176826477
"JB","2026-03-12T11:00:00.000000",1.94398951530457
"JB","2026-03-12T12:00:00.000000",1.93371665477753
"JB","2026-03-12T13:00:00.000000",1.93113625049591
"JB","2026-03-12T14:00:00.000000",1.94659519195557
"JB","2026-03-12T15:00:00.000000",1.9521849155426
"JB","2026-03-12T16:00:00.000000",1.94619631767273
"JB","2026-03-12T17:00:00.000000",1.93474471569061
"JB","2026-03-12T18:00:00.000000",1.92737317085266
"JB","2026-03-12T19:00:00.000000",1.94942474365234
"JB","2026-03-12T20:00:00.000000",1.95942854881287
"JB","2026-03-12T21:00:00.000000",1.96091914176941
"JB","2026-03-12T22:00:00.000000",1.96329212188721
"JB","2026-03-12T23:00:00.000000",1.99834442138672
"JB","2026-03-13T00:00:00.000000",1.99984788894653
NA,"2026-03-05T00:00:00.000000",2.07604122161865
NA,"2026-03-05T01:00:00.000000",2.09899735450745
NA,"2026-03-05T02:00:00.000000",2.10974359512329
NA,"2026-03-05T03:00:00.000000",2.12042737007141
NA,"2026-03-05T04:00:00.000000",2.12523293495178
NA,"2026-03-05T05:00:00.000000",2.12206315994263
NA,"2026-03-05T06:00:00.000000",2.11058497428894
NA,"2026-03-05T07:00:00.000000",2.0966911315918
NA,"2026-03-05T08:00:00.000000",2.08545541763306
NA,"2026-03-05T09:00:00.000000",2.0760805606842
NA,"2026-03-05T10:00:00.000000",2.07032227516174
NA,"2026-03-05T11:00:00.000000",2.06823515892029
NA,"2026-03-05T12:00:00.000000",2.07479667663574
NA,"2026-03-05T13:00:00.000000",2.09308910369873
NA,"2026-03-05T14:00:00.000000",2.09837341308594
NA,"2026-03-05T15:00:00.000000",2.11556935310364
NA,"2026-03-05T16:00:00.000000",2.13525581359863
NA,"2026-03-05T17:00:00.000000",2.14025259017944
NA,"2026-03-05T18:00:00.000000",2.14095115661621
NA,"2026-03-05T19:00:00.000000",2.13898301124573
NA,"2026-03-05T20:00:00.000000",2.12950396537781
NA,"2026-03-05T21:00:00.000000",2.11221051216125
NA,"2026-03-05T22:00:00.000000",2.08911824226379
NA,"2026-03-05T23:00:00.000000",2.07683396339417
NA,"2026-03-06T00:00:00.000000",2.09291481971741
NA,"2026-03-06T01:00:00.000000",2.11401557922363
NA,"2026-03-06T02:00:00.000000",2.11429715156555
NA,"2026-03-06T03:00:00.000000",2.13372135162354
NA,"2026-03-06T04:00:00.000000",2.14772033691406
NA,"2026-03-06T05:00:00.000000",2.14878869056702
NA,"2026-03-06T06:00:00.000000",2.14023518562317
NA,"2026-03-06T07:00:00.000000",2.1237268447876
NA,"2026-03-06T08:00:00.000000",2.11724138259888
NA,"2026-03-06T09:00:00.000000",2.10956740379333
NA,"2026-03-06T10:00:00.000000",2.10395359992981
NA,"2026-03-06T11:00:00.000000",2.10258793830872
NA,"2026-03-06T12:00:00.000000",2.10701131820679
NA,"2026-03-06T13:00:00.000000",2.12620902061462
NA,"2026-03-06T14:00:00.000000",2.13152480125427
NA,"2026-03-06T15:00:00.000000",2.14826607704163
NA,"2026-03-06T16:00:00.000000",2.16887044906616
NA,"2026-03-06T17:00:00.000000",2.17928767204285
NA,"2026-03-06T18:00:00.000000",2.1851658821106
NA,"2026-03-06T19:00:00.000000",2.1883339881897
NA,"2026-03-06T20:00:00.000000",2.18822765350342
NA,"2026-03-06T21:00:00.000000",2.18445134162903
NA,"2026-03-06T22:00:00.000000",2.18081712722778
NA,"2026-03-06T23:00:00.000000",2.17843461036682
NA,"2026-03-07T00:00:00.000000",2.17942833900452
NA,"2026-03-07T01:00:00.000000",2.19566226005554
NA,"2026-03-07T02:00:00.000000",2.20925521850586
NA,"2026-03-07T03:00:00.000000",2.22867465019226
NA,"2026-03-07T04:00:00.000000",2.24210333824158
NA,"2026-03-07T05:00:00.000000",2.24712991714478
NA,"2026-03-07T06:00:00.000000",2.24990749359131
NA,"2026-03-07T07:00:00.000000",2.25155735015869
NA,"2026-03-07T08:00:00.000000",2.25426387786865
NA,"2026-03-07T09:00:00.000000",2.25149130821228
NA,"2026-03-07T10:00:00.000000",2.24634146690369
NA,"2026-03-07T11:00:00.000000",2.24263405799866
NA,"2026-03-07T12:00:00.000000",2.23970675468445
NA,"2026-03-07T13:00:00.000000",2.24033737182617
NA,"2026-03-07T14:00:00.000000",2.25165200233459
NA,"2026-03-07T15:00:00.000000",2.27247262001038
NA,"2026-03-07T16:00:00.000000",2.2861692905426
NA,"2026-03-07T17:00:00.000000",2.29558682441711
NA,"2026-03-07T18:00:00.000000",2.30116987228394
NA,"2026-03-07T19:00:00.000000",2.30275797843933
NA,"2026-03-07T20:00:00.000000",2.30265951156616
NA,"2026-03-07T21:00:00.000000",2.29628396034241
NA,"2026-03-07T22:00:00.000000",2.29011368751526
NA,"2026-03-07T23:00:00.000000",2.28575086593628
NA,"2026-03-08T00:00:00.000000",2.28351259231567
NA,"2026-03-08T01:00:00.000000",2.28471851348877
NA,"2026-03-08T02:00:00.000000",2.29670453071594
NA,"2026-03-08T03:00:00.000000",2.30933737754822
NA,"2026-03-08T04:00:00.000000",2.31505632400513
NA,"2026-03-08T05:00:00.000000",2.31940412521362
NA,"2026-03-08T06:00:00.000000",2.31918263435364
NA,"2026-03-08T07:00:00.000000",2.31769061088562
NA,"2026-03-08T08:00:00.000000",2.31256508827209
NA,"2026-03-08T09:00:00.000000",2.30412936210632
NA,"2026-03-08T10:00:00.000000",2.29696011543274
NA,"2026-03-08T11:00:00.000000",2.29060125350952
NA,"2026-03-08T12:00:00.000000",2.28653693199158
NA,"2026-03-08T13:00:00.000000",2.28486084938049
NA,"2026-03-08T14:00:00.000000",2.28275370597839
NA,"2026-03-08T15:00:00.000000",2.28081178665161
NA,"2026-03-08T16:00:00.000000",2.28264045715332
NA,"2026-03-08T17:00:00.000000",2.28706359863281
NA,"2026-03-08T18:00:00.000000",2.29003715515137
NA,"2026-03-08T19:00:00.000000",2.28971791267395
NA,"2026-03-08T20:00:00.000000",2.28934454917908
NA,"2026-03-08T21:00:00.000000",2.28961038589478
NA,"2026-03-08T22:00:00.000000",2.28990364074707
NA,"2026-03-08T23:00:00.000000",2.28966379165649
NA,"2026-03-09T00:00:00.000000",2.2888514995575
NA,"2026-03-09T01:00:00.000000",2.28818440437317
NA,"2026-03-09T02:00:00.000000",2.28814506530762
NA,"2026-03-09T03:00:00.000000",2.28858351707458
NA,"2026-03-09T04:00:00.000000",2.28823828697205
NA,"2026-03-09T05:00:00.000000",2.28901720046997
NA,"2026-03-09T06:00:00.000000",2.29000735282898
NA,"2026-03-09T07:00:00.000000",2.28975868225098
NA,"2026-03-09T08:00:00.000000",2.28820276260376
NA,"2026-03-09T09:00:00.000000",2.28582644462585
NA,"2026-03-09T10:00:00.000000",2.2839150428772
NA,"2026-03-09T11:00:00.000000",2.28265070915222
NA,"2026-03-09T12:00:00.000000",2.28185534477234
NA,"2026-03-09T13:00:00.000000",2.28188490867615
NA,"2026-03-09T14:00:00.000000",2.28279685974121
NA,"2026-03-09T15:00:00.000000",2.28494882583618
NA,"2026-03-09T16:00:00.000000",2.28856015205383
NA,"2026-03-09T17:00:00.000000",2.29302740097046
NA,"2026-03-09T18:00:00.000000",2.2974066734314
NA,"2026-03-09T19:00:00.000000",2.29829382896423
NA,"2026-03-09T20:00:00.000000",2.29538059234619
NA,"2026-03-09T21:00:00.000000",2.28951239585876
NA,"2026-03-09T22:00:00.000000",2.28425431251526
NA,"2026-03-09T23:00:00.000000",2.28073525428772
NA,"2026-03-10T00:00:00.000000",2.27776551246643
NA,"2026-03-10T01:00:00.000000",2.2764892578125
NA,"2026-03-10T02:00:00.000000",2.27773380279541
NA,"2026-03-10T03:00:00.000000",2.28403496742249
NA,"2026-03-10T04:00:00.000000",2.29141783714294
NA,"2026-03-10T05:00:00.000000",2.30854964256287
NA,"2026-03-10T06:00:00.000000",2.3406069278717
NA,"2026-03-10T07:00:00.000000",2.35233664512634
NA,"2026-03-10T08:00:00.000000",2.35357284545898
NA,"2026-03-10T09:00:00.000000",2.35248708724976
NA,"2026-03-10T10:00:00.000000",2.35136723518372
NA,"2026-03-10T11:00:00.000000",2.34986686706543
NA,"2026-03-10T12:00:00.000000",2.34672117233276
NA,"2026-03-10T13:00:00.000000",2.3413348197937
NA,"2026-03-10T14:00:00.000000",2.33495903015137
NA,"2026-03-10T15:00:00.000000",2.33143281936646
NA,"2026-03-10T16:00:00.000000",2.33305621147156
NA,"2026-03-10T17:00:00.000000",2.34029817581177
NA,"2026-03-10T18:00:00.000000",2.34474682807922
NA,"2026-03-10T19:00:00.000000",2.34481310844421
NA,"2026-03-10T20:00:00.000000",2.33909058570862
NA,"2026-03-10T21:00:00.000000",2.33049368858337
NA,"2026-03-10T22:00:00.000000",2.32330060005188
NA,"2026-03-10T23:00:00.000000",2.31754207611084
NA,"2026-03-11T00:00:00.000000",2.31183242797852
NA,"2026-03-11T01:00:00.000000",2.3073468208313
NA,"2026-03-11T02:00:00.000000",2.30541896820068
NA,"2026-03-11T03:00:00.000000",2.30643129348755
NA,"2026-03-11T04:00:00.000000",2.31144714355469
NA,"2026-03-11T05:00:00.000000",2.32419681549072
NA,"2026-03-11T06:00:00.000000",2.32742977142334
NA,"2026-03-11T07:00:00.000000",2.31528878211975
NA,"2026-03-11T08:00:00.000000",2.2728099822998
NA,"2026-03-11T09:00:00.000000",2.24459004402161
NA,"2026-03-11T10:00:00.000000",2.23537588119507
NA,"2026-03-11T11:00:00.000000",2.24050545692444
NA,"2026-03-11T12:00:00.000000",2.25355505943298
NA,"2026-03-11T13:00:00.000000",2.26696372032166
NA,"2026-03-11T14:00:00.000000",2.27441692352295
NA,"2026-03-11T15:00:00.000000",2.27778506278992
NA,"2026-03-11T16:00:00.000000",2.27846717834473
NA,"2026-03-11T17:00:00.000000",2.27459764480591
NA,"2026-03-11T18:00:00.000000",2.26536798477173
NA,"2026-03-11T19:00:00.000000",2.24805760383606
NA,"2026-03-11T20:00:00.000000",2.2282600402832
NA,"2026-03-11T21:00:00.000000",2.22225189208984
NA,"2026-03-11T22:00:00.000000",2.22612929344177
NA,"2026-03-11T23:00:00.000000",2.24069499969482
NA,"2026-03-12T00:00:00.000000",2.24777317047119
NA,"2026-03-12T01:00:00.000000",2.24992203712463
NA,"2026-03-12T02:00:00.000000",2.24858570098877
NA,"2026-03-12T03:00:00.000000",2.2427613735199
NA,"2026-03-12T04:00:00.000000",2.22779083251953
NA,"2026-03-12T05:00:00.000000",2.18758463859558
NA,"2026-03-12T06:00:00.000000",2.15172982215881
NA,"2026-03-12T07:00:00.000000",2.09683132171631
NA,"2026-03-12T08:00:00.000000",2.0241813659668
NA,"2026-03-12T09:00:00.000000",1.9734388589859
NA,"2026-03-12T10:00:00.000000",1.94991326332092
NA,"2026-03-12T11:00:00.000000",1.95313155651093
NA,"2026-03-12T12:00:00.000000",1.98605072498322
NA,"2026-03-12T13:00:00.000000",2.03273797035217
NA,"2026-03-12T14:00:00.000000",2.06592273712158
NA,"2026-03-12T15:00:00.000000",2.08981227874756
NA,"2026-03-12T16:00:00.000000",2.09772562980652
NA,"2026-03-12T17:00:00.000000",2.0862250328064
NA,"2026-03-12T18:00:00.000000",2.06333470344543
NA,"2026-03-12T19:00:00.000000",2.06071829795837
NA,"2026-03-12T20:00:00.000000",2.04717493057251
NA,"2026-03-12T21:00:00.000000",2.04050230979919
NA,"2026-03-12T22:00:00.000000",2.03657364845276
NA,"2026-03-12T23:00:00.000000",2.03678607940674
NA,"2026-03-13T00:00:00.000000",2.02798175811768
"NK","2026-03-05T00:00:00.000000",2.06669092178345
"NK","2026-03-05T01:00:00.000000",2.06769990921021
"NK","2026-03-05T02:00:00.000000",2.07662463188171
"NK","2026-03-05T03:00:00.000000",2.102205991745
"NK","2026-03-05T04:00:00.000000",2.11437463760376
"NK","2026-03-05T05:00:00.000000",2.09495830535889
"NK","2026-03-05T06:00:00.000000",2.07550740242004
"NK","2026-03-05T07:00:00.000000",2.06051063537598
"NK","2026-03-05T08:00:00.000000",2.05231618881226
"NK","2026-03-05T09:00:00.000000",2.0479154586792
"NK","2026-03-05T10:00:00.000000",2.04503607749939
"NK","2026-03-05T11:00:00.000000",2.04280138015747
"NK","2026-03-05T12:00:00.000000",2.04066920280457
"NK","2026-03-05T13:00:00.000000",2.03863430023193
"NK","2026-03-05T14:00:00.000000",2.04365682601929
"NK","2026-03-05T15:00:00.000000",2.09623193740845
"NK","2026-03-05T16:00:00.000000",2.14112091064453
"NK","2026-03-05T17:00:00.000000",2.14763331413269
"NK","2026-03-05T18:00:00.000000",2.13148546218872
"NK","2026-03-05T19:00:00.000000",2.10921716690063
"NK","2026-03-05T20:00:00.000000",2.07581281661987
"NK","2026-03-05T21:00:00.000000",2.04620933532715
"NK","2026-03-05T22:00:00.000000",2.02864837646484
"NK","2026-03-05T23:00:00.000000",2.01874184608459
"NK","2026-03-06T00:00:00.000000",2.01525568962097
"NK","2026-03-06T01:00:00.000000",2.02778148651123
"NK","2026-03-06T02:00:00.000000",2.07423138618469
"NK","2026-03-06T03:00:00.000000",2.13496685028076
"NK","2026-03-06T04:00:00.000000",2.16063356399536
"NK","2026-03-06T05:00:00.000000",2.16316366195679
"NK","2026-03-06T06:00:00.000000",2.15052556991577
"NK","2026-03-06T07:00:00.000000",2.12923550605774
"NK","2026-03-06T08:00:00.000000",2.10506510734558
"NK","2026-03-06T09:00:00.000000",2.08468747138977
"NK","2026-03-06T10:00:00.000000",2.06713271141052
"NK","2026-03-06T11:00:00.000000",2.05448865890503
"NK","2026-03-06T12:00:00.000000",2.05045127868652
"NK","2026-03-06T13:00:00.000000",2.06354308128357
"NK","2026-03-06T14:00:00.000000",2.09003877639771
"NK","2026-03-06T15:00:00.000000",2.13698077201843
"NK","2026-03-06T16:00:00.000000",2.17779612541199
"NK","2026-03-06T17:00:00.000000",2.19183659553528
"NK","2026-03-06T18:00:00.000000",2.19576096534729
"NK","2026-03-06T19:00:00.000000",2.19403886795044
"NK","2026-03-06T20:00:00.000000",2.18579077720642
"NK","2026-03-06T21:00:00.000000",2.17276549339294
"NK","2026-03-06T22:00:00.000000",2.15746474266052
"NK","2026-03-06T23:00:00.000000",2.14480090141296
"NK","2026-03-07T00:00:00.000000",2.14190888404846
"NK","2026-03-07T01:00:00.000000",2.15873122215271
"NK","2026-03-07T02:00:00.000000",2.18583345413208
"NK","2026-03-07T03:00:00.000000",2.22032308578491
"NK","2026-03-07T04:00:00.000000",2.24896240234375
"NK","2026-03-07T05:00:00.000000",2.25636982917786
"NK","2026-03-07T06:00:00.000000",2.26041913032532
"NK","2026-03-07T07:00:00.000000",2.26333355903625
"NK","2026-03-07T08:00:00.000000",2.2591667175293
"NK","2026-03-07T09:00:00.000000",2.24903964996338
"NK","2026-03-07T10:00:00.000000",2.23598074913025
"NK","2026-03-07T11:00:00.000000",2.22284555435181
"NK","2026-03-07T12:00:00.000000",2.21147990226746
"NK","2026-03-07T13:00:00.000000",2.20910429954529
"NK","2026-03-07T14:00:00.000000",2.22369885444641
"NK","2026-03-07T15:00:00.000000",2.24463701248169
"NK","2026-03-07T16:00:00.000000",2.2663836479187
"NK","2026-03-07T17:00:00.000000",2.28709745407104
"NK","2026-03-07T18:00:00.000000",2.29083871841431
"NK","2026-03-07T19:00:00.000000",2.28863286972046
"NK","2026-03-07T20:00:00.000000",2.27917075157166
"NK","2026-03-07T21:00:00.000000",2.2679271697998
"NK","2026-03-07T22:00:00.000000",2.25645923614502
"NK","2026-03-07T23:00:00.000000",2.24773383140564
"NK","2026-03-08T00:00:00.000000",2.24220752716064
"NK","2026-03-08T01:00:00.000000",2.24238443374634
"NK","2026-03-08T02:00:00.000000",2.24940824508667
"NK","2026-03-08T03:00:00.000000",2.25985717773438
"NK","2026-03-08T04:00:00.000000",2.28330421447754
"NK","2026-03-08T05:00:00.000000",2.31094169616699
"NK","2026-03-08T06:00:00.000000",2.31720185279846
"NK","2026-03-08T07:00:00.000000",2.31335949897766
"NK","2026-03-08T08:00:00.000000",2.30215859413147
"NK","2026-03-08T09:00:00.000000",2.28624367713928
"NK","2026-03-08T10:00:00.000000",2.27040815353394
"NK","2026-03-08T11:00:00.000000",2.25612831115723
"NK","2026-03-08T12:00:00.000000",2.24513983726501
"NK","2026-03-08T13:00:00.000000",2.23733496665955
"NK","2026-03-08T14:00:00.000000",2.23208022117615
"NK","2026-03-08T15:00:00.000000",2.22996950149536
"NK","2026-03-08T16:00:00.000000",2.23115420341492
"NK","2026-03-08T17:00:00.000000",2.2366189956665
"NK","2026-03-08T18:00:00.000000",2.24001479148865
"NK","2026-03-08T19:00:00.000000",2.23841118812561
"NK","2026-03-08T20:00:00.000000",2.23776435852051
"NK","2026-03-08T21:00:00.000000",2.23742508888245
"NK","2026-03-08T22:00:00.000000",2.23730254173279
"NK","2026-03-08T23:00:00.000000",2.23684763908386
"NK","2026-03-09T00:00:00.000000",2.2358660697937
"NK","2026-03-09T01:00:00.000000",2.23515224456787
"NK","2026-03-09T02:00:00.000000",2.23489594459534
"NK","2026-03-09T03:00:00.000000",2.23467040061951
"NK","2026-03-09T04:00:00.000000",2.23452544212341
"NK","2026-03-09T05:00:00.000000",2.23483800888062
"NK","2026-03-09T06:00:00.000000",2.23726797103882
"NK","2026-03-09T07:00:00.000000",2.24495887756348
"NK","2026-03-09T08:00:00.000000",2.23901844024658
"NK","2026-03-09T09:00:00.000000",2.23430037498474
"NK","2026-03-09T10:00:00.000000",2.23114824295044
"NK","2026-03-09T11:00:00.000000",2.22920703887939
"NK","2026-03-09T12:00:00.000000",2.22785067558289
"NK","2026-03-09T13:00:00.000000",2.22749829292297
"NK","2026-03-09T14:00:00.000000",2.2286422252655
"NK","2026-03-09T15:00:00.000000",2.23051452636719
"NK","2026-03-09T16:00:00.000000",2.23264503479004
"NK","2026-03-09T17:00:00.000000",2.23436808586121
"NK","2026-03-09T18:00:00.000000",2.23761057853699
"NK","2026-03-09T19:00:00.000000",2.24158596992493
"NK","2026-03-09T20:00:00.000000",2.24137735366821
"NK","2026-03-09T21:00:00.000000",2.24082183837891
"NK","2026-03-09T22:00:00.000000",2.23935675621033
"NK","2026-03-09T23:00:00.000000",2.2375648021698
"NK","2026-03-10T00:00:00.000000",2.23545145988464
"NK","2026-03-10T01:00:00.000000",2.23423147201538
"NK","2026-03-10T02:00:00.000000",2.23337984085083
"NK","2026-03-10T03:00:00.000000",2.23265051841736
"NK","2026-03-10T04:00:00.000000",2.23482275009155
"NK","2026-03-10T05:00:00.000000",2.26908683776855
"NK","2026-03-10T06:00:00.000000",2.34491634368896
"NK","2026-03-10T07:00:00.000000",2.36366391181946
"NK","2026-03-10T08:00:00.000000",2.36451458930969
"NK","2026-03-10T09:00:00.000000",2.36408448219299
"NK","2026-03-10T10:00:00.000000",2.36348605155945
"NK","2026-03-10T11:00:00.000000",2.36279559135437
"NK","2026-03-10T12:00:00.000000",2.3610577583313
"NK","2026-03-10T13:00:00.000000",2.35330271720886
"NK","2026-03-10T14:00:00.000000",2.3433792591095
"NK","2026-03-10T15:00:00.000000",2.33947730064392
"NK","2026-03-10T16:00:00.000000",2.34807872772217
"NK","2026-03-10T17:00:00.000000",2.35510754585266
"NK","2026-03-10T18:00:00.000000",2.36111354827881
"NK","2026-03-10T19:00:00.000000",2.36497211456299
"NK","2026-03-10T20:00:00.000000",2.36304974555969
"NK","2026-03-10T21:00:00.000000",2.35769534111023
"NK","2026-03-10T22:00:00.000000",2.34387159347534
"NK","2026-03-10T23:00:00.000000",2.32730913162231
"NK","2026-03-11T00:00:00.000000",2.31005668640137
"NK","2026-03-11T01:00:00.000000",2.29448843002319
"NK","2026-03-11T02:00:00.000000",2.28307509422302
"NK","2026-03-11T03:00:00.000000",2.27883076667786
"NK","2026-03-11T04:00:00.000000",2.28526258468628
"NK","2026-03-11T05:00:00.000000",2.30187082290649
"NK","2026-03-11T06:00:00.000000",2.32106447219849
"NK","2026-03-11T07:00:00.000000",2.31604290008545
"NK","2026-03-11T08:00:00.000000",2.25696992874146
"NK","2026-03-11T09:00:00.000000",2.2174243927002
"NK","2026-03-11T10:00:00.000000",2.20706725120544
"NK","2026-03-11T11:00:00.000000",2.22548007965088
"NK","2026-03-11T12:00:00.000000",2.24366855621338
"NK","2026-03-11T13:00:00.000000",2.26321125030518
"NK","2026-03-11T14:00:00.000000",2.27832102775574
"NK","2026-03-11T15:00:00.000000",2.28584790229797
"NK","2026-03-11T16:00:00.000000",2.28858208656311
"NK","2026-03-11T17:00:00.000000",2.28642868995667
"NK","2026-03-11T18:00:00.000000",2.28313779830933
"NK","2026-03-11T19:00:00.000000",2.26911377906799
"NK","2026-03-11T20:00:00.000000",2.25023746490479
"NK","2026-03-11T21:00:00.000000",2.24441528320312
"NK","2026-03-11T22:00:00.000000",2.25653052330017
"NK","2026-03-11T23:00:00.000000",2.26618075370789
"NK","2026-03-12T00:00:00.000000",2.27246975898743
"NK","2026-03-12T01:00:00.000000",2.27448534965515
"NK","2026-03-12T02:00:00.000000",2.27461075782776
"NK","2026-03-12T03:00:00.000000",2.27274394035339
"NK","2026-03-12T04:00:00.000000",2.26901602745056
"NK","2026-03-12T05:00:00.000000",2.25446605682373
"NK","2026-03-12T06:00:00.000000",2.21626472473145
"NK","2026-03-12T07:00:00.000000",2.12702536582947
"NK","2026-03-12T08:00:00.000000",2.00454521179199
"NK","2026-03-12T09:00:00.000000",1.92631554603577
"NK","2026-03-12T10:00:00.000000",1.89641380310059
"NK","2026-03-12T11:00:00.000000",1.88608348369598
"NK","2026-03-12T12:00:00.000000",1.88735902309418
"NK","2026-03-12T13:00:00.000000",1.89251828193665
"NK","2026-03-12T14:00:00.000000",1.90756249427795
"NK","2026-03-12T15:00:00.000000",1.9352148771286
"NK","2026-03-12T16:00:00.000000",1.97041320800781
"NK","2026-03-12T17:00:00.000000",2.00131869316101
"NK","2026-03-12T18:00:00.000000",2.02698469161987
"NK","2026-03-12T19:00:00.000000",2.04753351211548
"NK","2026-03-12T20:00:00.000000",2.05701231956482
"NK","2026-03-12T21:00:00.000000",2.06157159805298
"NK","2026-03-12T22:00:00.000000",2.08406567573547
"NK","2026-03-12T23:00:00.000000",2.11787509918213
"NK","2026-03-13T00:00:00.000000",2.14297580718994
"PI","2026-03-05T00:00:00.000000",1.86954522132874
"PI","2026-03-05T01:00:00.000000",1.86999583244324
"PI","2026-03-05T02:00:00.000000",1.83551335334778
"PI","2026-03-05T03:00:00.000000",1.87920987606049
"PI","2026-03-05T04:00:00.000000",1.90422403812408
"PI","2026-03-05T05:00:00.000000",1.86506617069244
"PI","2026-03-05T06:00:00.000000",1.80215561389923
"PI","2026-03-05T07:00:00.000000",1.77509605884552
"PI","2026-03-05T08:00:00.000000",1.85366547107697
"PI","2026-03-05T09:00:00.000000",1.84893441200256
"PI","2026-03-05T10:00:00.000000",1.80512046813965
"PI","2026-03-05T11:00:00.000000",1.85542237758636
"PI","2026-03-05T12:00:00.000000",1.87943363189697
"PI","2026-03-05T13:00:00.000000",1.88829362392426
"PI","2026-03-05T14:00:00.000000",1.87012660503387
"PI","2026-03-05T15:00:00.000000",1.84101378917694
"PI","2026-03-05T16:00:00.000000",1.84963488578796
"PI","2026-03-05T17:00:00.000000",1.82196223735809
"PI","2026-03-05T18:00:00.000000",1.80293023586273
"PI","2026-03-05T19:00:00.000000",1.73198747634888
"PI","2026-03-05T20:00:00.000000",1.82857930660248
"PI","2026-03-05T21:00:00.000000",1.84028971195221
"PI","2026-03-05T22:00:00.000000",1.7579185962677
"PI","2026-03-05T23:00:00.000000",1.77473068237305
"PI","2026-03-06T00:00:00.000000",1.86359107494354
"PI","2026-03-06T01:00:00.000000",1.8732578754425
"PI","2026-03-06T02:00:00.000000",1.86506879329681
"PI","2026-03-06T03:00:00.000000",1.82936275005341
"PI","2026-03-06T04:00:00.000000",1.82676994800568
"PI","2026-03-06T05:00:00.000000",1.70767605304718
"PI","2026-03-06T06:00:00.000000",1.69481027126312
"PI","2026-03-06T07:00:00.000000",1.64289021492004
"PI","2026-03-06T08:00:00.000000",1.71154832839966
"PI","2026-03-06T09:00:00.000000",1.78432357311249
"PI","2026-03-06T10:00:00.000000",1.69032776355743
"PI","2026-03-06T11:00:00.000000",1.69396448135376
"PI","2026-03-06T12:00:00.000000",1.82545185089111
"PI","2026-03-06T13:00:00.000000",1.84444463253021
"PI","2026-03-06T14:00:00.000000",1.84217715263367
"PI","2026-03-06T15:00:00.000000",1.82049691677094
"PI","2026-03-06T16:00:00.000000",1.81764829158783
"PI","2026-03-06T17:00:00.000000",1.74920153617859
"PI","2026-03-06T18:00:00.000000",1.70620226860046
"PI","2026-03-06T19:00:00.000000",1.68359971046448
"PI","2026-03-06T20:00:00.000000",1.70260322093964
"PI","2026-03-06T21:00:00.000000",1.78998029232025
"PI","2026-03-06T22:00:00.000000",1.80201280117035
"PI","2026-03-06T23:00:00.000000",1.76729536056519
"PI","2026-03-07T00:00:00.000000",1.81824851036072
"PI","2026-03-07T01:00:00.000000",1.83750021457672
"PI","2026-03-07T02:00:00.000000",1.84199357032776
"PI","2026-03-07T03:00:00.000000",1.81815123558044
"PI","2026-03-07T04:00:00.000000",1.81591868400574
"PI","2026-03-07T05:00:00.000000",1.78348457813263
"PI","2026-03-07T06:00:00.000000",1.76617133617401
"PI","2026-03-07T07:00:00.000000",1.74665486812592
"PI","2026-03-07T08:00:00.000000",1.71272683143616
"PI","2026-03-07T09:00:00.000000",1.7722829580307
"PI","2026-03-07T10:00:00.000000",1.7882786989212
"PI","2026-03-07T11:00:00.000000",1.74784243106842
"PI","2026-03-07T12:00:00.000000",1.78236794471741
"PI","2026-03-07T13:00:00.000000",1.83140277862549
"PI","2026-03-07T14:00:00.000000",1.8319970369339
"PI","2026-03-07T15:00:00.000000",1.79768884181976
"PI","2026-03-07T16:00:00.000000",1.81410300731659
"PI","2026-03-07T17:00:00.000000",1.80083847045898
"PI","2026-03-07T18:00:00.000000",1.77735805511475
"PI","2026-03-07T19:00:00.000000",1.76461541652679
"PI","2026-03-07T20:00:00.000000",1.76465356349945
"PI","2026-03-07T21:00:00.000000",1.79868829250336
"PI","2026-03-07T22:00:00.000000",1.82189786434174
"PI","2026-03-07T23:00:00.000000",1.80422043800354
"PI","2026-03-08T00:00:00.000000",1.82327389717102
"PI","2026-03-08T01:00:00.000000",1.81695938110352
"PI","2026-03-08T02:00:00.000000",1.82449305057526
"PI","2026-03-08T03:00:00.000000",1.82014441490173
"PI","2026-03-08T04:00:00.000000",1.8026647567749
"PI","2026-03-08T05:00:00.000000",1.80196106433868
"PI","2026-03-08T06:00:00.000000",1.81735277175903
"PI","2026-03-08T07:00:00.000000",1.78934550285339
"PI","2026-03-08T08:00:00.000000",1.76529347896576
"PI","2026-03-08T09:00:00.000000",1.77366769313812
"PI","2026-03-08T10:00:00.000000",1.81785845756531
"PI","2026-03-08T11:00:00.000000",1.78248810768127
"PI","2026-03-08T12:00:00.000000",1.77585518360138
"PI","2026-03-08T13:00:00.000000",1.78000545501709
"PI","2026-03-08T14:00:00.000000",1.82853281497955
"PI","2026-03-08T15:00:00.000000",1.82529199123383
"PI","2026-03-08T16:00:00.000000",1.80680012702942
"PI","2026-03-08T17:00:00.000000",1.82165598869324
"PI","2026-03-08T18:00:00.000000",1.83170676231384
"PI","2026-03-08T19:00:00.000000",1.85381853580475
"PI","2026-03-08T20:00:00.000000",1.8400913476944
"PI","2026-03-08T21:00:00.000000",1.84758186340332
"PI","2026-03-08T22:00:00.000000",1.85062265396118
"PI","2026-03-08T23:00:00.000000",1.84566497802734
"PI","2026-03-09T00:00:00.000000",1.81170976161957
"PI","2026-03-09T01:00:00.000000",1.83098888397217
"PI","2026-03-09T02:00:00.000000",1.84218537807465
"PI","2026-03-09T03:00:00.000000",1.84338903427124
"PI","2026-03-09T04:00:00.000000",1.83704555034637
"PI","2026-03-09T05:00:00.000000",1.83658599853516
"PI","2026-03-09T06:00:00.000000",1.87792706489563
"PI","2026-03-09T07:00:00.000000",1.86825060844421
"PI","2026-03-09T08:00:00.000000",1.86669385433197
"PI","2026-03-09T09:00:00.000000",1.85368061065674
"PI","2026-03-09T10:00:00.000000",1.85682845115662
"PI","2026-03-09T11:00:00.000000",1.84643983840942
"PI","2026-03-09T12:00:00.000000",1.81900858879089
"PI","2026-03-09T13:00:00.000000",1.83445203304291
"PI","2026-03-09T14:00:00.000000",1.86713576316833
"PI","2026-03-09T15:00:00.000000",1.87873017787933
"PI","2026-03-09T16:00:00.000000",1.86892426013947
"PI","2026-03-09T17:00:00.000000",1.89568483829498
"PI","2026-03-09T18:00:00.000000",1.94227004051208
"PI","2026-03-09T19:00:00.000000",1.94692003726959
"PI","2026-03-09T20:00:00.000000",1.95968353748322
"PI","2026-03-09T21:00:00.000000",1.9631575345993
"PI","2026-03-09T22:00:00.000000",1.94270730018616
"PI","2026-03-09T23:00:00.000000",1.9345954656601
"PI","2026-03-10T00:00:00.000000",1.91137623786926
"PI","2026-03-10T01:00:00.000000",1.89117503166199
"PI","2026-03-10T02:00:00.000000",1.88518524169922
"PI","2026-03-10T03:00:00.000000",1.89273536205292
"PI","2026-03-10T04:00:00.000000",1.89859676361084
"PI","2026-03-10T05:00:00.000000",1.8748584985733
"PI","2026-03-10T06:00:00.000000",1.8946179151535
"PI","2026-03-10T07:00:00.000000",1.95349740982056
"PI","2026-03-10T08:00:00.000000",1.94473743438721
"PI","2026-03-10T09:00:00.000000",1.93377733230591
"PI","2026-03-10T10:00:00.000000",1.93862438201904
"PI","2026-03-10T11:00:00.000000",1.92067098617554
"PI","2026-03-10T12:00:00.000000",1.90167307853699
"PI","2026-03-10T13:00:00.000000",1.91254639625549
"PI","2026-03-10T14:00:00.000000",1.9264988899231
"PI","2026-03-10T15:00:00.000000",1.94923949241638
"PI","2026-03-10T16:00:00.000000",1.9198305606842
"PI","2026-03-10T17:00:00.000000",1.90327250957489
"PI","2026-03-10T18:00:00.000000",2.05100560188293
"PI","2026-03-10T19:00:00.000000",2.06884622573853
"PI","2026-03-10T20:00:00.000000",2.07137584686279
"PI","2026-03-10T21:00:00.000000",2.07632660865784
"PI","2026-03-10T22:00:00.000000",2.06871676445007
"PI","2026-03-10T23:00:00.000000",2.03095459938049
"PI","2026-03-11T00:00:00.000000",2.0108859539032
"PI","2026-03-11T01:00:00.000000",1.96918189525604
"PI","2026-03-11T02:00:00.000000",1.95112860202789
"PI","2026-03-11T03:00:00.000000",1.9547655582428
"PI","2026-03-11T04:00:00.000000",1.93828284740448
"PI","2026-03-11T05:00:00.000000",1.92628061771393
"PI","2026-03-11T06:00:00.000000",1.92622232437134
"PI","2026-03-11T07:00:00.000000",1.96736490726471
"PI","2026-03-11T08:00:00.000000",2.05237412452698
"PI","2026-03-11T09:00:00.000000",2.0483250617981
"PI","2026-03-11T10:00:00.000000",2.04004168510437
"PI","2026-03-11T11:00:00.000000",2.0305027961731
"PI","2026-03-11T12:00:00.000000",1.9913444519043
"PI","2026-03-11T13:00:00.000000",1.96599495410919
"PI","2026-03-11T14:00:00.000000",1.9883953332901
"PI","2026-03-11T15:00:00.000000",2.02475810050964
"PI","2026-03-11T16:00:00.000000",2.02753472328186
"PI","2026-03-11T17:00:00.000000",1.98686552047729
"PI","2026-03-11T18:00:00.000000",1.97068500518799
"PI","2026-03-11T19:00:00.000000",2.0901300907135
"PI","2026-03-11T20:00:00.000000",2.11202931404114
"PI","2026-03-11T21:00:00.000000",2.10735154151917
"PI","2026-03-11T22:00:00.000000",2.09029340744019
"PI","2026-03-11T23:00:00.000000",2.06078767776489
"PI","2026-03-12T00:00:00.000000",2.03579711914062
"PI","2026-03-12T01:00:00.000000",2.02043223381042
"PI","2026-03-12T02:00:00.000000",1.98785245418549
"PI","2026-03-12T03:00:00.000000",1.9831041097641
"PI","2026-03-12T04:00:00.000000",1.9901214838028
"PI","2026-03-12T05:00:00.000000",1.98936808109283
"PI","2026-03-12T06:00:00.000000",1.96792328357697
"PI","2026-03-12T07:00:00.000000",1.97502553462982
"PI","2026-03-12T08:00:00.000000",1.99889755249023
"PI","2026-03-12T09:00:00.000000",2.06050848960876
"PI","2026-03-12T10:00:00.000000",2.07723093032837
"PI","2026-03-12T11:00:00.000000",2.0764262676239
"PI","2026-03-12T12:00:00.000000",2.07145714759827
"PI","2026-03-12T13:00:00.000000",2.05972456932068
"PI","2026-03-12T14:00:00.000000",2.03421688079834
"PI","2026-03-12T15:00:00.000000",2.04332876205444
"PI","2026-03-12T16:00:00.000000",2.07931542396545
"PI","2026-03-12T17:00:00.000000",2.10229992866516
"PI","2026-03-12T18:00:00.000000",2.07789850234985
"PI","2026-03-12T19:00:00.000000",2.10657572746277
"PI","2026-03-12T20:00:00.000000",2.12308788299561
"PI","2026-03-12T21:00:00.000000",2.09406423568726
"PI","2026-03-12T22:00:00.000000",2.05686187744141
"PI","2026-03-12T23:00:00.000000",2.02351140975952
"PI","2026-03-13T00:00:00.000000",2.0668363571167
"QU","2026-03-05T00:00:00.000000",2.21656465530396
"QU","2026-03-05T01:00:00.000000",2.22139501571655
"QU","2026-03-05T02:00:00.000000",2.22610378265381
"QU","2026-03-05T03:00:00.000000",2.22724771499634
"QU","2026-03-05T04:00:00.000000",2.22578358650208
"QU","2026-03-05T05:00:00.000000",2.22330784797668
"QU","2026-03-05T06:00:00.000000",2.22031474113464
"QU","2026-03-05T07:00:00.000000",2.21120762825012
"QU","2026-03-05T08:00:00.000000",2.20240211486816
"QU","2026-03-05T09:00:00.000000",2.19671273231506
"QU","2026-03-05T10:00:00.000000",2.1969268321991
"QU","2026-03-05T11:00:00.000000",2.20256233215332
"QU","2026-03-05T12:00:00.000000",2.21105146408081
"QU","2026-03-05T13:00:00.000000",2.22217130661011
"QU","2026-03-05T14:00:00.000000",2.22598886489868
"QU","2026-03-05T15:00:00.000000",2.22605228424072
"QU","2026-03-05T16:00:00.000000",2.22728872299194
"QU","2026-03-05T17:00:00.000000",2.22807312011719
"QU","2026-03-05T18:00:00.000000",2.22830319404602
"QU","2026-03-05T19:00:00.000000",2.22444105148315
"QU","2026-03-05T20:00:00.000000",2.22051477432251
"QU","2026-03-05T21:00:00.000000",2.21704363822937
"QU","2026-03-05T22:00:00.000000",2.20996451377869
"QU","2026-03-05T23:00:00.000000",2.20570063591003
"QU","2026-03-06T00:00:00.000000",2.20943474769592
"QU","2026-03-06T01:00:00.000000",2.20360517501831
"QU","2026-03-06T02:00:00.000000",2.19450616836548
"QU","2026-03-06T03:00:00.000000",2.19342851638794
"QU","2026-03-06T04:00:00.000000",2.19562029838562
"QU","2026-03-06T05:00:00.000000",2.19837641716003
"QU","2026-03-06T06:00:00.000000",2.19858169555664
"QU","2026-03-06T07:00:00.000000",2.19317030906677
"QU","2026-03-06T08:00:00.000000",2.18542194366455
"QU","2026-03-06T09:00:00.000000",2.18800806999207
"QU","2026-03-06T10:00:00.000000",2.19178056716919
"QU","2026-03-06T11:00:00.000000",2.19816923141479
"QU","2026-03-06T12:00:00.000000",2.20555567741394
"QU","2026-03-06T13:00:00.000000",2.2143726348877
"QU","2026-03-06T14:00:00.000000",2.2242431640625
"QU","2026-03-06T15:00:00.000000",2.23276996612549
"QU","2026-03-06T16:00:00.000000",2.23852181434631
"QU","2026-03-06T17:00:00.000000",2.24012207984924
"QU","2026-03-06T18:00:00.000000",2.24149942398071
"QU","2026-03-06T19:00:00.000000",2.24495339393616
"QU","2026-03-06T20:00:00.000000",2.24860000610352
"QU","2026-03-06T21:00:00.000000",2.25015759468079
"QU","2026-03-06T22:00:00.000000",2.25126123428345
"QU","2026-03-06T23:00:00.000000",2.25305533409119
"QU","2026-03-07T00:00:00.000000",2.25736880302429
"QU","2026-03-07T01:00:00.000000",2.26976466178894
"QU","2026-03-07T02:00:00.000000",2.28644371032715
"QU","2026-03-07T03:00:00.000000",2.29720067977905
"QU","2026-03-07T04:00:00.000000",2.30121779441833
"QU","2026-03-07T05:00:00.000000",2.30076193809509
"QU","2026-03-07T06:00:00.000000",2.30100417137146
"QU","2026-03-07T07:00:00.000000",2.31151628494263
"QU","2026-03-07T08:00:00.000000",2.3064067363739
"QU","2026-03-07T09:00:00.000000",2.30025029182434
"QU","2026-03-07T10:00:00.000000",2.29730129241943
"QU","2026-03-07T11:00:00.000000",2.29720616340637
"QU","2026-03-07T12:00:00.000000",2.29910492897034
"QU","2026-03-07T13:00:00.000000",2.30294871330261
"QU","2026-03-07T14:00:00.000000",2.31041502952576
"QU","2026-03-07T15:00:00.000000",2.31367826461792
"QU","2026-03-07T16:00:00.000000",2.31444978713989
"QU","2026-03-07T17:00:00.000000",2.31411457061768
"QU","2026-03-07T18:00:00.000000",2.31689119338989
"QU","2026-03-07T19:00:00.000000",2.31997179985046
"QU","2026-03-07T20:00:00.000000",2.32133007049561
"QU","2026-03-07T21:00:00.000000",2.3224470615387
"QU","2026-03-07T22:00:00.000000",2.32380151748657
"QU","2026-03-07T23:00:00.000000",2.3286406993866
"QU","2026-03-08T00:00:00.000000",2.33720016479492
"QU","2026-03-08T01:00:00.000000",2.35039639472961
"QU","2026-03-08T02:00:00.000000",2.34793591499329
"QU","2026-03-08T03:00:00.000000",2.34763288497925
"QU","2026-03-08T04:00:00.000000",2.3576135635376
"QU","2026-03-08T05:00:00.000000",2.37093615531921
"QU","2026-03-08T06:00:00.000000",2.38764905929565
"QU","2026-03-08T07:00:00.000000",2.40034699440002
"QU","2026-03-08T08:00:00.000000",2.40757584571838
"QU","2026-03-08T09:00:00.000000",2.41077184677124
"QU","2026-03-08T10:00:00.000000",2.4131875038147
"QU","2026-03-08T11:00:00.000000",2.41546988487244
"QU","2026-03-08T12:00:00.000000",2.4171621799469
"QU","2026-03-08T13:00:00.000000",2.41817021369934
"QU","2026-03-08T14:00:00.000000",2.41877245903015
"QU","2026-03-08T15:00:00.000000",2.41908621788025
"QU","2026-03-08T16:00:00.000000",2.42023897171021
"QU","2026-03-08T17:00:00.000000",2.42243242263794
"QU","2026-03-08T18:00:00.000000",2.42690443992615
"QU","2026-03-08T19:00:00.000000",2.43390417098999
"QU","2026-03-08T20:00:00.000000",2.44003415107727
"QU","2026-03-08T21:00:00.000000",2.44360208511353
"QU","2026-03-08T22:00:00.000000",2.44530439376831
"QU","2026-03-08T23:00:00.000000",2.44550752639771
"QU","2026-03-09T00:00:00.000000",2.44453167915344
"QU","2026-03-09T01:00:00.000000",2.44297361373901
"QU","2026-03-09T02:00:00.000000",2.44280409812927
"QU","2026-03-09T03:00:00.000000",2.44244456291199
"QU","2026-03-09T04:00:00.000000",2.44124150276184
"QU","2026-03-09T05:00:00.000000",2.43964600563049
"QU","2026-03-09T06:00:00.000000",2.43849325180054
"QU","2026-03-09T07:00:00.000000",2.43806385993958
"QU","2026-03-09T08:00:00.000000",2.43738079071045
"QU","2026-03-09T09:00:00.000000",2.43666577339172
"QU","2026-03-09T10:00:00.000000",2.43574261665344
"QU","2026-03-09T11:00:00.000000",2.434730052948
"QU","2026-03-09T12:00:00.000000",2.4337682723999
"QU","2026-03-09T13:00:00.000000",2.43283557891846
"QU","2026-03-09T14:00:00.000000",2.42892670631409
"QU","2026-03-09T15:00:00.000000",2.42486643791199
"QU","2026-03-09T16:00:00.000000",2.42839670181274
"QU","2026-03-09T17:00:00.000000",2.43524694442749
"QU","2026-03-09T18:00:00.000000",2.44450092315674
"QU","2026-03-09T19:00:00.000000",2.46132349967957
"QU","2026-03-09T20:00:00.000000",2.4689359664917
"QU","2026-03-09T21:00:00.000000",2.47315740585327
"QU","2026-03-09T22:00:00.000000",2.47395443916321
"QU","2026-03-09T23:00:00.000000",2.47265362739563
"QU","2026-03-10T00:00:00.000000",2.47051429748535
"QU","2026-03-10T01:00:00.000000",2.46831345558167
"QU","2026-03-10T02:00:00.000000",2.46704721450806
"QU","2026-03-10T03:00:00.000000",2.46395111083984
"QU","2026-03-10T04:00:00.000000",2.45985651016235
"QU","2026-03-10T05:00:00.000000",2.45847702026367
"QU","2026-03-10T06:00:00.000000",2.45812678337097
"QU","2026-03-10T07:00:00.000000",2.4582052230835
"QU","2026-03-10T08:00:00.000000",2.45884561538696
"QU","2026-03-10T09:00:00.000000",2.46004176139832
"QU","2026-03-10T10:00:00.000000",2.4611554145813
"QU","2026-03-10T11:00:00.000000",2.461838722229
"QU","2026-03-10T12:00:00.000000",2.46239256858826
"QU","2026-03-10T13:00:00.000000",2.46316981315613
"QU","2026-03-10T14:00:00.000000",2.46432423591614
"QU","2026-03-10T15:00:00.000000",2.46617293357849
"QU","2026-03-10T16:00:00.000000",2.46891307830811
"QU","2026-03-10T17:00:00.000000",2.47239971160889
"QU","2026-03-10T18:00:00.000000",2.47646403312683
"QU","2026-03-10T19:00:00.000000",2.4825975894928
"QU","2026-03-10T20:00:00.000000",2.49156451225281
"QU","2026-03-10T21:00:00.000000",2.49629712104797
"QU","2026-03-10T22:00:00.000000",2.49787902832031
"QU","2026-03-10T23:00:00.000000",2.49834513664246
"QU","2026-03-11T00:00:00.000000",2.49757146835327
"QU","2026-03-11T01:00:00.000000",2.49658679962158
"QU","2026-03-11T02:00:00.000000",2.49663972854614
"QU","2026-03-11T03:00:00.000000",2.49743628501892
"QU","2026-03-11T04:00:00.000000",2.49962139129639
"QU","2026-03-11T05:00:00.000000",2.50044202804565
"QU","2026-03-11T06:00:00.000000",2.49986886978149
"QU","2026-03-11T07:00:00.000000",2.49843525886536
"QU","2026-03-11T08:00:00.000000",2.49747610092163
"QU","2026-03-11T09:00:00.000000",2.49680662155151
"QU","2026-03-11T10:00:00.000000",2.49658894538879
"QU","2026-03-11T11:00:00.000000",2.49654126167297
"QU","2026-03-11T12:00:00.000000",2.49661302566528
"QU","2026-03-11T13:00:00.000000",2.49688744544983
"QU","2026-03-11T14:00:00.000000",2.49761557579041
"QU","2026-03-11T15:00:00.000000",2.49891352653503
"QU","2026-03-11T16:00:00.000000",2.50039172172546
"QU","2026-03-11T17:00:00.000000",2.50198578834534
"QU","2026-03-11T18:00:00.000000",2.50968623161316
"QU","2026-03-11T19:00:00.000000",2.51327562332153
"QU","2026-03-11T20:00:00.000000",2.51524472236633
"QU","2026-03-11T21:00:00.000000",2.51625895500183
"QU","2026-03-11T22:00:00.000000",2.51665925979614
"QU","2026-03-11T23:00:00.000000",2.51663184165955
"QU","2026-03-12T00:00:00.000000",2.51636099815369
"QU","2026-03-12T01:00:00.000000",2.51624250411987
"QU","2026-03-12T02:00:00.000000",2.51629710197449
"QU","2026-03-12T03:00:00.000000",2.51649618148804
"QU","2026-03-12T04:00:00.000000",2.51650810241699
"QU","2026-03-12T05:00:00.000000",2.51625204086304
"QU","2026-03-12T06:00:00.000000",2.51560759544373
"QU","2026-03-12T07:00:00.000000",2.51535415649414
"QU","2026-03-12T08:00:00.000000",2.51574945449829
"QU","2026-03-12T09:00:00.000000",2.51664972305298
"QU","2026-03-12T10:00:00.000000",2.51793742179871
"QU","2026-03-12T11:00:00.000000",2.51912236213684
"QU","2026-03-12T12:00:00.000000",2.52010273933411
"QU","2026-03-12T13:00:00.000000",2.52132844924927
"QU","2026-03-12T14:00:00.000000",2.52318096160889
"QU","2026-03-12T15:00:00.000000",2.52606129646301
"QU","2026-03-12T16:00:00.000000",2.52964186668396
"QU","2026-03-12T17:00:00.000000",2.53162360191345
"QU","2026-03-12T18:00:00.000000",2.53278636932373
"QU","2026-03-12T19:00:00.000000",2.53526043891907
"QU","2026-03-12T20:00:00.000000",2.53601431846619
"QU","2026-03-12T21:00:00.000000",2.53485083580017
"QU","2026-03-12T22:00:00.000000",2.53221964836121
"QU","2026-03-12T23:00:00.000000",2.52940249443054
"QU","2026-03-13T00:00:00.000000",2.5262770652771
"CC","2026-03-05T00:00:00.000000",0.380566835403442
"CC","2026-03-05T01:00:00.000000",0.383505910634995
"CC","2026-03-05T02:00:00.000000",0.388982117176056
"CC","2026-03-05T03:00:00.000000",0.39435076713562
"CC","2026-03-05T04:00:00.000000",0.402632743120193
"CC","2026-03-05T05:00:00.000000",0.411824524402618
"CC","2026-03-05T06:00:00.000000",0.416222333908081
"CC","2026-03-05T07:00:00.000000",0.418812394142151
"CC","2026-03-05T08:00:00.000000",0.42062896490097
"CC","2026-03-05T09:00:00.000000",0.422712594270706
"CC","2026-03-05T10:00:00.000000",0.424488008022308
"CC","2026-03-05T11:00:00.000000",0.427889734506607
"CC","2026-03-05T12:00:00.000000",0.432321757078171
"CC","2026-03-05T13:00:00.000000",0.43510690331459
"CC","2026-03-05T14:00:00.000000",0.438766539096832
"CC","2026-03-05T15:00:00.000000",0.442921847105026
"CC","2026-03-05T16:00:00.000000",0.447235286235809
"CC","2026-03-05T17:00:00.000000",0.45201301574707
"CC","2026-03-05T18:00:00.000000",0.456325143575668
"CC","2026-03-05T19:00:00.000000",0.458834320306778
"CC","2026-03-05T20:00:00.000000",0.460601687431335
"CC","2026-03-05T21:00:00.000000",0.461946338415146
"CC","2026-03-05T22:00:00.000000",0.463421314954758
"CC","2026-03-05T23:00:00.000000",0.465627729892731
"CC","2026-03-06T00:00:00.000000",0.469173848628998
"CC","2026-03-06T01:00:00.000000",0.471968293190002
"CC","2026-03-06T02:00:00.000000",0.474069833755493
"CC","2026-03-06T03:00:00.000000",0.476312160491943
"CC","2026-03-06T04:00:00.000000",0.479092866182327
"CC","2026-03-06T05:00:00.000000",0.483113884925842
"CC","2026-03-06T06:00:00.000000",0.485441386699677
"CC","2026-03-06T07:00:00.000000",0.486983954906464
"CC","2026-03-06T08:00:00.000000",0.488187819719315
"CC","2026-03-06T09:00:00.000000",0.489265322685242
"CC","2026-03-06T10:00:00.000000",0.490167796611786
"CC","2026-03-06T11:00:00.000000",0.491526305675507
"CC","2026-03-06T12:00:00.000000",0.493895798921585
"CC","2026-03-06T13:00:00.000000",0.497011542320251
"CC","2026-03-06T14:00:00.000000",0.499785900115967
"CC","2026-03-06T15:00:00.000000",0.502500712871552
"CC","2026-03-06T16:00:00.000000",0.505442142486572
"CC","2026-03-06T17:00:00.000000",0.509198307991028
"CC","2026-03-06T18:00:00.000000",0.5144322514534
"CC","2026-03-06T19:00:00.000000",0.520321488380432
"CC","2026-03-06T20:00:00.000000",0.525098741054535
"CC","2026-03-06T21:00:00.000000",0.529175102710724
"CC","2026-03-06T22:00:00.000000",0.533141016960144
"CC","2026-03-06T23:00:00.000000",0.537499129772186
"CC","2026-03-07T00:00:00.000000",0.542302191257477
"CC","2026-03-07T01:00:00.000000",0.547512710094452
"CC","2026-03-07T02:00:00.000000",0.552741646766663
"CC","2026-03-07T03:00:00.000000",0.559104323387146
"CC","2026-03-07T04:00:00.000000",0.565858244895935
"CC","2026-03-07T05:00:00.000000",0.572788536548615
"CC","2026-03-07T06:00:00.000000",0.581247985363007
"CC","2026-03-07T07:00:00.000000",0.589239656925201
"CC","2026-03-07T08:00:00.000000",0.597573101520538
"CC","2026-03-07T09:00:00.000000",0.606072187423706
"CC","2026-03-07T10:00:00.000000",0.614642858505249
"CC","2026-03-07T11:00:00.000000",0.624498903751373
"CC","2026-03-07T12:00:00.000000",0.631891787052155
"CC","2026-03-07T13:00:00.000000",0.639178693294525
"CC","2026-03-07T14:00:00.000000",0.646884679794312
"CC","2026-03-07T15:00:00.000000",0.661619067192078
"CC","2026-03-07T16:00:00.000000",0.675972700119019
"CC","2026-03-07T17:00:00.000000",0.688910007476807
"CC","2026-03-07T18:00:00.000000",0.704888880252838
"CC","2026-03-07T19:00:00.000000",0.720429658889771
"CC","2026-03-07T20:00:00.000000",0.732106685638428
"CC","2026-03-07T21:00:00.000000",0.740055739879608
"CC","2026-03-07T22:00:00.000000",0.745736598968506
"CC","2026-03-07T23:00:00.000000",0.755745649337769
"CC","2026-03-08T00:00:00.000000",0.768915832042694
"CC","2026-03-08T01:00:00.000000",0.783417761325836
"CC","2026-03-08T02:00:00.000000",0.804248094558716
"CC","2026-03-08T03:00:00.000000",0.833239376544952
"CC","2026-03-08T04:00:00.000000",0.863380491733551
"CC","2026-03-08T05:00:00.000000",0.886085569858551
"CC","2026-03-08T06:00:00.000000",0.90496301651001
"CC","2026-03-08T07:00:00.000000",0.916038691997528
"CC","2026-03-08T08:00:00.000000",0.925365626811981
"CC","2026-03-08T09:00:00.000000",0.931491494178772
"CC","2026-03-08T10:00:00.000000",0.937350511550903
"CC","2026-03-08T11:00:00.000000",0.940982401371002
"CC","2026-03-08T12:00:00.000000",0.944626927375793
"CC","2026-03-08T13:00:00.000000",0.945773065090179
"CC","2026-03-08T14:00:00.000000",0.945258557796478
"CC","2026-03-08T15:00:00.000000",0.943763256072998
"CC","2026-03-08T16:00:00.000000",0.941536009311676
"CC","2026-03-08T17:00:00.000000",0.939647853374481
"CC","2026-03-08T18:00:00.000000",0.936359345912933
"CC","2026-03-08T19:00:00.000000",0.925051391124725
"CC","2026-03-08T20:00:00.000000",0.919166803359985
"CC","2026-03-08T21:00:00.000000",0.918818950653076
"CC","2026-03-08T22:00:00.000000",0.919254004955292
"CC","2026-03-08T23:00:00.000000",0.919029831886292
"CC","2026-03-09T00:00:00.000000",0.918933570384979
"CC","2026-03-09T01:00:00.000000",0.918319582939148
"CC","2026-03-09T02:00:00.000000",0.916809439659119
"CC","2026-03-09T03:00:00.000000",0.915103793144226
"CC","2026-03-09T04:00:00.000000",0.914279401302338
"CC","2026-03-09T05:00:00.000000",0.914043664932251
"CC","2026-03-09T06:00:00.000000",0.913850426673889
"CC","2026-03-09T07:00:00.000000",0.913542747497559
"CC","2026-03-09T08:00:00.000000",0.912794828414917
"CC","2026-03-09T09:00:00.000000",0.911214232444763
"CC","2026-03-09T10:00:00.000000",0.907697737216949
"CC","2026-03-09T11:00:00.000000",0.904201209545135
"CC","2026-03-09T12:00:00.000000",0.901508092880249
"CC","2026-03-09T13:00:00.000000",0.89962512254715
"CC","2026-03-09T14:00:00.000000",0.898075520992279
"CC","2026-03-09T15:00:00.000000",0.897771775722504
"CC","2026-03-09T16:00:00.000000",0.899150967597961
"CC","2026-03-09T17:00:00.000000",0.901410758495331
"CC","2026-03-09T18:00:00.000000",0.904641151428223
"CC","2026-03-09T19:00:00.000000",0.908387064933777
"CC","2026-03-09T20:00:00.000000",0.912003636360168
"CC","2026-03-09T21:00:00.000000",0.914819896221161
"CC","2026-03-09T22:00:00.000000",0.91746985912323
"CC","2026-03-09T23:00:00.000000",0.921654641628265
"CC","2026-03-10T00:00:00.000000",0.928628861904144
"CC","2026-03-10T01:00:00.000000",0.939207017421722
"CC","2026-03-10T02:00:00.000000",0.949508488178253
"CC","2026-03-10T03:00:00.000000",0.960543513298035
"CC","2026-03-10T04:00:00.000000",0.970732033252716
"CC","2026-03-10T05:00:00.000000",0.979599356651306
"CC","2026-03-10T06:00:00.000000",0.986650347709656
"CC","2026-03-10T07:00:00.000000",0.991783618927002
"CC","2026-03-10T08:00:00.000000",0.995061218738556
"CC","2026-03-10T09:00:00.000000",0.997046649456024
"CC","2026-03-10T10:00:00.000000",0.997789442539215
"CC","2026-03-10T11:00:00.000000",0.997886776924133
"CC","2026-03-10T12:00:00.000000",0.997886002063751
"CC","2026-03-10T13:00:00.000000",0.998338103294373
"CC","2026-03-10T14:00:00.000000",0.998799741268158
"CC","2026-03-10T15:00:00.000000",0.999251365661621
"CC","2026-03-10T16:00:00.000000",1.00013208389282
"CC","2026-03-10T17:00:00.000000",1.00146329402924
"CC","2026-03-10T18:00:00.000000",0.99863600730896
"CC","2026-03-10T19:00:00.000000",0.99639481306076
"CC","2026-03-10T20:00:00.000000",0.995517492294312
"CC","2026-03-10T21:00:00.000000",0.995693147182465
"CC","2026-03-10T22:00:00.000000",0.997551679611206
"CC","2026-03-10T23:00:00.000000",1.00028038024902
"CC","2026-03-11T00:00:00.000000",1.0028156042099
"CC","2026-03-11T01:00:00.000000",1.00724112987518
"CC","2026-03-11T02:00:00.000000",1.01190268993378
"CC","2026-03-11T03:00:00.000000",1.01639175415039
"CC","2026-03-11T04:00:00.000000",1.0210394859314
"CC","2026-03-11T05:00:00.000000",1.0255081653595
"CC","2026-03-11T06:00:00.000000",1.02898001670837
"CC","2026-03-11T07:00:00.000000",1.03128802776337
"CC","2026-03-11T08:00:00.000000",1.03266680240631
"CC","2026-03-11T09:00:00.000000",1.0330685377121
"CC","2026-03-11T10:00:00.000000",1.03272175788879
"CC","2026-03-11T11:00:00.000000",1.0318911075592
"CC","2026-03-11T12:00:00.000000",1.03068149089813
"CC","2026-03-11T13:00:00.000000",1.02818858623505
"CC","2026-03-11T14:00:00.000000",1.02443242073059
"CC","2026-03-11T15:00:00.000000",1.02191662788391
"CC","2026-03-11T16:00:00.000000",1.01988935470581
"CC","2026-03-11T17:00:00.000000",1.01699090003967
"CC","2026-03-11T18:00:00.000000",1.0157607793808
"CC","2026-03-11T19:00:00.000000",1.01680636405945
"CC","2026-03-11T20:00:00.000000",1.01864898204803
"CC","2026-03-11T21:00:00.000000",1.021111369133
"CC","2026-03-11T22:00:00.000000",1.02385628223419
"CC","2026-03-11T23:00:00.000000",1.02754008769989
"CC","2026-03-12T00:00:00.000000",1.03232181072235
"CC","2026-03-12T01:00:00.000000",1.03706359863281
"CC","2026-03-12T02:00:00.000000",1.04263615608215
"CC","2026-03-12T03:00:00.000000",1.04797029495239
"CC","2026-03-12T04:00:00.000000",1.05196416378021
"CC","2026-03-12T05:00:00.000000",1.05551445484161
"CC","2026-03-12T06:00:00.000000",1.05954694747925
"CC","2026-03-12T07:00:00.000000",1.06415975093842
"CC","2026-03-12T08:00:00.000000",1.06983685493469
"CC","2026-03-12T09:00:00.000000",1.07525157928467
"CC","2026-03-12T10:00:00.000000",1.07821202278137
"CC","2026-03-12T11:00:00.000000",1.08049786090851
"CC","2026-03-12T12:00:00.000000",1.08310270309448
"CC","2026-03-12T13:00:00.000000",1.08671867847443
"CC","2026-03-12T14:00:00.000000",1.09164464473724
"CC","2026-03-12T15:00:00.000000",1.09846532344818
"CC","2026-03-12T16:00:00.000000",1.10490226745605
"CC","2026-03-12T17:00:00.000000",1.11213183403015
"CC","2026-03-12T18:00:00.000000",1.12421095371246
"CC","2026-03-12T19:00:00.000000",1.13541543483734
"CC","2026-03-12T20:00:00.000000",1.14345180988312
"CC","2026-03-12T21:00:00.000000",1.15373015403748
"CC","2026-03-12T22:00:00.000000",1.16472935676575
"CC","2026-03-12T23:00:00.000000",1.16814279556274
"CC","2026-03-13T00:00:00.000000",1.16750299930573
"DL","2026-03-05T00:00:00.000000",0.709258139133453
"DL","2026-03-05T01:00:00.000000",0.691338419914246
"DL","2026-03-05T02:00:00.000000",0.699282824993134
"DL","2026-03-05T03:00:00.000000",0.735380172729492
"DL","2026-03-05T04:00:00.000000",1.44528865814209
"DL","2026-03-05T05:00:00.000000",1.60530865192413
"DL","2026-03-05T06:00:00.000000",1.94082915782928
"DL","2026-03-05T07:00:00.000000",1.9585474729538
"DL","2026-03-05T08:00:00.000000",1.9585474729538
"DL","2026-03-05T09:00:00.000000",0.984074532985687
"DL","2026-03-05T10:00:00.000000",0.923083961009979
"DL","2026-03-05T11:00:00.000000",0.822237551212311
"DL","2026-03-05T12:00:00.000000",0.749439418315887
"DL","2026-03-05T13:00:00.000000",0.732900679111481
"DL","2026-03-05T14:00:00.000000",0.729645907878876
"DL","2026-03-05T15:00:00.000000",0.744781076908112
"DL","2026-03-05T16:00:00.000000",0.760739266872406
"DL","2026-03-05T17:00:00.000000",1.6319899559021
"DL","2026-03-05T18:00:00.000000",2.06992530822754
"DL","2026-03-05T19:00:00.000000",1.63145208358765
"DL","2026-03-05T20:00:00.000000",1.36230897903442
"DL","2026-03-05T21:00:00.000000",1.07221496105194
"DL","2026-03-05T22:00:00.000000",1.09397006034851
"DL","2026-03-05T23:00:00.000000",1.00927376747131
"DL","2026-03-06T00:00:00.000000",0.935624539852142
"DL","2026-03-06T01:00:00.000000",0.894133687019348
"DL","2026-03-06T02:00:00.000000",0.836914479732513
"DL","2026-03-06T03:00:00.000000",0.792174935340881
"DL","2026-03-06T04:00:00.000000",0.801031649112701
"DL","2026-03-06T05:00:00.000000",1.73926210403442
"DL","2026-03-06T06:00:00.000000",1.91222679615021
"DL","2026-03-06T07:00:00.000000",2.09426236152649
"DL","2026-03-06T08:00:00.000000",1.63518238067627
"DL","2026-03-06T09:00:00.000000",1.58377718925476
"DL","2026-03-06T10:00:00.000000",1.14166665077209
"DL","2026-03-06T11:00:00.000000",1.10018670558929
"DL","2026-03-06T12:00:00.000000",1.0078626871109
"DL","2026-03-06T13:00:00.000000",0.948210120201111
"DL","2026-03-06T14:00:00.000000",0.904793620109558
"DL","2026-03-06T15:00:00.000000",0.858639001846313
"DL","2026-03-06T16:00:00.000000",0.844039559364319
"DL","2026-03-06T17:00:00.000000",1.29010534286499
"DL","2026-03-06T18:00:00.000000",1.85790598392487
"DL","2026-03-06T19:00:00.000000",1.85634386539459
"DL","2026-03-06T20:00:00.000000",1.4617692232132
"DL","2026-03-06T21:00:00.000000",1.15054774284363
"DL","2026-03-06T22:00:00.000000",1.08891129493713
"DL","2026-03-06T23:00:00.000000",1.01689577102661
"DL","2026-03-07T00:00:00.000000",0.950871825218201
"DL","2026-03-07T01:00:00.000000",0.921504318714142
"DL","2026-03-07T02:00:00.000000",0.899092316627502
"DL","2026-03-07T03:00:00.000000",0.858373165130615
"DL","2026-03-07T04:00:00.000000",0.859325110912323
"DL","2026-03-07T05:00:00.000000",0.906384587287903
"DL","2026-03-07T06:00:00.000000",1.56791007518768
"DL","2026-03-07T07:00:00.000000",1.88618612289429
"DL","2026-03-07T08:00:00.000000",1.1178525686264
"DL","2026-03-07T09:00:00.000000",1.23521399497986
"DL","2026-03-07T10:00:00.000000",1.06565964221954
"DL","2026-03-07T11:00:00.000000",1.00774693489075
"DL","2026-03-07T12:00:00.000000",0.97342187166214
"DL","2026-03-07T13:00:00.000000",0.901867508888245
"DL","2026-03-07T14:00:00.000000",0.864816725254059
"DL","2026-03-07T15:00:00.000000",0.856892466545105
"DL","2026-03-07T16:00:00.000000",0.898296475410461
"DL","2026-03-07T17:00:00.000000",0.924737870693207
"DL","2026-03-07T18:00:00.000000",1.76671981811523
"DL","2026-03-07T19:00:00.000000",1.96037209033966
"DL","2026-03-07T20:00:00.000000",1.69004774093628
"DL","2026-03-07T21:00:00.000000",1.41531884670258
"DL","2026-03-07T22:00:00.000000",1.20238983631134
"DL","2026-03-07T23:00:00.000000",1.10708296298981
"DL","2026-03-08T00:00:00.000000",1.0315033197403
"DL","2026-03-08T01:00:00.000000",0.986585021018982
"DL","2026-03-08T02:00:00.000000",0.967409729957581
"DL","2026-03-08T03:00:00.000000",0.96172171831131
"DL","2026-03-08T04:00:00.000000",1.01182746887207
"DL","2026-03-08T05:00:00.000000",1.0349907875061
"DL","2026-03-08T06:00:00.000000",1.1666773557663
"DL","2026-03-08T07:00:00.000000",1.95255708694458
"DL","2026-03-08T08:00:00.000000",1.9116313457489
"DL","2026-03-08T09:00:00.000000",1.56595361232758
"DL","2026-03-08T10:00:00.000000",1.63221728801727
"DL","2026-03-08T11:00:00.000000",1.29779863357544
"DL","2026-03-08T12:00:00.000000",1.41867756843567
"DL","2026-03-08T13:00:00.000000",0.999005496501923
"DL","2026-03-08T14:00:00.000000",0.989029943943024
"DL","2026-03-08T15:00:00.000000",0.99280172586441
"DL","2026-03-08T16:00:00.000000",0.999865233898163
"DL","2026-03-08T17:00:00.000000",1.05248439311981
"DL","2026-03-08T18:00:00.000000",1.2739132642746
"DL","2026-03-08T19:00:00.000000",2.01236295700073
"DL","2026-03-08T20:00:00.000000",2.31327557563782
"DL","2026-03-08T21:00:00.000000",1.28244423866272
"DL","2026-03-08T22:00:00.000000",1.1850688457489
"DL","2026-03-08T23:00:00.000000",1.05010688304901
"DL","2026-03-09T00:00:00.000000",1.0474534034729
"DL","2026-03-09T01:00:00.000000",1.04130971431732
"DL","2026-03-09T02:00:00.000000",1.04139077663422
"DL","2026-03-09T03:00:00.000000",1.04556584358215
"DL","2026-03-09T04:00:00.000000",1.05732774734497
"DL","2026-03-09T05:00:00.000000",1.08113443851471
"DL","2026-03-09T06:00:00.000000",1.12306118011475
"DL","2026-03-09T07:00:00.000000",1.64652764797211
"DL","2026-03-09T08:00:00.000000",1.9605724811554
"DL","2026-03-09T09:00:00.000000",2.02060413360596
"DL","2026-03-09T10:00:00.000000",1.74583113193512
"DL","2026-03-09T11:00:00.000000",1.55692338943481
"DL","2026-03-09T12:00:00.000000",1.27575039863586
"DL","2026-03-09T13:00:00.000000",1.18545210361481
"DL","2026-03-09T14:00:00.000000",1.13135397434235
"DL","2026-03-09T15:00:00.000000",1.10051083564758
"DL","2026-03-09T16:00:00.000000",1.09272766113281
"DL","2026-03-09T17:00:00.000000",1.08517289161682
"DL","2026-03-09T18:00:00.000000",1.1493307352066
"DL","2026-03-09T19:00:00.000000",1.33991277217865
"DL","2026-03-09T20:00:00.000000",2.22778224945068
"DL","2026-03-09T21:00:00.000000",1.96900045871735
"DL","2026-03-09T22:00:00.000000",1.19840741157532
"DL","2026-03-09T23:00:00.000000",1.04393184185028
"DL","2026-03-10T00:00:00.000000",1.03139328956604
"DL","2026-03-10T01:00:00.000000",1.03269195556641
"DL","2026-03-10T02:00:00.000000",1.03096032142639
"DL","2026-03-10T03:00:00.000000",1.03022563457489
"DL","2026-03-10T04:00:00.000000",1.032057762146
"DL","2026-03-10T05:00:00.000000",1.03563022613525
"DL","2026-03-10T06:00:00.000000",1.04228019714355
"DL","2026-03-10T07:00:00.000000",1.069939494133
"DL","2026-03-10T08:00:00.000000",1.18116986751556
"DL","2026-03-10T09:00:00.000000",1.84707140922546
"DL","2026-03-10T10:00:00.000000",1.47621691226959
"DL","2026-03-10T11:00:00.000000",1.48023772239685
"DL","2026-03-10T12:00:00.000000",1.38827955722809
"DL","2026-03-10T13:00:00.000000",1.45628130435944
"DL","2026-03-10T14:00:00.000000",1.30115556716919
"DL","2026-03-10T15:00:00.000000",1.1820193529129
"DL","2026-03-10T16:00:00.000000",1.14978766441345
"DL","2026-03-10T17:00:00.000000",1.13632750511169
"DL","2026-03-10T18:00:00.000000",1.14287137985229
"DL","2026-03-10T19:00:00.000000",1.64717936515808
"DL","2026-03-10T20:00:00.000000",1.81310260295868
"DL","2026-03-10T21:00:00.000000",2.01445889472961
"DL","2026-03-10T22:00:00.000000",1.7980147600174
"DL","2026-03-10T23:00:00.000000",1.63170504570007
"DL","2026-03-11T00:00:00.000000",1.25149703025818
"DL","2026-03-11T01:00:00.000000",1.1936891078949
"DL","2026-03-11T02:00:00.000000",1.14529407024384
"DL","2026-03-11T03:00:00.000000",1.11121559143066
"DL","2026-03-11T04:00:00.000000",1.10000312328339
"DL","2026-03-11T05:00:00.000000",1.09898459911346
"DL","2026-03-11T06:00:00.000000",1.09716939926147
"DL","2026-03-11T07:00:00.000000",1.13416719436646
"DL","2026-03-11T08:00:00.000000",1.20426487922668
"DL","2026-03-11T09:00:00.000000",1.20410633087158
"DL","2026-03-11T10:00:00.000000",1.54837787151337
"DL","2026-03-11T11:00:00.000000",1.43002796173096
"DL","2026-03-11T12:00:00.000000",1.43428099155426
"DL","2026-03-11T13:00:00.000000",1.43693113327026
"DL","2026-03-11T14:00:00.000000",1.39479219913483
"DL","2026-03-11T15:00:00.000000",1.35247838497162
"DL","2026-03-11T16:00:00.000000",1.22878813743591
"DL","2026-03-11T17:00:00.000000",1.19827508926392
"DL","2026-03-11T18:00:00.000000",1.20098006725311
"DL","2026-03-11T19:00:00.000000",1.24364721775055
"DL","2026-03-11T20:00:00.000000",1.33978891372681
"DL","2026-03-11T21:00:00.000000",1.528156042099
"DL","2026-03-11T22:00:00.000000",1.60766112804413
"DL","2026-03-11T23:00:00.000000",1.41774106025696
"DL","2026-03-12T00:00:00.000000",1.24216306209564
"DL","2026-03-12T01:00:00.000000",1.17070817947388
"DL","2026-03-12T02:00:00.000000",1.14976513385773
"DL","2026-03-12T03:00:00.000000",1.15090322494507
"DL","2026-03-12T04:00:00.000000",1.15202713012695
"DL","2026-03-12T05:00:00.000000",1.15465641021729
"DL","2026-03-12T06:00:00.000000",1.15934920310974
"DL","2026-03-12T07:00:00.000000",1.16641366481781
"DL","2026-03-12T08:00:00.000000",1.17057037353516
"DL","2026-03-12T09:00:00.000000",1.17172157764435
"DL","2026-03-12T10:00:00.000000",1.1674542427063
"DL","2026-03-12T11:00:00.000000",1.18188655376434
"DL","2026-03-12T12:00:00.000000",1.20504975318909
"DL","2026-03-12T13:00:00.000000",1.2135409116745
"DL","2026-03-12T14:00:00.000000",1.22242271900177
"DL","2026-03-12T15:00:00.000000",1.2393798828125
"DL","2026-03-12T16:00:00.000000",1.2545177936554
"DL","2026-03-12T17:00:00.000000",1.27558219432831
"DL","2026-03-12T18:00:00.000000",1.28755140304565
"DL","2026-03-12T19:00:00.000000",1.30051362514496
"DL","2026-03-12T20:00:00.000000",1.33157014846802
"DL","2026-03-12T21:00:00.000000",1.33870542049408
"DL","2026-03-12T22:00:00.000000",1.88204216957092
"DL","2026-03-12T23:00:00.000000",2.08735918998718
"DL","2026-03-13T00:00:00.000000",2.09789943695068
"GB","2026-03-05T00:00:00.000000",0.970534384250641
"GB","2026-03-05T01:00:00.000000",0.951330125331879
"GB","2026-03-05T02:00:00.000000",0.90937328338623
"GB","2026-03-05T03:00:00.000000",0.886919677257538
"GB","2026-03-05T04:00:00.000000",0.875712931156158
"GB","2026-03-05T05:00:00.000000",0.867025554180145
"GB","2026-03-05T06:00:00.000000",0.882699549198151
"GB","2026-03-05T07:00:00.000000",0.923306286334991
"GB","2026-03-05T08:00:00.000000",0.95620584487915
"GB","2026-03-05T09:00:00.000000",0.977711379528046
"GB","2026-03-05T10:00:00.000000",0.994618833065033
"GB","2026-03-05T11:00:00.000000",0.999643385410309
"GB","2026-03-05T12:00:00.000000",1.00517702102661
"GB","2026-03-05T13:00:00.000000",1.0467756986618
"GB","2026-03-05T14:00:00.000000",0.997190535068512
"GB","2026-03-05T15:00:00.000000",0.943065524101257
"GB","2026-03-05T16:00:00.000000",0.906642913818359
"GB","2026-03-05T17:00:00.000000",0.871469974517822
"GB","2026-03-05T18:00:00.000000",0.87586122751236
"GB","2026-03-05T19:00:00.000000",0.980945944786072
"GB","2026-03-05T20:00:00.000000",1.02679693698883
"GB","2026-03-05T21:00:00.000000",1.06101834774017
"GB","2026-03-05T22:00:00.000000",1.06393921375275
"GB","2026-03-05T23:00:00.000000",1.0632096529007
"GB","2026-03-06T00:00:00.000000",1.07005286216736
"GB","2026-03-06T01:00:00.000000",1.12823593616486
"GB","2026-03-06T02:00:00.000000",1.08132100105286
"GB","2026-03-06T03:00:00.000000",0.998010098934174
"GB","2026-03-06T04:00:00.000000",0.929594874382019
"GB","2026-03-06T05:00:00.000000",0.877780854701996
"GB","2026-03-06T06:00:00.000000",0.849830210208893
"GB","2026-03-06T07:00:00.000000",1.03369462490082
"GB","2026-03-06T08:00:00.000000",1.0934864282608
"GB","2026-03-06T09:00:00.000000",1.15913271903992
"GB","2026-03-06T10:00:00.000000",1.21807634830475
"GB","2026-03-06T11:00:00.000000",1.22094893455505
"GB","2026-03-06T12:00:00.000000",1.20516157150269
"GB","2026-03-06T13:00:00.000000",1.26770484447479
"GB","2026-03-06T14:00:00.000000",1.31972229480743
"GB","2026-03-06T15:00:00.000000",1.17982006072998
"GB","2026-03-06T16:00:00.000000",1.05167174339294
"GB","2026-03-06T17:00:00.000000",0.961033284664154
"GB","2026-03-06T18:00:00.000000",0.867590427398682
"GB","2026-03-06T19:00:00.000000",1.04366457462311
"GB","2026-03-06T20:00:00.000000",1.26657319068909
"GB","2026-03-06T21:00:00.000000",1.34541845321655
"GB","2026-03-06T22:00:00.000000",1.37808012962341
"GB","2026-03-06T23:00:00.000000",1.34720277786255
"GB","2026-03-07T00:00:00.000000",1.31900215148926
"GB","2026-03-07T01:00:00.000000",1.39153385162354
"GB","2026-03-07T02:00:00.000000",1.44033765792847
"GB","2026-03-07T03:00:00.000000",1.29570305347443
"GB","2026-03-07T04:00:00.000000",1.15115761756897
"GB","2026-03-07T05:00:00.000000",1.05031108856201
"GB","2026-03-07T06:00:00.000000",0.959608614444733
"GB","2026-03-07T07:00:00.000000",0.973725080490112
"GB","2026-03-07T08:00:00.000000",1.34078192710876
"GB","2026-03-07T09:00:00.000000",1.38818120956421
"GB","2026-03-07T10:00:00.000000",1.41065418720245
"GB","2026-03-07T11:00:00.000000",1.41838681697845
"GB","2026-03-07T12:00:00.000000",1.40143013000488
"GB","2026-03-07T13:00:00.000000",1.411177277565
"GB","2026-03-07T14:00:00.000000",1.4971958398819
"GB","2026-03-07T15:00:00.000000",1.41524088382721
"GB","2026-03-07T16:00:00.000000",1.29129803180695
"GB","2026-03-07T17:00:00.000000",1.22099781036377
"GB","2026-03-07T18:00:00.000000",1.17313122749329
"GB","2026-03-07T19:00:00.000000",1.10571277141571
"GB","2026-03-07T20:00:00.000000",1.30597388744354
"GB","2026-03-07T21:00:00.000000",1.46268892288208
"GB","2026-03-07T22:00:00.000000",1.46560621261597
"GB","2026-03-07T23:00:00.000000",1.46151399612427
"GB","2026-03-08T00:00:00.000000",1.45573306083679
"GB","2026-03-08T01:00:00.000000",1.46047520637512
"GB","2026-03-08T02:00:00.000000",1.49362647533417
"GB","2026-03-08T03:00:00.000000",1.44399619102478
"GB","2026-03-08T04:00:00.000000",1.35982120037079
"GB","2026-03-08T05:00:00.000000",1.3160502910614
"GB","2026-03-08T06:00:00.000000",1.2869416475296
"GB","2026-03-08T07:00:00.000000",1.24723947048187
"GB","2026-03-08T08:00:00.000000",1.27490329742432
"GB","2026-03-08T09:00:00.000000",1.48080861568451
"GB","2026-03-08T10:00:00.000000",1.49258279800415
"GB","2026-03-08T11:00:00.000000",1.49001502990723
"GB","2026-03-08T12:00:00.000000",1.48972368240356
"GB","2026-03-08T13:00:00.000000",1.49827563762665
"GB","2026-03-08T14:00:00.000000",1.51545894145966
"GB","2026-03-08T15:00:00.000000",1.52633583545685
"GB","2026-03-08T16:00:00.000000",1.46455943584442
"GB","2026-03-08T17:00:00.000000",1.42653870582581
"GB","2026-03-08T18:00:00.000000",1.41257333755493
"GB","2026-03-08T19:00:00.000000",1.3929523229599
"GB","2026-03-08T20:00:00.000000",1.36041378974915
"GB","2026-03-08T21:00:00.000000",1.47770404815674
"GB","2026-03-08T22:00:00.000000",1.52932810783386
"GB","2026-03-08T23:00:00.000000",1.54202747344971
"GB","2026-03-09T00:00:00.000000",1.54253506660461
"GB","2026-03-09T01:00:00.000000",1.5431512594223
"GB","2026-03-09T02:00:00.000000",1.54326975345612
"GB","2026-03-09T03:00:00.000000",1.5601419210434
"GB","2026-03-09T04:00:00.000000",1.53894197940826
"GB","2026-03-09T05:00:00.000000",1.49835860729218
"GB","2026-03-09T06:00:00.000000",1.46947634220123
"GB","2026-03-09T07:00:00.000000",1.44299209117889
"GB","2026-03-09T08:00:00.000000",1.40304398536682
"GB","2026-03-09T09:00:00.000000",1.5115133523941
"GB","2026-03-09T10:00:00.000000",1.56884729862213
"GB","2026-03-09T11:00:00.000000",1.59239900112152
"GB","2026-03-09T12:00:00.000000",1.59941422939301
"GB","2026-03-09T13:00:00.000000",1.59624421596527
"GB","2026-03-09T14:00:00.000000",1.58906173706055
"GB","2026-03-09T15:00:00.000000",1.61353230476379
"GB","2026-03-09T16:00:00.000000",1.64211416244507
"GB","2026-03-09T17:00:00.000000",1.61249506473541
"GB","2026-03-09T18:00:00.000000",1.58744060993195
"GB","2026-03-09T19:00:00.000000",1.57186043262482
"GB","2026-03-09T20:00:00.000000",1.55421900749207
"GB","2026-03-09T21:00:00.000000",1.57258379459381
"GB","2026-03-09T22:00:00.000000",1.68315863609314
"GB","2026-03-09T23:00:00.000000",1.709352850914
"GB","2026-03-10T00:00:00.000000",1.72110092639923
"GB","2026-03-10T01:00:00.000000",1.721266746521
"GB","2026-03-10T02:00:00.000000",1.72240340709686
"GB","2026-03-10T03:00:00.000000",1.72510266304016
"GB","2026-03-10T04:00:00.000000",1.74966633319855
"GB","2026-03-10T05:00:00.000000",1.72820639610291
"GB","2026-03-10T06:00:00.000000",1.69620728492737
"GB","2026-03-10T07:00:00.000000",1.68174993991852
"GB","2026-03-10T08:00:00.000000",1.66596436500549
"GB","2026-03-10T09:00:00.000000",1.65315568447113
"GB","2026-03-10T10:00:00.000000",1.7462671995163
"GB","2026-03-10T11:00:00.000000",1.80377912521362
"GB","2026-03-10T12:00:00.000000",1.81797981262207
"GB","2026-03-10T13:00:00.000000",1.81147074699402
"GB","2026-03-10T14:00:00.000000",1.81270122528076
"GB","2026-03-10T15:00:00.000000",1.81969571113586
"GB","2026-03-10T16:00:00.000000",1.8519971370697
"GB","2026-03-10T17:00:00.000000",1.85377442836761
"GB","2026-03-10T18:00:00.000000",1.82340407371521
"GB","2026-03-10T19:00:00.000000",1.8066508769989
"GB","2026-03-10T20:00:00.000000",1.79982447624207
"GB","2026-03-10T21:00:00.000000",1.78062510490417
"GB","2026-03-10T22:00:00.000000",1.78925538063049
"GB","2026-03-10T23:00:00.000000",1.85569274425507
"GB","2026-03-11T00:00:00.000000",1.86965763568878
"GB","2026-03-11T01:00:00.000000",1.88024520874023
"GB","2026-03-11T02:00:00.000000",1.88532447814941
"GB","2026-03-11T03:00:00.000000",1.88653898239136
"GB","2026-03-11T04:00:00.000000",1.89166140556335
"GB","2026-03-11T05:00:00.000000",1.89847278594971
"GB","2026-03-11T06:00:00.000000",1.88317215442657
"GB","2026-03-11T07:00:00.000000",1.87171006202698
"GB","2026-03-11T08:00:00.000000",1.86474776268005
"GB","2026-03-11T09:00:00.000000",1.85030364990234
"GB","2026-03-11T10:00:00.000000",1.84822499752045
"GB","2026-03-11T11:00:00.000000",1.90313327312469
"GB","2026-03-11T12:00:00.000000",1.9284496307373
"GB","2026-03-11T13:00:00.000000",1.94154691696167
"GB","2026-03-11T14:00:00.000000",1.94696414470673
"GB","2026-03-11T15:00:00.000000",1.95492279529572
"GB","2026-03-11T16:00:00.000000",1.96353316307068
"GB","2026-03-11T17:00:00.000000",1.98673152923584
"GB","2026-03-11T18:00:00.000000",1.98108792304993
"GB","2026-03-11T19:00:00.000000",1.96171379089355
"GB","2026-03-11T20:00:00.000000",1.94718408584595
"GB","2026-03-11T21:00:00.000000",1.93299639225006
"GB","2026-03-11T22:00:00.000000",1.91652297973633
"GB","2026-03-11T23:00:00.000000",1.96089553833008
"GB","2026-03-12T00:00:00.000000",2.00643515586853
"GB","2026-03-12T01:00:00.000000",2.01680946350098
"GB","2026-03-12T02:00:00.000000",2.02838587760925
"GB","2026-03-12T03:00:00.000000",2.03336143493652
"GB","2026-03-12T04:00:00.000000",2.0351893901825
"GB","2026-03-12T05:00:00.000000",2.04644894599915
"GB","2026-03-12T06:00:00.000000",2.05010747909546
"GB","2026-03-12T07:00:00.000000",2.0354425907135
"GB","2026-03-12T08:00:00.000000",2.0273106098175
"GB","2026-03-12T09:00:00.000000",2.02522945404053
"GB","2026-03-12T10:00:00.000000",2.01102566719055
"GB","2026-03-12T11:00:00.000000",2.00284624099731
"GB","2026-03-12T12:00:00.000000",2.05658984184265
"GB","2026-03-12T13:00:00.000000",2.07791447639465
"GB","2026-03-12T14:00:00.000000",2.08431267738342
"GB","2026-03-12T15:00:00.000000",2.0890941619873
"GB","2026-03-12T16:00:00.000000",2.11783051490784
"GB","2026-03-12T17:00:00.000000",2.12899899482727
"GB","2026-03-12T18:00:00.000000",2.13020896911621
"GB","2026-03-12T19:00:00.000000",2.12347745895386
"GB","2026-03-12T20:00:00.000000",2.12049198150635
"GB","2026-03-12T21:00:00.000000",2.11991834640503
"GB","2026-03-12T22:00:00.000000",2.11875224113464
"GB","2026-03-12T23:00:00.000000",2.10728144645691
"GB","2026-03-13T00:00:00.000000",2.11401915550232
"LI","2026-03-05T00:00:00.000000",0.773530960083008
"LI","2026-03-05T01:00:00.000000",0.777396678924561
"LI","2026-03-05T02:00:00.000000",0.787500202655792
"LI","2026-03-05T03:00:00.000000",0.79717755317688
"LI","2026-03-05T04:00:00.000000",0.806254267692566
"LI","2026-03-05T05:00:00.000000",0.815461993217468
"LI","2026-03-05T06:00:00.000000",0.844156563282013
"LI","2026-03-05T07:00:00.000000",0.825513005256653
"LI","2026-03-05T08:00:00.000000",0.828523993492126
"LI","2026-03-05T09:00:00.000000",0.844165980815887
"LI","2026-03-05T10:00:00.000000",0.863706111907959
"LI","2026-03-05T11:00:00.000000",0.894245326519012
"LI","2026-03-05T12:00:00.000000",0.91164231300354
"LI","2026-03-05T13:00:00.000000",0.907765328884125
"LI","2026-03-05T14:00:00.000000",0.909888386726379
"LI","2026-03-05T15:00:00.000000",0.911662876605988
"LI","2026-03-05T16:00:00.000000",0.909262657165527
"LI","2026-03-05T17:00:00.000000",0.910598039627075
"LI","2026-03-05T18:00:00.000000",0.920107364654541
"LI","2026-03-05T19:00:00.000000",0.931986212730408
"LI","2026-03-05T20:00:00.000000",0.921417534351349
"LI","2026-03-05T21:00:00.000000",0.913055419921875
"LI","2026-03-05T22:00:00.000000",0.913830637931824
"LI","2026-03-05T23:00:00.000000",0.899677932262421
"LI","2026-03-06T00:00:00.000000",0.89918839931488
"LI","2026-03-06T01:00:00.000000",0.913640856742859
"LI","2026-03-06T02:00:00.000000",0.920761704444885
"LI","2026-03-06T03:00:00.000000",0.920222043991089
"LI","2026-03-06T04:00:00.000000",0.919226109981537
"LI","2026-03-06T05:00:00.000000",0.925347566604614
"LI","2026-03-06T06:00:00.000000",0.940146207809448
"LI","2026-03-06T07:00:00.000000",0.937719285488129
"LI","2026-03-06T08:00:00.000000",0.938296854496002
"LI","2026-03-06T09:00:00.000000",0.936720430850983
"LI","2026-03-06T10:00:00.000000",0.935806453227997
"LI","2026-03-06T11:00:00.000000",0.935404419898987
"LI","2026-03-06T12:00:00.000000",0.914966464042664
"LI","2026-03-06T13:00:00.000000",0.93562650680542
"LI","2026-03-06T14:00:00.000000",0.952123403549194
"LI","2026-03-06T15:00:00.000000",0.957183301448822
"LI","2026-03-06T16:00:00.000000",0.9453986287117
"LI","2026-03-06T17:00:00.000000",0.939614236354828
"LI","2026-03-06T18:00:00.000000",0.93470960855484
"LI","2026-03-06T19:00:00.000000",0.936835765838623
"LI","2026-03-06T20:00:00.000000",0.949026048183441
"LI","2026-03-06T21:00:00.000000",0.971942663192749
"LI","2026-03-06T22:00:00.000000",0.981930613517761
"LI","2026-03-06T23:00:00.000000",0.987798929214478
"LI","2026-03-07T00:00:00.000000",0.99732780456543
"LI","2026-03-07T01:00:00.000000",1.00110626220703
"LI","2026-03-07T02:00:00.000000",1.00717842578888
"LI","2026-03-07T03:00:00.000000",1.01189088821411
"LI","2026-03-07T04:00:00.000000",1.01134300231934
"LI","2026-03-07T05:00:00.000000",0.992430329322815
"LI","2026-03-07T06:00:00.000000",0.97534567117691
"LI","2026-03-07T07:00:00.000000",0.963552594184875
"LI","2026-03-07T08:00:00.000000",0.963676393032074
"LI","2026-03-07T09:00:00.000000",0.972473442554474
"LI","2026-03-07T10:00:00.000000",0.985475540161133
"LI","2026-03-07T11:00:00.000000",0.996636509895325
"LI","2026-03-07T12:00:00.000000",1.02408027648926
"LI","2026-03-07T13:00:00.000000",1.10320484638214
"LI","2026-03-07T14:00:00.000000",1.13093876838684
"LI","2026-03-07T15:00:00.000000",1.14198482036591
"LI","2026-03-07T16:00:00.000000",1.14463901519775
"LI","2026-03-07T17:00:00.000000",1.14255619049072
"LI","2026-03-07T18:00:00.000000",1.16799795627594
"LI","2026-03-07T19:00:00.000000",1.22773003578186
"LI","2026-03-07T20:00:00.000000",1.26626896858215
"LI","2026-03-07T21:00:00.000000",1.23296916484833
"LI","2026-03-07T22:00:00.000000",1.24496030807495
"LI","2026-03-07T23:00:00.000000",1.27081143856049
"LI","2026-03-08T00:00:00.000000",1.38543367385864
"LI","2026-03-08T01:00:00.000000",1.58108115196228
"LI","2026-03-08T02:00:00.000000",1.58899855613708
"LI","2026-03-08T03:00:00.000000",1.59034836292267
"LI","2026-03-08T04:00:00.000000",1.58480584621429
"LI","2026-03-08T05:00:00.000000",1.58136999607086
"LI","2026-03-08T06:00:00.000000",1.57862102985382
"LI","2026-03-08T07:00:00.000000",1.57274603843689
"LI","2026-03-08T08:00:00.000000",1.55882573127747
"LI","2026-03-08T09:00:00.000000",1.53567695617676
"LI","2026-03-08T10:00:00.000000",1.49103808403015
"LI","2026-03-08T11:00:00.000000",1.50413525104523
"LI","2026-03-08T12:00:00.000000",1.46177732944489
"LI","2026-03-08T13:00:00.000000",1.45738458633423
"LI","2026-03-08T14:00:00.000000",1.4589456319809
"LI","2026-03-08T15:00:00.000000",1.46039867401123
"LI","2026-03-08T16:00:00.000000",1.46385324001312
"LI","2026-03-08T17:00:00.000000",1.46709740161896
"LI","2026-03-08T18:00:00.000000",1.46907711029053
"LI","2026-03-08T19:00:00.000000",1.47214496135712
"LI","2026-03-08T20:00:00.000000",1.47516274452209
"LI","2026-03-08T21:00:00.000000",1.43539428710938
"LI","2026-03-08T22:00:00.000000",1.416832447052
"LI","2026-03-08T23:00:00.000000",1.4282466173172
"LI","2026-03-09T00:00:00.000000",1.4573575258255
"LI","2026-03-09T01:00:00.000000",1.46679890155792
"LI","2026-03-09T02:00:00.000000",1.4682365655899
"LI","2026-03-09T03:00:00.000000",1.46937048435211
"LI","2026-03-09T04:00:00.000000",1.4689975976944
"LI","2026-03-09T05:00:00.000000",1.46776032447815
"LI","2026-03-09T06:00:00.000000",1.4674916267395
"LI","2026-03-09T07:00:00.000000",1.46720552444458
"LI","2026-03-09T08:00:00.000000",1.46614170074463
"LI","2026-03-09T09:00:00.000000",1.46740186214447
"LI","2026-03-09T10:00:00.000000",1.46181094646454
"LI","2026-03-09T11:00:00.000000",1.44365751743317
"LI","2026-03-09T12:00:00.000000",1.44317018985748
"LI","2026-03-09T13:00:00.000000",1.44367849826813
"LI","2026-03-09T14:00:00.000000",1.45077776908875
"LI","2026-03-09T15:00:00.000000",1.47346889972687
"LI","2026-03-09T16:00:00.000000",1.48173046112061
"LI","2026-03-09T17:00:00.000000",1.48433983325958
"LI","2026-03-09T18:00:00.000000",1.48781847953796
"LI","2026-03-09T19:00:00.000000",1.48973548412323
"LI","2026-03-09T20:00:00.000000",1.48968410491943
"LI","2026-03-09T21:00:00.000000",1.48964583873749
"LI","2026-03-09T22:00:00.000000",1.48980164527893
"LI","2026-03-09T23:00:00.000000",1.48821580410004
"LI","2026-03-10T00:00:00.000000",1.49575173854828
"LI","2026-03-10T01:00:00.000000",1.51523315906525
"LI","2026-03-10T02:00:00.000000",1.53093886375427
"LI","2026-03-10T03:00:00.000000",1.53259563446045
"LI","2026-03-10T04:00:00.000000",1.53379237651825
"LI","2026-03-10T05:00:00.000000",1.53403341770172
"LI","2026-03-10T06:00:00.000000",1.53430664539337
"LI","2026-03-10T07:00:00.000000",1.53440201282501
"LI","2026-03-10T08:00:00.000000",1.53451287746429
"LI","2026-03-10T09:00:00.000000",1.5346348285675
"LI","2026-03-10T10:00:00.000000",1.53480291366577
"LI","2026-03-10T11:00:00.000000",1.52785062789917
"LI","2026-03-10T12:00:00.000000",1.52716708183289
"LI","2026-03-10T13:00:00.000000",1.52763199806213
"LI","2026-03-10T14:00:00.000000",1.52856576442719
"LI","2026-03-10T15:00:00.000000",1.53224635124207
"LI","2026-03-10T16:00:00.000000",1.55001866817474
"LI","2026-03-10T17:00:00.000000",1.55709600448608
"LI","2026-03-10T18:00:00.000000",1.56231224536896
"LI","2026-03-10T19:00:00.000000",1.5657331943512
"LI","2026-03-10T20:00:00.000000",1.56744301319122
"LI","2026-03-10T21:00:00.000000",1.57009792327881
"LI","2026-03-10T22:00:00.000000",1.57370066642761
"LI","2026-03-10T23:00:00.000000",1.54638004302979
"LI","2026-03-11T00:00:00.000000",1.54972898960114
"LI","2026-03-11T01:00:00.000000",1.60126137733459
"LI","2026-03-11T02:00:00.000000",1.67335712909698
"LI","2026-03-11T03:00:00.000000",1.7067266702652
"LI","2026-03-11T04:00:00.000000",1.7310962677002
"LI","2026-03-11T05:00:00.000000",1.74728858470917
"LI","2026-03-11T06:00:00.000000",1.75611925125122
"LI","2026-03-11T07:00:00.000000",1.76013219356537
"LI","2026-03-11T08:00:00.000000",1.74914300441742
"LI","2026-03-11T09:00:00.000000",1.72033965587616
"LI","2026-03-11T10:00:00.000000",1.67728579044342
"LI","2026-03-11T11:00:00.000000",1.67603647708893
"LI","2026-03-11T12:00:00.000000",1.71991276741028
"LI","2026-03-11T13:00:00.000000",1.75092840194702
"LI","2026-03-11T14:00:00.000000",1.77357745170593
"LI","2026-03-11T15:00:00.000000",1.78715133666992
"LI","2026-03-11T16:00:00.000000",1.79296624660492
"LI","2026-03-11T17:00:00.000000",1.7995982170105
"LI","2026-03-11T18:00:00.000000",1.80459082126617
"LI","2026-03-11T19:00:00.000000",1.805788397789
"LI","2026-03-11T20:00:00.000000",1.80283308029175
"LI","2026-03-11T21:00:00.000000",1.793048620224
"LI","2026-03-11T22:00:00.000000",1.77775835990906
"LI","2026-03-11T23:00:00.000000",1.76962292194366
"LI","2026-03-12T00:00:00.000000",1.7716292142868
"LI","2026-03-12T01:00:00.000000",1.7781834602356
"LI","2026-03-12T02:00:00.000000",1.79936814308167
"LI","2026-03-12T03:00:00.000000",1.8207266330719
"LI","2026-03-12T04:00:00.000000",1.85656797885895
"LI","2026-03-12T05:00:00.000000",1.87098848819733
"LI","2026-03-12T06:00:00.000000",1.88565039634705
"LI","2026-03-12T07:00:00.000000",1.90089201927185
"LI","2026-03-12T08:00:00.000000",1.91067481040955
"LI","2026-03-12T09:00:00.000000",1.9143682718277
"LI","2026-03-12T10:00:00.000000",1.91173219680786
"LI","2026-03-12T11:00:00.000000",1.90245735645294
"LI","2026-03-12T12:00:00.000000",1.89645624160767
"LI","2026-03-12T13:00:00.000000",1.9110472202301
"LI","2026-03-12T14:00:00.000000",1.9229474067688
"LI","2026-03-12T15:00:00.000000",1.93763792514801
"LI","2026-03-12T16:00:00.000000",1.95363175868988
"LI","2026-03-12T17:00:00.000000",1.9731673002243
"LI","2026-03-12T18:00:00.000000",1.98519563674927
"LI","2026-03-12T19:00:00.000000",1.99243175983429
"LI","2026-03-12T20:00:00.000000",1.99376273155212
"LI","2026-03-12T21:00:00.000000",1.99021518230438
"LI","2026-03-12T22:00:00.000000",1.96274638175964
"LI","2026-03-12T23:00:00.000000",1.88943314552307
"LI","2026-03-13T00:00:00.000000",1.86577367782593
"OB","2026-03-05T00:00:00.000000",1.04107272624969
"OB","2026-03-05T01:00:00.000000",1.05715906620026
"OB","2026-03-05T02:00:00.000000",1.16644334793091
"OB","2026-03-05T03:00:00.000000",1.28049898147583
"OB","2026-03-05T04:00:00.000000",1.31663155555725
"OB","2026-03-05T05:00:00.000000",1.28778445720673
"OB","2026-03-05T06:00:00.000000",1.23953127861023
"OB","2026-03-05T07:00:00.000000",1.22133195400238
"OB","2026-03-05T08:00:00.000000",1.2078104019165
"OB","2026-03-05T09:00:00.000000",1.19582426548004
"OB","2026-03-05T10:00:00.000000",1.18240976333618
"OB","2026-03-05T11:00:00.000000",1.18122529983521
"OB","2026-03-05T12:00:00.000000",1.18643832206726
"OB","2026-03-05T13:00:00.000000",1.20563209056854
"OB","2026-03-05T14:00:00.000000",1.23599529266357
"OB","2026-03-05T15:00:00.000000",1.26891827583313
"OB","2026-03-05T16:00:00.000000",1.30448687076569
"OB","2026-03-05T17:00:00.000000",1.30535459518433
"OB","2026-03-05T18:00:00.000000",1.26705205440521
"OB","2026-03-05T19:00:00.000000",1.24244892597198
"OB","2026-03-05T20:00:00.000000",1.22881484031677
"OB","2026-03-05T21:00:00.000000",1.22053825855255
"OB","2026-03-05T22:00:00.000000",1.21534931659698
"OB","2026-03-05T23:00:00.000000",1.20781028270721
"OB","2026-03-06T00:00:00.000000",1.20733177661896
"OB","2026-03-06T01:00:00.000000",1.21164536476135
"OB","2026-03-06T02:00:00.000000",1.22511434555054
"OB","2026-03-06T03:00:00.000000",1.25620496273041
"OB","2026-03-06T04:00:00.000000",1.29925608634949
"OB","2026-03-06T05:00:00.000000",1.30589246749878
"OB","2026-03-06T06:00:00.000000",1.27572691440582
"OB","2026-03-06T07:00:00.000000",1.26714277267456
"OB","2026-03-06T08:00:00.000000",1.26225972175598
"OB","2026-03-06T09:00:00.000000",1.25850236415863
"OB","2026-03-06T10:00:00.000000",1.26014161109924
"OB","2026-03-06T11:00:00.000000",1.26506698131561
"OB","2026-03-06T12:00:00.000000",1.26857805252075
"OB","2026-03-06T13:00:00.000000",1.27054822444916
"OB","2026-03-06T14:00:00.000000",1.28825664520264
"OB","2026-03-06T15:00:00.000000",1.3132985830307
"OB","2026-03-06T16:00:00.000000",1.34021472930908
"OB","2026-03-06T17:00:00.000000",1.35293018817902
"OB","2026-03-06T18:00:00.000000",1.34854054450989
"OB","2026-03-06T19:00:00.000000",1.3555269241333
"OB","2026-03-06T20:00:00.000000",1.35712146759033
"OB","2026-03-06T21:00:00.000000",1.35625100135803
"OB","2026-03-06T22:00:00.000000",1.3592312335968
"OB","2026-03-06T23:00:00.000000",1.36494922637939
"OB","2026-03-07T00:00:00.000000",1.36902225017548
"OB","2026-03-07T01:00:00.000000",1.37135589122772
"OB","2026-03-07T02:00:00.000000",1.37890219688416
"OB","2026-03-07T03:00:00.000000",1.38851749897003
"OB","2026-03-07T04:00:00.000000",1.39873611927032
"OB","2026-03-07T05:00:00.000000",1.41263556480408
"OB","2026-03-07T06:00:00.000000",1.42421400547028
"OB","2026-03-07T07:00:00.000000",1.42470562458038
"OB","2026-03-07T08:00:00.000000",1.41821372509003
"OB","2026-03-07T09:00:00.000000",1.41263568401337
"OB","2026-03-07T10:00:00.000000",1.41001999378204
"OB","2026-03-07T11:00:00.000000",1.408243060112
"OB","2026-03-07T12:00:00.000000",1.40728855133057
"OB","2026-03-07T13:00:00.000000",1.40752017498016
"OB","2026-03-07T14:00:00.000000",1.41002011299133
"OB","2026-03-07T15:00:00.000000",1.41412913799286
"OB","2026-03-07T16:00:00.000000",1.43672621250153
"OB","2026-03-07T17:00:00.000000",1.50088250637054
"OB","2026-03-07T18:00:00.000000",1.53772127628326
"OB","2026-03-07T19:00:00.000000",1.55530154705048
"OB","2026-03-07T20:00:00.000000",1.56738209724426
"OB","2026-03-07T21:00:00.000000",1.5790843963623
"OB","2026-03-07T22:00:00.000000",1.58533334732056
"OB","2026-03-07T23:00:00.000000",1.59370923042297
"OB","2026-03-08T00:00:00.000000",1.59065282344818
"OB","2026-03-08T01:00:00.000000",1.58126389980316
"OB","2026-03-08T02:00:00.000000",1.57438087463379
"OB","2026-03-08T03:00:00.000000",1.57092833518982
"OB","2026-03-08T04:00:00.000000",1.56832826137543
"OB","2026-03-08T05:00:00.000000",1.5655357837677
"OB","2026-03-08T06:00:00.000000",1.56247675418854
"OB","2026-03-08T07:00:00.000000",1.55847120285034
"OB","2026-03-08T08:00:00.000000",1.55276560783386
"OB","2026-03-08T09:00:00.000000",1.54450356960297
"OB","2026-03-08T10:00:00.000000",1.53369629383087
"OB","2026-03-08T11:00:00.000000",1.5269181728363
"OB","2026-03-08T12:00:00.000000",1.51429545879364
"OB","2026-03-08T13:00:00.000000",1.50696241855621
"OB","2026-03-08T14:00:00.000000",1.50586497783661
"OB","2026-03-08T15:00:00.000000",1.51698875427246
"OB","2026-03-08T16:00:00.000000",1.53215324878693
"OB","2026-03-08T17:00:00.000000",1.54084646701813
"OB","2026-03-08T18:00:00.000000",1.54567635059357
"OB","2026-03-08T19:00:00.000000",1.54632079601288
"OB","2026-03-08T20:00:00.000000",1.54173994064331
"OB","2026-03-08T21:00:00.000000",1.53693985939026
"OB","2026-03-08T22:00:00.000000",1.53252196311951
"OB","2026-03-08T23:00:00.000000",1.53052842617035
"OB","2026-03-09T00:00:00.000000",1.52612042427063
"OB","2026-03-09T01:00:00.000000",1.52017974853516
"OB","2026-03-09T02:00:00.000000",1.52058279514313
"OB","2026-03-09T03:00:00.000000",1.52701056003571
"OB","2026-03-09T04:00:00.000000",1.53468763828278
"OB","2026-03-09T05:00:00.000000",1.53960084915161
"OB","2026-03-09T06:00:00.000000",1.54012644290924
"OB","2026-03-09T07:00:00.000000",1.53851902484894
"OB","2026-03-09T08:00:00.000000",1.53713643550873
"OB","2026-03-09T09:00:00.000000",1.5394469499588
"OB","2026-03-09T10:00:00.000000",1.54326415061951
"OB","2026-03-09T11:00:00.000000",1.54566621780396
"OB","2026-03-09T12:00:00.000000",1.54648840427399
"OB","2026-03-09T13:00:00.000000",1.54752242565155
"OB","2026-03-09T14:00:00.000000",1.54817962646484
"OB","2026-03-09T15:00:00.000000",1.54754340648651
"OB","2026-03-09T16:00:00.000000",1.546750664711
"OB","2026-03-09T17:00:00.000000",1.55646347999573
"OB","2026-03-09T18:00:00.000000",1.5643390417099
"OB","2026-03-09T19:00:00.000000",1.56969571113586
"OB","2026-03-09T20:00:00.000000",1.57184445858002
"OB","2026-03-09T21:00:00.000000",1.56861388683319
"OB","2026-03-09T22:00:00.000000",1.56059408187866
"OB","2026-03-09T23:00:00.000000",1.55203413963318
"OB","2026-03-10T00:00:00.000000",1.54321706295013
"OB","2026-03-10T01:00:00.000000",1.53402781486511
"OB","2026-03-10T02:00:00.000000",1.53034818172455
"OB","2026-03-10T03:00:00.000000",1.53345048427582
"OB","2026-03-10T04:00:00.000000",1.53433525562286
"OB","2026-03-10T05:00:00.000000",1.53395938873291
"OB","2026-03-10T06:00:00.000000",1.53326487541199
"OB","2026-03-10T07:00:00.000000",1.53275120258331
"OB","2026-03-10T08:00:00.000000",1.53269302845001
"OB","2026-03-10T09:00:00.000000",1.5325984954834
"OB","2026-03-10T10:00:00.000000",1.53240656852722
"OB","2026-03-10T11:00:00.000000",1.53181993961334
"OB","2026-03-10T12:00:00.000000",1.53197419643402
"OB","2026-03-10T13:00:00.000000",1.53207743167877
"OB","2026-03-10T14:00:00.000000",1.53482413291931
"OB","2026-03-10T15:00:00.000000",1.54147577285767
"OB","2026-03-10T16:00:00.000000",1.54969573020935
"OB","2026-03-10T17:00:00.000000",1.55321609973907
"OB","2026-03-10T18:00:00.000000",1.55594301223755
"OB","2026-03-10T19:00:00.000000",1.55709040164948
"OB","2026-03-10T20:00:00.000000",1.55262386798859
"OB","2026-03-10T21:00:00.000000",1.54237306118011
"OB","2026-03-10T22:00:00.000000",1.52835547924042
"OB","2026-03-10T23:00:00.000000",1.51952946186066
"OB","2026-03-11T00:00:00.000000",1.51276302337646
"OB","2026-03-11T01:00:00.000000",1.50708651542664
"OB","2026-03-11T02:00:00.000000",1.50367343425751
"OB","2026-03-11T03:00:00.000000",1.50476241111755
"OB","2026-03-11T04:00:00.000000",1.50854253768921
"OB","2026-03-11T05:00:00.000000",1.51243817806244
"OB","2026-03-11T06:00:00.000000",1.51519644260406
"OB","2026-03-11T07:00:00.000000",1.51689028739929
"OB","2026-03-11T08:00:00.000000",1.51697647571564
"OB","2026-03-11T09:00:00.000000",1.51559722423553
"OB","2026-03-11T10:00:00.000000",1.51332235336304
"OB","2026-03-11T11:00:00.000000",1.51104092597961
"OB","2026-03-11T12:00:00.000000",1.51067507266998
"OB","2026-03-11T13:00:00.000000",1.511225938797
"OB","2026-03-11T14:00:00.000000",1.51201570034027
"OB","2026-03-11T15:00:00.000000",1.51682376861572
"OB","2026-03-11T16:00:00.000000",1.52231061458588
"OB","2026-03-11T17:00:00.000000",1.52125906944275
"OB","2026-03-11T18:00:00.000000",1.52021515369415
"OB","2026-03-11T19:00:00.000000",1.51948428153992
"OB","2026-03-11T20:00:00.000000",1.51891160011292
"OB","2026-03-11T21:00:00.000000",1.51710712909698
"OB","2026-03-11T22:00:00.000000",1.51442766189575
"OB","2026-03-11T23:00:00.000000",1.51140558719635
"OB","2026-03-12T00:00:00.000000",1.50892758369446
"OB","2026-03-12T01:00:00.000000",1.50738418102264
"OB","2026-03-12T02:00:00.000000",1.50657176971436
"OB","2026-03-12T03:00:00.000000",1.50591468811035
"OB","2026-03-12T04:00:00.000000",1.50510907173157
"OB","2026-03-12T05:00:00.000000",1.50640738010406
"OB","2026-03-12T06:00:00.000000",1.50787556171417
"OB","2026-03-12T07:00:00.000000",1.50889325141907
"OB","2026-03-12T08:00:00.000000",1.50812089443207
"OB","2026-03-12T09:00:00.000000",1.50695836544037
"OB","2026-03-12T10:00:00.000000",1.50692570209503
"OB","2026-03-12T11:00:00.000000",1.50669169425964
"OB","2026-03-12T12:00:00.000000",1.50600934028625
"OB","2026-03-12T13:00:00.000000",1.50520539283752
"OB","2026-03-12T14:00:00.000000",1.50428509712219
"OB","2026-03-12T15:00:00.000000",1.5033106803894
"OB","2026-03-12T16:00:00.000000",1.50351810455322
"OB","2026-03-12T17:00:00.000000",1.49782955646515
"OB","2026-03-12T18:00:00.000000",1.49785876274109
"OB","2026-03-12T19:00:00.000000",1.49422132968903
"OB","2026-03-12T20:00:00.000000",1.48694324493408
"OB","2026-03-12T21:00:00.000000",1.47836625576019
"OB","2026-03-12T22:00:00.000000",1.48212862014771
"OB","2026-03-12T23:00:00.000000",1.50036001205444
"OB","2026-03-13T00:00:00.000000",1.50315821170807
"WC","2026-03-05T00:00:00.000000",0.889281034469604
"WC","2026-03-05T01:00:00.000000",0.890551328659058
"WC","2026-03-05T02:00:00.000000",0.914092063903809
"WC","2026-03-05T03:00:00.000000",0.93149197101593
"WC","2026-03-05T04:00:00.000000",0.921682178974152
"WC","2026-03-05T05:00:00.000000",0.874379515647888
"WC","2026-03-05T06:00:00.000000",0.874943614006042
"WC","2026-03-05T07:00:00.000000",0.898172616958618
"WC","2026-03-05T08:00:00.000000",0.917871356010437
"WC","2026-03-05T09:00:00.000000",0.924592435359955
"WC","2026-03-05T10:00:00.000000",0.944367110729218
"WC","2026-03-05T11:00:00.000000",0.937624573707581
"WC","2026-03-05T12:00:00.000000",0.945560395717621
"WC","2026-03-05T13:00:00.000000",0.947344660758972
"WC","2026-03-05T14:00:00.000000",0.948745965957642
"WC","2026-03-05T15:00:00.000000",0.951371073722839
"WC","2026-03-05T16:00:00.000000",0.952230155467987
"WC","2026-03-05T17:00:00.000000",0.948467791080475
"WC","2026-03-05T18:00:00.000000",0.951949119567871
"WC","2026-03-05T19:00:00.000000",0.967515110969543
"WC","2026-03-05T20:00:00.000000",0.986488819122314
"WC","2026-03-05T21:00:00.000000",0.991794884204865
"WC","2026-03-05T22:00:00.000000",1.0082790851593
"WC","2026-03-05T23:00:00.000000",1.00829887390137
"WC","2026-03-06T00:00:00.000000",1.00756525993347
"WC","2026-03-06T01:00:00.000000",0.993312180042267
"WC","2026-03-06T02:00:00.000000",0.994546711444855
"WC","2026-03-06T03:00:00.000000",0.990364909172058
"WC","2026-03-06T04:00:00.000000",0.9886115193367
"WC","2026-03-06T05:00:00.000000",0.99177622795105
"WC","2026-03-06T06:00:00.000000",0.996491670608521
"WC","2026-03-06T07:00:00.000000",1.01342928409576
"WC","2026-03-06T08:00:00.000000",1.03686714172363
"WC","2026-03-06T09:00:00.000000",1.04230010509491
"WC","2026-03-06T10:00:00.000000",1.07520246505737
"WC","2026-03-06T11:00:00.000000",1.10340619087219
"WC","2026-03-06T12:00:00.000000",1.0704927444458
"WC","2026-03-06T13:00:00.000000",1.01149415969849
"WC","2026-03-06T14:00:00.000000",1.01413583755493
"WC","2026-03-06T15:00:00.000000",1.0123987197876
"WC","2026-03-06T16:00:00.000000",1.01329386234283
"WC","2026-03-06T17:00:00.000000",1.01355361938477
"WC","2026-03-06T18:00:00.000000",1.01960098743439
"WC","2026-03-06T19:00:00.000000",1.06750214099884
"WC","2026-03-06T20:00:00.000000",1.09044253826141
"WC","2026-03-06T21:00:00.000000",1.11820077896118
"WC","2026-03-06T22:00:00.000000",1.13344371318817
"WC","2026-03-06T23:00:00.000000",1.15450310707092
"WC","2026-03-07T00:00:00.000000",1.14333379268646
"WC","2026-03-07T01:00:00.000000",1.08051383495331
"WC","2026-03-07T02:00:00.000000",1.06297302246094
"WC","2026-03-07T03:00:00.000000",1.05760836601257
"WC","2026-03-07T04:00:00.000000",1.05587482452393
"WC","2026-03-07T05:00:00.000000",1.05192470550537
"WC","2026-03-07T06:00:00.000000",1.05527412891388
"WC","2026-03-07T07:00:00.000000",1.09152281284332
"WC","2026-03-07T08:00:00.000000",1.12721478939056
"WC","2026-03-07T09:00:00.000000",1.15264499187469
"WC","2026-03-07T10:00:00.000000",1.15940392017365
"WC","2026-03-07T11:00:00.000000",1.17296874523163
"WC","2026-03-07T12:00:00.000000",1.17631888389587
"WC","2026-03-07T13:00:00.000000",1.15194284915924
"WC","2026-03-07T14:00:00.000000",1.1019766330719
"WC","2026-03-07T15:00:00.000000",1.09545791149139
"WC","2026-03-07T16:00:00.000000",1.10359513759613
"WC","2026-03-07T17:00:00.000000",1.11296403408051
"WC","2026-03-07T18:00:00.000000",1.10795652866364
"WC","2026-03-07T19:00:00.000000",1.1193779706955
"WC","2026-03-07T20:00:00.000000",1.16975569725037
"WC","2026-03-07T21:00:00.000000",1.18952965736389
"WC","2026-03-07T22:00:00.000000",1.20472264289856
"WC","2026-03-07T23:00:00.000000",1.21488106250763
"WC","2026-03-08T00:00:00.000000",1.24180328845978
"WC","2026-03-08T01:00:00.000000",1.2445330619812
"WC","2026-03-08T02:00:00.000000",1.19244074821472
"WC","2026-03-08T03:00:00.000000",1.17340755462646
"WC","2026-03-08T04:00:00.000000",1.16582524776459
"WC","2026-03-08T05:00:00.000000",1.17146360874176
"WC","2026-03-08T06:00:00.000000",1.17244601249695
"WC","2026-03-08T07:00:00.000000",1.17891669273376
"WC","2026-03-08T08:00:00.000000",1.21204948425293
"WC","2026-03-08T09:00:00.000000",1.23268914222717
"WC","2026-03-08T10:00:00.000000",1.24210870265961
"WC","2026-03-08T11:00:00.000000",1.24536156654358
"WC","2026-03-08T12:00:00.000000",1.25345575809479
"WC","2026-03-08T13:00:00.000000",1.24628269672394
"WC","2026-03-08T14:00:00.000000",1.21576762199402
"WC","2026-03-08T15:00:00.000000",1.2123144865036
"WC","2026-03-08T16:00:00.000000",1.22410440444946
"WC","2026-03-08T17:00:00.000000",1.24020433425903
"WC","2026-03-08T18:00:00.000000",1.24538016319275
"WC","2026-03-08T19:00:00.000000",1.23140430450439
"WC","2026-03-08T20:00:00.000000",1.22840201854706
"WC","2026-03-08T21:00:00.000000",1.24667286872864
"WC","2026-03-08T22:00:00.000000",1.26155209541321
"WC","2026-03-08T23:00:00.000000",1.27082657814026
"WC","2026-03-09T00:00:00.000000",1.27670538425446
"WC","2026-03-09T01:00:00.000000",1.27549517154694
"WC","2026-03-09T02:00:00.000000",1.27504503726959
"WC","2026-03-09T03:00:00.000000",1.27956581115723
"WC","2026-03-09T04:00:00.000000",1.29235899448395
"WC","2026-03-09T05:00:00.000000",1.29885184764862
"WC","2026-03-09T06:00:00.000000",1.30060827732086
"WC","2026-03-09T07:00:00.000000",1.29221904277802
"WC","2026-03-09T08:00:00.000000",1.2644921541214
"WC","2026-03-09T09:00:00.000000",1.25737631320953
"WC","2026-03-09T10:00:00.000000",1.26797139644623
"WC","2026-03-09T11:00:00.000000",1.2780579328537
"WC","2026-03-09T12:00:00.000000",1.27977132797241
"WC","2026-03-09T13:00:00.000000",1.28067767620087
"WC","2026-03-09T14:00:00.000000",1.28985321521759
"WC","2026-03-09T15:00:00.000000",1.32005262374878
"WC","2026-03-09T16:00:00.000000",1.33414435386658
"WC","2026-03-09T17:00:00.000000",1.34899854660034
"WC","2026-03-09T18:00:00.000000",1.36400198936462
"WC","2026-03-09T19:00:00.000000",1.36894071102142
"WC","2026-03-09T20:00:00.000000",1.36362171173096
"WC","2026-03-09T21:00:00.000000",1.35124576091766
"WC","2026-03-09T22:00:00.000000",1.34616565704346
"WC","2026-03-09T23:00:00.000000",1.34897005558014
"WC","2026-03-10T00:00:00.000000",1.35388338565826
"WC","2026-03-10T01:00:00.000000",1.35553419589996
"WC","2026-03-10T02:00:00.000000",1.34696447849274
"WC","2026-03-10T03:00:00.000000",1.38159203529358
"WC","2026-03-10T04:00:00.000000",1.39452767372131
"WC","2026-03-10T05:00:00.000000",1.40592956542969
"WC","2026-03-10T06:00:00.000000",1.41606271266937
"WC","2026-03-10T07:00:00.000000",1.41764855384827
"WC","2026-03-10T08:00:00.000000",1.40631973743439
"WC","2026-03-10T09:00:00.000000",1.38563072681427
"WC","2026-03-10T10:00:00.000000",1.37324631214142
"WC","2026-03-10T11:00:00.000000",1.36768805980682
"WC","2026-03-10T12:00:00.000000",1.36645126342773
"WC","2026-03-10T13:00:00.000000",1.36762320995331
"WC","2026-03-10T14:00:00.000000",1.3691713809967
"WC","2026-03-10T15:00:00.000000",1.41132807731628
"WC","2026-03-10T16:00:00.000000",1.44939136505127
"WC","2026-03-10T17:00:00.000000",1.4638215303421
"WC","2026-03-10T18:00:00.000000",1.47235143184662
"WC","2026-03-10T19:00:00.000000",1.48100352287292
"WC","2026-03-10T20:00:00.000000",1.48367846012115
"WC","2026-03-10T21:00:00.000000",1.47658479213715
"WC","2026-03-10T22:00:00.000000",1.45280635356903
"WC","2026-03-10T23:00:00.000000",1.43556344509125
"WC","2026-03-11T00:00:00.000000",1.42544901371002
"WC","2026-03-11T01:00:00.000000",1.42120146751404
"WC","2026-03-11T02:00:00.000000",1.41951787471771
"WC","2026-03-11T03:00:00.000000",1.41993081569672
"WC","2026-03-11T04:00:00.000000",1.47645258903503
"WC","2026-03-11T05:00:00.000000",1.50128602981567
"WC","2026-03-11T06:00:00.000000",1.50881052017212
"WC","2026-03-11T07:00:00.000000",1.50990211963654
"WC","2026-03-11T08:00:00.000000",1.50902116298676
"WC","2026-03-11T09:00:00.000000",1.49916040897369
"WC","2026-03-11T10:00:00.000000",1.46411037445068
"WC","2026-03-11T11:00:00.000000",1.43781411647797
"WC","2026-03-11T12:00:00.000000",1.42794692516327
"WC","2026-03-11T13:00:00.000000",1.42473351955414
"WC","2026-03-11T14:00:00.000000",1.42448914051056
"WC","2026-03-11T15:00:00.000000",1.42670094966888
"WC","2026-03-11T16:00:00.000000",1.4703928232193
"WC","2026-03-11T17:00:00.000000",1.51519846916199
"WC","2026-03-11T18:00:00.000000",1.53056299686432
"WC","2026-03-11T19:00:00.000000",1.5362628698349
"WC","2026-03-11T20:00:00.000000",1.53801774978638
"WC","2026-03-11T21:00:00.000000",1.53690612316132
"WC","2026-03-11T22:00:00.000000",1.52345371246338
"WC","2026-03-11T23:00:00.000000",1.48887455463409
"WC","2026-03-12T00:00:00.000000",1.46816861629486
"WC","2026-03-12T01:00:00.000000",1.45637392997742
"WC","2026-03-12T02:00:00.000000",1.45120906829834
"WC","2026-03-12T03:00:00.000000",1.44897162914276
"WC","2026-03-12T04:00:00.000000",1.45430386066437
"WC","2026-03-12T05:00:00.000000",1.52001130580902
"WC","2026-03-12T06:00:00.000000",1.55513823032379
"WC","2026-03-12T07:00:00.000000",1.5601704120636
"WC","2026-03-12T08:00:00.000000",1.56410419940948
"WC","2026-03-12T09:00:00.000000",1.56224143505096
"WC","2026-03-12T10:00:00.000000",1.55609953403473
"WC","2026-03-12T11:00:00.000000",1.52984416484833
"WC","2026-03-12T12:00:00.000000",1.49658441543579
"WC","2026-03-12T13:00:00.000000",1.48066937923431
"WC","2026-03-12T14:00:00.000000",1.47318053245544
"WC","2026-03-12T15:00:00.000000",1.47219598293304
"WC","2026-03-12T16:00:00.000000",1.50619375705719
"WC","2026-03-12T17:00:00.000000",1.574538230896
"WC","2026-03-12T18:00:00.000000",1.60245323181152
"WC","2026-03-12T19:00:00.000000",1.60682988166809
"WC","2026-03-12T20:00:00.000000",1.6077184677124
"WC","2026-03-12T21:00:00.000000",1.60782825946808
"WC","2026-03-12T22:00:00.000000",1.60712420940399
"WC","2026-03-12T23:00:00.000000",1.59697008132935
"WC","2026-03-13T00:00:00.000000",1.55665326118469
"WI","2026-03-05T00:00:00.000000",0.587949573993683
"WI","2026-03-05T01:00:00.000000",0.588816940784454
"WI","2026-03-05T02:00:00.000000",0.573213994503021
"WI","2026-03-05T03:00:00.000000",0.562733113765717
"WI","2026-03-05T04:00:00.000000",0.545914888381958
"WI","2026-03-05T05:00:00.000000",0.533150672912598
"WI","2026-03-05T06:00:00.000000",0.55882716178894
"WI","2026-03-05T07:00:00.000000",0.564604043960571
"WI","2026-03-05T08:00:00.000000",0.574230015277863
"WI","2026-03-05T09:00:00.000000",0.558942377567291
"WI","2026-03-05T10:00:00.000000",0.562970519065857
"WI","2026-03-05T11:00:00.000000",0.572862267494202
"WI","2026-03-05T12:00:00.000000",0.58408784866333
"WI","2026-03-05T13:00:00.000000",0.589715003967285
"WI","2026-03-05T14:00:00.000000",0.590760171413422
"WI","2026-03-05T15:00:00.000000",0.589759588241577
"WI","2026-03-05T16:00:00.000000",0.602188587188721
"WI","2026-03-05T17:00:00.000000",0.621495544910431
"WI","2026-03-05T18:00:00.000000",0.640090942382812
"WI","2026-03-05T19:00:00.000000",0.605581223964691
"WI","2026-03-05T20:00:00.000000",0.579617023468018
"WI","2026-03-05T21:00:00.000000",0.567771792411804
"WI","2026-03-05T22:00:00.000000",0.63317334651947
"WI","2026-03-05T23:00:00.000000",0.57721084356308
"WI","2026-03-06T00:00:00.000000",0.593460917472839
"WI","2026-03-06T01:00:00.000000",0.612232863903046
"WI","2026-03-06T02:00:00.000000",0.613930583000183
"WI","2026-03-06T03:00:00.000000",0.640698671340942
"WI","2026-03-06T04:00:00.000000",0.741436660289764
"WI","2026-03-06T05:00:00.000000",0.780744969844818
"WI","2026-03-06T06:00:00.000000",0.813338816165924
"WI","2026-03-06T07:00:00.000000",0.811779975891113
"WI","2026-03-06T08:00:00.000000",0.736267566680908
"WI","2026-03-06T09:00:00.000000",0.730228304862976
"WI","2026-03-06T10:00:00.000000",0.724787533283234
"WI","2026-03-06T11:00:00.000000",0.717841148376465
"WI","2026-03-06T12:00:00.000000",0.632964193820953
"WI","2026-03-06T13:00:00.000000",0.654478013515472
"WI","2026-03-06T14:00:00.000000",0.664950668811798
"WI","2026-03-06T15:00:00.000000",0.705479264259338
"WI","2026-03-06T16:00:00.000000",0.874081134796143
"WI","2026-03-06T17:00:00.000000",0.932623744010925
"WI","2026-03-06T18:00:00.000000",0.960645973682404
"WI","2026-03-06T19:00:00.000000",0.950861513614655
"WI","2026-03-06T20:00:00.000000",0.828353703022003
"WI","2026-03-06T21:00:00.000000",0.776079297065735
"WI","2026-03-06T22:00:00.000000",0.885687649250031
"WI","2026-03-06T23:00:00.000000",0.940321683883667
"WI","2026-03-07T00:00:00.000000",0.716006457805634
"WI","2026-03-07T01:00:00.000000",0.722133934497833
"WI","2026-03-07T02:00:00.000000",0.744588613510132
"WI","2026-03-07T03:00:00.000000",0.752614617347717
"WI","2026-03-07T04:00:00.000000",0.962936639785767
"WI","2026-03-07T05:00:00.000000",1.05619871616364
"WI","2026-03-07T06:00:00.000000",1.08108723163605
"WI","2026-03-07T07:00:00.000000",1.09211480617523
"WI","2026-03-07T08:00:00.000000",1.01879358291626
"WI","2026-03-07T09:00:00.000000",0.936392784118652
"WI","2026-03-07T10:00:00.000000",0.892098248004913
"WI","2026-03-07T11:00:00.000000",0.952980220317841
"WI","2026-03-07T12:00:00.000000",0.815195500850677
"WI","2026-03-07T13:00:00.000000",0.830853044986725
"WI","2026-03-07T14:00:00.000000",0.859398484230042
"WI","2026-03-07T15:00:00.000000",0.861201703548431
"WI","2026-03-07T16:00:00.000000",0.974936246871948
"WI","2026-03-07T17:00:00.000000",1.06174194812775
"WI","2026-03-07T18:00:00.000000",1.07571053504944
"WI","2026-03-07T19:00:00.000000",1.06606006622314
"WI","2026-03-07T20:00:00.000000",1.07244992256165
"WI","2026-03-07T21:00:00.000000",1.03521168231964
"WI","2026-03-07T22:00:00.000000",1.01892745494843
"WI","2026-03-07T23:00:00.000000",1.01287496089935
"WI","2026-03-08T00:00:00.000000",1.02030122280121
"WI","2026-03-08T01:00:00.000000",1.00031745433807
"WI","2026-03-08T02:00:00.000000",0.981569230556488
"WI","2026-03-08T03:00:00.000000",0.979441165924072
"WI","2026-03-08T04:00:00.000000",1.00410127639771
"WI","2026-03-08T05:00:00.000000",1.02853441238403
"WI","2026-03-08T06:00:00.000000",1.01685297489166
"WI","2026-03-08T07:00:00.000000",0.988409459590912
"WI","2026-03-08T08:00:00.000000",1.00390028953552
"WI","2026-03-08T09:00:00.000000",1.00352513790131
"WI","2026-03-08T10:00:00.000000",1.01258158683777
"WI","2026-03-08T11:00:00.000000",0.964981377124786
"WI","2026-03-08T12:00:00.000000",1.00914442539215
"WI","2026-03-08T13:00:00.000000",1.02064824104309
"WI","2026-03-08T14:00:00.000000",1.02376592159271
"WI","2026-03-08T15:00:00.000000",1.02685344219208
"WI","2026-03-08T16:00:00.000000",0.982308924198151
"WI","2026-03-08T17:00:00.000000",0.916763842105865
"WI","2026-03-08T18:00:00.000000",0.861394882202148
"WI","2026-03-08T19:00:00.000000",0.858671188354492
"WI","2026-03-08T20:00:00.000000",0.863002955913544
"WI","2026-03-08T21:00:00.000000",0.947556138038635
"WI","2026-03-08T22:00:00.000000",1.001345038414
"WI","2026-03-08T23:00:00.000000",1.0210794210434
"WI","2026-03-09T00:00:00.000000",0.89438009262085
"WI","2026-03-09T01:00:00.000000",1.03089010715485
"WI","2026-03-09T02:00:00.000000",1.04887473583221
"WI","2026-03-09T03:00:00.000000",1.05756008625031
"WI","2026-03-09T04:00:00.000000",1.05185973644257
"WI","2026-03-09T05:00:00.000000",0.927797913551331
"WI","2026-03-09T06:00:00.000000",0.872864246368408
"WI","2026-03-09T07:00:00.000000",0.865074336528778
"WI","2026-03-09T08:00:00.000000",0.864741921424866
"WI","2026-03-09T09:00:00.000000",0.890218198299408
"WI","2026-03-09T10:00:00.000000",0.972813427448273
"WI","2026-03-09T11:00:00.000000",0.974422633647919
"WI","2026-03-09T12:00:00.000000",0.936807215213776
"WI","2026-03-09T13:00:00.000000",0.970621824264526
"WI","2026-03-09T14:00:00.000000",0.97117030620575
"WI","2026-03-09T15:00:00.000000",0.996309101581573
"WI","2026-03-09T16:00:00.000000",1.01380908489227
"WI","2026-03-09T17:00:00.000000",0.967861413955688
"WI","2026-03-09T18:00:00.000000",0.948410093784332
"WI","2026-03-09T19:00:00.000000",0.951973438262939
"WI","2026-03-09T20:00:00.000000",0.957018792629242
"WI","2026-03-09T21:00:00.000000",0.961772620677948
"WI","2026-03-09T22:00:00.000000",0.98307478427887
"WI","2026-03-09T23:00:00.000000",1.00466585159302
"WI","2026-03-10T00:00:00.000000",1.0150785446167
"WI","2026-03-10T01:00:00.000000",1.02584719657898
"WI","2026-03-10T02:00:00.000000",1.04328858852386
"WI","2026-03-10T03:00:00.000000",1.06025874614716
"WI","2026-03-10T04:00:00.000000",1.07628285884857
"WI","2026-03-10T05:00:00.000000",1.06680417060852
"WI","2026-03-10T06:00:00.000000",1.00899076461792
"WI","2026-03-10T07:00:00.000000",0.964982926845551
"WI","2026-03-10T08:00:00.000000",0.953134715557098
"WI","2026-03-10T09:00:00.000000",0.95178359746933
"WI","2026-03-10T10:00:00.000000",0.954303205013275
"WI","2026-03-10T11:00:00.000000",0.997902750968933
"WI","2026-03-10T12:00:00.000000",0.994865000247955
"WI","2026-03-10T13:00:00.000000",0.98050719499588
"WI","2026-03-10T14:00:00.000000",1.04208183288574
"WI","2026-03-10T15:00:00.000000",1.06356358528137
"WI","2026-03-10T16:00:00.000000",1.08503615856171
"WI","2026-03-10T17:00:00.000000",1.08592891693115
"WI","2026-03-10T18:00:00.000000",1.0363404750824
"WI","2026-03-10T19:00:00.000000",1.00579237937927
"WI","2026-03-10T20:00:00.000000",0.997303128242493
"WI","2026-03-10T21:00:00.000000",1.00180637836456
"WI","2026-03-10T22:00:00.000000",1.00386488437653
"WI","2026-03-10T23:00:00.000000",1.03844404220581
"WI","2026-03-11T00:00:00.000000",1.06293332576752
"WI","2026-03-11T01:00:00.000000",1.07248961925507
"WI","2026-03-11T02:00:00.000000",1.09325456619263
"WI","2026-03-11T03:00:00.000000",1.11467325687408
"WI","2026-03-11T04:00:00.000000",1.14147937297821
"WI","2026-03-11T05:00:00.000000",1.16056334972382
"WI","2026-03-11T06:00:00.000000",1.15540862083435
"WI","2026-03-11T07:00:00.000000",1.10555732250214
"WI","2026-03-11T08:00:00.000000",1.03247570991516
"WI","2026-03-11T09:00:00.000000",1.01649475097656
"WI","2026-03-11T10:00:00.000000",1.01291573047638
"WI","2026-03-11T11:00:00.000000",1.01837456226349
"WI","2026-03-11T12:00:00.000000",1.04888665676117
"WI","2026-03-11T13:00:00.000000",1.05858397483826
"WI","2026-03-11T14:00:00.000000",1.06688845157623
"WI","2026-03-11T15:00:00.000000",1.09266555309296
"WI","2026-03-11T16:00:00.000000",1.11758756637573
"WI","2026-03-11T17:00:00.000000",1.13812637329102
"WI","2026-03-11T18:00:00.000000",1.15570247173309
"WI","2026-03-11T19:00:00.000000",1.16553795337677
"WI","2026-03-11T20:00:00.000000",1.13961458206177
"WI","2026-03-11T21:00:00.000000",1.09398424625397
"WI","2026-03-11T22:00:00.000000",1.08505833148956
"WI","2026-03-11T23:00:00.000000",1.09584617614746
"WI","2026-03-12T00:00:00.000000",1.12781512737274
"WI","2026-03-12T01:00:00.000000",1.14955580234528
"WI","2026-03-12T02:00:00.000000",1.16851580142975
"WI","2026-03-12T03:00:00.000000",1.18169510364532
"WI","2026-03-12T04:00:00.000000",1.18709886074066
"WI","2026-03-12T05:00:00.000000",1.18331921100616
"WI","2026-03-12T06:00:00.000000",1.20022356510162
"WI","2026-03-12T07:00:00.000000",1.22748613357544
"WI","2026-03-12T08:00:00.000000",1.24556696414948
"WI","2026-03-12T09:00:00.000000",1.2291134595871
"WI","2026-03-12T10:00:00.000000",1.23123037815094
"WI","2026-03-12T11:00:00.000000",1.24442684650421
"WI","2026-03-12T12:00:00.000000",1.26901578903198
"WI","2026-03-12T13:00:00.000000",1.31475651264191
"WI","2026-03-12T14:00:00.000000",1.37535715103149
"WI","2026-03-12T15:00:00.000000",1.41772258281708
"WI","2026-03-12T16:00:00.000000",1.42543816566467
"WI","2026-03-12T17:00:00.000000",1.44091761112213
"WI","2026-03-12T18:00:00.000000",1.49401903152466
"WI","2026-03-12T19:00:00.000000",1.53422367572784
"WI","2026-03-12T20:00:00.000000",1.57745218276978
"WI","2026-03-12T21:00:00.000000",1.56491148471832
"WI","2026-03-12T22:00:00.000000",1.59183657169342
"WI","2026-03-12T23:00:00.000000",1.61735534667969
"WI","2026-03-13T00:00:00.000000",1.45094788074493
