"site_id","time","temp"
"AQ","2026-03-03T00:00:00.000000",2.59434080123901
"AQ","2026-03-03T01:00:00.000000",2.61776685714722
"AQ","2026-03-03T02:00:00.000000",2.63096213340759
"AQ","2026-03-03T03:00:00.000000",2.63695406913757
"AQ","2026-03-03T04:00:00.000000",2.6408064365387
"AQ","2026-03-03T05:00:00.000000",2.6370370388031
"AQ","2026-03-03T06:00:00.000000",2.63566470146179
"AQ","2026-03-03T07:00:00.000000",2.63213682174683
"AQ","2026-03-03T08:00:00.000000",2.62725019454956
"AQ","2026-03-03T09:00:00.000000",2.62425231933594
"AQ","2026-03-03T10:00:00.000000",2.5947585105896
"AQ","2026-03-03T11:00:00.000000",2.50732231140137
"AQ","2026-03-03T12:00:00.000000",2.507159948349
"AQ","2026-03-03T13:00:00.000000",2.53478121757507
"AQ","2026-03-03T14:00:00.000000",2.5545859336853
"AQ","2026-03-03T15:00:00.000000",2.56788682937622
"AQ","2026-03-03T16:00:00.000000",2.5790274143219
"AQ","2026-03-03T17:00:00.000000",2.58818101882935
"AQ","2026-03-03T18:00:00.000000",2.5924859046936
"AQ","2026-03-03T19:00:00.000000",2.5937705039978
"AQ","2026-03-03T20:00:00.000000",2.59295153617859
"AQ","2026-03-03T21:00:00.000000",2.58761548995972
"AQ","2026-03-03T22:00:00.000000",2.57861566543579
"AQ","2026-03-03T23:00:00.000000",2.5650589466095
"AQ","2026-03-04T00:00:00.000000",2.56623935699463
"AQ","2026-03-04T01:00:00.000000",2.58224415779114
"AQ","2026-03-04T02:00:00.000000",2.59154748916626
"AQ","2026-03-04T03:00:00.000000",2.59642863273621
"AQ","2026-03-04T04:00:00.000000",2.59660577774048
"AQ","2026-03-04T05:00:00.000000",2.59446358680725
"AQ","2026-03-04T06:00:00.000000",2.58954000473022
"AQ","2026-03-04T07:00:00.000000",2.57947826385498
"AQ","2026-03-04T08:00:00.000000",2.57038831710815
"AQ","2026-03-04T09:00:00.000000",2.55914258956909
"AQ","2026-03-04T10:00:00.000000",2.55309367179871
"AQ","2026-03-04T11:00:00.000000",2.55754613876343
"AQ","2026-03-04T12:00:00.000000",2.56470394134521
"AQ","2026-03-04T13:00:00.000000",2.56866717338562
"AQ","2026-03-04T14:00:00.000000",2.57894110679626
"AQ","2026-03-04T15:00:00.000000",2.58913826942444
"AQ","2026-03-04T16:00:00.000000",2.59401512145996
"AQ","2026-03-04T17:00:00.000000",2.59315061569214
"AQ","2026-03-04T18:00:00.000000",2.58633136749268
"AQ","2026-03-04T19:00:00.000000",2.57565546035767
"AQ","2026-03-04T20:00:00.000000",2.56756329536438
"AQ","2026-03-04T21:00:00.000000",2.56281042098999
"AQ","2026-03-04T22:00:00.000000",2.5612804889679
"AQ","2026-03-04T23:00:00.000000",2.5629620552063
"AQ","2026-03-05T00:00:00.000000",2.56899738311768
"AQ","2026-03-05T01:00:00.000000",2.58000135421753
"AQ","2026-03-05T02:00:00.000000",2.59245634078979
"AQ","2026-03-05T03:00:00.000000",2.60354018211365
"AQ","2026-03-05T04:00:00.000000",2.60836482048035
"AQ","2026-03-05T05:00:00.000000",2.60879921913147
"AQ","2026-03-05T06:00:00.000000",2.6049108505249
"AQ","2026-03-05T07:00:00.000000",2.59651517868042
"AQ","2026-03-05T08:00:00.000000",2.58851075172424
"AQ","2026-03-05T09:00:00.000000",2.58106660842896
"AQ","2026-03-05T10:00:00.000000",2.57376503944397
"AQ","2026-03-05T11:00:00.000000",2.57168745994568
"AQ","2026-03-05T12:00:00.000000",2.57672691345215
"AQ","2026-03-05T13:00:00.000000",2.58840346336365
"AQ","2026-03-05T14:00:00.000000",2.59832191467285
"AQ","2026-03-05T15:00:00.000000",2.60229206085205
"AQ","2026-03-05T16:00:00.000000",2.60731363296509
"AQ","2026-03-05T17:00:00.000000",2.607426404953
"AQ","2026-03-05T18:00:00.000000",2.60381746292114
"AQ","2026-03-05T19:00:00.000000",2.59720540046692
"AQ","2026-03-05T20:00:00.000000",2.58878636360168
"AQ","2026-03-05T21:00:00.000000",2.57845258712769
"AQ","2026-03-05T22:00:00.000000",2.56428742408752
"AQ","2026-03-05T23:00:00.000000",2.55448484420776
"AQ","2026-03-06T00:00:00.000000",2.55397963523865
"AQ","2026-03-06T01:00:00.000000",2.55580925941467
"AQ","2026-03-06T02:00:00.000000",2.54982900619507
"AQ","2026-03-06T03:00:00.000000",2.53648734092712
"AQ","2026-03-06T04:00:00.000000",2.4988694190979
"AQ","2026-03-06T05:00:00.000000",2.4858250617981
"AQ","2026-03-06T06:00:00.000000",2.47124290466309
"AQ","2026-03-06T07:00:00.000000",2.46676778793335
"AQ","2026-03-06T08:00:00.000000",2.4547905921936
"AQ","2026-03-06T09:00:00.000000",2.43478178977966
"AQ","2026-03-06T10:00:00.000000",2.41572093963623
"AQ","2026-03-06T11:00:00.000000",2.40059566497803
"AQ","2026-03-06T12:00:00.000000",2.39608240127563
"AQ","2026-03-06T13:00:00.000000",2.39869523048401
"AQ","2026-03-06T14:00:00.000000",2.40436792373657
"AQ","2026-03-06T15:00:00.000000",2.41140961647034
"AQ","2026-03-06T16:00:00.000000",2.41861987113953
"AQ","2026-03-06T17:00:00.000000",2.42494416236877
"AQ","2026-03-06T18:00:00.000000",2.42854785919189
"AQ","2026-03-06T19:00:00.000000",2.4258337020874
"AQ","2026-03-06T20:00:00.000000",2.42206263542175
"AQ","2026-03-06T21:00:00.000000",2.42092156410217
"AQ","2026-03-06T22:00:00.000000",2.41714954376221
"AQ","2026-03-06T23:00:00.000000",2.40924596786499
"AQ","2026-03-07T00:00:00.000000",2.40374708175659
"AQ","2026-03-07T01:00:00.000000",2.40208458900452
"AQ","2026-03-07T02:00:00.000000",2.4066104888916
"AQ","2026-03-07T03:00:00.000000",2.4193286895752
"AQ","2026-03-07T04:00:00.000000",2.42361164093018
"AQ","2026-03-07T05:00:00.000000",2.42688679695129
"AQ","2026-03-07T06:00:00.000000",2.43006563186646
"AQ","2026-03-07T07:00:00.000000",2.43146800994873
"AQ","2026-03-07T08:00:00.000000",2.43332171440125
"AQ","2026-03-07T09:00:00.000000",2.43850708007812
"AQ","2026-03-07T10:00:00.000000",2.43973422050476
"AQ","2026-03-07T11:00:00.000000",2.43439221382141
"AQ","2026-03-07T12:00:00.000000",2.43057036399841
"AQ","2026-03-07T13:00:00.000000",2.43181705474854
"AQ","2026-03-07T14:00:00.000000",2.44302701950073
"AQ","2026-03-07T15:00:00.000000",2.46447420120239
"AQ","2026-03-07T16:00:00.000000",2.48564147949219
"AQ","2026-03-07T17:00:00.000000",2.50114393234253
"AQ","2026-03-07T18:00:00.000000",2.51004314422607
"AQ","2026-03-07T19:00:00.000000",2.51493883132935
"AQ","2026-03-07T20:00:00.000000",2.51494908332825
"AQ","2026-03-07T21:00:00.000000",2.50875806808472
"AQ","2026-03-07T22:00:00.000000",2.50114941596985
"AQ","2026-03-07T23:00:00.000000",2.48270678520203
"AQ","2026-03-08T00:00:00.000000",2.4700608253479
"AQ","2026-03-08T01:00:00.000000",2.47182083129883
"AQ","2026-03-08T02:00:00.000000",2.49061107635498
"AQ","2026-03-08T03:00:00.000000",2.51988124847412
"AQ","2026-03-08T04:00:00.000000",2.53613972663879
"AQ","2026-03-08T05:00:00.000000",2.54560685157776
"AQ","2026-03-08T06:00:00.000000",2.55243444442749
"AQ","2026-03-08T07:00:00.000000",2.55560517311096
"AQ","2026-03-08T08:00:00.000000",2.55528402328491
"AQ","2026-03-08T09:00:00.000000",2.54785704612732
"AQ","2026-03-08T10:00:00.000000",2.53156423568726
"AQ","2026-03-08T11:00:00.000000",2.51475739479065
"AQ","2026-03-08T12:00:00.000000",2.50011658668518
"AQ","2026-03-08T13:00:00.000000",2.49569630622864
"AQ","2026-03-08T14:00:00.000000",2.50548100471497
"AQ","2026-03-08T15:00:00.000000",2.52454042434692
"AQ","2026-03-08T16:00:00.000000",2.53673386573792
"AQ","2026-03-08T17:00:00.000000",2.54195618629456
"AQ","2026-03-08T18:00:00.000000",2.54466223716736
"AQ","2026-03-08T19:00:00.000000",2.54532837867737
"AQ","2026-03-08T20:00:00.000000",2.5442681312561
"AQ","2026-03-08T21:00:00.000000",2.53851079940796
"AQ","2026-03-08T22:00:00.000000",2.52846431732178
"AQ","2026-03-08T23:00:00.000000",2.51766657829285
"AQ","2026-03-09T00:00:00.000000",2.5088472366333
"AQ","2026-03-09T01:00:00.000000",2.50595879554749
"AQ","2026-03-09T02:00:00.000000",2.51043772697449
"AQ","2026-03-09T03:00:00.000000",2.52226734161377
"AQ","2026-03-09T04:00:00.000000",2.53324270248413
"AQ","2026-03-09T05:00:00.000000",2.53860926628113
"AQ","2026-03-09T06:00:00.000000",2.54260945320129
"AQ","2026-03-09T07:00:00.000000",2.54517459869385
"AQ","2026-03-09T08:00:00.000000",2.54570913314819
"AQ","2026-03-09T09:00:00.000000",2.54545044898987
"AQ","2026-03-09T10:00:00.000000",2.54140496253967
"AQ","2026-03-09T11:00:00.000000",2.53451943397522
"AQ","2026-03-09T12:00:00.000000",2.52665328979492
"AQ","2026-03-09T13:00:00.000000",2.52192139625549
"AQ","2026-03-09T14:00:00.000000",2.52469277381897
"AQ","2026-03-09T15:00:00.000000",2.53508973121643
"AQ","2026-03-09T16:00:00.000000",2.54771304130554
"AQ","2026-03-09T17:00:00.000000",2.55582666397095
"AQ","2026-03-09T18:00:00.000000",2.56129455566406
"AQ","2026-03-09T19:00:00.000000",2.56534290313721
"AQ","2026-03-09T20:00:00.000000",2.56801652908325
"AQ","2026-03-09T21:00:00.000000",2.56936693191528
"AQ","2026-03-09T22:00:00.000000",2.5691556930542
"AQ","2026-03-09T23:00:00.000000",2.56763291358948
"AQ","2026-03-10T00:00:00.000000",2.56456589698792
"AQ","2026-03-10T01:00:00.000000",2.5617835521698
"AQ","2026-03-10T02:00:00.000000",2.56247901916504
"AQ","2026-03-10T03:00:00.000000",2.56692218780518
"AQ","2026-03-10T04:00:00.000000",2.57405829429626
"AQ","2026-03-10T05:00:00.000000",2.57909941673279
"AQ","2026-03-10T06:00:00.000000",2.58161306381226
"AQ","2026-03-10T07:00:00.000000",2.58324480056763
"AQ","2026-03-10T08:00:00.000000",2.58398675918579
"AQ","2026-03-10T09:00:00.000000",2.58424258232117
"AQ","2026-03-10T10:00:00.000000",2.58377122879028
"AQ","2026-03-10T11:00:00.000000",2.58195638656616
"AQ","2026-03-10T12:00:00.000000",2.57899308204651
"AQ","2026-03-10T13:00:00.000000",2.57620596885681
"AQ","2026-03-10T14:00:00.000000",2.57535195350647
"AQ","2026-03-10T15:00:00.000000",2.57697749137878
"AQ","2026-03-10T16:00:00.000000",2.58120894432068
"AQ","2026-03-10T17:00:00.000000",2.58591604232788
"AQ","2026-03-10T18:00:00.000000",2.58968544006348
"AQ","2026-03-10T19:00:00.000000",2.59239315986633
"AQ","2026-03-10T20:00:00.000000",2.59426593780518
"AQ","2026-03-10T21:00:00.000000",2.59531688690186
"AQ","2026-03-10T22:00:00.000000",2.59568977355957
"AQ","2026-03-10T23:00:00.000000",2.59565877914429
"AQ","2026-03-11T00:00:00.000000",2.5952787399292
"CB","2026-03-03T00:00:00.000000",2.81034111976624
"CB","2026-03-03T01:00:00.000000",2.79359602928162
"CB","2026-03-03T02:00:00.000000",2.79093813896179
"CB","2026-03-03T03:00:00.000000",2.78380107879639
"CB","2026-03-03T04:00:00.000000",2.77792453765869
"CB","2026-03-03T05:00:00.000000",2.7658543586731
"CB","2026-03-03T06:00:00.000000",2.76451635360718
"CB","2026-03-03T07:00:00.000000",2.75469517707825
"CB","2026-03-03T08:00:00.000000",2.74911952018738
"CB","2026-03-03T09:00:00.000000",2.7053439617157
"CB","2026-03-03T10:00:00.000000",2.69434142112732
"CB","2026-03-03T11:00:00.000000",2.66836047172546
"CB","2026-03-03T12:00:00.000000",2.64390230178833
"CB","2026-03-03T13:00:00.000000",2.65229249000549
"CB","2026-03-03T14:00:00.000000",2.67554903030396
"CB","2026-03-03T15:00:00.000000",2.72979378700256
"CB","2026-03-03T16:00:00.000000",2.82711100578308
"CB","2026-03-03T17:00:00.000000",2.94810557365417
"CB","2026-03-03T18:00:00.000000",3.02820372581482
"CB","2026-03-03T19:00:00.000000",3.0696427822113
"CB","2026-03-03T20:00:00.000000",3.08193635940552
"CB","2026-03-03T21:00:00.000000",2.82213616371155
"CB","2026-03-03T22:00:00.000000",2.65407752990723
"CB","2026-03-03T23:00:00.000000",2.99349451065063
"CB","2026-03-04T00:00:00.000000",3.25142669677734
"CB","2026-03-04T01:00:00.000000",3.32644128799438
"CB","2026-03-04T02:00:00.000000",3.40878868103027
"CB","2026-03-04T03:00:00.000000",3.48576474189758
"CB","2026-03-04T04:00:00.000000",3.52019548416138
"CB","2026-03-04T05:00:00.000000",3.52780938148499
"CB","2026-03-04T06:00:00.000000",3.52970933914185
"CB","2026-03-04T07:00:00.000000",3.5346577167511
"CB","2026-03-04T08:00:00.000000",3.53690314292908
"CB","2026-03-04T09:00:00.000000",3.49999833106995
"CB","2026-03-04T10:00:00.000000",3.41425466537476
"CB","2026-03-04T11:00:00.000000",3.40951251983643
"CB","2026-03-04T12:00:00.000000",3.3744785785675
"CB","2026-03-04T13:00:00.000000",3.35177493095398
"CB","2026-03-04T14:00:00.000000",3.36177968978882
"CB","2026-03-04T15:00:00.000000",3.36453890800476
"CB","2026-03-04T16:00:00.000000",3.36064338684082
"CB","2026-03-04T17:00:00.000000",3.35153841972351
"CB","2026-03-04T18:00:00.000000",3.32375001907349
"CB","2026-03-04T19:00:00.000000",3.26271033287048
"CB","2026-03-04T20:00:00.000000",3.18700051307678
"CB","2026-03-04T21:00:00.000000",3.10296058654785
"CB","2026-03-04T22:00:00.000000",3.0375394821167
"CB","2026-03-04T23:00:00.000000",3.0306453704834
"CB","2026-03-05T00:00:00.000000",3.02233862876892
"CB","2026-03-05T01:00:00.000000",2.975261926651
"CB","2026-03-05T02:00:00.000000",2.98018908500671
"CB","2026-03-05T03:00:00.000000",3.01744318008423
"CB","2026-03-05T04:00:00.000000",3.03971743583679
"CB","2026-03-05T05:00:00.000000",3.03970146179199
"CB","2026-03-05T06:00:00.000000",3.03442597389221
"CB","2026-03-05T07:00:00.000000",3.01851511001587
"CB","2026-03-05T08:00:00.000000",2.99046063423157
"CB","2026-03-05T09:00:00.000000",2.9653959274292
"CB","2026-03-05T10:00:00.000000",2.90792536735535
"CB","2026-03-05T11:00:00.000000",2.90938568115234
"CB","2026-03-05T12:00:00.000000",2.97866177558899
"CB","2026-03-05T13:00:00.000000",3.03114175796509
"CB","2026-03-05T14:00:00.000000",3.08148002624512
"CB","2026-03-05T15:00:00.000000",3.12531661987305
"CB","2026-03-05T16:00:00.000000",3.13172698020935
"CB","2026-03-05T17:00:00.000000",3.12502932548523
"CB","2026-03-05T18:00:00.000000",3.11860942840576
"CB","2026-03-05T19:00:00.000000",3.10071587562561
"CB","2026-03-05T20:00:00.000000",3.07599425315857
"CB","2026-03-05T21:00:00.000000",3.0391263961792
"CB","2026-03-05T22:00:00.000000",2.94974279403687
"CB","2026-03-05T23:00:00.000000",2.89282202720642
"CB","2026-03-06T00:00:00.000000",2.91756319999695
"CB","2026-03-06T01:00:00.000000",2.95502209663391
"CB","2026-03-06T02:00:00.000000",3.01217484474182
"CB","2026-03-06T03:00:00.000000",3.03855633735657
"CB","2026-03-06T04:00:00.000000",3.05120515823364
"CB","2026-03-06T05:00:00.000000",3.09333324432373
"CB","2026-03-06T06:00:00.000000",3.11810350418091
"CB","2026-03-06T07:00:00.000000",3.1273353099823
"CB","2026-03-06T08:00:00.000000",3.11804580688477
"CB","2026-03-06T09:00:00.000000",3.10362768173218
"CB","2026-03-06T10:00:00.000000",2.98500728607178
"CB","2026-03-06T11:00:00.000000",2.8596453666687
"CB","2026-03-06T12:00:00.000000",2.71392607688904
"CB","2026-03-06T13:00:00.000000",2.68305039405823
"CB","2026-03-06T14:00:00.000000",2.7914445400238
"CB","2026-03-06T15:00:00.000000",2.87887692451477
"CB","2026-03-06T16:00:00.000000",2.94417762756348
"CB","2026-03-06T17:00:00.000000",2.97067093849182
"CB","2026-03-06T18:00:00.000000",2.97003698348999
"CB","2026-03-06T19:00:00.000000",2.95714998245239
"CB","2026-03-06T20:00:00.000000",2.93380379676819
"CB","2026-03-06T21:00:00.000000",2.89837169647217
"CB","2026-03-06T22:00:00.000000",2.84094190597534
"CB","2026-03-06T23:00:00.000000",2.76710557937622
"CB","2026-03-07T00:00:00.000000",2.73916172981262
"CB","2026-03-07T01:00:00.000000",2.74907803535461
"CB","2026-03-07T02:00:00.000000",2.7743775844574
"CB","2026-03-07T03:00:00.000000",2.84302258491516
"CB","2026-03-07T04:00:00.000000",2.8980700969696
"CB","2026-03-07T05:00:00.000000",2.92536020278931
"CB","2026-03-07T06:00:00.000000",2.92384457588196
"CB","2026-03-07T07:00:00.000000",2.9060435295105
"CB","2026-03-07T08:00:00.000000",2.88094472885132
"CB","2026-03-07T09:00:00.000000",2.84681844711304
"CB","2026-03-07T10:00:00.000000",2.81383681297302
"CB","2026-03-07T11:00:00.000000",2.77970385551453
"CB","2026-03-07T12:00:00.000000",2.74790835380554
"CB","2026-03-07T13:00:00.000000",2.73262214660645
"CB","2026-03-07T14:00:00.000000",2.72647142410278
"CB","2026-03-07T15:00:00.000000",2.78725147247314
"CB","2026-03-07T16:00:00.000000",2.85490751266479
"CB","2026-03-07T17:00:00.000000",2.90388512611389
"CB","2026-03-07T18:00:00.000000",2.94025087356567
"CB","2026-03-07T19:00:00.000000",2.98301911354065
"CB","2026-03-07T20:00:00.000000",3.02357864379883
"CB","2026-03-07T21:00:00.000000",3.03892374038696
"CB","2026-03-07T22:00:00.000000",3.03475952148438
"CB","2026-03-07T23:00:00.000000",2.85994505882263
"CB","2026-03-08T00:00:00.000000",2.72963857650757
"CB","2026-03-08T01:00:00.000000",2.80967450141907
"CB","2026-03-08T02:00:00.000000",3.14488697052002
"CB","2026-03-08T03:00:00.000000",3.27536988258362
"CB","2026-03-08T04:00:00.000000",3.29163932800293
"CB","2026-03-08T05:00:00.000000",3.29949808120728
"CB","2026-03-08T06:00:00.000000",3.30600905418396
"CB","2026-03-08T07:00:00.000000",3.31888461112976
"CB","2026-03-08T08:00:00.000000",3.34039044380188
"CB","2026-03-08T09:00:00.000000",3.35944938659668
"CB","2026-03-08T10:00:00.000000",3.37204241752625
"CB","2026-03-08T11:00:00.000000",3.37947058677673
"CB","2026-03-08T12:00:00.000000",3.3809380531311
"CB","2026-03-08T13:00:00.000000",3.37385106086731
"CB","2026-03-08T14:00:00.000000",3.37438464164734
"CB","2026-03-08T15:00:00.000000",3.36889219284058
"CB","2026-03-08T16:00:00.000000",3.36028337478638
"CB","2026-03-08T17:00:00.000000",3.35890674591064
"CB","2026-03-08T18:00:00.000000",3.35731172561646
"CB","2026-03-08T19:00:00.000000",3.3519926071167
"CB","2026-03-08T20:00:00.000000",3.3454897403717
"CB","2026-03-08T21:00:00.000000",3.33503222465515
"CB","2026-03-08T22:00:00.000000",3.31745386123657
"CB","2026-03-08T23:00:00.000000",3.30230641365051
"CB","2026-03-09T00:00:00.000000",3.28545928001404
"CB","2026-03-09T01:00:00.000000",3.27941036224365
"CB","2026-03-09T02:00:00.000000",3.29646730422974
"CB","2026-03-09T03:00:00.000000",3.32636713981628
"CB","2026-03-09T04:00:00.000000",3.34708666801453
"CB","2026-03-09T05:00:00.000000",3.35713505744934
"CB","2026-03-09T06:00:00.000000",3.35877966880798
"CB","2026-03-09T07:00:00.000000",3.35699486732483
"CB","2026-03-09T08:00:00.000000",3.35552334785461
"CB","2026-03-09T09:00:00.000000",3.35268807411194
"CB","2026-03-09T10:00:00.000000",3.34275221824646
"CB","2026-03-09T11:00:00.000000",3.32793140411377
"CB","2026-03-09T12:00:00.000000",3.30326414108276
"CB","2026-03-09T13:00:00.000000",3.2788553237915
"CB","2026-03-09T14:00:00.000000",3.28201961517334
"CB","2026-03-09T15:00:00.000000",3.31413984298706
"CB","2026-03-09T16:00:00.000000",3.34235835075378
"CB","2026-03-09T17:00:00.000000",3.3684356212616
"CB","2026-03-09T18:00:00.000000",3.39344358444214
"CB","2026-03-09T19:00:00.000000",3.41549634933472
"CB","2026-03-09T20:00:00.000000",3.44012951850891
"CB","2026-03-09T21:00:00.000000",3.46459913253784
"CB","2026-03-09T22:00:00.000000",3.48317742347717
"CB","2026-03-09T23:00:00.000000",3.49646592140198
"CB","2026-03-10T00:00:00.000000",3.50568270683289
"CB","2026-03-10T01:00:00.000000",3.51242518424988
"CB","2026-03-10T02:00:00.000000",3.52437949180603
"CB","2026-03-10T03:00:00.000000",3.53366899490356
"CB","2026-03-10T04:00:00.000000",3.53234362602234
"CB","2026-03-10T05:00:00.000000",3.53268718719482
"CB","2026-03-10T06:00:00.000000",3.53579139709473
"CB","2026-03-10T07:00:00.000000",3.53759074211121
"CB","2026-03-10T08:00:00.000000",3.53812575340271
"CB","2026-03-10T09:00:00.000000",3.53739356994629
"CB","2026-03-10T10:00:00.000000",3.53623914718628
"CB","2026-03-10T11:00:00.000000",3.53467321395874
"CB","2026-03-10T12:00:00.000000",3.53091406822205
"CB","2026-03-10T13:00:00.000000",3.52270865440369
"CB","2026-03-10T14:00:00.000000",3.5126428604126
"CB","2026-03-10T15:00:00.000000",3.50915694236755
"CB","2026-03-10T16:00:00.000000",3.51300120353699
"CB","2026-03-10T17:00:00.000000",3.51877450942993
"CB","2026-03-10T18:00:00.000000",3.51903605461121
"CB","2026-03-10T19:00:00.000000",3.51157212257385
"CB","2026-03-10T20:00:00.000000",3.48364543914795
"CB","2026-03-10T21:00:00.000000",3.45375561714172
"CB","2026-03-10T22:00:00.000000",3.42904114723206
"CB","2026-03-10T23:00:00.000000",3.40696549415588
"CB","2026-03-11T00:00:00.000000",3.38930749893188
"CI","2026-03-03T00:00:00.000000",1.94780933856964
"CI","2026-03-03T01:00:00.000000",2.02114772796631
"CI","2026-03-03T02:00:00.000000",2.04277610778809
"CI","2026-03-03T03:00:00.000000",2.04158282279968
"CI","2026-03-03T04:00:00.000000",2.03473424911499
"CI","2026-03-03T05:00:00.000000",2.01164579391479
"CI","2026-03-03T06:00:00.000000",1.95079791545868
"CI","2026-03-03T07:00:00.000000",1.88996374607086
"CI","2026-03-03T08:00:00.000000",1.82502782344818
"CI","2026-03-03T09:00:00.000000",1.77410209178925
"CI","2026-03-03T10:00:00.000000",1.72915065288544
"CI","2026-03-03T11:00:00.000000",1.7461975812912
"CI","2026-03-03T12:00:00.000000",1.84066736698151
"CI","2026-03-03T13:00:00.000000",1.92544686794281
"CI","2026-03-03T14:00:00.000000",1.99316501617432
"CI","2026-03-03T15:00:00.000000",2.02214002609253
"CI","2026-03-03T16:00:00.000000",2.02991151809692
"CI","2026-03-03T17:00:00.000000",2.01972389221191
"CI","2026-03-03T18:00:00.000000",1.95587754249573
"CI","2026-03-03T19:00:00.000000",1.89545273780823
"CI","2026-03-03T20:00:00.000000",1.84414899349213
"CI","2026-03-03T21:00:00.000000",1.79907846450806
"CI","2026-03-03T22:00:00.000000",1.75806486606598
"CI","2026-03-03T23:00:00.000000",1.73668277263641
"CI","2026-03-04T00:00:00.000000",1.76953196525574
"CI","2026-03-04T01:00:00.000000",1.87822890281677
"CI","2026-03-04T02:00:00.000000",1.99415278434753
"CI","2026-03-04T03:00:00.000000",2.03396058082581
"CI","2026-03-04T04:00:00.000000",2.04475259780884
"CI","2026-03-04T05:00:00.000000",2.03786396980286
"CI","2026-03-04T06:00:00.000000",1.98388659954071
"CI","2026-03-04T07:00:00.000000",1.90421950817108
"CI","2026-03-04T08:00:00.000000",1.84498775005341
"CI","2026-03-04T09:00:00.000000",1.76608371734619
"CI","2026-03-04T10:00:00.000000",1.70565843582153
"CI","2026-03-04T11:00:00.000000",1.62487363815308
"CI","2026-03-04T12:00:00.000000",1.74010181427002
"CI","2026-03-04T13:00:00.000000",1.84969484806061
"CI","2026-03-04T14:00:00.000000",1.96397519111633
"CI","2026-03-04T15:00:00.000000",2.03629374504089
"CI","2026-03-04T16:00:00.000000",2.0687141418457
"CI","2026-03-04T17:00:00.000000",2.08011078834534
"CI","2026-03-04T18:00:00.000000",2.06871294975281
"CI","2026-03-04T19:00:00.000000",1.97608602046967
"CI","2026-03-04T20:00:00.000000",1.92081415653229
"CI","2026-03-04T21:00:00.000000",1.86213064193726
"CI","2026-03-04T22:00:00.000000",1.81654846668243
"CI","2026-03-04T23:00:00.000000",1.78035521507263
"CI","2026-03-05T00:00:00.000000",1.8173611164093
"CI","2026-03-05T01:00:00.000000",1.87987589836121
"CI","2026-03-05T02:00:00.000000",1.99767673015594
"CI","2026-03-05T03:00:00.000000",2.0845832824707
"CI","2026-03-05T04:00:00.000000",2.11728501319885
"CI","2026-03-05T05:00:00.000000",2.12442803382874
"CI","2026-03-05T06:00:00.000000",2.11306667327881
"CI","2026-03-05T07:00:00.000000",2.04929184913635
"CI","2026-03-05T08:00:00.000000",1.97540247440338
"CI","2026-03-05T09:00:00.000000",1.91226184368134
"CI","2026-03-05T10:00:00.000000",1.87557256221771
"CI","2026-03-05T11:00:00.000000",1.83760201931
"CI","2026-03-05T12:00:00.000000",1.8116626739502
"CI","2026-03-05T13:00:00.000000",1.88064050674438
"CI","2026-03-05T14:00:00.000000",1.96973836421967
"CI","2026-03-05T15:00:00.000000",2.06498599052429
"CI","2026-03-05T16:00:00.000000",2.10119605064392
"CI","2026-03-05T17:00:00.000000",2.11419200897217
"CI","2026-03-05T18:00:00.000000",2.11328315734863
"CI","2026-03-05T19:00:00.000000",2.06736826896667
"CI","2026-03-05T20:00:00.000000",1.99846982955933
"CI","2026-03-05T21:00:00.000000",1.95104098320007
"CI","2026-03-05T22:00:00.000000",1.90835952758789
"CI","2026-03-05T23:00:00.000000",1.8686865568161
"CI","2026-03-06T00:00:00.000000",1.80462765693665
"CI","2026-03-06T01:00:00.000000",1.89607584476471
"CI","2026-03-06T02:00:00.000000",1.97060596942902
"CI","2026-03-06T03:00:00.000000",2.06829619407654
"CI","2026-03-06T04:00:00.000000",2.11379051208496
"CI","2026-03-06T05:00:00.000000",2.13077306747437
"CI","2026-03-06T06:00:00.000000",2.13055300712585
"CI","2026-03-06T07:00:00.000000",2.12101769447327
"CI","2026-03-06T08:00:00.000000",2.02563858032227
"CI","2026-03-06T09:00:00.000000",1.95103168487549
"CI","2026-03-06T10:00:00.000000",1.91036057472229
"CI","2026-03-06T11:00:00.000000",1.85087406635284
"CI","2026-03-06T12:00:00.000000",1.81590807437897
"CI","2026-03-06T13:00:00.000000",1.80711722373962
"CI","2026-03-06T14:00:00.000000",1.92541205883026
"CI","2026-03-06T15:00:00.000000",2.00909686088562
"CI","2026-03-06T16:00:00.000000",2.11427760124207
"CI","2026-03-06T17:00:00.000000",2.16339588165283
"CI","2026-03-06T18:00:00.000000",2.17296504974365
"CI","2026-03-06T19:00:00.000000",2.16499018669128
"CI","2026-03-06T20:00:00.000000",2.04471278190613
"CI","2026-03-06T21:00:00.000000",1.96717834472656
"CI","2026-03-06T22:00:00.000000",1.9192088842392
"CI","2026-03-06T23:00:00.000000",1.89312326908112
"CI","2026-03-07T00:00:00.000000",1.85824179649353
"CI","2026-03-07T01:00:00.000000",1.87090313434601
"CI","2026-03-07T02:00:00.000000",1.95301449298859
"CI","2026-03-07T03:00:00.000000",2.03695154190063
"CI","2026-03-07T04:00:00.000000",2.15011072158813
"CI","2026-03-07T05:00:00.000000",2.19619464874268
"CI","2026-03-07T06:00:00.000000",2.20616936683655
"CI","2026-03-07T07:00:00.000000",2.20058274269104
"CI","2026-03-07T08:00:00.000000",2.13070058822632
"CI","2026-03-07T09:00:00.000000",2.04815363883972
"CI","2026-03-07T10:00:00.000000",1.97463715076447
"CI","2026-03-07T11:00:00.000000",1.93325650691986
"CI","2026-03-07T12:00:00.000000",1.89381659030914
"CI","2026-03-07T13:00:00.000000",1.8739709854126
"CI","2026-03-07T14:00:00.000000",1.93086874485016
"CI","2026-03-07T15:00:00.000000",2.0092499256134
"CI","2026-03-07T16:00:00.000000",2.1083664894104
"CI","2026-03-07T17:00:00.000000",2.18088293075562
"CI","2026-03-07T18:00:00.000000",2.21996212005615
"CI","2026-03-07T19:00:00.000000",2.23778414726257
"CI","2026-03-07T20:00:00.000000",2.22593903541565
"CI","2026-03-07T21:00:00.000000",2.12460613250732
"CI","2026-03-07T22:00:00.000000",2.05071711540222
"CI","2026-03-07T23:00:00.000000",1.99678218364716
"CI","2026-03-08T00:00:00.000000",1.96358275413513
"CI","2026-03-08T01:00:00.000000",1.93131470680237
"CI","2026-03-08T02:00:00.000000",1.98050892353058
"CI","2026-03-08T03:00:00.000000",2.07536745071411
"CI","2026-03-08T04:00:00.000000",2.1586606502533
"CI","2026-03-08T05:00:00.000000",2.20472478866577
"CI","2026-03-08T06:00:00.000000",2.22034502029419
"CI","2026-03-08T07:00:00.000000",2.22411108016968
"CI","2026-03-08T08:00:00.000000",2.21542167663574
"CI","2026-03-08T09:00:00.000000",2.14040660858154
"CI","2026-03-08T10:00:00.000000",2.08416891098022
"CI","2026-03-08T11:00:00.000000",2.02949643135071
"CI","2026-03-08T12:00:00.000000",1.9893387556076
"CI","2026-03-08T13:00:00.000000",1.94555127620697
"CI","2026-03-08T14:00:00.000000",1.93890750408173
"CI","2026-03-08T15:00:00.000000",2.04070663452148
"CI","2026-03-08T16:00:00.000000",2.11692237854004
"CI","2026-03-08T17:00:00.000000",2.17019724845886
"CI","2026-03-08T18:00:00.000000",2.20031714439392
"CI","2026-03-08T19:00:00.000000",2.22146892547607
"CI","2026-03-08T20:00:00.000000",2.22860074043274
"CI","2026-03-08T21:00:00.000000",2.20144319534302
"CI","2026-03-08T22:00:00.000000",2.12405753135681
"CI","2026-03-08T23:00:00.000000",2.07949304580688
"CI","2026-03-09T00:00:00.000000",2.04349136352539
"CI","2026-03-09T01:00:00.000000",2.01384091377258
"CI","2026-03-09T02:00:00.000000",2.00957465171814
"CI","2026-03-09T03:00:00.000000",2.09163284301758
"CI","2026-03-09T04:00:00.000000",2.15450739860535
"CI","2026-03-09T05:00:00.000000",2.20043659210205
"CI","2026-03-09T06:00:00.000000",2.22651076316833
"CI","2026-03-09T07:00:00.000000",2.24255514144897
"CI","2026-03-09T08:00:00.000000",2.24507474899292
"CI","2026-03-09T09:00:00.000000",2.22527599334717
"CI","2026-03-09T10:00:00.000000",2.14901518821716
"CI","2026-03-09T11:00:00.000000",2.10460019111633
"CI","2026-03-09T12:00:00.000000",2.06759285926819
"CI","2026-03-09T13:00:00.000000",2.04351997375488
"CI","2026-03-09T14:00:00.000000",2.02747511863708
"CI","2026-03-09T15:00:00.000000",2.08235597610474
"CI","2026-03-09T16:00:00.000000",2.15060830116272
"CI","2026-03-09T17:00:00.000000",2.20514297485352
"CI","2026-03-09T18:00:00.000000",2.25722169876099
"CI","2026-03-09T19:00:00.000000",2.30784845352173
"CI","2026-03-09T20:00:00.000000",2.34071278572083
"CI","2026-03-09T21:00:00.000000",2.34404826164246
"CI","2026-03-09T22:00:00.000000",2.26821947097778
"CI","2026-03-09T23:00:00.000000",2.20568323135376
"CI","2026-03-10T00:00:00.000000",2.16997265815735
"CI","2026-03-10T01:00:00.000000",2.14490532875061
"CI","2026-03-10T02:00:00.000000",2.12807893753052
"CI","2026-03-10T03:00:00.000000",2.16837811470032
"CI","2026-03-10T04:00:00.000000",2.2156617641449
"CI","2026-03-10T05:00:00.000000",2.2755765914917
"CI","2026-03-10T06:00:00.000000",2.31082606315613
"CI","2026-03-10T07:00:00.000000",2.32469153404236
"CI","2026-03-10T08:00:00.000000",2.32759761810303
"CI","2026-03-10T09:00:00.000000",2.32635307312012
"CI","2026-03-10T10:00:00.000000",2.28819227218628
"CI","2026-03-10T11:00:00.000000",2.23028564453125
"CI","2026-03-10T12:00:00.000000",2.18323731422424
"CI","2026-03-10T13:00:00.000000",2.15016508102417
"CI","2026-03-10T14:00:00.000000",2.12691736221313
"CI","2026-03-10T15:00:00.000000",2.11290907859802
"CI","2026-03-10T16:00:00.000000",2.17772483825684
"CI","2026-03-10T17:00:00.000000",2.25451326370239
"CI","2026-03-10T18:00:00.000000",2.29487872123718
"CI","2026-03-10T19:00:00.000000",2.31760549545288
"CI","2026-03-10T20:00:00.000000",2.34316205978394
"CI","2026-03-10T21:00:00.000000",2.35880732536316
"CI","2026-03-10T22:00:00.000000",2.3557300567627
"CI","2026-03-10T23:00:00.000000",2.29658341407776
"CI","2026-03-11T00:00:00.000000",2.25053906440735
"DC","2026-03-03T00:00:00.000000",2.71476435661316
"DC","2026-03-03T01:00:00.000000",2.68882179260254
"DC","2026-03-03T02:00:00.000000",2.65197944641113
"DC","2026-03-03T03:00:00.000000",2.62758541107178
"DC","2026-03-03T04:00:00.000000",2.66003751754761
"DC","2026-03-03T05:00:00.000000",2.69693660736084
"DC","2026-03-03T06:00:00.000000",2.72069978713989
"DC","2026-03-03T07:00:00.000000",2.55184054374695
"DC","2026-03-03T08:00:00.000000",2.54451298713684
"DC","2026-03-03T09:00:00.000000",2.57652807235718
"DC","2026-03-03T10:00:00.000000",2.59031867980957
"DC","2026-03-03T11:00:00.000000",2.64237260818481
"DC","2026-03-03T12:00:00.000000",2.67635941505432
"DC","2026-03-03T13:00:00.000000",2.78252863883972
"DC","2026-03-03T14:00:00.000000",2.99978852272034
"DC","2026-03-03T15:00:00.000000",3.17562627792358
"DC","2026-03-03T16:00:00.000000",3.27169299125671
"DC","2026-03-03T17:00:00.000000",3.34892082214355
"DC","2026-03-03T18:00:00.000000",3.39694929122925
"DC","2026-03-03T19:00:00.000000",3.42296290397644
"DC","2026-03-03T20:00:00.000000",3.40892553329468
"DC","2026-03-03T21:00:00.000000",3.02355265617371
"DC","2026-03-03T22:00:00.000000",3.00445556640625
"DC","2026-03-03T23:00:00.000000",3.26399087905884
"DC","2026-03-04T00:00:00.000000",3.46621537208557
"DC","2026-03-04T01:00:00.000000",3.56340074539185
"DC","2026-03-04T02:00:00.000000",3.62300992012024
"DC","2026-03-04T03:00:00.000000",3.6398663520813
"DC","2026-03-04T04:00:00.000000",3.6434371471405
"DC","2026-03-04T05:00:00.000000",3.64229822158813
"DC","2026-03-04T06:00:00.000000",3.62663912773132
"DC","2026-03-04T07:00:00.000000",3.58366632461548
"DC","2026-03-04T08:00:00.000000",3.51787614822388
"DC","2026-03-04T09:00:00.000000",3.35420393943787
"DC","2026-03-04T10:00:00.000000",3.21348810195923
"DC","2026-03-04T11:00:00.000000",3.29724359512329
"DC","2026-03-04T12:00:00.000000",3.29425644874573
"DC","2026-03-04T13:00:00.000000",3.35113644599915
"DC","2026-03-04T14:00:00.000000",3.43187046051025
"DC","2026-03-04T15:00:00.000000",3.46161699295044
"DC","2026-03-04T16:00:00.000000",3.46397042274475
"DC","2026-03-04T17:00:00.000000",3.45246267318726
"DC","2026-03-04T18:00:00.000000",3.39719343185425
"DC","2026-03-04T19:00:00.000000",3.13289332389832
"DC","2026-03-04T20:00:00.000000",2.96106791496277
"DC","2026-03-04T21:00:00.000000",2.88397908210754
"DC","2026-03-04T22:00:00.000000",2.84619474411011
"DC","2026-03-04T23:00:00.000000",2.81289744377136
"DC","2026-03-05T00:00:00.000000",3.04750633239746
"DC","2026-03-05T01:00:00.000000",3.24296855926514
"DC","2026-03-05T02:00:00.000000",3.34792971611023
"DC","2026-03-05T03:00:00.000000",3.38740611076355
"DC","2026-03-05T04:00:00.000000",3.39779210090637
"DC","2026-03-05T05:00:00.000000",3.3950560092926
"DC","2026-03-05T06:00:00.000000",3.38212513923645
"DC","2026-03-05T07:00:00.000000",3.34397172927856
"DC","2026-03-05T08:00:00.000000",3.28943705558777
"DC","2026-03-05T09:00:00.000000",3.26629185676575
"DC","2026-03-05T10:00:00.000000",2.90573120117188
"DC","2026-03-05T11:00:00.000000",2.86981964111328
"DC","2026-03-05T12:00:00.000000",3.0770263671875
"DC","2026-03-05T13:00:00.000000",3.21853446960449
"DC","2026-03-05T14:00:00.000000",3.20091509819031
"DC","2026-03-05T15:00:00.000000",3.19487309455872
"DC","2026-03-05T16:00:00.000000",3.17255210876465
"DC","2026-03-05T17:00:00.000000",3.21982979774475
"DC","2026-03-05T18:00:00.000000",3.28995442390442
"DC","2026-03-05T19:00:00.000000",3.31984615325928
"DC","2026-03-05T20:00:00.000000",3.3200900554657
"DC","2026-03-05T21:00:00.000000",3.30108428001404
"DC","2026-03-05T22:00:00.000000",3.22936844825745
"DC","2026-03-05T23:00:00.000000",2.85118460655212
"DC","2026-03-06T00:00:00.000000",2.90412616729736
"DC","2026-03-06T01:00:00.000000",3.17117786407471
"DC","2026-03-06T02:00:00.000000",3.07684445381165
"DC","2026-03-06T03:00:00.000000",3.23429751396179
"DC","2026-03-06T04:00:00.000000",3.37855792045593
"DC","2026-03-06T05:00:00.000000",3.48058104515076
"DC","2026-03-06T06:00:00.000000",3.50534582138062
"DC","2026-03-06T07:00:00.000000",3.50303149223328
"DC","2026-03-06T08:00:00.000000",3.45713233947754
"DC","2026-03-06T09:00:00.000000",3.40449643135071
"DC","2026-03-06T10:00:00.000000",3.20860028266907
"DC","2026-03-06T11:00:00.000000",3.07342767715454
"DC","2026-03-06T12:00:00.000000",2.97295808792114
"DC","2026-03-06T13:00:00.000000",2.98808884620667
"DC","2026-03-06T14:00:00.000000",3.06450963020325
"DC","2026-03-06T15:00:00.000000",3.09799766540527
"DC","2026-03-06T16:00:00.000000",3.13255786895752
"DC","2026-03-06T17:00:00.000000",3.15711307525635
"DC","2026-03-06T18:00:00.000000",3.1563925743103
"DC","2026-03-06T19:00:00.000000",3.11823511123657
"DC","2026-03-06T20:00:00.000000",3.07475638389587
"DC","2026-03-06T21:00:00.000000",3.0274920463562
"DC","2026-03-06T22:00:00.000000",2.96913719177246
"DC","2026-03-06T23:00:00.000000",2.89502596855164
"DC","2026-03-07T00:00:00.000000",2.87339901924133
"DC","2026-03-07T01:00:00.000000",2.94924187660217
"DC","2026-03-07T02:00:00.000000",3.06733822822571
"DC","2026-03-07T03:00:00.000000",3.15523362159729
"DC","2026-03-07T04:00:00.000000",3.20125603675842
"DC","2026-03-07T05:00:00.000000",3.22474408149719
"DC","2026-03-07T06:00:00.000000",3.23651814460754
"DC","2026-03-07T07:00:00.000000",3.22995853424072
"DC","2026-03-07T08:00:00.000000",3.18589186668396
"DC","2026-03-07T09:00:00.000000",3.12175512313843
"DC","2026-03-07T10:00:00.000000",3.07550263404846
"DC","2026-03-07T11:00:00.000000",2.9489541053772
"DC","2026-03-07T12:00:00.000000",2.8328742980957
"DC","2026-03-07T13:00:00.000000",2.80669689178467
"DC","2026-03-07T14:00:00.000000",2.88399219512939
"DC","2026-03-07T15:00:00.000000",2.99702000617981
"DC","2026-03-07T16:00:00.000000",3.11332178115845
"DC","2026-03-07T17:00:00.000000",3.23315691947937
"DC","2026-03-07T18:00:00.000000",3.33630466461182
"DC","2026-03-07T19:00:00.000000",3.40300679206848
"DC","2026-03-07T20:00:00.000000",3.43795800209045
"DC","2026-03-07T21:00:00.000000",3.45683836936951
"DC","2026-03-07T22:00:00.000000",3.46931338310242
"DC","2026-03-07T23:00:00.000000",3.47209429740906
"DC","2026-03-08T00:00:00.000000",3.32676720619202
"DC","2026-03-08T01:00:00.000000",3.22141695022583
"DC","2026-03-08T02:00:00.000000",3.25379300117493
"DC","2026-03-08T03:00:00.000000",3.22149348258972
"DC","2026-03-08T04:00:00.000000",3.16174602508545
"DC","2026-03-08T05:00:00.000000",3.22667980194092
"DC","2026-03-08T06:00:00.000000",3.31359481811523
"DC","2026-03-08T07:00:00.000000",3.37336206436157
"DC","2026-03-08T08:00:00.000000",3.40625047683716
"DC","2026-03-08T09:00:00.000000",3.42009735107422
"DC","2026-03-08T10:00:00.000000",3.42836046218872
"DC","2026-03-08T11:00:00.000000",3.43485617637634
"DC","2026-03-08T12:00:00.000000",3.35495781898499
"DC","2026-03-08T13:00:00.000000",3.11714911460876
"DC","2026-03-08T14:00:00.000000",3.20713257789612
"DC","2026-03-08T15:00:00.000000",3.23776340484619
"DC","2026-03-08T16:00:00.000000",3.26327610015869
"DC","2026-03-08T17:00:00.000000",3.28127598762512
"DC","2026-03-08T18:00:00.000000",3.32172751426697
"DC","2026-03-08T19:00:00.000000",3.35933780670166
"DC","2026-03-08T20:00:00.000000",3.38765668869019
"DC","2026-03-08T21:00:00.000000",3.40492820739746
"DC","2026-03-08T22:00:00.000000",3.40718412399292
"DC","2026-03-08T23:00:00.000000",3.40026235580444
"DC","2026-03-09T00:00:00.000000",3.3847188949585
"DC","2026-03-09T01:00:00.000000",3.40002298355103
"DC","2026-03-09T02:00:00.000000",3.41528868675232
"DC","2026-03-09T03:00:00.000000",3.40083193778992
"DC","2026-03-09T04:00:00.000000",3.40726161003113
"DC","2026-03-09T05:00:00.000000",3.42778873443604
"DC","2026-03-09T06:00:00.000000",3.43876767158508
"DC","2026-03-09T07:00:00.000000",3.44389510154724
"DC","2026-03-09T08:00:00.000000",3.4503481388092
"DC","2026-03-09T09:00:00.000000",3.45731854438782
"DC","2026-03-09T10:00:00.000000",3.45835065841675
"DC","2026-03-09T11:00:00.000000",3.45333361625671
"DC","2026-03-09T12:00:00.000000",3.43569421768188
"DC","2026-03-09T13:00:00.000000",3.42495369911194
"DC","2026-03-09T14:00:00.000000",3.42548680305481
"DC","2026-03-09T15:00:00.000000",3.43150568008423
"DC","2026-03-09T16:00:00.000000",3.45889496803284
"DC","2026-03-09T17:00:00.000000",3.50269031524658
"DC","2026-03-09T18:00:00.000000",3.53859233856201
"DC","2026-03-09T19:00:00.000000",3.56455278396606
"DC","2026-03-09T20:00:00.000000",3.58586454391479
"DC","2026-03-09T21:00:00.000000",3.59917116165161
"DC","2026-03-09T22:00:00.000000",3.60497236251831
"DC","2026-03-09T23:00:00.000000",3.60700845718384
"DC","2026-03-10T00:00:00.000000",3.60759544372559
"DC","2026-03-10T01:00:00.000000",3.60567355155945
"DC","2026-03-10T02:00:00.000000",3.58453059196472
"DC","2026-03-10T03:00:00.000000",3.55880522727966
"DC","2026-03-10T04:00:00.000000",3.56268692016602
"DC","2026-03-10T05:00:00.000000",3.5744104385376
"DC","2026-03-10T06:00:00.000000",3.57224631309509
"DC","2026-03-10T07:00:00.000000",3.54603719711304
"DC","2026-03-10T08:00:00.000000",3.51927590370178
"DC","2026-03-10T09:00:00.000000",3.51325559616089
"DC","2026-03-10T10:00:00.000000",3.52305364608765
"DC","2026-03-10T11:00:00.000000",3.52812886238098
"DC","2026-03-10T12:00:00.000000",3.52860331535339
"DC","2026-03-10T13:00:00.000000",3.53265261650085
"DC","2026-03-10T14:00:00.000000",3.54428672790527
"DC","2026-03-10T15:00:00.000000",3.55209803581238
"DC","2026-03-10T16:00:00.000000",3.52482438087463
"DC","2026-03-10T17:00:00.000000",3.49395608901978
"DC","2026-03-10T18:00:00.000000",3.40490961074829
"DC","2026-03-10T19:00:00.000000",3.3964102268219
"DC","2026-03-10T20:00:00.000000",3.44560360908508
"DC","2026-03-10T21:00:00.000000",3.48357367515564
"DC","2026-03-10T22:00:00.000000",3.49792432785034
"DC","2026-03-10T23:00:00.000000",3.48953604698181
"DC","2026-03-11T00:00:00.000000",3.46394205093384
"LH","2026-03-03T00:00:00.000000",2.43011355400085
"LH","2026-03-03T01:00:00.000000",2.40139365196228
"LH","2026-03-03T02:00:00.000000",2.37986350059509
"LH","2026-03-03T03:00:00.000000",2.36936330795288
"LH","2026-03-03T04:00:00.000000",2.35869097709656
"LH","2026-03-03T05:00:00.000000",2.35796523094177
"LH","2026-03-03T06:00:00.000000",2.35912132263184
"LH","2026-03-03T07:00:00.000000",2.35862946510315
"LH","2026-03-03T08:00:00.000000",2.37336659431458
"LH","2026-03-03T09:00:00.000000",2.42548775672913
"LH","2026-03-03T10:00:00.000000",2.48634481430054
"LH","2026-03-03T11:00:00.000000",2.44651818275452
"LH","2026-03-03T12:00:00.000000",2.38344430923462
"LH","2026-03-03T13:00:00.000000",2.32211184501648
"LH","2026-03-03T14:00:00.000000",2.28920650482178
"LH","2026-03-03T15:00:00.000000",2.28260254859924
"LH","2026-03-03T16:00:00.000000",2.28309869766235
"LH","2026-03-03T17:00:00.000000",2.28519558906555
"LH","2026-03-03T18:00:00.000000",2.28811311721802
"LH","2026-03-03T19:00:00.000000",2.30850791931152
"LH","2026-03-03T20:00:00.000000",2.3551619052887
"LH","2026-03-03T21:00:00.000000",2.46949315071106
"LH","2026-03-03T22:00:00.000000",2.55118632316589
"LH","2026-03-03T23:00:00.000000",2.52603077888489
"LH","2026-03-04T00:00:00.000000",2.45705318450928
"LH","2026-03-04T01:00:00.000000",2.34315347671509
"LH","2026-03-04T02:00:00.000000",2.30184960365295
"LH","2026-03-04T03:00:00.000000",2.28918790817261
"LH","2026-03-04T04:00:00.000000",2.28585362434387
"LH","2026-03-04T05:00:00.000000",2.28663086891174
"LH","2026-03-04T06:00:00.000000",2.28831028938293
"LH","2026-03-04T07:00:00.000000",2.29059433937073
"LH","2026-03-04T08:00:00.000000",2.29986357688904
"LH","2026-03-04T09:00:00.000000",2.33527255058289
"LH","2026-03-04T10:00:00.000000",2.39266395568848
"LH","2026-03-04T11:00:00.000000",2.38814926147461
"LH","2026-03-04T12:00:00.000000",2.35239458084106
"LH","2026-03-04T13:00:00.000000",2.3160502910614
"LH","2026-03-04T14:00:00.000000",2.30410575866699
"LH","2026-03-04T15:00:00.000000",2.30426788330078
"LH","2026-03-04T16:00:00.000000",2.30688190460205
"LH","2026-03-04T17:00:00.000000",2.3095977306366
"LH","2026-03-04T18:00:00.000000",2.31260323524475
"LH","2026-03-04T19:00:00.000000",2.31774210929871
"LH","2026-03-04T20:00:00.000000",2.3339958190918
"LH","2026-03-04T21:00:00.000000",2.37383890151978
"LH","2026-03-04T22:00:00.000000",2.4620943069458
"LH","2026-03-04T23:00:00.000000",2.48583722114563
"LH","2026-03-05T00:00:00.000000",2.44132924079895
"LH","2026-03-05T01:00:00.000000",2.41431999206543
"LH","2026-03-05T02:00:00.000000",2.3828763961792
"LH","2026-03-05T03:00:00.000000",2.36388564109802
"LH","2026-03-05T04:00:00.000000",2.35818362236023
"LH","2026-03-05T05:00:00.000000",2.35902905464172
"LH","2026-03-05T06:00:00.000000",2.35927891731262
"LH","2026-03-05T07:00:00.000000",2.35925221443176
"LH","2026-03-05T08:00:00.000000",2.35988640785217
"LH","2026-03-05T09:00:00.000000",2.36114621162415
"LH","2026-03-05T10:00:00.000000",2.38493847846985
"LH","2026-03-05T11:00:00.000000",2.41964268684387
"LH","2026-03-05T12:00:00.000000",2.41095900535583
"LH","2026-03-05T13:00:00.000000",2.38037061691284
"LH","2026-03-05T14:00:00.000000",2.3483202457428
"LH","2026-03-05T15:00:00.000000",2.32462549209595
"LH","2026-03-05T16:00:00.000000",2.31657147407532
"LH","2026-03-05T17:00:00.000000",2.31594514846802
"LH","2026-03-05T18:00:00.000000",2.31884098052979
"LH","2026-03-05T19:00:00.000000",2.32203960418701
"LH","2026-03-05T20:00:00.000000",2.32186079025269
"LH","2026-03-05T21:00:00.000000",2.32493019104004
"LH","2026-03-05T22:00:00.000000",2.33056354522705
"LH","2026-03-05T23:00:00.000000",2.35153555870056
"LH","2026-03-06T00:00:00.000000",2.35347032546997
"LH","2026-03-06T01:00:00.000000",2.34073495864868
"LH","2026-03-06T02:00:00.000000",2.32693576812744
"LH","2026-03-06T03:00:00.000000",2.31858015060425
"LH","2026-03-06T04:00:00.000000",2.30703735351562
"LH","2026-03-06T05:00:00.000000",2.29699087142944
"LH","2026-03-06T06:00:00.000000",2.29300475120544
"LH","2026-03-06T07:00:00.000000",2.29219770431519
"LH","2026-03-06T08:00:00.000000",2.29229116439819
"LH","2026-03-06T09:00:00.000000",2.29448628425598
"LH","2026-03-06T10:00:00.000000",2.29780697822571
"LH","2026-03-06T11:00:00.000000",2.30569791793823
"LH","2026-03-06T12:00:00.000000",2.30511093139648
"LH","2026-03-06T13:00:00.000000",2.28946208953857
"LH","2026-03-06T14:00:00.000000",2.27074360847473
"LH","2026-03-06T15:00:00.000000",2.26739883422852
"LH","2026-03-06T16:00:00.000000",2.26377463340759
"LH","2026-03-06T17:00:00.000000",2.26046800613403
"LH","2026-03-06T18:00:00.000000",2.25790548324585
"LH","2026-03-06T19:00:00.000000",2.25710940361023
"LH","2026-03-06T20:00:00.000000",2.25755715370178
"LH","2026-03-06T21:00:00.000000",2.25852704048157
"LH","2026-03-06T22:00:00.000000",2.26070380210876
"LH","2026-03-06T23:00:00.000000",2.26941680908203
"LH","2026-03-07T00:00:00.000000",2.27340340614319
"LH","2026-03-07T01:00:00.000000",2.2703104019165
"LH","2026-03-07T02:00:00.000000",2.26748466491699
"LH","2026-03-07T03:00:00.000000",2.2634654045105
"LH","2026-03-07T04:00:00.000000",2.26144003868103
"LH","2026-03-07T05:00:00.000000",2.25879836082458
"LH","2026-03-07T06:00:00.000000",2.257967710495
"LH","2026-03-07T07:00:00.000000",2.25778198242188
"LH","2026-03-07T08:00:00.000000",2.25802278518677
"LH","2026-03-07T09:00:00.000000",2.25926494598389
"LH","2026-03-07T10:00:00.000000",2.26331615447998
"LH","2026-03-07T11:00:00.000000",2.27815580368042
"LH","2026-03-07T12:00:00.000000",2.29993581771851
"LH","2026-03-07T13:00:00.000000",2.29831123352051
"LH","2026-03-07T14:00:00.000000",2.28471064567566
"LH","2026-03-07T15:00:00.000000",2.27662754058838
"LH","2026-03-07T16:00:00.000000",2.2755491733551
"LH","2026-03-07T17:00:00.000000",2.27950024604797
"LH","2026-03-07T18:00:00.000000",2.28471326828003
"LH","2026-03-07T19:00:00.000000",2.28607082366943
"LH","2026-03-07T20:00:00.000000",2.28752255439758
"LH","2026-03-07T21:00:00.000000",2.29143595695496
"LH","2026-03-07T22:00:00.000000",2.29800391197205
"LH","2026-03-07T23:00:00.000000",2.3081157207489
"LH","2026-03-08T00:00:00.000000",2.32231402397156
"LH","2026-03-08T01:00:00.000000",2.32145261764526
"LH","2026-03-08T02:00:00.000000",2.31319880485535
"LH","2026-03-08T03:00:00.000000",2.30950570106506
"LH","2026-03-08T04:00:00.000000",2.30592823028564
"LH","2026-03-08T05:00:00.000000",2.30195665359497
"LH","2026-03-08T06:00:00.000000",2.29868531227112
"LH","2026-03-08T07:00:00.000000",2.29697513580322
"LH","2026-03-08T08:00:00.000000",2.29708409309387
"LH","2026-03-08T09:00:00.000000",2.29978513717651
"LH","2026-03-08T10:00:00.000000",2.30809187889099
"LH","2026-03-08T11:00:00.000000",2.32055902481079
"LH","2026-03-08T12:00:00.000000",2.34332418441772
"LH","2026-03-08T13:00:00.000000",2.35792779922485
"LH","2026-03-08T14:00:00.000000",2.34721660614014
"LH","2026-03-08T15:00:00.000000",2.33878827095032
"LH","2026-03-08T16:00:00.000000",2.33504891395569
"LH","2026-03-08T17:00:00.000000",2.33233022689819
"LH","2026-03-08T18:00:00.000000",2.33226299285889
"LH","2026-03-08T19:00:00.000000",2.33150243759155
"LH","2026-03-08T20:00:00.000000",2.32994198799133
"LH","2026-03-08T21:00:00.000000",2.33016562461853
"LH","2026-03-08T22:00:00.000000",2.33380770683289
"LH","2026-03-08T23:00:00.000000",2.33823943138123
"LH","2026-03-09T00:00:00.000000",2.34533143043518
"LH","2026-03-09T01:00:00.000000",2.34996652603149
"LH","2026-03-09T02:00:00.000000",2.34775233268738
"LH","2026-03-09T03:00:00.000000",2.34350323677063
"LH","2026-03-09T04:00:00.000000",2.34040713310242
"LH","2026-03-09T05:00:00.000000",2.33375906944275
"LH","2026-03-09T06:00:00.000000",2.32753801345825
"LH","2026-03-09T07:00:00.000000",2.32289385795593
"LH","2026-03-09T08:00:00.000000",2.31993079185486
"LH","2026-03-09T09:00:00.000000",2.31822204589844
"LH","2026-03-09T10:00:00.000000",2.31968021392822
"LH","2026-03-09T11:00:00.000000",2.32313275337219
"LH","2026-03-09T12:00:00.000000",2.32827091217041
"LH","2026-03-09T13:00:00.000000",2.34109663963318
"LH","2026-03-09T14:00:00.000000",2.34328079223633
"LH","2026-03-09T15:00:00.000000",2.34347176551819
"LH","2026-03-09T16:00:00.000000",2.34713315963745
"LH","2026-03-09T17:00:00.000000",2.34895968437195
"LH","2026-03-09T18:00:00.000000",2.35159134864807
"LH","2026-03-09T19:00:00.000000",2.35577750205994
"LH","2026-03-09T20:00:00.000000",2.35816097259521
"LH","2026-03-09T21:00:00.000000",2.36022543907166
"LH","2026-03-09T22:00:00.000000",2.36600112915039
"LH","2026-03-09T23:00:00.000000",2.3713846206665
"LH","2026-03-10T00:00:00.000000",2.37500095367432
"LH","2026-03-10T01:00:00.000000",2.38170909881592
"LH","2026-03-10T02:00:00.000000",2.38356137275696
"LH","2026-03-10T03:00:00.000000",2.38439059257507
"LH","2026-03-10T04:00:00.000000",2.38894438743591
"LH","2026-03-10T05:00:00.000000",2.39186263084412
"LH","2026-03-10T06:00:00.000000",2.39208436012268
"LH","2026-03-10T07:00:00.000000",2.39193773269653
"LH","2026-03-10T08:00:00.000000",2.3919951915741
"LH","2026-03-10T09:00:00.000000",2.39241933822632
"LH","2026-03-10T10:00:00.000000",2.39385151863098
"LH","2026-03-10T11:00:00.000000",2.39640092849731
"LH","2026-03-10T12:00:00.000000",2.39871501922607
"LH","2026-03-10T13:00:00.000000",2.40291500091553
"LH","2026-03-10T14:00:00.000000",2.40706300735474
"LH","2026-03-10T15:00:00.000000",2.40974140167236
"LH","2026-03-10T16:00:00.000000",2.41475224494934
"LH","2026-03-10T17:00:00.000000",2.4214141368866
"LH","2026-03-10T18:00:00.000000",2.42507028579712
"LH","2026-03-10T19:00:00.000000",2.42703890800476
"LH","2026-03-10T20:00:00.000000",2.42865633964539
"LH","2026-03-10T21:00:00.000000",2.42918372154236
"LH","2026-03-10T22:00:00.000000",2.42919254302979
"LH","2026-03-10T23:00:00.000000",2.43014764785767
"LH","2026-03-11T00:00:00.000000",2.43050193786621
"NB","2026-03-03T00:00:00.000000",2.90551352500916
"NB","2026-03-03T01:00:00.000000",2.9028263092041
"NB","2026-03-03T02:00:00.000000",2.90262389183044
"NB","2026-03-03T03:00:00.000000",2.90322327613831
"NB","2026-03-03T04:00:00.000000",2.88878965377808
"NB","2026-03-03T05:00:00.000000",2.85442113876343
"NB","2026-03-03T06:00:00.000000",2.82394123077393
"NB","2026-03-03T07:00:00.000000",2.80370378494263
"NB","2026-03-03T08:00:00.000000",2.78976035118103
"NB","2026-03-03T09:00:00.000000",2.77968668937683
"NB","2026-03-03T10:00:00.000000",2.77266550064087
"NB","2026-03-03T11:00:00.000000",2.77014589309692
"NB","2026-03-03T12:00:00.000000",2.75708484649658
"NB","2026-03-03T13:00:00.000000",2.75559902191162
"NB","2026-03-03T14:00:00.000000",2.75879073143005
"NB","2026-03-03T15:00:00.000000",2.76067352294922
"NB","2026-03-03T16:00:00.000000",2.76031279563904
"NB","2026-03-03T17:00:00.000000",2.75595307350159
"NB","2026-03-03T18:00:00.000000",2.75783634185791
"NB","2026-03-03T19:00:00.000000",2.76171708106995
"NB","2026-03-03T20:00:00.000000",2.76466965675354
"NB","2026-03-03T21:00:00.000000",2.76447987556458
"NB","2026-03-03T22:00:00.000000",2.76186680793762
"NB","2026-03-03T23:00:00.000000",2.75962805747986
"NB","2026-03-04T00:00:00.000000",2.759192943573
"NB","2026-03-04T01:00:00.000000",2.7589750289917
"NB","2026-03-04T02:00:00.000000",2.76045227050781
"NB","2026-03-04T03:00:00.000000",2.76242923736572
"NB","2026-03-04T04:00:00.000000",2.76769757270813
"NB","2026-03-04T05:00:00.000000",2.77468538284302
"NB","2026-03-04T06:00:00.000000",2.77872920036316
"NB","2026-03-04T07:00:00.000000",2.77989196777344
"NB","2026-03-04T08:00:00.000000",2.77638649940491
"NB","2026-03-04T09:00:00.000000",2.76367473602295
"NB","2026-03-04T10:00:00.000000",2.75359320640564
"NB","2026-03-04T11:00:00.000000",2.75117754936218
"NB","2026-03-04T12:00:00.000000",2.75096130371094
"NB","2026-03-04T13:00:00.000000",2.75481724739075
"NB","2026-03-04T14:00:00.000000",2.76158332824707
"NB","2026-03-04T15:00:00.000000",2.77014684677124
"NB","2026-03-04T16:00:00.000000",2.78222227096558
"NB","2026-03-04T17:00:00.000000",2.7935905456543
"NB","2026-03-04T18:00:00.000000",2.80129337310791
"NB","2026-03-04T19:00:00.000000",2.80290508270264
"NB","2026-03-04T20:00:00.000000",2.8000955581665
"NB","2026-03-04T21:00:00.000000",2.79501938819885
"NB","2026-03-04T22:00:00.000000",2.78978991508484
"NB","2026-03-04T23:00:00.000000",2.78759503364563
"NB","2026-03-05T00:00:00.000000",2.78906083106995
"NB","2026-03-05T01:00:00.000000",2.79325532913208
"NB","2026-03-05T02:00:00.000000",2.79700660705566
"NB","2026-03-05T03:00:00.000000",2.80030703544617
"NB","2026-03-05T04:00:00.000000",2.80412030220032
"NB","2026-03-05T05:00:00.000000",2.80828213691711
"NB","2026-03-05T06:00:00.000000",2.81093573570251
"NB","2026-03-05T07:00:00.000000",2.81129145622253
"NB","2026-03-05T08:00:00.000000",2.80648875236511
"NB","2026-03-05T09:00:00.000000",2.79305624961853
"NB","2026-03-05T10:00:00.000000",2.76999878883362
"NB","2026-03-05T11:00:00.000000",2.75664520263672
"NB","2026-03-05T12:00:00.000000",2.75446677207947
"NB","2026-03-05T13:00:00.000000",2.75631022453308
"NB","2026-03-05T14:00:00.000000",2.75790572166443
"NB","2026-03-05T15:00:00.000000",2.75858998298645
"NB","2026-03-05T16:00:00.000000",2.75985717773438
"NB","2026-03-05T17:00:00.000000",2.76171922683716
"NB","2026-03-05T18:00:00.000000",2.7636890411377
"NB","2026-03-05T19:00:00.000000",2.76518368721008
"NB","2026-03-05T20:00:00.000000",2.76483035087585
"NB","2026-03-05T21:00:00.000000",2.76089811325073
"NB","2026-03-05T22:00:00.000000",2.75251221656799
"NB","2026-03-05T23:00:00.000000",2.74753999710083
"NB","2026-03-06T00:00:00.000000",2.74832916259766
"NB","2026-03-06T01:00:00.000000",2.75944113731384
"NB","2026-03-06T02:00:00.000000",2.77382493019104
"NB","2026-03-06T03:00:00.000000",2.78824281692505
"NB","2026-03-06T04:00:00.000000",2.79816699028015
"NB","2026-03-06T05:00:00.000000",2.80419778823853
"NB","2026-03-06T06:00:00.000000",2.80784797668457
"NB","2026-03-06T07:00:00.000000",2.80987644195557
"NB","2026-03-06T08:00:00.000000",2.81043386459351
"NB","2026-03-06T09:00:00.000000",2.81051468849182
"NB","2026-03-06T10:00:00.000000",2.80943369865417
"NB","2026-03-06T11:00:00.000000",2.80898475646973
"NB","2026-03-06T12:00:00.000000",2.80845046043396
"NB","2026-03-06T13:00:00.000000",2.80808234214783
"NB","2026-03-06T14:00:00.000000",2.80837321281433
"NB","2026-03-06T15:00:00.000000",2.80741548538208
"NB","2026-03-06T16:00:00.000000",2.80502223968506
"NB","2026-03-06T17:00:00.000000",2.80190968513489
"NB","2026-03-06T18:00:00.000000",2.7989809513092
"NB","2026-03-06T19:00:00.000000",2.79648351669312
"NB","2026-03-06T20:00:00.000000",2.79378175735474
"NB","2026-03-06T21:00:00.000000",2.79026222229004
"NB","2026-03-06T22:00:00.000000",2.7854859828949
"NB","2026-03-06T23:00:00.000000",2.77957963943481
"NB","2026-03-07T00:00:00.000000",2.77306199073792
"NB","2026-03-07T01:00:00.000000",2.76812362670898
"NB","2026-03-07T02:00:00.000000",2.76422357559204
"NB","2026-03-07T03:00:00.000000",2.76207423210144
"NB","2026-03-07T04:00:00.000000",2.76134419441223
"NB","2026-03-07T05:00:00.000000",2.76181316375732
"NB","2026-03-07T06:00:00.000000",2.76381158828735
"NB","2026-03-07T07:00:00.000000",2.76672506332397
"NB","2026-03-07T08:00:00.000000",2.764652967453
"NB","2026-03-07T09:00:00.000000",2.76665949821472
"NB","2026-03-07T10:00:00.000000",2.76710629463196
"NB","2026-03-07T11:00:00.000000",2.76457285881042
"NB","2026-03-07T12:00:00.000000",2.7594153881073
"NB","2026-03-07T13:00:00.000000",2.75470852851868
"NB","2026-03-07T14:00:00.000000",2.75453090667725
"NB","2026-03-07T15:00:00.000000",2.76458883285522
"NB","2026-03-07T16:00:00.000000",2.77419185638428
"NB","2026-03-07T17:00:00.000000",2.7829601764679
"NB","2026-03-07T18:00:00.000000",2.79434609413147
"NB","2026-03-07T19:00:00.000000",2.81413102149963
"NB","2026-03-07T20:00:00.000000",2.83764791488647
"NB","2026-03-07T21:00:00.000000",2.85531806945801
"NB","2026-03-07T22:00:00.000000",2.86960601806641
"NB","2026-03-07T23:00:00.000000",2.87966465950012
"NB","2026-03-08T00:00:00.000000",2.88418745994568
"NB","2026-03-08T01:00:00.000000",2.88777804374695
"NB","2026-03-08T02:00:00.000000",2.89261484146118
"NB","2026-03-08T03:00:00.000000",2.89418196678162
"NB","2026-03-08T04:00:00.000000",2.89458799362183
"NB","2026-03-08T05:00:00.000000",2.89667463302612
"NB","2026-03-08T06:00:00.000000",2.89739418029785
"NB","2026-03-08T07:00:00.000000",2.89953136444092
"NB","2026-03-08T08:00:00.000000",2.90428876876831
"NB","2026-03-08T09:00:00.000000",2.91012954711914
"NB","2026-03-08T10:00:00.000000",2.91625070571899
"NB","2026-03-08T11:00:00.000000",2.92210602760315
"NB","2026-03-08T12:00:00.000000",2.92619109153748
"NB","2026-03-08T13:00:00.000000",2.92817425727844
"NB","2026-03-08T14:00:00.000000",2.93043065071106
"NB","2026-03-08T15:00:00.000000",2.93333983421326
"NB","2026-03-08T16:00:00.000000",2.93699431419373
"NB","2026-03-08T17:00:00.000000",2.93815660476685
"NB","2026-03-08T18:00:00.000000",2.93800711631775
"NB","2026-03-08T19:00:00.000000",2.93665456771851
"NB","2026-03-08T20:00:00.000000",2.93174862861633
"NB","2026-03-08T21:00:00.000000",2.92526888847351
"NB","2026-03-08T22:00:00.000000",2.91809415817261
"NB","2026-03-08T23:00:00.000000",2.9082043170929
"NB","2026-03-09T00:00:00.000000",2.89793467521667
"NB","2026-03-09T01:00:00.000000",2.88643884658813
"NB","2026-03-09T02:00:00.000000",2.87139749526978
"NB","2026-03-09T03:00:00.000000",2.85504603385925
"NB","2026-03-09T04:00:00.000000",2.84057283401489
"NB","2026-03-09T05:00:00.000000",2.8287091255188
"NB","2026-03-09T06:00:00.000000",2.81921243667603
"NB","2026-03-09T07:00:00.000000",2.81258320808411
"NB","2026-03-09T08:00:00.000000",2.80819392204285
"NB","2026-03-09T09:00:00.000000",2.80570602416992
"NB","2026-03-09T10:00:00.000000",2.80530309677124
"NB","2026-03-09T11:00:00.000000",2.80538368225098
"NB","2026-03-09T12:00:00.000000",2.80545115470886
"NB","2026-03-09T13:00:00.000000",2.80570602416992
"NB","2026-03-09T14:00:00.000000",2.80588102340698
"NB","2026-03-09T15:00:00.000000",2.80514669418335
"NB","2026-03-09T16:00:00.000000",2.80549263954163
"NB","2026-03-09T17:00:00.000000",2.80818486213684
"NB","2026-03-09T18:00:00.000000",2.81350994110107
"NB","2026-03-09T19:00:00.000000",2.82296276092529
"NB","2026-03-09T20:00:00.000000",2.83657908439636
"NB","2026-03-09T21:00:00.000000",2.84791564941406
"NB","2026-03-09T22:00:00.000000",2.86470866203308
"NB","2026-03-09T23:00:00.000000",2.89106154441833
"NB","2026-03-10T00:00:00.000000",2.92597222328186
"NB","2026-03-10T01:00:00.000000",2.96166658401489
"NB","2026-03-10T02:00:00.000000",2.9901340007782
"NB","2026-03-10T03:00:00.000000",3.00891375541687
"NB","2026-03-10T04:00:00.000000",3.03151726722717
"NB","2026-03-10T05:00:00.000000",3.08015465736389
"NB","2026-03-10T06:00:00.000000",3.08266758918762
"NB","2026-03-10T07:00:00.000000",3.08320689201355
"NB","2026-03-10T08:00:00.000000",3.08367371559143
"NB","2026-03-10T09:00:00.000000",3.08457803726196
"NB","2026-03-10T10:00:00.000000",3.08506536483765
"NB","2026-03-10T11:00:00.000000",3.08584260940552
"NB","2026-03-10T12:00:00.000000",3.08746147155762
"NB","2026-03-10T13:00:00.000000",3.08954644203186
"NB","2026-03-10T14:00:00.000000",3.09101271629333
"NB","2026-03-10T15:00:00.000000",3.08987307548523
"NB","2026-03-10T16:00:00.000000",3.08849906921387
"NB","2026-03-10T17:00:00.000000",3.08928442001343
"NB","2026-03-10T18:00:00.000000",3.09009313583374
"NB","2026-03-10T19:00:00.000000",3.08729958534241
"NB","2026-03-10T20:00:00.000000",3.07694530487061
"NB","2026-03-10T21:00:00.000000",3.05829787254333
"NB","2026-03-10T22:00:00.000000",3.03628659248352
"NB","2026-03-10T23:00:00.000000",3.01394820213318
"NB","2026-03-11T00:00:00.000000",2.99077224731445
"PC","2026-03-03T00:00:00.000000",1.97972464561462
"PC","2026-03-03T01:00:00.000000",1.94401657581329
"PC","2026-03-03T02:00:00.000000",1.92515170574188
"PC","2026-03-03T03:00:00.000000",1.91788458824158
"PC","2026-03-03T04:00:00.000000",1.91841948032379
"PC","2026-03-03T05:00:00.000000",1.91984713077545
"PC","2026-03-03T06:00:00.000000",1.92106425762177
"PC","2026-03-03T07:00:00.000000",1.92234063148499
"PC","2026-03-03T08:00:00.000000",1.9234162569046
"PC","2026-03-03T09:00:00.000000",1.92556893825531
"PC","2026-03-03T10:00:00.000000",1.93198025226593
"PC","2026-03-03T11:00:00.000000",1.93469202518463
"PC","2026-03-03T12:00:00.000000",1.9426566362381
"PC","2026-03-03T13:00:00.000000",1.91679322719574
"PC","2026-03-03T14:00:00.000000",1.87741816043854
"PC","2026-03-03T15:00:00.000000",1.86633694171906
"PC","2026-03-03T16:00:00.000000",1.86755156517029
"PC","2026-03-03T17:00:00.000000",1.86996304988861
"PC","2026-03-03T18:00:00.000000",1.87356042861938
"PC","2026-03-03T19:00:00.000000",1.8797595500946
"PC","2026-03-03T20:00:00.000000",1.88856399059296
"PC","2026-03-03T21:00:00.000000",1.90444719791412
"PC","2026-03-03T22:00:00.000000",1.92530179023743
"PC","2026-03-03T23:00:00.000000",1.92659485340118
"PC","2026-03-04T00:00:00.000000",1.92158055305481
"PC","2026-03-04T01:00:00.000000",1.89884221553802
"PC","2026-03-04T02:00:00.000000",1.86707043647766
"PC","2026-03-04T03:00:00.000000",1.86023008823395
"PC","2026-03-04T04:00:00.000000",1.86121833324432
"PC","2026-03-04T05:00:00.000000",1.86308622360229
"PC","2026-03-04T06:00:00.000000",1.86421406269073
"PC","2026-03-04T07:00:00.000000",1.86553764343262
"PC","2026-03-04T08:00:00.000000",1.86656820774078
"PC","2026-03-04T09:00:00.000000",1.86808669567108
"PC","2026-03-04T10:00:00.000000",1.87581169605255
"PC","2026-03-04T11:00:00.000000",1.88255333900452
"PC","2026-03-04T12:00:00.000000",1.89135575294495
"PC","2026-03-04T13:00:00.000000",1.90095317363739
"PC","2026-03-04T14:00:00.000000",1.88764727115631
"PC","2026-03-04T15:00:00.000000",1.88052225112915
"PC","2026-03-04T16:00:00.000000",1.8863559961319
"PC","2026-03-04T17:00:00.000000",1.89266896247864
"PC","2026-03-04T18:00:00.000000",1.89628279209137
"PC","2026-03-04T19:00:00.000000",1.89961135387421
"PC","2026-03-04T20:00:00.000000",1.90318512916565
"PC","2026-03-04T21:00:00.000000",1.90825819969177
"PC","2026-03-04T22:00:00.000000",1.91986227035522
"PC","2026-03-04T23:00:00.000000",1.92917835712433
"PC","2026-03-05T00:00:00.000000",1.93437254428864
"PC","2026-03-05T01:00:00.000000",1.94482243061066
"PC","2026-03-05T02:00:00.000000",1.94754099845886
"PC","2026-03-05T03:00:00.000000",1.93466234207153
"PC","2026-03-05T04:00:00.000000",1.9312230348587
"PC","2026-03-05T05:00:00.000000",1.93327438831329
"PC","2026-03-05T06:00:00.000000",1.93505966663361
"PC","2026-03-05T07:00:00.000000",1.93585872650146
"PC","2026-03-05T08:00:00.000000",1.9367755651474
"PC","2026-03-05T09:00:00.000000",1.93754625320435
"PC","2026-03-05T10:00:00.000000",1.93920147418976
"PC","2026-03-05T11:00:00.000000",1.9432590007782
"PC","2026-03-05T12:00:00.000000",1.94601941108704
"PC","2026-03-05T13:00:00.000000",1.95121026039124
"PC","2026-03-05T14:00:00.000000",1.95709073543549
"PC","2026-03-05T15:00:00.000000",1.95638716220856
"PC","2026-03-05T16:00:00.000000",1.95958709716797
"PC","2026-03-05T17:00:00.000000",1.96291434764862
"PC","2026-03-05T18:00:00.000000",1.9654780626297
"PC","2026-03-05T19:00:00.000000",1.9665766954422
"PC","2026-03-05T20:00:00.000000",1.96738648414612
"PC","2026-03-05T21:00:00.000000",1.96807086467743
"PC","2026-03-05T22:00:00.000000",1.96865510940552
"PC","2026-03-05T23:00:00.000000",1.96968054771423
"PC","2026-03-06T00:00:00.000000",1.97432899475098
"PC","2026-03-06T01:00:00.000000",1.98183608055115
"PC","2026-03-06T02:00:00.000000",1.9921715259552
"PC","2026-03-06T03:00:00.000000",1.99556040763855
"PC","2026-03-06T04:00:00.000000",1.99275732040405
"PC","2026-03-06T05:00:00.000000",1.99209547042847
"PC","2026-03-06T06:00:00.000000",1.99273109436035
"PC","2026-03-06T07:00:00.000000",1.99304807186127
"PC","2026-03-06T08:00:00.000000",1.9932895898819
"PC","2026-03-06T09:00:00.000000",1.99400770664215
"PC","2026-03-06T10:00:00.000000",1.99570095539093
"PC","2026-03-06T11:00:00.000000",1.99923741817474
"PC","2026-03-06T12:00:00.000000",2.00350165367126
"PC","2026-03-06T13:00:00.000000",2.0044105052948
"PC","2026-03-06T14:00:00.000000",2.00364089012146
"PC","2026-03-06T15:00:00.000000",1.99659812450409
"PC","2026-03-06T16:00:00.000000",1.98504734039307
"PC","2026-03-06T17:00:00.000000",1.98604249954224
"PC","2026-03-06T18:00:00.000000",1.98887777328491
"PC","2026-03-06T19:00:00.000000",1.99004912376404
"PC","2026-03-06T20:00:00.000000",1.9907591342926
"PC","2026-03-06T21:00:00.000000",1.99135994911194
"PC","2026-03-06T22:00:00.000000",1.99207401275635
"PC","2026-03-06T23:00:00.000000",1.99348819255829
"PC","2026-03-07T00:00:00.000000",1.99588060379028
"PC","2026-03-07T01:00:00.000000",1.99914407730103
"PC","2026-03-07T02:00:00.000000",2.00417733192444
"PC","2026-03-07T03:00:00.000000",2.00750184059143
"PC","2026-03-07T04:00:00.000000",2.00282502174377
"PC","2026-03-07T05:00:00.000000",2.00117993354797
"PC","2026-03-07T06:00:00.000000",2.00146412849426
"PC","2026-03-07T07:00:00.000000",2.00262188911438
"PC","2026-03-07T08:00:00.000000",2.00323796272278
"PC","2026-03-07T09:00:00.000000",2.00370240211487
"PC","2026-03-07T10:00:00.000000",2.0041389465332
"PC","2026-03-07T11:00:00.000000",2.00446844100952
"PC","2026-03-07T12:00:00.000000",2.0051441192627
"PC","2026-03-07T13:00:00.000000",2.00652885437012
"PC","2026-03-07T14:00:00.000000",2.00966739654541
"PC","2026-03-07T15:00:00.000000",2.01405453681946
"PC","2026-03-07T16:00:00.000000",2.01651120185852
"PC","2026-03-07T17:00:00.000000",2.01876711845398
"PC","2026-03-07T18:00:00.000000",2.02312517166138
"PC","2026-03-07T19:00:00.000000",2.02917456626892
"PC","2026-03-07T20:00:00.000000",2.03398895263672
"PC","2026-03-07T21:00:00.000000",2.03550624847412
"PC","2026-03-07T22:00:00.000000",2.0357985496521
"PC","2026-03-07T23:00:00.000000",2.03579235076904
"PC","2026-03-08T00:00:00.000000",2.03584218025208
"PC","2026-03-08T01:00:00.000000",2.0356912612915
"PC","2026-03-08T02:00:00.000000",2.03645133972168
"PC","2026-03-08T03:00:00.000000",2.04214239120483
"PC","2026-03-08T04:00:00.000000",2.05034184455872
"PC","2026-03-08T05:00:00.000000",2.05627155303955
"PC","2026-03-08T06:00:00.000000",2.0621542930603
"PC","2026-03-08T07:00:00.000000",2.06905317306519
"PC","2026-03-08T08:00:00.000000",2.07416701316833
"PC","2026-03-08T09:00:00.000000",2.07436680793762
"PC","2026-03-08T10:00:00.000000",2.07167983055115
"PC","2026-03-08T11:00:00.000000",2.06831121444702
"PC","2026-03-08T12:00:00.000000",2.06484508514404
"PC","2026-03-08T13:00:00.000000",2.0607602596283
"PC","2026-03-08T14:00:00.000000",2.06017804145813
"PC","2026-03-08T15:00:00.000000",2.06317687034607
"PC","2026-03-08T16:00:00.000000",2.07266974449158
"PC","2026-03-08T17:00:00.000000",2.08140301704407
"PC","2026-03-08T18:00:00.000000",2.08821177482605
"PC","2026-03-08T19:00:00.000000",2.09855175018311
"PC","2026-03-08T20:00:00.000000",2.10745811462402
"PC","2026-03-08T21:00:00.000000",2.10897350311279
"PC","2026-03-08T22:00:00.000000",2.10579586029053
"PC","2026-03-08T23:00:00.000000",2.10199570655823
"PC","2026-03-09T00:00:00.000000",2.09927010536194
"PC","2026-03-09T01:00:00.000000",2.09704232215881
"PC","2026-03-09T02:00:00.000000",2.09563612937927
"PC","2026-03-09T03:00:00.000000",2.0948748588562
"PC","2026-03-09T04:00:00.000000",2.09885454177856
"PC","2026-03-09T05:00:00.000000",2.10573220252991
"PC","2026-03-09T06:00:00.000000",2.11139845848083
"PC","2026-03-09T07:00:00.000000",2.11786937713623
"PC","2026-03-09T08:00:00.000000",2.12273192405701
"PC","2026-03-09T09:00:00.000000",2.12425756454468
"PC","2026-03-09T10:00:00.000000",2.12273097038269
"PC","2026-03-09T11:00:00.000000",2.12031602859497
"PC","2026-03-09T12:00:00.000000",2.11838269233704
"PC","2026-03-09T13:00:00.000000",2.11638236045837
"PC","2026-03-09T14:00:00.000000",2.11500525474548
"PC","2026-03-09T15:00:00.000000",2.11550140380859
"PC","2026-03-09T16:00:00.000000",2.11888599395752
"PC","2026-03-09T17:00:00.000000",2.12722849845886
"PC","2026-03-09T18:00:00.000000",2.13862061500549
"PC","2026-03-09T19:00:00.000000",2.15224981307983
"PC","2026-03-09T20:00:00.000000",2.16664981842041
"PC","2026-03-09T21:00:00.000000",2.17683053016663
"PC","2026-03-09T22:00:00.000000",2.18131113052368
"PC","2026-03-09T23:00:00.000000",2.18207907676697
"PC","2026-03-10T00:00:00.000000",2.18170237541199
"PC","2026-03-10T01:00:00.000000",2.18193531036377
"PC","2026-03-10T02:00:00.000000",2.18247842788696
"PC","2026-03-10T03:00:00.000000",2.18436503410339
"PC","2026-03-10T04:00:00.000000",2.18744421005249
"PC","2026-03-10T05:00:00.000000",2.19274020195007
"PC","2026-03-10T06:00:00.000000",2.19761514663696
"PC","2026-03-10T07:00:00.000000",2.20159149169922
"PC","2026-03-10T08:00:00.000000",2.20528531074524
"PC","2026-03-10T09:00:00.000000",2.20908117294312
"PC","2026-03-10T10:00:00.000000",2.21070241928101
"PC","2026-03-10T11:00:00.000000",2.21005892753601
"PC","2026-03-10T12:00:00.000000",2.20911931991577
"PC","2026-03-10T13:00:00.000000",2.20833992958069
"PC","2026-03-10T14:00:00.000000",2.20703959465027
"PC","2026-03-10T15:00:00.000000",2.20638537406921
"PC","2026-03-10T16:00:00.000000",2.20682954788208
"PC","2026-03-10T17:00:00.000000",2.210364818573
"PC","2026-03-10T18:00:00.000000",2.21606040000916
"PC","2026-03-10T19:00:00.000000",2.22113585472107
"PC","2026-03-10T20:00:00.000000",2.22632575035095
"PC","2026-03-10T21:00:00.000000",2.23058915138245
"PC","2026-03-10T22:00:00.000000",2.23282790184021
"PC","2026-03-10T23:00:00.000000",2.23233556747437
"PC","2026-03-11T00:00:00.000000",2.23058271408081
"PI","2026-03-03T00:00:00.000000",2.48770093917847
"PI","2026-03-03T01:00:00.000000",2.49822998046875
"PI","2026-03-03T02:00:00.000000",2.50551509857178
"PI","2026-03-03T03:00:00.000000",2.48662614822388
"PI","2026-03-03T04:00:00.000000",2.47087049484253
"PI","2026-03-03T05:00:00.000000",2.38735365867615
"PI","2026-03-03T06:00:00.000000",2.33675742149353
"PI","2026-03-03T07:00:00.000000",2.31885933876038
"PI","2026-03-03T08:00:00.000000",2.31224346160889
"PI","2026-03-03T09:00:00.000000",2.32121515274048
"PI","2026-03-03T10:00:00.000000",2.36348867416382
"PI","2026-03-03T11:00:00.000000",2.44071745872498
"PI","2026-03-03T12:00:00.000000",2.47620368003845
"PI","2026-03-03T13:00:00.000000",2.50230622291565
"PI","2026-03-03T14:00:00.000000",2.51377201080322
"PI","2026-03-03T15:00:00.000000",2.50188946723938
"PI","2026-03-03T16:00:00.000000",2.47390079498291
"PI","2026-03-03T17:00:00.000000",2.42026805877686
"PI","2026-03-03T18:00:00.000000",2.34552574157715
"PI","2026-03-03T19:00:00.000000",2.32503581047058
"PI","2026-03-03T20:00:00.000000",2.32303762435913
"PI","2026-03-03T21:00:00.000000",2.342768907547
"PI","2026-03-03T22:00:00.000000",2.38104844093323
"PI","2026-03-03T23:00:00.000000",2.46274042129517
"PI","2026-03-04T00:00:00.000000",2.4976122379303
"PI","2026-03-04T01:00:00.000000",2.53078293800354
"PI","2026-03-04T02:00:00.000000",2.54271006584167
"PI","2026-03-04T03:00:00.000000",2.54789710044861
"PI","2026-03-04T04:00:00.000000",2.53187036514282
"PI","2026-03-04T05:00:00.000000",2.49220991134644
"PI","2026-03-04T06:00:00.000000",2.44559168815613
"PI","2026-03-04T07:00:00.000000",2.38452196121216
"PI","2026-03-04T08:00:00.000000",2.36537528038025
"PI","2026-03-04T09:00:00.000000",2.37207174301147
"PI","2026-03-04T10:00:00.000000",2.38742089271545
"PI","2026-03-04T11:00:00.000000",2.45454168319702
"PI","2026-03-04T12:00:00.000000",2.47992205619812
"PI","2026-03-04T13:00:00.000000",2.50396323204041
"PI","2026-03-04T14:00:00.000000",2.52029347419739
"PI","2026-03-04T15:00:00.000000",2.53975582122803
"PI","2026-03-04T16:00:00.000000",2.54118418693542
"PI","2026-03-04T17:00:00.000000",2.52565622329712
"PI","2026-03-04T18:00:00.000000",2.49660348892212
"PI","2026-03-04T19:00:00.000000",2.48632860183716
"PI","2026-03-04T20:00:00.000000",2.47342848777771
"PI","2026-03-04T21:00:00.000000",2.46155977249146
"PI","2026-03-04T22:00:00.000000",2.45237851142883
"PI","2026-03-04T23:00:00.000000",2.5414080619812
"PI","2026-03-05T00:00:00.000000",2.60059785842896
"PI","2026-03-05T01:00:00.000000",2.59126901626587
"PI","2026-03-05T02:00:00.000000",2.55798077583313
"PI","2026-03-05T03:00:00.000000",2.5475697517395
"PI","2026-03-05T04:00:00.000000",2.56909465789795
"PI","2026-03-05T05:00:00.000000",2.56909465789795
"PI","2026-03-05T06:00:00.000000",2.56909465789795
"PI","2026-03-05T07:00:00.000000",2.52194929122925
"PI","2026-03-05T08:00:00.000000",2.49457263946533
"PI","2026-03-05T09:00:00.000000",2.47241020202637
"PI","2026-03-05T10:00:00.000000",2.45395183563232
"PI","2026-03-05T11:00:00.000000",2.47997570037842
"PI","2026-03-05T12:00:00.000000",2.51364517211914
"PI","2026-03-05T13:00:00.000000",2.52316927909851
"PI","2026-03-05T14:00:00.000000",2.52674198150635
"PI","2026-03-05T15:00:00.000000",2.52860856056213
"PI","2026-03-05T16:00:00.000000",2.54935359954834
"PI","2026-03-05T17:00:00.000000",2.54470014572144
"PI","2026-03-05T18:00:00.000000",2.48952221870422
"PI","2026-03-05T19:00:00.000000",2.43623232841492
"PI","2026-03-05T20:00:00.000000",2.38177919387817
"PI","2026-03-05T21:00:00.000000",2.36048698425293
"PI","2026-03-05T22:00:00.000000",2.34938812255859
"PI","2026-03-05T23:00:00.000000",2.3708016872406
"PI","2026-03-06T00:00:00.000000",2.4602038860321
"PI","2026-03-06T01:00:00.000000",2.46073222160339
"PI","2026-03-06T02:00:00.000000",2.47332835197449
"PI","2026-03-06T03:00:00.000000",2.47637486457825
"PI","2026-03-06T04:00:00.000000",2.47729802131653
"PI","2026-03-06T05:00:00.000000",2.47839665412903
"PI","2026-03-06T06:00:00.000000",2.47117877006531
"PI","2026-03-06T07:00:00.000000",2.42445349693298
"PI","2026-03-06T08:00:00.000000",2.34991931915283
"PI","2026-03-06T09:00:00.000000",2.32640957832336
"PI","2026-03-06T10:00:00.000000",2.33960509300232
"PI","2026-03-06T11:00:00.000000",2.3341076374054
"PI","2026-03-06T12:00:00.000000",2.32747435569763
"PI","2026-03-06T13:00:00.000000",2.36666321754456
"PI","2026-03-06T14:00:00.000000",2.38531589508057
"PI","2026-03-06T15:00:00.000000",2.38383173942566
"PI","2026-03-06T16:00:00.000000",2.40126371383667
"PI","2026-03-06T17:00:00.000000",2.40269899368286
"PI","2026-03-06T18:00:00.000000",2.40330338478088
"PI","2026-03-06T19:00:00.000000",2.39026308059692
"PI","2026-03-06T20:00:00.000000",2.34051918983459
"PI","2026-03-06T21:00:00.000000",2.30288314819336
"PI","2026-03-06T22:00:00.000000",2.29915857315063
"PI","2026-03-06T23:00:00.000000",2.30184483528137
"PI","2026-03-07T00:00:00.000000",2.32195830345154
"PI","2026-03-07T01:00:00.000000",2.35144090652466
"PI","2026-03-07T02:00:00.000000",2.35689187049866
"PI","2026-03-07T03:00:00.000000",2.34573435783386
"PI","2026-03-07T04:00:00.000000",2.35479402542114
"PI","2026-03-07T05:00:00.000000",2.35479211807251
"PI","2026-03-07T06:00:00.000000",2.35479211807251
"PI","2026-03-07T07:00:00.000000",2.35479164123535
"PI","2026-03-07T08:00:00.000000",2.34369564056396
"PI","2026-03-07T09:00:00.000000",2.31066250801086
"PI","2026-03-07T10:00:00.000000",2.30048680305481
"PI","2026-03-07T11:00:00.000000",2.30016851425171
"PI","2026-03-07T12:00:00.000000",2.31345295906067
"PI","2026-03-07T13:00:00.000000",2.34627652168274
"PI","2026-03-07T14:00:00.000000",2.35141181945801
"PI","2026-03-07T15:00:00.000000",2.3531539440155
"PI","2026-03-07T16:00:00.000000",2.36120676994324
"PI","2026-03-07T17:00:00.000000",2.36744427680969
"PI","2026-03-07T18:00:00.000000",2.38664507865906
"PI","2026-03-07T19:00:00.000000",2.40077805519104
"PI","2026-03-07T20:00:00.000000",2.38183355331421
"PI","2026-03-07T21:00:00.000000",2.37493085861206
"PI","2026-03-07T22:00:00.000000",2.37407636642456
"PI","2026-03-07T23:00:00.000000",2.36985373497009
"PI","2026-03-08T00:00:00.000000",2.36549305915833
"PI","2026-03-08T01:00:00.000000",2.36644291877747
"PI","2026-03-08T02:00:00.000000",2.36811089515686
"PI","2026-03-08T03:00:00.000000",2.372802734375
"PI","2026-03-08T04:00:00.000000",2.38581657409668
"PI","2026-03-08T05:00:00.000000",2.38988065719604
"PI","2026-03-08T06:00:00.000000",2.39246916770935
"PI","2026-03-08T07:00:00.000000",2.40967297554016
"PI","2026-03-08T08:00:00.000000",2.40941143035889
"PI","2026-03-08T09:00:00.000000",2.41242170333862
"PI","2026-03-08T10:00:00.000000",2.40776252746582
"PI","2026-03-08T11:00:00.000000",2.40371966362
"PI","2026-03-08T12:00:00.000000",2.39383363723755
"PI","2026-03-08T13:00:00.000000",2.39074468612671
"PI","2026-03-08T14:00:00.000000",2.37218546867371
"PI","2026-03-08T15:00:00.000000",2.37139678001404
"PI","2026-03-08T16:00:00.000000",2.3887722492218
"PI","2026-03-08T17:00:00.000000",2.40441036224365
"PI","2026-03-08T18:00:00.000000",2.4083616733551
"PI","2026-03-08T19:00:00.000000",2.41806268692017
"PI","2026-03-08T20:00:00.000000",2.4198305606842
"PI","2026-03-08T21:00:00.000000",2.41015291213989
"PI","2026-03-08T22:00:00.000000",2.41024231910706
"PI","2026-03-08T23:00:00.000000",2.4013352394104
"PI","2026-03-09T00:00:00.000000",2.39357423782349
"PI","2026-03-09T01:00:00.000000",2.38921666145325
"PI","2026-03-09T02:00:00.000000",2.38090634346008
"PI","2026-03-09T03:00:00.000000",2.38843965530396
"PI","2026-03-09T04:00:00.000000",2.40074634552002
"PI","2026-03-09T05:00:00.000000",2.41630244255066
"PI","2026-03-09T06:00:00.000000",2.42596387863159
"PI","2026-03-09T07:00:00.000000",2.43244028091431
"PI","2026-03-09T08:00:00.000000",2.43112087249756
"PI","2026-03-09T09:00:00.000000",2.43418550491333
"PI","2026-03-09T10:00:00.000000",2.41632699966431
"PI","2026-03-09T11:00:00.000000",2.39209246635437
"PI","2026-03-09T12:00:00.000000",2.37973761558533
"PI","2026-03-09T13:00:00.000000",2.37396049499512
"PI","2026-03-09T14:00:00.000000",2.3757700920105
"PI","2026-03-09T15:00:00.000000",2.3863799571991
"PI","2026-03-09T16:00:00.000000",2.4164924621582
"PI","2026-03-09T17:00:00.000000",2.46393609046936
"PI","2026-03-09T18:00:00.000000",2.48254203796387
"PI","2026-03-09T19:00:00.000000",2.48724579811096
"PI","2026-03-09T20:00:00.000000",2.54127764701843
"PI","2026-03-09T21:00:00.000000",2.58580589294434
"PI","2026-03-09T22:00:00.000000",2.64382672309875
"PI","2026-03-09T23:00:00.000000",2.65169787406921
"PI","2026-03-10T00:00:00.000000",2.62252235412598
"PI","2026-03-10T01:00:00.000000",2.58823394775391
"PI","2026-03-10T02:00:00.000000",2.55172300338745
"PI","2026-03-10T03:00:00.000000",2.49633622169495
"PI","2026-03-10T04:00:00.000000",2.47909259796143
"PI","2026-03-10T05:00:00.000000",2.48249292373657
"PI","2026-03-10T06:00:00.000000",2.5000524520874
"PI","2026-03-10T07:00:00.000000",2.50623369216919
"PI","2026-03-10T08:00:00.000000",2.51102209091187
"PI","2026-03-10T09:00:00.000000",2.51537466049194
"PI","2026-03-10T10:00:00.000000",2.50549840927124
"PI","2026-03-10T11:00:00.000000",2.46846508979797
"PI","2026-03-10T12:00:00.000000",2.45009779930115
"PI","2026-03-10T13:00:00.000000",2.4377703666687
"PI","2026-03-10T14:00:00.000000",2.43756175041199
"PI","2026-03-10T15:00:00.000000",2.436527967453
"PI","2026-03-10T16:00:00.000000",2.43507480621338
"PI","2026-03-10T17:00:00.000000",2.44473314285278
"PI","2026-03-10T18:00:00.000000",2.47008323669434
"PI","2026-03-10T19:00:00.000000",2.48903799057007
"PI","2026-03-10T20:00:00.000000",2.50219488143921
"PI","2026-03-10T21:00:00.000000",2.5014214515686
"PI","2026-03-10T22:00:00.000000",2.49340343475342
"PI","2026-03-10T23:00:00.000000",2.4841685295105
"PI","2026-03-11T00:00:00.000000",2.47442102432251
"SH","2026-03-03T00:00:00.000000",2.06889486312866
"SH","2026-03-03T01:00:00.000000",2.07124137878418
"SH","2026-03-03T02:00:00.000000",2.06616258621216
"SH","2026-03-03T03:00:00.000000",2.06807088851929
"SH","2026-03-03T04:00:00.000000",2.0693883895874
"SH","2026-03-03T05:00:00.000000",2.06228399276733
"SH","2026-03-03T06:00:00.000000",2.01889276504517
"SH","2026-03-03T07:00:00.000000",1.99799919128418
"SH","2026-03-03T08:00:00.000000",1.97959995269775
"SH","2026-03-03T09:00:00.000000",1.94905018806458
"SH","2026-03-03T10:00:00.000000",1.89047789573669
"SH","2026-03-03T11:00:00.000000",1.87623906135559
"SH","2026-03-03T12:00:00.000000",1.98455333709717
"SH","2026-03-03T13:00:00.000000",2.05818510055542
"SH","2026-03-03T14:00:00.000000",2.0651319026947
"SH","2026-03-03T15:00:00.000000",2.06633591651917
"SH","2026-03-03T16:00:00.000000",2.06815838813782
"SH","2026-03-03T17:00:00.000000",2.07167959213257
"SH","2026-03-03T18:00:00.000000",2.07415342330933
"SH","2026-03-03T19:00:00.000000",2.0567193031311
"SH","2026-03-03T20:00:00.000000",2.01677656173706
"SH","2026-03-03T21:00:00.000000",1.94990599155426
"SH","2026-03-03T22:00:00.000000",1.89052188396454
"SH","2026-03-03T23:00:00.000000",1.87685430049896
"SH","2026-03-04T00:00:00.000000",1.91261351108551
"SH","2026-03-04T01:00:00.000000",2.01861548423767
"SH","2026-03-04T02:00:00.000000",2.06344842910767
"SH","2026-03-04T03:00:00.000000",2.06577897071838
"SH","2026-03-04T04:00:00.000000",2.06679940223694
"SH","2026-03-04T05:00:00.000000",2.06676435470581
"SH","2026-03-04T06:00:00.000000",2.06517004966736
"SH","2026-03-04T07:00:00.000000",2.05305790901184
"SH","2026-03-04T08:00:00.000000",2.01648926734924
"SH","2026-03-04T09:00:00.000000",1.97138679027557
"SH","2026-03-04T10:00:00.000000",1.86223685741425
"SH","2026-03-04T11:00:00.000000",1.82705461978912
"SH","2026-03-04T12:00:00.000000",1.85747981071472
"SH","2026-03-04T13:00:00.000000",2.02355194091797
"SH","2026-03-04T14:00:00.000000",2.07192730903625
"SH","2026-03-04T15:00:00.000000",2.08018565177917
"SH","2026-03-04T16:00:00.000000",2.08683776855469
"SH","2026-03-04T17:00:00.000000",2.09333777427673
"SH","2026-03-04T18:00:00.000000",2.1087064743042
"SH","2026-03-04T19:00:00.000000",2.13839840888977
"SH","2026-03-04T20:00:00.000000",2.11226940155029
"SH","2026-03-04T21:00:00.000000",2.06417202949524
"SH","2026-03-04T22:00:00.000000",2.0000479221344
"SH","2026-03-04T23:00:00.000000",1.95252239704132
"SH","2026-03-05T00:00:00.000000",1.95842182636261
"SH","2026-03-05T01:00:00.000000",2.05036902427673
"SH","2026-03-05T02:00:00.000000",2.12367343902588
"SH","2026-03-05T03:00:00.000000",2.12636017799377
"SH","2026-03-05T04:00:00.000000",2.12074089050293
"SH","2026-03-05T05:00:00.000000",2.11802077293396
"SH","2026-03-05T06:00:00.000000",2.12062931060791
"SH","2026-03-05T07:00:00.000000",2.1338803768158
"SH","2026-03-05T08:00:00.000000",2.13162326812744
"SH","2026-03-05T09:00:00.000000",2.09625101089478
"SH","2026-03-05T10:00:00.000000",2.06465864181519
"SH","2026-03-05T11:00:00.000000",2.00353121757507
"SH","2026-03-05T12:00:00.000000",1.96963179111481
"SH","2026-03-05T13:00:00.000000",1.95926237106323
"SH","2026-03-05T14:00:00.000000",2.08019089698792
"SH","2026-03-05T15:00:00.000000",2.11283993721008
"SH","2026-03-05T16:00:00.000000",2.11585783958435
"SH","2026-03-05T17:00:00.000000",2.11595416069031
"SH","2026-03-05T18:00:00.000000",2.11829304695129
"SH","2026-03-05T19:00:00.000000",2.13144063949585
"SH","2026-03-05T20:00:00.000000",2.13877701759338
"SH","2026-03-05T21:00:00.000000",2.11051845550537
"SH","2026-03-05T22:00:00.000000",2.08078503608704
"SH","2026-03-05T23:00:00.000000",2.03827595710754
"SH","2026-03-06T00:00:00.000000",1.97743880748749
"SH","2026-03-06T01:00:00.000000",1.96295320987701
"SH","2026-03-06T02:00:00.000000",2.08030867576599
"SH","2026-03-06T03:00:00.000000",2.14521145820618
"SH","2026-03-06T04:00:00.000000",2.15720129013062
"SH","2026-03-06T05:00:00.000000",2.16481781005859
"SH","2026-03-06T06:00:00.000000",2.16690325737
"SH","2026-03-06T07:00:00.000000",2.16503357887268
"SH","2026-03-06T08:00:00.000000",2.15786647796631
"SH","2026-03-06T09:00:00.000000",2.12851095199585
"SH","2026-03-06T10:00:00.000000",2.08383584022522
"SH","2026-03-06T11:00:00.000000",2.02804255485535
"SH","2026-03-06T12:00:00.000000",1.93388628959656
"SH","2026-03-06T13:00:00.000000",1.91063046455383
"SH","2026-03-06T14:00:00.000000",2.04921793937683
"SH","2026-03-06T15:00:00.000000",2.19235515594482
"SH","2026-03-06T16:00:00.000000",2.20707893371582
"SH","2026-03-06T17:00:00.000000",2.20975995063782
"SH","2026-03-06T18:00:00.000000",2.21212100982666
"SH","2026-03-06T19:00:00.000000",2.21556162834167
"SH","2026-03-06T20:00:00.000000",2.22008514404297
"SH","2026-03-06T21:00:00.000000",2.20045709609985
"SH","2026-03-06T22:00:00.000000",2.1446681022644
"SH","2026-03-06T23:00:00.000000",2.10286402702332
"SH","2026-03-07T00:00:00.000000",2.05666446685791
"SH","2026-03-07T01:00:00.000000",2.05093431472778
"SH","2026-03-07T02:00:00.000000",2.13225698471069
"SH","2026-03-07T03:00:00.000000",2.22394037246704
"SH","2026-03-07T04:00:00.000000",2.23344612121582
"SH","2026-03-07T05:00:00.000000",2.23079180717468
"SH","2026-03-07T06:00:00.000000",2.22794246673584
"SH","2026-03-07T07:00:00.000000",2.22919297218323
"SH","2026-03-07T08:00:00.000000",2.23431730270386
"SH","2026-03-07T09:00:00.000000",2.23296880722046
"SH","2026-03-07T10:00:00.000000",2.19559478759766
"SH","2026-03-07T11:00:00.000000",2.15475153923035
"SH","2026-03-07T12:00:00.000000",2.08818411827087
"SH","2026-03-07T13:00:00.000000",2.05115628242493
"SH","2026-03-07T14:00:00.000000",2.08430075645447
"SH","2026-03-07T15:00:00.000000",2.19335103034973
"SH","2026-03-07T16:00:00.000000",2.22764158248901
"SH","2026-03-07T17:00:00.000000",2.23040461540222
"SH","2026-03-07T18:00:00.000000",2.22780323028564
"SH","2026-03-07T19:00:00.000000",2.22964811325073
"SH","2026-03-07T20:00:00.000000",2.25157928466797
"SH","2026-03-07T21:00:00.000000",2.28971576690674
"SH","2026-03-07T22:00:00.000000",2.27530884742737
"SH","2026-03-07T23:00:00.000000",2.23643398284912
"SH","2026-03-08T00:00:00.000000",2.20935487747192
"SH","2026-03-08T01:00:00.000000",2.17316508293152
"SH","2026-03-08T02:00:00.000000",2.17041897773743
"SH","2026-03-08T03:00:00.000000",2.21091437339783
"SH","2026-03-08T04:00:00.000000",2.2189667224884
"SH","2026-03-08T05:00:00.000000",2.20892119407654
"SH","2026-03-08T06:00:00.000000",2.20300006866455
"SH","2026-03-08T07:00:00.000000",2.20212531089783
"SH","2026-03-08T08:00:00.000000",2.21489357948303
"SH","2026-03-08T09:00:00.000000",2.23555278778076
"SH","2026-03-08T10:00:00.000000",2.2340714931488
"SH","2026-03-08T11:00:00.000000",2.21724557876587
"SH","2026-03-08T12:00:00.000000",2.20027780532837
"SH","2026-03-08T13:00:00.000000",2.14759469032288
"SH","2026-03-08T14:00:00.000000",2.12899351119995
"SH","2026-03-08T15:00:00.000000",2.14795160293579
"SH","2026-03-08T16:00:00.000000",2.19149875640869
"SH","2026-03-08T17:00:00.000000",2.19709825515747
"SH","2026-03-08T18:00:00.000000",2.19206237792969
"SH","2026-03-08T19:00:00.000000",2.18715786933899
"SH","2026-03-08T20:00:00.000000",2.18898344039917
"SH","2026-03-08T21:00:00.000000",2.21166443824768
"SH","2026-03-08T22:00:00.000000",2.24131393432617
"SH","2026-03-08T23:00:00.000000",2.23640847206116
"SH","2026-03-09T00:00:00.000000",2.23110508918762
"SH","2026-03-09T01:00:00.000000",2.22153401374817
"SH","2026-03-09T02:00:00.000000",2.21551394462585
"SH","2026-03-09T03:00:00.000000",2.21328997612
"SH","2026-03-09T04:00:00.000000",2.23090100288391
"SH","2026-03-09T05:00:00.000000",2.24480891227722
"SH","2026-03-09T06:00:00.000000",2.24619507789612
"SH","2026-03-09T07:00:00.000000",2.24088859558105
"SH","2026-03-09T08:00:00.000000",2.24062418937683
"SH","2026-03-09T09:00:00.000000",2.25691938400269
"SH","2026-03-09T10:00:00.000000",2.2876148223877
"SH","2026-03-09T11:00:00.000000",2.27912831306458
"SH","2026-03-09T12:00:00.000000",2.25690007209778
"SH","2026-03-09T13:00:00.000000",2.23662567138672
"SH","2026-03-09T14:00:00.000000",2.22187089920044
"SH","2026-03-09T15:00:00.000000",2.22935557365417
"SH","2026-03-09T16:00:00.000000",2.26327419281006
"SH","2026-03-09T17:00:00.000000",2.29955410957336
"SH","2026-03-09T18:00:00.000000",2.31255722045898
"SH","2026-03-09T19:00:00.000000",2.30596470832825
"SH","2026-03-09T20:00:00.000000",2.30327105522156
"SH","2026-03-09T21:00:00.000000",2.32007479667664
"SH","2026-03-09T22:00:00.000000",2.41634178161621
"SH","2026-03-09T23:00:00.000000",2.43943619728088
"SH","2026-03-10T00:00:00.000000",2.41477251052856
"SH","2026-03-10T01:00:00.000000",2.39167451858521
"SH","2026-03-10T02:00:00.000000",2.38189435005188
"SH","2026-03-10T03:00:00.000000",2.37765312194824
"SH","2026-03-10T04:00:00.000000",2.36722993850708
"SH","2026-03-10T05:00:00.000000",2.33410954475403
"SH","2026-03-10T06:00:00.000000",2.30111646652222
"SH","2026-03-10T07:00:00.000000",2.28425574302673
"SH","2026-03-10T08:00:00.000000",2.27722930908203
"SH","2026-03-10T09:00:00.000000",2.27833724021912
"SH","2026-03-10T10:00:00.000000",2.31271910667419
"SH","2026-03-10T11:00:00.000000",2.33159446716309
"SH","2026-03-10T12:00:00.000000",2.33067035675049
"SH","2026-03-10T13:00:00.000000",2.32968854904175
"SH","2026-03-10T14:00:00.000000",2.32352948188782
"SH","2026-03-10T15:00:00.000000",2.31901550292969
"SH","2026-03-10T16:00:00.000000",2.32158017158508
"SH","2026-03-10T17:00:00.000000",2.3279230594635
"SH","2026-03-10T18:00:00.000000",2.32055473327637
"SH","2026-03-10T19:00:00.000000",2.30833745002747
"SH","2026-03-10T20:00:00.000000",2.29634094238281
"SH","2026-03-10T21:00:00.000000",2.29272556304932
"SH","2026-03-10T22:00:00.000000",2.31152749061584
"SH","2026-03-10T23:00:00.000000",2.37549304962158
"SH","2026-03-11T00:00:00.000000",2.39522552490234
"WB","2026-03-03T00:00:00.000000",2.78460669517517
"WB","2026-03-03T01:00:00.000000",2.77688574790955
"WB","2026-03-03T02:00:00.000000",2.76855897903442
"WB","2026-03-03T03:00:00.000000",2.75901818275452
"WB","2026-03-03T04:00:00.000000",2.7313711643219
"WB","2026-03-03T05:00:00.000000",2.69934678077698
"WB","2026-03-03T06:00:00.000000",2.66242933273315
"WB","2026-03-03T07:00:00.000000",2.64539480209351
"WB","2026-03-03T08:00:00.000000",2.62342858314514
"WB","2026-03-03T09:00:00.000000",2.60149264335632
"WB","2026-03-03T10:00:00.000000",2.58553814888
"WB","2026-03-03T11:00:00.000000",2.58049178123474
"WB","2026-03-03T12:00:00.000000",2.58077955245972
"WB","2026-03-03T13:00:00.000000",2.57979369163513
"WB","2026-03-03T14:00:00.000000",2.57552361488342
"WB","2026-03-03T15:00:00.000000",2.57098889350891
"WB","2026-03-03T16:00:00.000000",2.56462383270264
"WB","2026-03-03T17:00:00.000000",2.55035853385925
"WB","2026-03-03T18:00:00.000000",2.52942657470703
"WB","2026-03-03T19:00:00.000000",2.52504563331604
"WB","2026-03-03T20:00:00.000000",2.52748084068298
"WB","2026-03-03T21:00:00.000000",2.53447151184082
"WB","2026-03-03T22:00:00.000000",2.53562760353088
"WB","2026-03-03T23:00:00.000000",2.53322410583496
"WB","2026-03-04T00:00:00.000000",2.52983522415161
"WB","2026-03-04T01:00:00.000000",2.52556872367859
"WB","2026-03-04T02:00:00.000000",2.5214536190033
"WB","2026-03-04T03:00:00.000000",2.51890206336975
"WB","2026-03-04T04:00:00.000000",2.51534938812256
"WB","2026-03-04T05:00:00.000000",2.50891017913818
"WB","2026-03-04T06:00:00.000000",2.50488114356995
"WB","2026-03-04T07:00:00.000000",2.50493097305298
"WB","2026-03-04T08:00:00.000000",2.5066123008728
"WB","2026-03-04T09:00:00.000000",2.50800538063049
"WB","2026-03-04T10:00:00.000000",2.51151323318481
"WB","2026-03-04T11:00:00.000000",2.51432847976685
"WB","2026-03-04T12:00:00.000000",2.51837420463562
"WB","2026-03-04T13:00:00.000000",2.52242279052734
"WB","2026-03-04T14:00:00.000000",2.53549575805664
"WB","2026-03-04T15:00:00.000000",2.55031538009644
"WB","2026-03-04T16:00:00.000000",2.56340479850769
"WB","2026-03-04T17:00:00.000000",2.57633256912231
"WB","2026-03-04T18:00:00.000000",2.58730316162109
"WB","2026-03-04T19:00:00.000000",2.60017848014832
"WB","2026-03-04T20:00:00.000000",2.61215090751648
"WB","2026-03-04T21:00:00.000000",2.61670899391174
"WB","2026-03-04T22:00:00.000000",2.62224149703979
"WB","2026-03-04T23:00:00.000000",2.62073302268982
"WB","2026-03-05T00:00:00.000000",2.61595821380615
"WB","2026-03-05T01:00:00.000000",2.61013579368591
"WB","2026-03-05T02:00:00.000000",2.61504793167114
"WB","2026-03-05T03:00:00.000000",2.62223124504089
"WB","2026-03-05T04:00:00.000000",2.62892293930054
"WB","2026-03-05T05:00:00.000000",2.63285517692566
"WB","2026-03-05T06:00:00.000000",2.63621592521667
"WB","2026-03-05T07:00:00.000000",2.60646367073059
"WB","2026-03-05T08:00:00.000000",2.59835600852966
"WB","2026-03-05T09:00:00.000000",2.59486317634583
"WB","2026-03-05T10:00:00.000000",2.59416890144348
"WB","2026-03-05T11:00:00.000000",2.59448289871216
"WB","2026-03-05T12:00:00.000000",2.6012237071991
"WB","2026-03-05T13:00:00.000000",2.60441517829895
"WB","2026-03-05T14:00:00.000000",2.60199570655823
"WB","2026-03-05T15:00:00.000000",2.60310101509094
"WB","2026-03-05T16:00:00.000000",2.61147356033325
"WB","2026-03-05T17:00:00.000000",2.61625623703003
"WB","2026-03-05T18:00:00.000000",2.61851263046265
"WB","2026-03-05T19:00:00.000000",2.53709888458252
"WB","2026-03-05T20:00:00.000000",2.50791239738464
"WB","2026-03-05T21:00:00.000000",2.51614499092102
"WB","2026-03-05T22:00:00.000000",2.53096532821655
"WB","2026-03-05T23:00:00.000000",2.54514575004578
"WB","2026-03-06T00:00:00.000000",2.55878162384033
"WB","2026-03-06T01:00:00.000000",2.54049038887024
"WB","2026-03-06T02:00:00.000000",2.54234552383423
"WB","2026-03-06T03:00:00.000000",2.56561994552612
"WB","2026-03-06T04:00:00.000000",2.58846282958984
"WB","2026-03-06T05:00:00.000000",2.60189485549927
"WB","2026-03-06T06:00:00.000000",2.60615992546082
"WB","2026-03-06T07:00:00.000000",2.60265445709229
"WB","2026-03-06T08:00:00.000000",2.59458494186401
"WB","2026-03-06T09:00:00.000000",2.58897423744202
"WB","2026-03-06T10:00:00.000000",2.58664608001709
"WB","2026-03-06T11:00:00.000000",2.58704590797424
"WB","2026-03-06T12:00:00.000000",2.59536004066467
"WB","2026-03-06T13:00:00.000000",2.6102614402771
"WB","2026-03-06T14:00:00.000000",2.62154102325439
"WB","2026-03-06T15:00:00.000000",2.62789249420166
"WB","2026-03-06T16:00:00.000000",2.63160729408264
"WB","2026-03-06T17:00:00.000000",2.63482570648193
"WB","2026-03-06T18:00:00.000000",2.63831067085266
"WB","2026-03-06T19:00:00.000000",2.64234614372253
"WB","2026-03-06T20:00:00.000000",2.64672183990479
"WB","2026-03-06T21:00:00.000000",2.65037894248962
"WB","2026-03-06T22:00:00.000000",2.65265345573425
"WB","2026-03-06T23:00:00.000000",2.65445876121521
"WB","2026-03-07T00:00:00.000000",2.65496778488159
"WB","2026-03-07T01:00:00.000000",2.65821146965027
"WB","2026-03-07T02:00:00.000000",2.66120600700378
"WB","2026-03-07T03:00:00.000000",2.66659021377563
"WB","2026-03-07T04:00:00.000000",2.67266225814819
"WB","2026-03-07T05:00:00.000000",2.67864155769348
"WB","2026-03-07T06:00:00.000000",2.68528175354004
"WB","2026-03-07T07:00:00.000000",2.69231081008911
"WB","2026-03-07T08:00:00.000000",2.70002055168152
"WB","2026-03-07T09:00:00.000000",2.70402455329895
"WB","2026-03-07T10:00:00.000000",2.7023937702179
"WB","2026-03-07T11:00:00.000000",2.69833278656006
"WB","2026-03-07T12:00:00.000000",2.6957426071167
"WB","2026-03-07T13:00:00.000000",2.69434189796448
"WB","2026-03-07T14:00:00.000000",2.6995575428009
"WB","2026-03-07T15:00:00.000000",2.7094509601593
"WB","2026-03-07T16:00:00.000000",2.71946215629578
"WB","2026-03-07T17:00:00.000000",2.72956252098083
"WB","2026-03-07T18:00:00.000000",2.73896431922913
"WB","2026-03-07T19:00:00.000000",2.74580264091492
"WB","2026-03-07T20:00:00.000000",2.7536244392395
"WB","2026-03-07T21:00:00.000000",2.76295828819275
"WB","2026-03-07T22:00:00.000000",2.76323294639587
"WB","2026-03-07T23:00:00.000000",2.76116585731506
"WB","2026-03-08T00:00:00.000000",2.75419569015503
"WB","2026-03-08T01:00:00.000000",2.7476167678833
"WB","2026-03-08T02:00:00.000000",2.75100255012512
"WB","2026-03-08T03:00:00.000000",2.76413226127625
"WB","2026-03-08T04:00:00.000000",2.77311849594116
"WB","2026-03-08T05:00:00.000000",2.77527046203613
"WB","2026-03-08T06:00:00.000000",2.77546286582947
"WB","2026-03-08T07:00:00.000000",2.77462387084961
"WB","2026-03-08T08:00:00.000000",2.77442479133606
"WB","2026-03-08T09:00:00.000000",2.77795028686523
"WB","2026-03-08T10:00:00.000000",2.77700257301331
"WB","2026-03-08T11:00:00.000000",2.76950550079346
"WB","2026-03-08T12:00:00.000000",2.75318479537964
"WB","2026-03-08T13:00:00.000000",2.73604106903076
"WB","2026-03-08T14:00:00.000000",2.73434352874756
"WB","2026-03-08T15:00:00.000000",2.74797129631042
"WB","2026-03-08T16:00:00.000000",2.76111626625061
"WB","2026-03-08T17:00:00.000000",2.76072931289673
"WB","2026-03-08T18:00:00.000000",2.75550889968872
"WB","2026-03-08T19:00:00.000000",2.75014638900757
"WB","2026-03-08T20:00:00.000000",2.74674701690674
"WB","2026-03-08T21:00:00.000000",2.74747467041016
"WB","2026-03-08T22:00:00.000000",2.74862241744995
"WB","2026-03-08T23:00:00.000000",2.74019956588745
"WB","2026-03-09T00:00:00.000000",2.72758817672729
"WB","2026-03-09T01:00:00.000000",2.71802306175232
"WB","2026-03-09T02:00:00.000000",2.71376204490662
"WB","2026-03-09T03:00:00.000000",2.71474313735962
"WB","2026-03-09T04:00:00.000000",2.71831583976746
"WB","2026-03-09T05:00:00.000000",2.7187237739563
"WB","2026-03-09T06:00:00.000000",2.71577310562134
"WB","2026-03-09T07:00:00.000000",2.71270823478699
"WB","2026-03-09T08:00:00.000000",2.71114134788513
"WB","2026-03-09T09:00:00.000000",2.71127843856812
"WB","2026-03-09T10:00:00.000000",2.71020030975342
"WB","2026-03-09T11:00:00.000000",2.69752955436707
"WB","2026-03-09T12:00:00.000000",2.6789219379425
"WB","2026-03-09T13:00:00.000000",2.66495513916016
"WB","2026-03-09T14:00:00.000000",2.65914678573608
"WB","2026-03-09T15:00:00.000000",2.66538166999817
"WB","2026-03-09T16:00:00.000000",2.68146228790283
"WB","2026-03-09T17:00:00.000000",2.69565176963806
"WB","2026-03-09T18:00:00.000000",2.70549654960632
"WB","2026-03-09T19:00:00.000000",2.71216726303101
"WB","2026-03-09T20:00:00.000000",2.71746683120728
"WB","2026-03-09T21:00:00.000000",2.72609519958496
"WB","2026-03-09T22:00:00.000000",2.79683327674866
"WB","2026-03-09T23:00:00.000000",2.83021903038025
"WB","2026-03-10T00:00:00.000000",2.83980345726013
"WB","2026-03-10T01:00:00.000000",2.83895754814148
"WB","2026-03-10T02:00:00.000000",2.82916641235352
"WB","2026-03-10T03:00:00.000000",2.81476092338562
"WB","2026-03-10T04:00:00.000000",2.80780339241028
"WB","2026-03-10T05:00:00.000000",2.80840730667114
"WB","2026-03-10T06:00:00.000000",2.80127668380737
"WB","2026-03-10T07:00:00.000000",2.78929662704468
"WB","2026-03-10T08:00:00.000000",2.77744102478027
"WB","2026-03-10T09:00:00.000000",2.76787543296814
"WB","2026-03-10T10:00:00.000000",2.75871586799622
"WB","2026-03-10T11:00:00.000000",2.74291205406189
"WB","2026-03-10T12:00:00.000000",2.72039866447449
"WB","2026-03-10T13:00:00.000000",2.69070792198181
"WB","2026-03-10T14:00:00.000000",2.67130732536316
"WB","2026-03-10T15:00:00.000000",2.66487836837769
"WB","2026-03-10T16:00:00.000000",2.67261266708374
"WB","2026-03-10T17:00:00.000000",2.68609189987183
"WB","2026-03-10T18:00:00.000000",2.69399619102478
"WB","2026-03-10T19:00:00.000000",2.69743037223816
"WB","2026-03-10T20:00:00.000000",2.69935584068298
"WB","2026-03-10T21:00:00.000000",2.69972896575928
"WB","2026-03-10T22:00:00.000000",2.69820427894592
"WB","2026-03-10T23:00:00.000000",2.70236420631409
"WB","2026-03-11T00:00:00.000000",2.70770764350891
"CL","2026-03-03T00:00:00.000000",1.98876929283142
"CL","2026-03-03T01:00:00.000000",1.985844373703
"CL","2026-03-03T02:00:00.000000",1.98662757873535
"CL","2026-03-03T03:00:00.000000",1.97317278385162
"CL","2026-03-03T04:00:00.000000",1.9723447561264
"CL","2026-03-03T05:00:00.000000",1.96508955955505
"CL","2026-03-03T06:00:00.000000",1.93199563026428
"CL","2026-03-03T07:00:00.000000",1.92078566551208
"CL","2026-03-03T08:00:00.000000",1.91734480857849
"CL","2026-03-03T09:00:00.000000",1.88275837898254
"CL","2026-03-03T10:00:00.000000",1.86078929901123
"CL","2026-03-03T11:00:00.000000",1.84801352024078
"CL","2026-03-03T12:00:00.000000",1.84794640541077
"CL","2026-03-03T13:00:00.000000",1.84777176380157
"CL","2026-03-03T14:00:00.000000",1.84722280502319
"CL","2026-03-03T15:00:00.000000",1.85135889053345
"CL","2026-03-03T16:00:00.000000",1.86521232128143
"CL","2026-03-03T17:00:00.000000",1.87845778465271
"CL","2026-03-03T18:00:00.000000",1.89311587810516
"CL","2026-03-03T19:00:00.000000",1.9004784822464
"CL","2026-03-03T20:00:00.000000",1.90318298339844
"CL","2026-03-03T21:00:00.000000",1.89652872085571
"CL","2026-03-03T22:00:00.000000",1.90335643291473
"CL","2026-03-03T23:00:00.000000",1.91394352912903
"CL","2026-03-04T00:00:00.000000",1.91357016563416
"CL","2026-03-04T01:00:00.000000",1.90955460071564
"CL","2026-03-04T02:00:00.000000",1.90793228149414
"CL","2026-03-04T03:00:00.000000",1.90358793735504
"CL","2026-03-04T04:00:00.000000",1.88847994804382
"CL","2026-03-04T05:00:00.000000",1.87663781642914
"CL","2026-03-04T06:00:00.000000",1.87063241004944
"CL","2026-03-04T07:00:00.000000",1.86825346946716
"CL","2026-03-04T08:00:00.000000",1.86729407310486
"CL","2026-03-04T09:00:00.000000",1.86918890476227
"CL","2026-03-04T10:00:00.000000",1.88912010192871
"CL","2026-03-04T11:00:00.000000",1.89184546470642
"CL","2026-03-04T12:00:00.000000",1.89183509349823
"CL","2026-03-04T13:00:00.000000",1.89464890956879
"CL","2026-03-04T14:00:00.000000",1.89839375019073
"CL","2026-03-04T15:00:00.000000",1.90070903301239
"CL","2026-03-04T16:00:00.000000",1.91202974319458
"CL","2026-03-04T17:00:00.000000",1.91587162017822
"CL","2026-03-04T18:00:00.000000",1.90252757072449
"CL","2026-03-04T19:00:00.000000",1.89414918422699
"CL","2026-03-04T20:00:00.000000",1.89426743984222
"CL","2026-03-04T21:00:00.000000",1.90186095237732
"CL","2026-03-04T22:00:00.000000",1.97555232048035
"CL","2026-03-04T23:00:00.000000",1.98649454116821
"CL","2026-03-05T00:00:00.000000",1.9914835691452
"CL","2026-03-05T01:00:00.000000",1.98216211795807
"CL","2026-03-05T02:00:00.000000",1.97492551803589
"CL","2026-03-05T03:00:00.000000",1.98718404769897
"CL","2026-03-05T04:00:00.000000",1.98590540885925
"CL","2026-03-05T05:00:00.000000",1.96043491363525
"CL","2026-03-05T06:00:00.000000",1.91343593597412
"CL","2026-03-05T07:00:00.000000",1.8994505405426
"CL","2026-03-05T08:00:00.000000",1.895623087883
"CL","2026-03-05T09:00:00.000000",1.8926442861557
"CL","2026-03-05T10:00:00.000000",1.91392922401428
"CL","2026-03-05T11:00:00.000000",2.0575122833252
"CL","2026-03-05T12:00:00.000000",2.07484245300293
"CL","2026-03-05T13:00:00.000000",2.07108950614929
"CL","2026-03-05T14:00:00.000000",2.06518459320068
"CL","2026-03-05T15:00:00.000000",2.06024575233459
"CL","2026-03-05T16:00:00.000000",2.0625946521759
"CL","2026-03-05T17:00:00.000000",2.06116914749146
"CL","2026-03-05T18:00:00.000000",2.03897666931152
"CL","2026-03-05T19:00:00.000000",2.00703477859497
"CL","2026-03-05T20:00:00.000000",2.01526379585266
"CL","2026-03-05T21:00:00.000000",1.99893295764923
"CL","2026-03-05T22:00:00.000000",2.06055808067322
"CL","2026-03-05T23:00:00.000000",2.07573819160461
"CL","2026-03-06T00:00:00.000000",2.07489991188049
"CL","2026-03-06T01:00:00.000000",2.0730607509613
"CL","2026-03-06T02:00:00.000000",2.07131147384644
"CL","2026-03-06T03:00:00.000000",2.06931853294373
"CL","2026-03-06T04:00:00.000000",2.06601047515869
"CL","2026-03-06T05:00:00.000000",2.05657458305359
"CL","2026-03-06T06:00:00.000000",2.02806878089905
"CL","2026-03-06T07:00:00.000000",1.98456871509552
"CL","2026-03-06T08:00:00.000000",1.96891975402832
"CL","2026-03-06T09:00:00.000000",1.92879295349121
"CL","2026-03-06T10:00:00.000000",1.98964500427246
"CL","2026-03-06T11:00:00.000000",2.06218385696411
"CL","2026-03-06T12:00:00.000000",2.06803274154663
"CL","2026-03-06T13:00:00.000000",2.06600975990295
"CL","2026-03-06T14:00:00.000000",2.06600499153137
"CL","2026-03-06T15:00:00.000000",2.06811952590942
"CL","2026-03-06T16:00:00.000000",2.07320117950439
"CL","2026-03-06T17:00:00.000000",2.07850694656372
"CL","2026-03-06T18:00:00.000000",2.07776498794556
"CL","2026-03-06T19:00:00.000000",2.05792570114136
"CL","2026-03-06T20:00:00.000000",2.04029178619385
"CL","2026-03-06T21:00:00.000000",2.03255033493042
"CL","2026-03-06T22:00:00.000000",2.01795363426208
"CL","2026-03-06T23:00:00.000000",2.09924912452698
"CL","2026-03-07T00:00:00.000000",2.10781788825989
"CL","2026-03-07T01:00:00.000000",2.10402536392212
"CL","2026-03-07T02:00:00.000000",2.1010479927063
"CL","2026-03-07T03:00:00.000000",2.099205493927
"CL","2026-03-07T04:00:00.000000",2.10033369064331
"CL","2026-03-07T05:00:00.000000",2.1049542427063
"CL","2026-03-07T06:00:00.000000",2.10487723350525
"CL","2026-03-07T07:00:00.000000",2.0828869342804
"CL","2026-03-07T08:00:00.000000",2.05138158798218
"CL","2026-03-07T09:00:00.000000",2.04993867874146
"CL","2026-03-07T10:00:00.000000",2.01838159561157
"CL","2026-03-07T11:00:00.000000",2.04182815551758
"CL","2026-03-07T12:00:00.000000",2.05796456336975
"CL","2026-03-07T13:00:00.000000",2.04365038871765
"CL","2026-03-07T14:00:00.000000",2.03636693954468
"CL","2026-03-07T15:00:00.000000",2.04124641418457
"CL","2026-03-07T16:00:00.000000",2.0434787273407
"CL","2026-03-07T17:00:00.000000",2.04448747634888
"CL","2026-03-07T18:00:00.000000",2.06003856658936
"CL","2026-03-07T19:00:00.000000",2.05653929710388
"CL","2026-03-07T20:00:00.000000",2.03677701950073
"CL","2026-03-07T21:00:00.000000",2.03471326828003
"CL","2026-03-07T22:00:00.000000",2.0302460193634
"CL","2026-03-07T23:00:00.000000",2.03139281272888
"CL","2026-03-08T00:00:00.000000",2.01158118247986
"CL","2026-03-08T01:00:00.000000",2.00806093215942
"CL","2026-03-08T02:00:00.000000",2.00281429290771
"CL","2026-03-08T03:00:00.000000",2.00031161308289
"CL","2026-03-08T04:00:00.000000",1.99982976913452
"CL","2026-03-08T05:00:00.000000",2.0023033618927
"CL","2026-03-08T06:00:00.000000",2.01004648208618
"CL","2026-03-08T07:00:00.000000",2.0153374671936
"CL","2026-03-08T08:00:00.000000",2.01258182525635
"CL","2026-03-08T09:00:00.000000",2.00360655784607
"CL","2026-03-08T10:00:00.000000",2.00128889083862
"CL","2026-03-08T11:00:00.000000",1.99271845817566
"CL","2026-03-08T12:00:00.000000",2.02132558822632
"CL","2026-03-08T13:00:00.000000",2.03994679450989
"CL","2026-03-08T14:00:00.000000",2.04246687889099
"CL","2026-03-08T15:00:00.000000",2.04482507705688
"CL","2026-03-08T16:00:00.000000",2.04462504386902
"CL","2026-03-08T17:00:00.000000",2.04872918128967
"CL","2026-03-08T18:00:00.000000",2.05519890785217
"CL","2026-03-08T19:00:00.000000",2.03117036819458
"CL","2026-03-08T20:00:00.000000",1.98907554149628
"CL","2026-03-08T21:00:00.000000",1.96805894374847
"CL","2026-03-08T22:00:00.000000",1.96390855312347
"CL","2026-03-08T23:00:00.000000",1.96893692016602
"CL","2026-03-09T00:00:00.000000",2.03374028205872
"CL","2026-03-09T01:00:00.000000",2.07737445831299
"CL","2026-03-09T02:00:00.000000",2.07609105110168
"CL","2026-03-09T03:00:00.000000",2.07532286643982
"CL","2026-03-09T04:00:00.000000",2.07457327842712
"CL","2026-03-09T05:00:00.000000",2.07406139373779
"CL","2026-03-09T06:00:00.000000",2.07635068893433
"CL","2026-03-09T07:00:00.000000",2.0771050453186
"CL","2026-03-09T08:00:00.000000",2.07012414932251
"CL","2026-03-09T09:00:00.000000",2.03855586051941
"CL","2026-03-09T10:00:00.000000",2.03238415718079
"CL","2026-03-09T11:00:00.000000",2.01481509208679
"CL","2026-03-09T12:00:00.000000",2.01486301422119
"CL","2026-03-09T13:00:00.000000",2.05401635169983
"CL","2026-03-09T14:00:00.000000",2.05382061004639
"CL","2026-03-09T15:00:00.000000",2.05324268341064
"CL","2026-03-09T16:00:00.000000",2.05897092819214
"CL","2026-03-09T17:00:00.000000",2.06632542610168
"CL","2026-03-09T18:00:00.000000",2.07487273216248
"CL","2026-03-09T19:00:00.000000",2.09056735038757
"CL","2026-03-09T20:00:00.000000",2.0799286365509
"CL","2026-03-09T21:00:00.000000",2.05307126045227
"CL","2026-03-09T22:00:00.000000",2.07288527488708
"CL","2026-03-09T23:00:00.000000",2.09715270996094
"CL","2026-03-10T00:00:00.000000",2.10178565979004
"CL","2026-03-10T01:00:00.000000",2.16470623016357
"CL","2026-03-10T02:00:00.000000",2.18618845939636
"CL","2026-03-10T03:00:00.000000",2.19014024734497
"CL","2026-03-10T04:00:00.000000",2.18022918701172
"CL","2026-03-10T05:00:00.000000",2.16919565200806
"CL","2026-03-10T06:00:00.000000",2.16709685325623
"CL","2026-03-10T07:00:00.000000",2.18162322044373
"CL","2026-03-10T08:00:00.000000",2.18670535087585
"CL","2026-03-10T09:00:00.000000",2.17607378959656
"CL","2026-03-10T10:00:00.000000",2.15314245223999
"CL","2026-03-10T11:00:00.000000",2.14125919342041
"CL","2026-03-10T12:00:00.000000",2.12766742706299
"CL","2026-03-10T13:00:00.000000",2.13748645782471
"CL","2026-03-10T14:00:00.000000",2.14930868148804
"CL","2026-03-10T15:00:00.000000",2.13475275039673
"CL","2026-03-10T16:00:00.000000",2.13083791732788
"CL","2026-03-10T17:00:00.000000",2.14109659194946
"CL","2026-03-10T18:00:00.000000",2.14854311943054
"CL","2026-03-10T19:00:00.000000",2.16516137123108
"CL","2026-03-10T20:00:00.000000",2.15837931632996
"CL","2026-03-10T21:00:00.000000",2.0981113910675
"CL","2026-03-10T22:00:00.000000",2.06725001335144
"CL","2026-03-10T23:00:00.000000",2.06029605865479
"CL","2026-03-11T00:00:00.000000",2.07125544548035
"FG","2026-03-03T00:00:00.000000",1.84969961643219
"FG","2026-03-03T01:00:00.000000",1.85509598255157
"FG","2026-03-03T02:00:00.000000",1.86110484600067
"FG","2026-03-03T03:00:00.000000",1.85847544670105
"FG","2026-03-03T04:00:00.000000",1.85862064361572
"FG","2026-03-03T05:00:00.000000",1.86834394931793
"FG","2026-03-03T06:00:00.000000",1.84004819393158
"FG","2026-03-03T07:00:00.000000",1.85709178447723
"FG","2026-03-03T08:00:00.000000",1.85481810569763
"FG","2026-03-03T09:00:00.000000",1.8518453836441
"FG","2026-03-03T10:00:00.000000",1.83740603923798
"FG","2026-03-03T11:00:00.000000",1.82688868045807
"FG","2026-03-03T12:00:00.000000",1.84112477302551
"FG","2026-03-03T13:00:00.000000",1.83503425121307
"FG","2026-03-03T14:00:00.000000",1.81906294822693
"FG","2026-03-03T15:00:00.000000",1.82223212718964
"FG","2026-03-03T16:00:00.000000",1.83867883682251
"FG","2026-03-03T17:00:00.000000",1.85891139507294
"FG","2026-03-03T18:00:00.000000",1.87552738189697
"FG","2026-03-03T19:00:00.000000",1.88120198249817
"FG","2026-03-03T20:00:00.000000",1.88641238212585
"FG","2026-03-03T21:00:00.000000",1.90495193004608
"FG","2026-03-03T22:00:00.000000",1.93453598022461
"FG","2026-03-03T23:00:00.000000",1.95530545711517
"FG","2026-03-04T00:00:00.000000",1.92443037033081
"FG","2026-03-04T01:00:00.000000",1.90415596961975
"FG","2026-03-04T02:00:00.000000",1.95005762577057
"FG","2026-03-04T03:00:00.000000",1.99056899547577
"FG","2026-03-04T04:00:00.000000",2.00167608261108
"FG","2026-03-04T05:00:00.000000",2.00082206726074
"FG","2026-03-04T06:00:00.000000",1.88752496242523
"FG","2026-03-04T07:00:00.000000",1.88560628890991
"FG","2026-03-04T08:00:00.000000",1.88916802406311
"FG","2026-03-04T09:00:00.000000",1.89336144924164
"FG","2026-03-04T10:00:00.000000",1.90246689319611
"FG","2026-03-04T11:00:00.000000",1.88481450080872
"FG","2026-03-04T12:00:00.000000",1.87684464454651
"FG","2026-03-04T13:00:00.000000",1.86341643333435
"FG","2026-03-04T14:00:00.000000",1.89012479782104
"FG","2026-03-04T15:00:00.000000",1.94345569610596
"FG","2026-03-04T16:00:00.000000",2.02903151512146
"FG","2026-03-04T17:00:00.000000",2.04659175872803
"FG","2026-03-04T18:00:00.000000",2.08484101295471
"FG","2026-03-04T19:00:00.000000",1.8996068239212
"FG","2026-03-04T20:00:00.000000",1.92543852329254
"FG","2026-03-04T21:00:00.000000",1.94806003570557
"FG","2026-03-04T22:00:00.000000",1.9711080789566
"FG","2026-03-04T23:00:00.000000",1.95526742935181
"FG","2026-03-05T00:00:00.000000",1.8955614566803
"FG","2026-03-05T01:00:00.000000",1.88461744785309
"FG","2026-03-05T02:00:00.000000",1.93185079097748
"FG","2026-03-05T03:00:00.000000",2.00795340538025
"FG","2026-03-05T04:00:00.000000",2.09560894966125
"FG","2026-03-05T05:00:00.000000",2.04178524017334
"FG","2026-03-05T06:00:00.000000",2.01221013069153
"FG","2026-03-05T07:00:00.000000",1.94859218597412
"FG","2026-03-05T08:00:00.000000",1.9468777179718
"FG","2026-03-05T09:00:00.000000",1.95827758312225
"FG","2026-03-05T10:00:00.000000",1.96363615989685
"FG","2026-03-05T11:00:00.000000",1.86662912368774
"FG","2026-03-05T12:00:00.000000",1.87015783786774
"FG","2026-03-05T13:00:00.000000",1.88004720211029
"FG","2026-03-05T14:00:00.000000",1.90458428859711
"FG","2026-03-05T15:00:00.000000",1.9348578453064
"FG","2026-03-05T16:00:00.000000",1.90974235534668
"FG","2026-03-05T17:00:00.000000",1.91838192939758
"FG","2026-03-05T18:00:00.000000",1.9137020111084
"FG","2026-03-05T19:00:00.000000",1.92360401153564
"FG","2026-03-05T20:00:00.000000",1.885382771492
"FG","2026-03-05T21:00:00.000000",1.90417313575745
"FG","2026-03-05T22:00:00.000000",1.91332638263702
"FG","2026-03-05T23:00:00.000000",1.90387392044067
"FG","2026-03-06T00:00:00.000000",1.87071299552917
"FG","2026-03-06T01:00:00.000000",1.8847736120224
"FG","2026-03-06T02:00:00.000000",1.89902377128601
"FG","2026-03-06T03:00:00.000000",1.9050121307373
"FG","2026-03-06T04:00:00.000000",1.895951628685
"FG","2026-03-06T05:00:00.000000",1.88527631759644
"FG","2026-03-06T06:00:00.000000",1.89801824092865
"FG","2026-03-06T07:00:00.000000",1.91432011127472
"FG","2026-03-06T08:00:00.000000",1.86945819854736
"FG","2026-03-06T09:00:00.000000",1.87244439125061
"FG","2026-03-06T10:00:00.000000",1.87356114387512
"FG","2026-03-06T11:00:00.000000",1.88228893280029
"FG","2026-03-06T12:00:00.000000",1.87213063240051
"FG","2026-03-06T13:00:00.000000",1.87641298770905
"FG","2026-03-06T14:00:00.000000",1.87848234176636
"FG","2026-03-06T15:00:00.000000",1.8924115896225
"FG","2026-03-06T16:00:00.000000",1.8974506855011
"FG","2026-03-06T17:00:00.000000",1.91433382034302
"FG","2026-03-06T18:00:00.000000",1.92195951938629
"FG","2026-03-06T19:00:00.000000",1.93126177787781
"FG","2026-03-06T20:00:00.000000",1.92291104793549
"FG","2026-03-06T21:00:00.000000",1.88816213607788
"FG","2026-03-06T22:00:00.000000",1.9100466966629
"FG","2026-03-06T23:00:00.000000",1.91072428226471
"FG","2026-03-07T00:00:00.000000",1.93496763706207
"FG","2026-03-07T01:00:00.000000",1.91977000236511
"FG","2026-03-07T02:00:00.000000",1.9003438949585
"FG","2026-03-07T03:00:00.000000",1.91719853878021
"FG","2026-03-07T04:00:00.000000",1.94209063053131
"FG","2026-03-07T05:00:00.000000",1.95398366451263
"FG","2026-03-07T06:00:00.000000",1.94925487041473
"FG","2026-03-07T07:00:00.000000",1.9425562620163
"FG","2026-03-07T08:00:00.000000",1.94295418262482
"FG","2026-03-07T09:00:00.000000",1.87909173965454
"FG","2026-03-07T10:00:00.000000",1.92419147491455
"FG","2026-03-07T11:00:00.000000",1.9256454706192
"FG","2026-03-07T12:00:00.000000",1.93152689933777
"FG","2026-03-07T13:00:00.000000",1.90535771846771
"FG","2026-03-07T14:00:00.000000",1.90729653835297
"FG","2026-03-07T15:00:00.000000",1.91367530822754
"FG","2026-03-07T16:00:00.000000",1.93524098396301
"FG","2026-03-07T17:00:00.000000",1.94695341587067
"FG","2026-03-07T18:00:00.000000",1.95775938034058
"FG","2026-03-07T19:00:00.000000",1.96041107177734
"FG","2026-03-07T20:00:00.000000",1.96627402305603
"FG","2026-03-07T21:00:00.000000",1.88454449176788
"FG","2026-03-07T22:00:00.000000",1.93277072906494
"FG","2026-03-07T23:00:00.000000",1.92223060131073
"FG","2026-03-08T00:00:00.000000",1.93819880485535
"FG","2026-03-08T01:00:00.000000",1.93803584575653
"FG","2026-03-08T02:00:00.000000",1.92332565784454
"FG","2026-03-08T03:00:00.000000",1.90970468521118
"FG","2026-03-08T04:00:00.000000",1.93297946453094
"FG","2026-03-08T05:00:00.000000",1.96441304683685
"FG","2026-03-08T06:00:00.000000",1.99918675422668
"FG","2026-03-08T07:00:00.000000",2.00670504570007
"FG","2026-03-08T08:00:00.000000",2.00151419639587
"FG","2026-03-08T09:00:00.000000",1.91595709323883
"FG","2026-03-08T10:00:00.000000",1.92937040328979
"FG","2026-03-08T11:00:00.000000",1.93578290939331
"FG","2026-03-08T12:00:00.000000",1.9577294588089
"FG","2026-03-08T13:00:00.000000",1.96418786048889
"FG","2026-03-08T14:00:00.000000",1.9544985294342
"FG","2026-03-08T15:00:00.000000",1.93221271038055
"FG","2026-03-08T16:00:00.000000",1.95597636699677
"FG","2026-03-08T17:00:00.000000",1.97665345668793
"FG","2026-03-08T18:00:00.000000",2.00674414634705
"FG","2026-03-08T19:00:00.000000",2.01997256278992
"FG","2026-03-08T20:00:00.000000",1.96630787849426
"FG","2026-03-08T21:00:00.000000",1.9618421792984
"FG","2026-03-08T22:00:00.000000",1.93287980556488
"FG","2026-03-08T23:00:00.000000",1.94878923892975
"FG","2026-03-09T00:00:00.000000",1.93473708629608
"FG","2026-03-09T01:00:00.000000",1.93964970111847
"FG","2026-03-09T02:00:00.000000",1.92457568645477
"FG","2026-03-09T03:00:00.000000",1.9017151594162
"FG","2026-03-09T04:00:00.000000",1.91406679153442
"FG","2026-03-09T05:00:00.000000",1.93656587600708
"FG","2026-03-09T06:00:00.000000",1.97741973400116
"FG","2026-03-09T07:00:00.000000",1.98955929279327
"FG","2026-03-09T08:00:00.000000",1.99117183685303
"FG","2026-03-09T09:00:00.000000",1.98178660869598
"FG","2026-03-09T10:00:00.000000",1.89113211631775
"FG","2026-03-09T11:00:00.000000",1.93624448776245
"FG","2026-03-09T12:00:00.000000",1.92616379261017
"FG","2026-03-09T13:00:00.000000",1.93829143047333
"FG","2026-03-09T14:00:00.000000",1.8686009645462
"FG","2026-03-09T15:00:00.000000",1.85455644130707
"FG","2026-03-09T16:00:00.000000",1.85764217376709
"FG","2026-03-09T17:00:00.000000",1.91475045681
"FG","2026-03-09T18:00:00.000000",1.97027111053467
"FG","2026-03-09T19:00:00.000000",1.99677860736847
"FG","2026-03-09T20:00:00.000000",1.99276864528656
"FG","2026-03-09T21:00:00.000000",1.9796028137207
"FG","2026-03-09T22:00:00.000000",1.89618325233459
"FG","2026-03-09T23:00:00.000000",1.94239473342896
"FG","2026-03-10T00:00:00.000000",1.91948866844177
"FG","2026-03-10T01:00:00.000000",1.94051051139832
"FG","2026-03-10T02:00:00.000000",1.87212312221527
"FG","2026-03-10T03:00:00.000000",1.79511594772339
"FG","2026-03-10T04:00:00.000000",1.79847168922424
"FG","2026-03-10T05:00:00.000000",1.87108242511749
"FG","2026-03-10T06:00:00.000000",1.92520678043365
"FG","2026-03-10T07:00:00.000000",1.97943723201752
"FG","2026-03-10T08:00:00.000000",2.00977897644043
"FG","2026-03-10T09:00:00.000000",2.01433682441711
"FG","2026-03-10T10:00:00.000000",1.9586706161499
"FG","2026-03-10T11:00:00.000000",1.90550684928894
"FG","2026-03-10T12:00:00.000000",1.90863943099976
"FG","2026-03-10T13:00:00.000000",1.928018450737
"FG","2026-03-10T14:00:00.000000",1.93543040752411
"FG","2026-03-10T15:00:00.000000",1.86339950561523
"FG","2026-03-10T16:00:00.000000",1.87960207462311
"FG","2026-03-10T17:00:00.000000",1.91234958171844
"FG","2026-03-10T18:00:00.000000",1.98370563983917
"FG","2026-03-10T19:00:00.000000",2.02707767486572
"FG","2026-03-10T20:00:00.000000",2.03752827644348
"FG","2026-03-10T21:00:00.000000",2.05660510063171
"FG","2026-03-10T22:00:00.000000",2.01831912994385
"FG","2026-03-10T23:00:00.000000",1.8934451341629
"FG","2026-03-11T00:00:00.000000",1.96415412425995
"GI","2026-03-03T00:00:00.000000",1.98929047584534
"GI","2026-03-03T01:00:00.000000",1.98807859420776
"GI","2026-03-03T02:00:00.000000",1.97731232643127
"GI","2026-03-03T03:00:00.000000",1.97458183765411
"GI","2026-03-03T04:00:00.000000",1.93816435337067
"GI","2026-03-03T05:00:00.000000",1.90624225139618
"GI","2026-03-03T06:00:00.000000",1.91590476036072
"GI","2026-03-03T07:00:00.000000",1.88153052330017
"GI","2026-03-03T08:00:00.000000",1.88939023017883
"GI","2026-03-03T09:00:00.000000",1.89934957027435
"GI","2026-03-03T10:00:00.000000",1.88498902320862
"GI","2026-03-03T11:00:00.000000",1.86359560489655
"GI","2026-03-03T12:00:00.000000",1.85716819763184
"GI","2026-03-03T13:00:00.000000",1.85463285446167
"GI","2026-03-03T14:00:00.000000",1.85955333709717
"GI","2026-03-03T15:00:00.000000",1.87114548683167
"GI","2026-03-03T16:00:00.000000",1.87869954109192
"GI","2026-03-03T17:00:00.000000",1.88200771808624
"GI","2026-03-03T18:00:00.000000",1.88610529899597
"GI","2026-03-03T19:00:00.000000",1.88725864887238
"GI","2026-03-03T20:00:00.000000",1.89440965652466
"GI","2026-03-03T21:00:00.000000",1.88667452335358
"GI","2026-03-03T22:00:00.000000",1.88533937931061
"GI","2026-03-03T23:00:00.000000",1.89324033260345
"GI","2026-03-04T00:00:00.000000",1.89964079856873
"GI","2026-03-04T01:00:00.000000",1.8973343372345
"GI","2026-03-04T02:00:00.000000",1.89467084407806
"GI","2026-03-04T03:00:00.000000",1.87649619579315
"GI","2026-03-04T04:00:00.000000",1.87153124809265
"GI","2026-03-04T05:00:00.000000",1.86333322525024
"GI","2026-03-04T06:00:00.000000",1.84159278869629
"GI","2026-03-04T07:00:00.000000",1.79069578647614
"GI","2026-03-04T08:00:00.000000",1.78710687160492
"GI","2026-03-04T09:00:00.000000",1.79053139686584
"GI","2026-03-04T10:00:00.000000",1.82746946811676
"GI","2026-03-04T11:00:00.000000",1.87208795547485
"GI","2026-03-04T12:00:00.000000",1.8867359161377
"GI","2026-03-04T13:00:00.000000",1.89041888713837
"GI","2026-03-04T14:00:00.000000",1.89327132701874
"GI","2026-03-04T15:00:00.000000",1.89605462551117
"GI","2026-03-04T16:00:00.000000",1.88036334514618
"GI","2026-03-04T17:00:00.000000",1.87183809280396
"GI","2026-03-04T18:00:00.000000",1.86607456207275
"GI","2026-03-04T19:00:00.000000",1.87631297111511
"GI","2026-03-04T20:00:00.000000",1.8696653842926
"GI","2026-03-04T21:00:00.000000",1.86588060855865
"GI","2026-03-04T22:00:00.000000",1.88046276569366
"GI","2026-03-04T23:00:00.000000",1.9345930814743
"GI","2026-03-05T00:00:00.000000",1.97113394737244
"GI","2026-03-05T01:00:00.000000",1.97969937324524
"GI","2026-03-05T02:00:00.000000",1.98085379600525
"GI","2026-03-05T03:00:00.000000",1.96641719341278
"GI","2026-03-05T04:00:00.000000",1.92200684547424
"GI","2026-03-05T05:00:00.000000",1.8932192325592
"GI","2026-03-05T06:00:00.000000",1.90886557102203
"GI","2026-03-05T07:00:00.000000",1.87828075885773
"GI","2026-03-05T08:00:00.000000",1.869668841362
"GI","2026-03-05T09:00:00.000000",1.8746691942215
"GI","2026-03-05T10:00:00.000000",1.86839210987091
"GI","2026-03-05T11:00:00.000000",1.8917783498764
"GI","2026-03-05T12:00:00.000000",2.01836657524109
"GI","2026-03-05T13:00:00.000000",2.05021595954895
"GI","2026-03-05T14:00:00.000000",2.04762101173401
"GI","2026-03-05T15:00:00.000000",2.0457878112793
"GI","2026-03-05T16:00:00.000000",2.0072078704834
"GI","2026-03-05T17:00:00.000000",1.95555174350739
"GI","2026-03-05T18:00:00.000000",1.93079686164856
"GI","2026-03-05T19:00:00.000000",1.91280663013458
"GI","2026-03-05T20:00:00.000000",1.92441773414612
"GI","2026-03-05T21:00:00.000000",1.91242802143097
"GI","2026-03-05T22:00:00.000000",1.92579007148743
"GI","2026-03-05T23:00:00.000000",1.95814394950867
"GI","2026-03-06T00:00:00.000000",2.04520916938782
"GI","2026-03-06T01:00:00.000000",2.06617641448975
"GI","2026-03-06T02:00:00.000000",2.06691527366638
"GI","2026-03-06T03:00:00.000000",2.05912566184998
"GI","2026-03-06T04:00:00.000000",2.02276968955994
"GI","2026-03-06T05:00:00.000000",1.96567106246948
"GI","2026-03-06T06:00:00.000000",1.91115200519562
"GI","2026-03-06T07:00:00.000000",1.86800682544708
"GI","2026-03-06T08:00:00.000000",1.84801638126373
"GI","2026-03-06T09:00:00.000000",1.82535541057587
"GI","2026-03-06T10:00:00.000000",1.83786034584045
"GI","2026-03-06T11:00:00.000000",1.87406373023987
"GI","2026-03-06T12:00:00.000000",1.9989378452301
"GI","2026-03-06T13:00:00.000000",2.05047035217285
"GI","2026-03-06T14:00:00.000000",2.05941033363342
"GI","2026-03-06T15:00:00.000000",2.06189513206482
"GI","2026-03-06T16:00:00.000000",2.03695607185364
"GI","2026-03-06T17:00:00.000000",1.96142256259918
"GI","2026-03-06T18:00:00.000000",1.92459356784821
"GI","2026-03-06T19:00:00.000000",1.91316080093384
"GI","2026-03-06T20:00:00.000000",1.9071409702301
"GI","2026-03-06T21:00:00.000000",1.9091694355011
"GI","2026-03-06T22:00:00.000000",1.90815925598145
"GI","2026-03-06T23:00:00.000000",1.93383347988129
"GI","2026-03-07T00:00:00.000000",1.96706342697144
"GI","2026-03-07T01:00:00.000000",2.07817459106445
"GI","2026-03-07T02:00:00.000000",2.09630417823792
"GI","2026-03-07T03:00:00.000000",2.09876108169556
"GI","2026-03-07T04:00:00.000000",2.09656262397766
"GI","2026-03-07T05:00:00.000000",2.01974010467529
"GI","2026-03-07T06:00:00.000000",1.96908128261566
"GI","2026-03-07T07:00:00.000000",1.94507265090942
"GI","2026-03-07T08:00:00.000000",1.93730545043945
"GI","2026-03-07T09:00:00.000000",1.94814252853394
"GI","2026-03-07T10:00:00.000000",1.93751811981201
"GI","2026-03-07T11:00:00.000000",1.95591855049133
"GI","2026-03-07T12:00:00.000000",1.9555846452713
"GI","2026-03-07T13:00:00.000000",2.01982975006104
"GI","2026-03-07T14:00:00.000000",2.04384803771973
"GI","2026-03-07T15:00:00.000000",2.04740524291992
"GI","2026-03-07T16:00:00.000000",2.04933714866638
"GI","2026-03-07T17:00:00.000000",2.02722811698914
"GI","2026-03-07T18:00:00.000000",1.98507225513458
"GI","2026-03-07T19:00:00.000000",1.97404491901398
"GI","2026-03-07T20:00:00.000000",1.96991527080536
"GI","2026-03-07T21:00:00.000000",1.97541499137878
"GI","2026-03-07T22:00:00.000000",1.97376811504364
"GI","2026-03-07T23:00:00.000000",1.97765290737152
"GI","2026-03-08T00:00:00.000000",1.98577511310577
"GI","2026-03-08T01:00:00.000000",2.00954151153564
"GI","2026-03-08T02:00:00.000000",2.00999021530151
"GI","2026-03-08T03:00:00.000000",2.00924801826477
"GI","2026-03-08T04:00:00.000000",2.00882935523987
"GI","2026-03-08T05:00:00.000000",2.00992631912231
"GI","2026-03-08T06:00:00.000000",2.0039050579071
"GI","2026-03-08T07:00:00.000000",1.99321031570435
"GI","2026-03-08T08:00:00.000000",1.98478329181671
"GI","2026-03-08T09:00:00.000000",1.98050546646118
"GI","2026-03-08T10:00:00.000000",1.97734260559082
"GI","2026-03-08T11:00:00.000000",1.97290134429932
"GI","2026-03-08T12:00:00.000000",1.97282767295837
"GI","2026-03-08T13:00:00.000000",1.986736536026
"GI","2026-03-08T14:00:00.000000",2.00483679771423
"GI","2026-03-08T15:00:00.000000",2.01482176780701
"GI","2026-03-08T16:00:00.000000",2.02836227416992
"GI","2026-03-08T17:00:00.000000",2.02937912940979
"GI","2026-03-08T18:00:00.000000",1.99751579761505
"GI","2026-03-08T19:00:00.000000",1.97595834732056
"GI","2026-03-08T20:00:00.000000",1.96912705898285
"GI","2026-03-08T21:00:00.000000",1.91614151000977
"GI","2026-03-08T22:00:00.000000",1.90810906887054
"GI","2026-03-08T23:00:00.000000",1.90715551376343
"GI","2026-03-09T00:00:00.000000",1.90987062454224
"GI","2026-03-09T01:00:00.000000",1.97532844543457
"GI","2026-03-09T02:00:00.000000",2.03735971450806
"GI","2026-03-09T03:00:00.000000",2.06064319610596
"GI","2026-03-09T04:00:00.000000",2.06531023979187
"GI","2026-03-09T05:00:00.000000",2.06732511520386
"GI","2026-03-09T06:00:00.000000",2.04580307006836
"GI","2026-03-09T07:00:00.000000",1.99141955375671
"GI","2026-03-09T08:00:00.000000",1.95619654655457
"GI","2026-03-09T09:00:00.000000",1.94448053836823
"GI","2026-03-09T10:00:00.000000",1.94762134552002
"GI","2026-03-09T11:00:00.000000",1.94133079051971
"GI","2026-03-09T12:00:00.000000",1.93646097183228
"GI","2026-03-09T13:00:00.000000",1.96363759040833
"GI","2026-03-09T14:00:00.000000",1.99912202358246
"GI","2026-03-09T15:00:00.000000",2.03338599205017
"GI","2026-03-09T16:00:00.000000",2.04925394058228
"GI","2026-03-09T17:00:00.000000",2.05192136764526
"GI","2026-03-09T18:00:00.000000",2.0330970287323
"GI","2026-03-09T19:00:00.000000",1.99462890625
"GI","2026-03-09T20:00:00.000000",1.97685086727142
"GI","2026-03-09T21:00:00.000000",1.97078573703766
"GI","2026-03-09T22:00:00.000000",1.9913637638092
"GI","2026-03-09T23:00:00.000000",1.99408602714539
"GI","2026-03-10T00:00:00.000000",1.99958801269531
"GI","2026-03-10T01:00:00.000000",2.03080058097839
"GI","2026-03-10T02:00:00.000000",2.0734224319458
"GI","2026-03-10T03:00:00.000000",2.1263120174408
"GI","2026-03-10T04:00:00.000000",2.15668201446533
"GI","2026-03-10T05:00:00.000000",2.167888879776
"GI","2026-03-10T06:00:00.000000",2.16957974433899
"GI","2026-03-10T07:00:00.000000",2.14143395423889
"GI","2026-03-10T08:00:00.000000",2.08687162399292
"GI","2026-03-10T09:00:00.000000",2.05000853538513
"GI","2026-03-10T10:00:00.000000",2.04013466835022
"GI","2026-03-10T11:00:00.000000",2.0393979549408
"GI","2026-03-10T12:00:00.000000",2.0339822769165
"GI","2026-03-10T13:00:00.000000",2.04675626754761
"GI","2026-03-10T14:00:00.000000",2.06625533103943
"GI","2026-03-10T15:00:00.000000",2.07562947273254
"GI","2026-03-10T16:00:00.000000",2.0826268196106
"GI","2026-03-10T17:00:00.000000",2.08413934707642
"GI","2026-03-10T18:00:00.000000",2.0868353843689
"GI","2026-03-10T19:00:00.000000",2.06696081161499
"GI","2026-03-10T20:00:00.000000",2.04940676689148
"GI","2026-03-10T21:00:00.000000",2.04095101356506
"GI","2026-03-10T22:00:00.000000",2.05655193328857
"GI","2026-03-10T23:00:00.000000",2.04860615730286
"GI","2026-03-11T00:00:00.000000",2.0429060459137
"JB","2026-03-03T00:00:00.000000",1.82458710670471
"JB","2026-03-03T01:00:00.000000",1.9036750793457
"JB","2026-03-03T02:00:00.000000",1.91308271884918
"JB","2026-03-03T03:00:00.000000",1.88808083534241
"JB","2026-03-03T04:00:00.000000",1.89646971225739
"JB","2026-03-03T05:00:00.000000",1.91159200668335
"JB","2026-03-03T06:00:00.000000",1.91126906871796
"JB","2026-03-03T07:00:00.000000",1.91126906871796
"JB","2026-03-03T08:00:00.000000",1.91104912757874
"JB","2026-03-03T09:00:00.000000",1.9106457233429
"JB","2026-03-03T10:00:00.000000",1.88776361942291
"JB","2026-03-03T11:00:00.000000",1.76142311096191
"JB","2026-03-03T12:00:00.000000",1.83929491043091
"JB","2026-03-03T13:00:00.000000",1.84146523475647
"JB","2026-03-03T14:00:00.000000",1.84442627429962
"JB","2026-03-03T15:00:00.000000",1.84041237831116
"JB","2026-03-03T16:00:00.000000",1.83968925476074
"JB","2026-03-03T17:00:00.000000",1.836541056633
"JB","2026-03-03T18:00:00.000000",1.83357584476471
"JB","2026-03-03T19:00:00.000000",1.85692083835602
"JB","2026-03-03T20:00:00.000000",1.85987067222595
"JB","2026-03-03T21:00:00.000000",1.8728404045105
"JB","2026-03-03T22:00:00.000000",1.92967629432678
"JB","2026-03-03T23:00:00.000000",1.89610409736633
"JB","2026-03-04T00:00:00.000000",1.82358634471893
"JB","2026-03-04T01:00:00.000000",1.83797657489777
"JB","2026-03-04T02:00:00.000000",1.89628112316132
"JB","2026-03-04T03:00:00.000000",1.89820909500122
"JB","2026-03-04T04:00:00.000000",1.9008504152298
"JB","2026-03-04T05:00:00.000000",1.88528752326965
"JB","2026-03-04T06:00:00.000000",1.88265681266785
"JB","2026-03-04T07:00:00.000000",1.95803368091583
"JB","2026-03-04T08:00:00.000000",1.95228505134583
"JB","2026-03-04T09:00:00.000000",1.87135028839111
"JB","2026-03-04T10:00:00.000000",1.87283265590668
"JB","2026-03-04T11:00:00.000000",1.95532929897308
"JB","2026-03-04T12:00:00.000000",1.90558326244354
"JB","2026-03-04T13:00:00.000000",1.8366539478302
"JB","2026-03-04T14:00:00.000000",1.86122035980225
"JB","2026-03-04T15:00:00.000000",1.95413076877594
"JB","2026-03-04T16:00:00.000000",1.99608612060547
"JB","2026-03-04T17:00:00.000000",1.95916080474854
"JB","2026-03-04T18:00:00.000000",1.96905732154846
"JB","2026-03-04T19:00:00.000000",2.14198994636536
"JB","2026-03-04T20:00:00.000000",2.27700018882751
"JB","2026-03-04T21:00:00.000000",1.98224711418152
"JB","2026-03-04T22:00:00.000000",1.97308886051178
"JB","2026-03-04T23:00:00.000000",1.99180555343628
"JB","2026-03-05T00:00:00.000000",1.95985186100006
"JB","2026-03-05T01:00:00.000000",1.90450155735016
"JB","2026-03-05T02:00:00.000000",1.92850911617279
"JB","2026-03-05T03:00:00.000000",2.04782938957214
"JB","2026-03-05T04:00:00.000000",2.04177856445312
"JB","2026-03-05T05:00:00.000000",2.02243542671204
"JB","2026-03-05T06:00:00.000000",2.00778937339783
"JB","2026-03-05T07:00:00.000000",2.00778937339783
"JB","2026-03-05T08:00:00.000000",2.00778937339783
"JB","2026-03-05T09:00:00.000000",2.02992868423462
"JB","2026-03-05T10:00:00.000000",2.00561141967773
"JB","2026-03-05T11:00:00.000000",2.05073308944702
"JB","2026-03-05T12:00:00.000000",2.0462327003479
"JB","2026-03-05T13:00:00.000000",1.96575903892517
"JB","2026-03-05T14:00:00.000000",1.92487859725952
"JB","2026-03-05T15:00:00.000000",1.98185062408447
"JB","2026-03-05T16:00:00.000000",1.98257970809937
"JB","2026-03-05T17:00:00.000000",1.98149120807648
"JB","2026-03-05T18:00:00.000000",1.97791159152985
"JB","2026-03-05T19:00:00.000000",1.97348868846893
"JB","2026-03-05T20:00:00.000000",1.88917994499207
"JB","2026-03-05T21:00:00.000000",1.96854519844055
"JB","2026-03-05T22:00:00.000000",1.95564019680023
"JB","2026-03-05T23:00:00.000000",1.95687508583069
"JB","2026-03-06T00:00:00.000000",1.97178947925568
"JB","2026-03-06T01:00:00.000000",1.95566070079803
"JB","2026-03-06T02:00:00.000000",1.91962110996246
"JB","2026-03-06T03:00:00.000000",1.96797561645508
"JB","2026-03-06T04:00:00.000000",1.96745705604553
"JB","2026-03-06T05:00:00.000000",1.95112359523773
"JB","2026-03-06T06:00:00.000000",1.92721033096313
"JB","2026-03-06T07:00:00.000000",1.91574990749359
"JB","2026-03-06T08:00:00.000000",1.91008150577545
"JB","2026-03-06T09:00:00.000000",1.94418716430664
"JB","2026-03-06T10:00:00.000000",1.94449651241302
"JB","2026-03-06T11:00:00.000000",1.94628858566284
"JB","2026-03-06T12:00:00.000000",1.94702613353729
"JB","2026-03-06T13:00:00.000000",1.94694173336029
"JB","2026-03-06T14:00:00.000000",1.91812241077423
"JB","2026-03-06T15:00:00.000000",1.93678390979767
"JB","2026-03-06T16:00:00.000000",1.93950974941254
"JB","2026-03-06T17:00:00.000000",1.93420052528381
"JB","2026-03-06T18:00:00.000000",1.94338965415955
"JB","2026-03-06T19:00:00.000000",1.94387996196747
"JB","2026-03-06T20:00:00.000000",1.95965278148651
"JB","2026-03-06T21:00:00.000000",1.96118211746216
"JB","2026-03-06T22:00:00.000000",1.95330631732941
"JB","2026-03-06T23:00:00.000000",1.93688642978668
"JB","2026-03-07T00:00:00.000000",1.96477246284485
"JB","2026-03-07T01:00:00.000000",1.96639811992645
"JB","2026-03-07T02:00:00.000000",1.91015291213989
"JB","2026-03-07T03:00:00.000000",1.87788152694702
"JB","2026-03-07T04:00:00.000000",1.93700993061066
"JB","2026-03-07T05:00:00.000000",1.92971456050873
"JB","2026-03-07T06:00:00.000000",1.88686895370483
"JB","2026-03-07T07:00:00.000000",1.9225902557373
"JB","2026-03-07T08:00:00.000000",1.92015421390533
"JB","2026-03-07T09:00:00.000000",1.93967354297638
"JB","2026-03-07T10:00:00.000000",1.90128993988037
"JB","2026-03-07T11:00:00.000000",1.87677502632141
"JB","2026-03-07T12:00:00.000000",1.91052281856537
"JB","2026-03-07T13:00:00.000000",1.91685748100281
"JB","2026-03-07T14:00:00.000000",1.88149762153625
"JB","2026-03-07T15:00:00.000000",1.84141802787781
"JB","2026-03-07T16:00:00.000000",1.93379712104797
"JB","2026-03-07T17:00:00.000000",1.93739461898804
"JB","2026-03-07T18:00:00.000000",1.90732634067535
"JB","2026-03-07T19:00:00.000000",1.90872526168823
"JB","2026-03-07T20:00:00.000000",1.90263724327087
"JB","2026-03-07T21:00:00.000000",1.92158150672913
"JB","2026-03-07T22:00:00.000000",1.93094325065613
"JB","2026-03-07T23:00:00.000000",1.89327132701874
"JB","2026-03-08T00:00:00.000000",1.86675524711609
"JB","2026-03-08T01:00:00.000000",1.88206708431244
"JB","2026-03-08T02:00:00.000000",1.88546013832092
"JB","2026-03-08T03:00:00.000000",1.85853695869446
"JB","2026-03-08T04:00:00.000000",1.88099145889282
"JB","2026-03-08T05:00:00.000000",1.91806137561798
"JB","2026-03-08T06:00:00.000000",1.91832172870636
"JB","2026-03-08T07:00:00.000000",1.91920149326324
"JB","2026-03-08T08:00:00.000000",1.91963946819305
"JB","2026-03-08T09:00:00.000000",1.91809415817261
"JB","2026-03-08T10:00:00.000000",1.91911220550537
"JB","2026-03-08T11:00:00.000000",1.9251127243042
"JB","2026-03-08T12:00:00.000000",1.92744326591492
"JB","2026-03-08T13:00:00.000000",1.9281769990921
"JB","2026-03-08T14:00:00.000000",1.93013739585876
"JB","2026-03-08T15:00:00.000000",1.91503596305847
"JB","2026-03-08T16:00:00.000000",1.87412679195404
"JB","2026-03-08T17:00:00.000000",1.95774877071381
"JB","2026-03-08T18:00:00.000000",1.96428644657135
"JB","2026-03-08T19:00:00.000000",1.96026921272278
"JB","2026-03-08T20:00:00.000000",1.95361661911011
"JB","2026-03-08T21:00:00.000000",1.95172297954559
"JB","2026-03-08T22:00:00.000000",2.00749278068542
"JB","2026-03-08T23:00:00.000000",2.00810861587524
"JB","2026-03-09T00:00:00.000000",1.94574248790741
"JB","2026-03-09T01:00:00.000000",1.9074444770813
"JB","2026-03-09T02:00:00.000000",1.92044234275818
"JB","2026-03-09T03:00:00.000000",1.9118971824646
"JB","2026-03-09T04:00:00.000000",1.89530098438263
"JB","2026-03-09T05:00:00.000000",1.96598219871521
"JB","2026-03-09T06:00:00.000000",1.98681962490082
"JB","2026-03-09T07:00:00.000000",1.91890609264374
"JB","2026-03-09T08:00:00.000000",1.97757816314697
"JB","2026-03-09T09:00:00.000000",1.98564183712006
"JB","2026-03-09T10:00:00.000000",2.03229212760925
"JB","2026-03-09T11:00:00.000000",2.01529288291931
"JB","2026-03-09T12:00:00.000000",1.91299319267273
"JB","2026-03-09T13:00:00.000000",1.93882954120636
"JB","2026-03-09T14:00:00.000000",2.10090327262878
"JB","2026-03-09T15:00:00.000000",2.01025605201721
"JB","2026-03-09T16:00:00.000000",1.89452588558197
"JB","2026-03-09T17:00:00.000000",1.93340265750885
"JB","2026-03-09T18:00:00.000000",2.05542778968811
"JB","2026-03-09T19:00:00.000000",1.95790350437164
"JB","2026-03-09T20:00:00.000000",1.91344213485718
"JB","2026-03-09T21:00:00.000000",1.92659175395966
"JB","2026-03-09T22:00:00.000000",2.02030992507935
"JB","2026-03-09T23:00:00.000000",2.00430703163147
"JB","2026-03-10T00:00:00.000000",1.91073834896088
"JB","2026-03-10T01:00:00.000000",1.87209439277649
"JB","2026-03-10T02:00:00.000000",1.92379677295685
"JB","2026-03-10T03:00:00.000000",1.95030617713928
"JB","2026-03-10T04:00:00.000000",1.88319110870361
"JB","2026-03-10T05:00:00.000000",1.86111903190613
"JB","2026-03-10T06:00:00.000000",1.94627380371094
"JB","2026-03-10T07:00:00.000000",1.95129561424255
"JB","2026-03-10T08:00:00.000000",1.92641890048981
"JB","2026-03-10T09:00:00.000000",1.94269752502441
"JB","2026-03-10T10:00:00.000000",1.91718685626984
"JB","2026-03-10T11:00:00.000000",1.9374817609787
"JB","2026-03-10T12:00:00.000000",1.92459273338318
"JB","2026-03-10T13:00:00.000000",1.90814352035522
"JB","2026-03-10T14:00:00.000000",1.91108179092407
"JB","2026-03-10T15:00:00.000000",1.97036194801331
"JB","2026-03-10T16:00:00.000000",1.9687522649765
"JB","2026-03-10T17:00:00.000000",1.92733216285706
"JB","2026-03-10T18:00:00.000000",1.98871505260468
"JB","2026-03-10T19:00:00.000000",2.07856392860413
"JB","2026-03-10T20:00:00.000000",1.97710573673248
"JB","2026-03-10T21:00:00.000000",1.99456655979156
"JB","2026-03-10T22:00:00.000000",2.00772285461426
"JB","2026-03-10T23:00:00.000000",2.23447370529175
"JB","2026-03-11T00:00:00.000000",2.19547057151794
NA,"2026-03-03T00:00:00.000000",2.13574576377869
NA,"2026-03-03T01:00:00.000000",2.13729333877563
NA,"2026-03-03T02:00:00.000000",2.13333559036255
NA,"2026-03-03T03:00:00.000000",2.12761116027832
NA,"2026-03-03T04:00:00.000000",2.12182474136353
NA,"2026-03-03T05:00:00.000000",2.11764621734619
NA,"2026-03-03T06:00:00.000000",2.11143398284912
NA,"2026-03-03T07:00:00.000000",2.10538840293884
NA,"2026-03-03T08:00:00.000000",2.10014677047729
NA,"2026-03-03T09:00:00.000000",2.09536576271057
NA,"2026-03-03T10:00:00.000000",2.09123730659485
NA,"2026-03-03T11:00:00.000000",2.08680462837219
NA,"2026-03-03T12:00:00.000000",2.08236455917358
NA,"2026-03-03T13:00:00.000000",2.08382296562195
NA,"2026-03-03T14:00:00.000000",2.08824038505554
NA,"2026-03-03T15:00:00.000000",2.089435338974
NA,"2026-03-03T16:00:00.000000",2.08979535102844
NA,"2026-03-03T17:00:00.000000",2.08884525299072
NA,"2026-03-03T18:00:00.000000",2.08673429489136
NA,"2026-03-03T19:00:00.000000",2.08302974700928
NA,"2026-03-03T20:00:00.000000",2.07965135574341
NA,"2026-03-03T21:00:00.000000",2.0762619972229
NA,"2026-03-03T22:00:00.000000",2.07317328453064
NA,"2026-03-03T23:00:00.000000",2.0737030506134
NA,"2026-03-04T00:00:00.000000",2.07513785362244
NA,"2026-03-04T01:00:00.000000",2.07286357879639
NA,"2026-03-04T02:00:00.000000",2.0787878036499
NA,"2026-03-04T03:00:00.000000",2.08202385902405
NA,"2026-03-04T04:00:00.000000",2.07839965820312
NA,"2026-03-04T05:00:00.000000",2.06222581863403
NA,"2026-03-04T06:00:00.000000",2.05651926994324
NA,"2026-03-04T07:00:00.000000",2.05506420135498
NA,"2026-03-04T08:00:00.000000",2.04792451858521
NA,"2026-03-04T09:00:00.000000",2.03879022598267
NA,"2026-03-04T10:00:00.000000",2.03691983222961
NA,"2026-03-04T11:00:00.000000",2.03731751441956
NA,"2026-03-04T12:00:00.000000",2.03858137130737
NA,"2026-03-04T13:00:00.000000",2.04319882392883
NA,"2026-03-04T14:00:00.000000",2.06471157073975
NA,"2026-03-04T15:00:00.000000",2.08946776390076
NA,"2026-03-04T16:00:00.000000",2.10046362876892
NA,"2026-03-04T17:00:00.000000",2.10515236854553
NA,"2026-03-04T18:00:00.000000",2.10227608680725
NA,"2026-03-04T19:00:00.000000",2.09442567825317
NA,"2026-03-04T20:00:00.000000",2.08332896232605
NA,"2026-03-04T21:00:00.000000",2.07727813720703
NA,"2026-03-04T22:00:00.000000",2.0741012096405
NA,"2026-03-04T23:00:00.000000",2.07238006591797
NA,"2026-03-05T00:00:00.000000",2.07604122161865
NA,"2026-03-05T01:00:00.000000",2.09933233261108
NA,"2026-03-05T02:00:00.000000",2.1111524105072
NA,"2026-03-05T03:00:00.000000",2.12255930900574
NA,"2026-03-05T04:00:00.000000",2.12808513641357
NA,"2026-03-05T05:00:00.000000",2.12733578681946
NA,"2026-03-05T06:00:00.000000",2.11891865730286
NA,"2026-03-05T07:00:00.000000",2.10473251342773
NA,"2026-03-05T08:00:00.000000",2.092045545578
NA,"2026-03-05T09:00:00.000000",2.08338403701782
NA,"2026-03-05T10:00:00.000000",2.0777325630188
NA,"2026-03-05T11:00:00.000000",2.07582378387451
NA,"2026-03-05T12:00:00.000000",2.08584523200989
NA,"2026-03-05T13:00:00.000000",2.09308671951294
NA,"2026-03-05T14:00:00.000000",2.08387732505798
NA,"2026-03-05T15:00:00.000000",2.09445524215698
NA,"2026-03-05T16:00:00.000000",2.11296892166138
NA,"2026-03-05T17:00:00.000000",2.1189124584198
NA,"2026-03-05T18:00:00.000000",2.11887860298157
NA,"2026-03-05T19:00:00.000000",2.11292791366577
NA,"2026-03-05T20:00:00.000000",2.10354447364807
NA,"2026-03-05T21:00:00.000000",2.09214448928833
NA,"2026-03-05T22:00:00.000000",2.08074641227722
NA,"2026-03-05T23:00:00.000000",2.07364630699158
NA,"2026-03-06T00:00:00.000000",2.08686184883118
NA,"2026-03-06T01:00:00.000000",2.10406947135925
NA,"2026-03-06T02:00:00.000000",2.1051664352417
NA,"2026-03-06T03:00:00.000000",2.11791586875916
NA,"2026-03-06T04:00:00.000000",2.1145761013031
NA,"2026-03-06T05:00:00.000000",2.10137510299683
NA,"2026-03-06T06:00:00.000000",2.08457064628601
NA,"2026-03-06T07:00:00.000000",2.06352210044861
NA,"2026-03-06T08:00:00.000000",2.04896759986877
NA,"2026-03-06T09:00:00.000000",2.04390358924866
NA,"2026-03-06T10:00:00.000000",2.03791260719299
NA,"2026-03-06T11:00:00.000000",2.03432559967041
NA,"2026-03-06T12:00:00.000000",2.03746867179871
NA,"2026-03-06T13:00:00.000000",2.04175138473511
NA,"2026-03-06T14:00:00.000000",2.04519701004028
NA,"2026-03-06T15:00:00.000000",2.07605719566345
NA,"2026-03-06T16:00:00.000000",2.1084942817688
NA,"2026-03-06T17:00:00.000000",2.12016296386719
NA,"2026-03-06T18:00:00.000000",2.12503242492676
NA,"2026-03-06T19:00:00.000000",2.12596893310547
NA,"2026-03-06T20:00:00.000000",2.12103605270386
NA,"2026-03-06T21:00:00.000000",2.11243534088135
NA,"2026-03-06T22:00:00.000000",2.10452365875244
NA,"2026-03-06T23:00:00.000000",2.09746599197388
NA,"2026-03-07T00:00:00.000000",2.09579086303711
NA,"2026-03-07T01:00:00.000000",2.11599683761597
NA,"2026-03-07T02:00:00.000000",2.13286733627319
NA,"2026-03-07T03:00:00.000000",2.14344310760498
NA,"2026-03-07T04:00:00.000000",2.1593770980835
NA,"2026-03-07T05:00:00.000000",2.16496419906616
NA,"2026-03-07T06:00:00.000000",2.16638326644897
NA,"2026-03-07T07:00:00.000000",2.16608810424805
NA,"2026-03-07T08:00:00.000000",2.16161894798279
NA,"2026-03-07T09:00:00.000000",2.15291380882263
NA,"2026-03-07T10:00:00.000000",2.14302706718445
NA,"2026-03-07T11:00:00.000000",2.13439917564392
NA,"2026-03-07T12:00:00.000000",2.12767004966736
NA,"2026-03-07T13:00:00.000000",2.1263382434845
NA,"2026-03-07T14:00:00.000000",2.14624810218811
NA,"2026-03-07T15:00:00.000000",2.15917491912842
NA,"2026-03-07T16:00:00.000000",2.16593742370605
NA,"2026-03-07T17:00:00.000000",2.17661738395691
NA,"2026-03-07T18:00:00.000000",2.18241190910339
NA,"2026-03-07T19:00:00.000000",2.18181467056274
NA,"2026-03-07T20:00:00.000000",2.17235922813416
NA,"2026-03-07T21:00:00.000000",2.16107726097107
NA,"2026-03-07T22:00:00.000000",2.150386095047
NA,"2026-03-07T23:00:00.000000",2.14001679420471
NA,"2026-03-08T00:00:00.000000",2.13373613357544
NA,"2026-03-08T01:00:00.000000",2.13097238540649
NA,"2026-03-08T02:00:00.000000",2.14385628700256
NA,"2026-03-08T03:00:00.000000",2.16090369224548
NA,"2026-03-08T04:00:00.000000",2.16658973693848
NA,"2026-03-08T05:00:00.000000",2.17828130722046
NA,"2026-03-08T06:00:00.000000",2.1842212677002
NA,"2026-03-08T07:00:00.000000",2.17538571357727
NA,"2026-03-08T08:00:00.000000",2.15429830551147
NA,"2026-03-08T09:00:00.000000",2.13732481002808
NA,"2026-03-08T10:00:00.000000",2.13167023658752
NA,"2026-03-08T11:00:00.000000",2.13165831565857
NA,"2026-03-08T12:00:00.000000",2.13261795043945
NA,"2026-03-08T13:00:00.000000",2.13347887992859
NA,"2026-03-08T14:00:00.000000",2.13539338111877
NA,"2026-03-08T15:00:00.000000",2.13844895362854
NA,"2026-03-08T16:00:00.000000",2.14239358901978
NA,"2026-03-08T17:00:00.000000",2.14642357826233
NA,"2026-03-08T18:00:00.000000",2.14368796348572
NA,"2026-03-08T19:00:00.000000",2.13434982299805
NA,"2026-03-08T20:00:00.000000",2.12685060501099
NA,"2026-03-08T21:00:00.000000",2.1249475479126
NA,"2026-03-08T22:00:00.000000",2.12470006942749
NA,"2026-03-08T23:00:00.000000",2.12543201446533
NA,"2026-03-09T00:00:00.000000",2.12587070465088
NA,"2026-03-09T01:00:00.000000",2.12606716156006
NA,"2026-03-09T02:00:00.000000",2.12702250480652
NA,"2026-03-09T03:00:00.000000",2.12824296951294
NA,"2026-03-09T04:00:00.000000",2.12875032424927
NA,"2026-03-09T05:00:00.000000",2.12941312789917
NA,"2026-03-09T06:00:00.000000",2.13051104545593
NA,"2026-03-09T07:00:00.000000",2.13279414176941
NA,"2026-03-09T08:00:00.000000",2.13441848754883
NA,"2026-03-09T09:00:00.000000",2.13381838798523
NA,"2026-03-09T10:00:00.000000",2.13229775428772
NA,"2026-03-09T11:00:00.000000",2.13017106056213
NA,"2026-03-09T12:00:00.000000",2.12851715087891
NA,"2026-03-09T13:00:00.000000",2.12832832336426
NA,"2026-03-09T14:00:00.000000",2.12879085540771
NA,"2026-03-09T15:00:00.000000",2.13243770599365
NA,"2026-03-09T16:00:00.000000",2.14126372337341
NA,"2026-03-09T17:00:00.000000",2.1467604637146
NA,"2026-03-09T18:00:00.000000",2.14928507804871
NA,"2026-03-09T19:00:00.000000",2.15059995651245
NA,"2026-03-09T20:00:00.000000",2.14953136444092
NA,"2026-03-09T21:00:00.000000",2.14558172225952
NA,"2026-03-09T22:00:00.000000",2.14089155197144
NA,"2026-03-09T23:00:00.000000",2.13702630996704
NA,"2026-03-10T00:00:00.000000",2.13331317901611
NA,"2026-03-10T01:00:00.000000",2.13167595863342
NA,"2026-03-10T02:00:00.000000",2.13385462760925
NA,"2026-03-10T03:00:00.000000",2.14522385597229
NA,"2026-03-10T04:00:00.000000",2.15637540817261
NA,"2026-03-10T05:00:00.000000",2.1802875995636
NA,"2026-03-10T06:00:00.000000",2.20937013626099
NA,"2026-03-10T07:00:00.000000",2.21843504905701
NA,"2026-03-10T08:00:00.000000",2.21959781646729
NA,"2026-03-10T09:00:00.000000",2.21907711029053
NA,"2026-03-10T10:00:00.000000",2.21713829040527
NA,"2026-03-10T11:00:00.000000",2.21089458465576
NA,"2026-03-10T12:00:00.000000",2.19985318183899
NA,"2026-03-10T13:00:00.000000",2.18890070915222
NA,"2026-03-10T14:00:00.000000",2.1823468208313
NA,"2026-03-10T15:00:00.000000",2.18054389953613
NA,"2026-03-10T16:00:00.000000",2.1812629699707
NA,"2026-03-10T17:00:00.000000",2.18380761146545
NA,"2026-03-10T18:00:00.000000",2.18669605255127
NA,"2026-03-10T19:00:00.000000",2.18823170661926
NA,"2026-03-10T20:00:00.000000",2.18710088729858
NA,"2026-03-10T21:00:00.000000",2.18239784240723
NA,"2026-03-10T22:00:00.000000",2.17509651184082
NA,"2026-03-10T23:00:00.000000",2.16654992103577
NA,"2026-03-11T00:00:00.000000",2.15834379196167
"NK","2026-03-03T00:00:00.000000",2.11593627929688
"NK","2026-03-03T01:00:00.000000",2.12932872772217
"NK","2026-03-03T02:00:00.000000",2.13365507125854
"NK","2026-03-03T03:00:00.000000",2.130375623703
"NK","2026-03-03T04:00:00.000000",2.12527823448181
"NK","2026-03-03T05:00:00.000000",2.12041640281677
"NK","2026-03-03T06:00:00.000000",2.11496090888977
"NK","2026-03-03T07:00:00.000000",2.10699415206909
"NK","2026-03-03T08:00:00.000000",2.09629535675049
"NK","2026-03-03T09:00:00.000000",2.08784413337708
"NK","2026-03-03T10:00:00.000000",2.08885478973389
"NK","2026-03-03T11:00:00.000000",2.09130549430847
"NK","2026-03-03T12:00:00.000000",2.08338403701782
"NK","2026-03-03T13:00:00.000000",2.08380651473999
"NK","2026-03-03T14:00:00.000000",2.09167242050171
"NK","2026-03-03T15:00:00.000000",2.09364199638367
"NK","2026-03-03T16:00:00.000000",2.09490036964417
"NK","2026-03-03T17:00:00.000000",2.09610629081726
"NK","2026-03-03T18:00:00.000000",2.09656310081482
"NK","2026-03-03T19:00:00.000000",2.09613180160522
"NK","2026-03-03T20:00:00.000000",2.0947961807251
"NK","2026-03-03T21:00:00.000000",2.09268546104431
"NK","2026-03-03T22:00:00.000000",2.08896589279175
"NK","2026-03-03T23:00:00.000000",2.08492612838745
"NK","2026-03-04T00:00:00.000000",2.07335901260376
"NK","2026-03-04T01:00:00.000000",2.06685161590576
"NK","2026-03-04T02:00:00.000000",2.07714700698853
"NK","2026-03-04T03:00:00.000000",2.0859739780426
"NK","2026-03-04T04:00:00.000000",2.07879948616028
"NK","2026-03-04T05:00:00.000000",2.05912733078003
"NK","2026-03-04T06:00:00.000000",2.04467082023621
"NK","2026-03-04T07:00:00.000000",2.03313732147217
"NK","2026-03-04T08:00:00.000000",2.03083372116089
"NK","2026-03-04T09:00:00.000000",2.03002619743347
"NK","2026-03-04T10:00:00.000000",2.03021264076233
"NK","2026-03-04T11:00:00.000000",2.03065133094788
"NK","2026-03-04T12:00:00.000000",2.03135371208191
"NK","2026-03-04T13:00:00.000000",2.03307485580444
"NK","2026-03-04T14:00:00.000000",2.05613374710083
"NK","2026-03-04T15:00:00.000000",2.09693193435669
"NK","2026-03-04T16:00:00.000000",2.11134386062622
"NK","2026-03-04T17:00:00.000000",2.10810613632202
"NK","2026-03-04T18:00:00.000000",2.10018229484558
"NK","2026-03-04T19:00:00.000000",2.08852744102478
"NK","2026-03-04T20:00:00.000000",2.07925748825073
"NK","2026-03-04T21:00:00.000000",2.07340478897095
"NK","2026-03-04T22:00:00.000000",2.06960964202881
"NK","2026-03-04T23:00:00.000000",2.06750535964966
"NK","2026-03-05T00:00:00.000000",2.06669092178345
"NK","2026-03-05T01:00:00.000000",2.06811738014221
"NK","2026-03-05T02:00:00.000000",2.07794260978699
"NK","2026-03-05T03:00:00.000000",2.10363626480103
"NK","2026-03-05T04:00:00.000000",2.11500072479248
"NK","2026-03-05T05:00:00.000000",2.09594655036926
"NK","2026-03-05T06:00:00.000000",2.0769567489624
"NK","2026-03-05T07:00:00.000000",2.06253623962402
"NK","2026-03-05T08:00:00.000000",2.05452656745911
"NK","2026-03-05T09:00:00.000000",2.05012440681458
"NK","2026-03-05T10:00:00.000000",2.04720139503479
"NK","2026-03-05T11:00:00.000000",2.0449755191803
"NK","2026-03-05T12:00:00.000000",2.04191660881042
"NK","2026-03-05T13:00:00.000000",2.03616619110107
"NK","2026-03-05T14:00:00.000000",2.0306544303894
"NK","2026-03-05T15:00:00.000000",2.07102394104004
"NK","2026-03-05T16:00:00.000000",2.1207492351532
"NK","2026-03-05T17:00:00.000000",2.13054585456848
"NK","2026-03-05T18:00:00.000000",2.11460137367249
"NK","2026-03-05T19:00:00.000000",2.09312725067139
"NK","2026-03-05T20:00:00.000000",2.06885433197021
"NK","2026-03-05T21:00:00.000000",2.04810905456543
"NK","2026-03-05T22:00:00.000000",2.03220343589783
"NK","2026-03-05T23:00:00.000000",2.02286291122437
"NK","2026-03-06T00:00:00.000000",2.0193772315979
"NK","2026-03-06T01:00:00.000000",2.03733015060425
"NK","2026-03-06T02:00:00.000000",2.07230758666992
"NK","2026-03-06T03:00:00.000000",2.11782836914062
"NK","2026-03-06T04:00:00.000000",2.12431597709656
"NK","2026-03-06T05:00:00.000000",2.10900473594666
"NK","2026-03-06T06:00:00.000000",2.08371376991272
"NK","2026-03-06T07:00:00.000000",2.05339646339417
"NK","2026-03-06T08:00:00.000000",2.01957821846008
"NK","2026-03-06T09:00:00.000000",2.00305271148682
"NK","2026-03-06T10:00:00.000000",2.00071740150452
"NK","2026-03-06T11:00:00.000000",1.99986362457275
"NK","2026-03-06T12:00:00.000000",1.99989056587219
"NK","2026-03-06T13:00:00.000000",2.00047135353088
"NK","2026-03-06T14:00:00.000000",2.00438952445984
"NK","2026-03-06T15:00:00.000000",2.06098222732544
"NK","2026-03-06T16:00:00.000000",2.11653065681458
"NK","2026-03-06T17:00:00.000000",2.13433384895325
"NK","2026-03-06T18:00:00.000000",2.12977576255798
"NK","2026-03-06T19:00:00.000000",2.11521649360657
"NK","2026-03-06T20:00:00.000000",2.09011793136597
"NK","2026-03-06T21:00:00.000000",2.06545901298523
"NK","2026-03-06T22:00:00.000000",2.04515194892883
"NK","2026-03-06T23:00:00.000000",2.03266358375549
"NK","2026-03-07T00:00:00.000000",2.02778911590576
"NK","2026-03-07T01:00:00.000000",2.03374075889587
"NK","2026-03-07T02:00:00.000000",2.06005549430847
"NK","2026-03-07T03:00:00.000000",2.10979318618774
"NK","2026-03-07T04:00:00.000000",2.15652775764465
"NK","2026-03-07T05:00:00.000000",2.1708550453186
"NK","2026-03-07T06:00:00.000000",2.16957092285156
"NK","2026-03-07T07:00:00.000000",2.15855360031128
"NK","2026-03-07T08:00:00.000000",2.13602805137634
"NK","2026-03-07T09:00:00.000000",2.10867238044739
"NK","2026-03-07T10:00:00.000000",2.08228778839111
"NK","2026-03-07T11:00:00.000000",2.06054449081421
"NK","2026-03-07T12:00:00.000000",2.04640173912048
"NK","2026-03-07T13:00:00.000000",2.04325294494629
"NK","2026-03-07T14:00:00.000000",2.05326080322266
"NK","2026-03-07T15:00:00.000000",2.08308863639832
"NK","2026-03-07T16:00:00.000000",2.12148404121399
"NK","2026-03-07T17:00:00.000000",2.15588974952698
"NK","2026-03-07T18:00:00.000000",2.1623330116272
"NK","2026-03-07T19:00:00.000000",2.14418005943298
"NK","2026-03-07T20:00:00.000000",2.11884236335754
"NK","2026-03-07T21:00:00.000000",2.09427094459534
"NK","2026-03-07T22:00:00.000000",2.07298064231873
"NK","2026-03-07T23:00:00.000000",2.0565173625946
"NK","2026-03-08T00:00:00.000000",2.04603743553162
"NK","2026-03-08T01:00:00.000000",2.04226589202881
"NK","2026-03-08T02:00:00.000000",2.04480743408203
"NK","2026-03-08T03:00:00.000000",2.06749677658081
"NK","2026-03-08T04:00:00.000000",2.10594344139099
"NK","2026-03-08T05:00:00.000000",2.1549186706543
"NK","2026-03-08T06:00:00.000000",2.18136858940125
"NK","2026-03-08T07:00:00.000000",2.16804099082947
"NK","2026-03-08T08:00:00.000000",2.14246487617493
"NK","2026-03-08T09:00:00.000000",2.1136736869812
"NK","2026-03-08T10:00:00.000000",2.08718085289001
"NK","2026-03-08T11:00:00.000000",2.06604385375977
"NK","2026-03-08T12:00:00.000000",2.05215954780579
"NK","2026-03-08T13:00:00.000000",2.04496049880981
"NK","2026-03-08T14:00:00.000000",2.04302358627319
"NK","2026-03-08T15:00:00.000000",2.04447150230408
"NK","2026-03-08T16:00:00.000000",2.04769730567932
"NK","2026-03-08T17:00:00.000000",2.0522141456604
"NK","2026-03-08T18:00:00.000000",2.05932760238647
"NK","2026-03-08T19:00:00.000000",2.04797077178955
"NK","2026-03-08T20:00:00.000000",2.04526209831238
"NK","2026-03-08T21:00:00.000000",2.04502177238464
"NK","2026-03-08T22:00:00.000000",2.0449275970459
"NK","2026-03-08T23:00:00.000000",2.04522228240967
"NK","2026-03-09T00:00:00.000000",2.04522800445557
"NK","2026-03-09T01:00:00.000000",2.04523658752441
"NK","2026-03-09T02:00:00.000000",2.04538989067078
"NK","2026-03-09T03:00:00.000000",2.04548811912537
"NK","2026-03-09T04:00:00.000000",2.04581165313721
"NK","2026-03-09T05:00:00.000000",2.04903435707092
"NK","2026-03-09T06:00:00.000000",2.06526613235474
"NK","2026-03-09T07:00:00.000000",2.08590292930603
"NK","2026-03-09T08:00:00.000000",2.07306408882141
"NK","2026-03-09T09:00:00.000000",2.05998063087463
"NK","2026-03-09T10:00:00.000000",2.05175113677979
"NK","2026-03-09T11:00:00.000000",2.04743266105652
"NK","2026-03-09T12:00:00.000000",2.04503178596497
"NK","2026-03-09T13:00:00.000000",2.04417204856873
"NK","2026-03-09T14:00:00.000000",2.04473376274109
"NK","2026-03-09T15:00:00.000000",2.04656624794006
"NK","2026-03-09T16:00:00.000000",2.04851889610291
"NK","2026-03-09T17:00:00.000000",2.05306887626648
"NK","2026-03-09T18:00:00.000000",2.06943488121033
"NK","2026-03-09T19:00:00.000000",2.08450675010681
"NK","2026-03-09T20:00:00.000000",2.07438540458679
"NK","2026-03-09T21:00:00.000000",2.06508946418762
"NK","2026-03-09T22:00:00.000000",2.05962014198303
"NK","2026-03-09T23:00:00.000000",2.05688095092773
"NK","2026-03-10T00:00:00.000000",2.05490159988403
"NK","2026-03-10T01:00:00.000000",2.05360317230225
"NK","2026-03-10T02:00:00.000000",2.05335879325867
"NK","2026-03-10T03:00:00.000000",2.05434679985046
"NK","2026-03-10T04:00:00.000000",2.07908630371094
"NK","2026-03-10T05:00:00.000000",2.14773654937744
"NK","2026-03-10T06:00:00.000000",2.2168333530426
"NK","2026-03-10T07:00:00.000000",2.23205184936523
"NK","2026-03-10T08:00:00.000000",2.23313045501709
"NK","2026-03-10T09:00:00.000000",2.23280334472656
"NK","2026-03-10T10:00:00.000000",2.23139929771423
"NK","2026-03-10T11:00:00.000000",2.22917699813843
"NK","2026-03-10T12:00:00.000000",2.22239565849304
"NK","2026-03-10T13:00:00.000000",2.20895886421204
"NK","2026-03-10T14:00:00.000000",2.19539499282837
"NK","2026-03-10T15:00:00.000000",2.18438053131104
"NK","2026-03-10T16:00:00.000000",2.17854285240173
"NK","2026-03-10T17:00:00.000000",2.17662310600281
"NK","2026-03-10T18:00:00.000000",2.18300127983093
"NK","2026-03-10T19:00:00.000000",2.1825954914093
"NK","2026-03-10T20:00:00.000000",2.164883852005
"NK","2026-03-10T21:00:00.000000",2.14149594306946
"NK","2026-03-10T22:00:00.000000",2.11872625350952
"NK","2026-03-10T23:00:00.000000",2.09858417510986
"NK","2026-03-11T00:00:00.000000",2.08204770088196
"PI","2026-03-03T00:00:00.000000",1.61922574043274
"PI","2026-03-03T01:00:00.000000",1.69043946266174
"PI","2026-03-03T02:00:00.000000",1.68835639953613
"PI","2026-03-03T03:00:00.000000",1.69965696334839
"PI","2026-03-03T04:00:00.000000",1.72798669338226
"PI","2026-03-03T05:00:00.000000",1.69543123245239
"PI","2026-03-03T06:00:00.000000",1.63820838928223
"PI","2026-03-03T07:00:00.000000",1.64851033687592
"PI","2026-03-03T08:00:00.000000",1.69935917854309
"PI","2026-03-03T09:00:00.000000",1.70855474472046
"PI","2026-03-03T10:00:00.000000",1.70694804191589
"PI","2026-03-03T11:00:00.000000",1.69177722930908
"PI","2026-03-03T12:00:00.000000",1.68362200260162
"PI","2026-03-03T13:00:00.000000",1.68190908432007
"PI","2026-03-03T14:00:00.000000",1.68423140048981
"PI","2026-03-03T15:00:00.000000",1.70336472988129
"PI","2026-03-03T16:00:00.000000",1.71516633033752
"PI","2026-03-03T17:00:00.000000",1.72559189796448
"PI","2026-03-03T18:00:00.000000",1.73812305927277
"PI","2026-03-03T19:00:00.000000",1.73333382606506
"PI","2026-03-03T20:00:00.000000",1.72728097438812
"PI","2026-03-03T21:00:00.000000",1.71780037879944
"PI","2026-03-03T22:00:00.000000",1.74432754516602
"PI","2026-03-03T23:00:00.000000",1.76814770698547
"PI","2026-03-04T00:00:00.000000",1.78384184837341
"PI","2026-03-04T01:00:00.000000",1.75033640861511
"PI","2026-03-04T02:00:00.000000",1.74623584747314
"PI","2026-03-04T03:00:00.000000",1.76650321483612
"PI","2026-03-04T04:00:00.000000",1.7538388967514
"PI","2026-03-04T05:00:00.000000",1.76044189929962
"PI","2026-03-04T06:00:00.000000",1.78318524360657
"PI","2026-03-04T07:00:00.000000",1.77558994293213
"PI","2026-03-04T08:00:00.000000",1.79625558853149
"PI","2026-03-04T09:00:00.000000",1.75168704986572
"PI","2026-03-04T10:00:00.000000",1.73927521705627
"PI","2026-03-04T11:00:00.000000",1.78022801876068
"PI","2026-03-04T12:00:00.000000",1.80341947078705
"PI","2026-03-04T13:00:00.000000",1.8188145160675
"PI","2026-03-04T14:00:00.000000",1.79130053520203
"PI","2026-03-04T15:00:00.000000",1.79166436195374
"PI","2026-03-04T16:00:00.000000",1.84250330924988
"PI","2026-03-04T17:00:00.000000",1.83026993274689
"PI","2026-03-04T18:00:00.000000",1.84405612945557
"PI","2026-03-04T19:00:00.000000",1.91165590286255
"PI","2026-03-04T20:00:00.000000",1.87789905071259
"PI","2026-03-04T21:00:00.000000",1.84883081912994
"PI","2026-03-04T22:00:00.000000",1.83135175704956
"PI","2026-03-04T23:00:00.000000",1.84477412700653
"PI","2026-03-05T00:00:00.000000",1.86954522132874
"PI","2026-03-05T01:00:00.000000",1.87004721164703
"PI","2026-03-05T02:00:00.000000",1.83342635631561
"PI","2026-03-05T03:00:00.000000",1.87810075283051
"PI","2026-03-05T04:00:00.000000",1.90830111503601
"PI","2026-03-05T05:00:00.000000",1.86639523506165
"PI","2026-03-05T06:00:00.000000",1.80812239646912
"PI","2026-03-05T07:00:00.000000",1.78710412979126
"PI","2026-03-05T08:00:00.000000",1.85587573051453
"PI","2026-03-05T09:00:00.000000",1.84467113018036
"PI","2026-03-05T10:00:00.000000",1.78166031837463
"PI","2026-03-05T11:00:00.000000",1.85657966136932
"PI","2026-03-05T12:00:00.000000",1.8837718963623
"PI","2026-03-05T13:00:00.000000",1.89304661750793
"PI","2026-03-05T14:00:00.000000",1.87147486209869
"PI","2026-03-05T15:00:00.000000",1.83982634544373
"PI","2026-03-05T16:00:00.000000",1.84955298900604
"PI","2026-03-05T17:00:00.000000",1.82430720329285
"PI","2026-03-05T18:00:00.000000",1.80681622028351
"PI","2026-03-05T19:00:00.000000",1.7259749174118
"PI","2026-03-05T20:00:00.000000",1.83751678466797
"PI","2026-03-05T21:00:00.000000",1.83947110176086
"PI","2026-03-05T22:00:00.000000",1.76849484443665
"PI","2026-03-05T23:00:00.000000",1.78021025657654
"PI","2026-03-06T00:00:00.000000",1.86152362823486
"PI","2026-03-06T01:00:00.000000",1.87348175048828
"PI","2026-03-06T02:00:00.000000",1.85985255241394
"PI","2026-03-06T03:00:00.000000",1.83257687091827
"PI","2026-03-06T04:00:00.000000",1.80661976337433
"PI","2026-03-06T05:00:00.000000",1.71589374542236
"PI","2026-03-06T06:00:00.000000",1.71352803707123
"PI","2026-03-06T07:00:00.000000",1.6995495557785
"PI","2026-03-06T08:00:00.000000",1.74976742267609
"PI","2026-03-06T09:00:00.000000",1.80219912528992
"PI","2026-03-06T10:00:00.000000",1.80657207965851
"PI","2026-03-06T11:00:00.000000",1.81031024456024
"PI","2026-03-06T12:00:00.000000",1.83431303501129
"PI","2026-03-06T13:00:00.000000",1.84965860843658
"PI","2026-03-06T14:00:00.000000",1.84873259067535
"PI","2026-03-06T15:00:00.000000",1.84123289585114
"PI","2026-03-06T16:00:00.000000",1.79296290874481
"PI","2026-03-06T17:00:00.000000",1.78036689758301
"PI","2026-03-06T18:00:00.000000",1.7901166677475
"PI","2026-03-06T19:00:00.000000",1.79792881011963
"PI","2026-03-06T20:00:00.000000",1.80106806755066
"PI","2026-03-06T21:00:00.000000",1.81487905979156
"PI","2026-03-06T22:00:00.000000",1.83691501617432
"PI","2026-03-06T23:00:00.000000",1.83595550060272
"PI","2026-03-07T00:00:00.000000",1.84425354003906
"PI","2026-03-07T01:00:00.000000",1.85415422916412
"PI","2026-03-07T02:00:00.000000",1.85645234584808
"PI","2026-03-07T03:00:00.000000",1.83685123920441
"PI","2026-03-07T04:00:00.000000",1.84163451194763
"PI","2026-03-07T05:00:00.000000",1.84840965270996
"PI","2026-03-07T06:00:00.000000",1.84834456443787
"PI","2026-03-07T07:00:00.000000",1.837721824646
"PI","2026-03-07T08:00:00.000000",1.8355348110199
"PI","2026-03-07T09:00:00.000000",1.8548059463501
"PI","2026-03-07T10:00:00.000000",1.85276746749878
"PI","2026-03-07T11:00:00.000000",1.81815326213837
"PI","2026-03-07T12:00:00.000000",1.83819830417633
"PI","2026-03-07T13:00:00.000000",1.85612201690674
"PI","2026-03-07T14:00:00.000000",1.8606823682785
"PI","2026-03-07T15:00:00.000000",1.83965730667114
"PI","2026-03-07T16:00:00.000000",1.84505879878998
"PI","2026-03-07T17:00:00.000000",1.83659100532532
"PI","2026-03-07T18:00:00.000000",1.86633455753326
"PI","2026-03-07T19:00:00.000000",1.85437619686127
"PI","2026-03-07T20:00:00.000000",1.85153710842133
"PI","2026-03-07T21:00:00.000000",1.86601519584656
"PI","2026-03-07T22:00:00.000000",1.87635886669159
"PI","2026-03-07T23:00:00.000000",1.85398733615875
"PI","2026-03-08T00:00:00.000000",1.84833467006683
"PI","2026-03-08T01:00:00.000000",1.86207115650177
"PI","2026-03-08T02:00:00.000000",1.87216353416443
"PI","2026-03-08T03:00:00.000000",1.86752510070801
"PI","2026-03-08T04:00:00.000000",1.8476254940033
"PI","2026-03-08T05:00:00.000000",1.86312818527222
"PI","2026-03-08T06:00:00.000000",1.8861700296402
"PI","2026-03-08T07:00:00.000000",1.87219512462616
"PI","2026-03-08T08:00:00.000000",1.85292994976044
"PI","2026-03-08T09:00:00.000000",1.86664009094238
"PI","2026-03-08T10:00:00.000000",1.89038991928101
"PI","2026-03-08T11:00:00.000000",1.85545945167542
"PI","2026-03-08T12:00:00.000000",1.86883223056793
"PI","2026-03-08T13:00:00.000000",1.86560702323914
"PI","2026-03-08T14:00:00.000000",1.89592444896698
"PI","2026-03-08T15:00:00.000000",1.88454961776733
"PI","2026-03-08T16:00:00.000000",1.86553001403809
"PI","2026-03-08T17:00:00.000000",1.90959405899048
"PI","2026-03-08T18:00:00.000000",1.92496538162231
"PI","2026-03-08T19:00:00.000000",1.91854786872864
"PI","2026-03-08T20:00:00.000000",1.91827046871185
"PI","2026-03-08T21:00:00.000000",1.91803920269012
"PI","2026-03-08T22:00:00.000000",1.9172922372818
"PI","2026-03-08T23:00:00.000000",1.91000628471375
"PI","2026-03-09T00:00:00.000000",1.89446604251862
"PI","2026-03-09T01:00:00.000000",1.89047467708588
"PI","2026-03-09T02:00:00.000000",1.90464282035828
"PI","2026-03-09T03:00:00.000000",1.91008734703064
"PI","2026-03-09T04:00:00.000000",1.88785791397095
"PI","2026-03-09T05:00:00.000000",1.903364777565
"PI","2026-03-09T06:00:00.000000",1.95975661277771
"PI","2026-03-09T07:00:00.000000",1.96260273456573
"PI","2026-03-09T08:00:00.000000",1.96017456054688
"PI","2026-03-09T09:00:00.000000",1.94213557243347
"PI","2026-03-09T10:00:00.000000",1.93328332901001
"PI","2026-03-09T11:00:00.000000",1.92896544933319
"PI","2026-03-09T12:00:00.000000",1.90998125076294
"PI","2026-03-09T13:00:00.000000",1.91176879405975
"PI","2026-03-09T14:00:00.000000",1.9428379535675
"PI","2026-03-09T15:00:00.000000",1.93850326538086
"PI","2026-03-09T16:00:00.000000",1.91630506515503
"PI","2026-03-09T17:00:00.000000",1.93432033061981
"PI","2026-03-09T18:00:00.000000",2.05432939529419
"PI","2026-03-09T19:00:00.000000",2.04051685333252
"PI","2026-03-09T20:00:00.000000",2.04977226257324
"PI","2026-03-09T21:00:00.000000",2.04867839813232
"PI","2026-03-09T22:00:00.000000",2.01888632774353
"PI","2026-03-09T23:00:00.000000",1.97567451000214
"PI","2026-03-10T00:00:00.000000",1.94170308113098
"PI","2026-03-10T01:00:00.000000",1.94378614425659
"PI","2026-03-10T02:00:00.000000",1.96348786354065
"PI","2026-03-10T03:00:00.000000",1.95758473873138
"PI","2026-03-10T04:00:00.000000",1.9466849565506
"PI","2026-03-10T05:00:00.000000",1.92144572734833
"PI","2026-03-10T06:00:00.000000",1.93025135993958
"PI","2026-03-10T07:00:00.000000",1.99715900421143
"PI","2026-03-10T08:00:00.000000",2.00225257873535
"PI","2026-03-10T09:00:00.000000",1.99554169178009
"PI","2026-03-10T10:00:00.000000",1.99299943447113
"PI","2026-03-10T11:00:00.000000",1.98817646503448
"PI","2026-03-10T12:00:00.000000",1.95887291431427
"PI","2026-03-10T13:00:00.000000",1.96839070320129
"PI","2026-03-10T14:00:00.000000",1.97491264343262
"PI","2026-03-10T15:00:00.000000",1.98975813388824
"PI","2026-03-10T16:00:00.000000",2.00094652175903
"PI","2026-03-10T17:00:00.000000",2.01138424873352
"PI","2026-03-10T18:00:00.000000",2.13707327842712
"PI","2026-03-10T19:00:00.000000",2.14277267456055
"PI","2026-03-10T20:00:00.000000",2.18447136878967
"PI","2026-03-10T21:00:00.000000",2.17708301544189
"PI","2026-03-10T22:00:00.000000",2.16781044006348
"PI","2026-03-10T23:00:00.000000",2.10193395614624
"PI","2026-03-11T00:00:00.000000",2.05031824111938
"QU","2026-03-03T00:00:00.000000",2.26458477973938
"QU","2026-03-03T01:00:00.000000",2.2631824016571
"QU","2026-03-03T02:00:00.000000",2.26322245597839
"QU","2026-03-03T03:00:00.000000",2.26330184936523
"QU","2026-03-03T04:00:00.000000",2.2649827003479
"QU","2026-03-03T05:00:00.000000",2.26095795631409
"QU","2026-03-03T06:00:00.000000",2.22916340827942
"QU","2026-03-03T07:00:00.000000",2.2202570438385
"QU","2026-03-03T08:00:00.000000",2.21485209465027
"QU","2026-03-03T09:00:00.000000",2.2068657875061
"QU","2026-03-03T10:00:00.000000",2.19551467895508
"QU","2026-03-03T11:00:00.000000",2.1866557598114
"QU","2026-03-03T12:00:00.000000",2.17844271659851
"QU","2026-03-03T13:00:00.000000",2.17757606506348
"QU","2026-03-03T14:00:00.000000",2.1686704158783
"QU","2026-03-03T15:00:00.000000",2.15870237350464
"QU","2026-03-03T16:00:00.000000",2.16483402252197
"QU","2026-03-03T17:00:00.000000",2.1736786365509
"QU","2026-03-03T18:00:00.000000",2.18372106552124
"QU","2026-03-03T19:00:00.000000",2.19221138954163
"QU","2026-03-03T20:00:00.000000",2.198481798172
"QU","2026-03-03T21:00:00.000000",2.2013692855835
"QU","2026-03-03T22:00:00.000000",2.20175743103027
"QU","2026-03-03T23:00:00.000000",2.20140433311462
"QU","2026-03-04T00:00:00.000000",2.19831871986389
"QU","2026-03-04T01:00:00.000000",2.195720911026
"QU","2026-03-04T02:00:00.000000",2.19518184661865
"QU","2026-03-04T03:00:00.000000",2.19531440734863
"QU","2026-03-04T04:00:00.000000",2.19489359855652
"QU","2026-03-04T05:00:00.000000",2.1923131942749
"QU","2026-03-04T06:00:00.000000",2.18869495391846
"QU","2026-03-04T07:00:00.000000",2.18481278419495
"QU","2026-03-04T08:00:00.000000",2.17920303344727
"QU","2026-03-04T09:00:00.000000",2.16602206230164
"QU","2026-03-04T10:00:00.000000",2.16214799880981
"QU","2026-03-04T11:00:00.000000",2.1702778339386
"QU","2026-03-04T12:00:00.000000",2.17991137504578
"QU","2026-03-04T13:00:00.000000",2.18373012542725
"QU","2026-03-04T14:00:00.000000",2.18593096733093
"QU","2026-03-04T15:00:00.000000",2.18711090087891
"QU","2026-03-04T16:00:00.000000",2.18741035461426
"QU","2026-03-04T17:00:00.000000",2.1893036365509
"QU","2026-03-04T18:00:00.000000",2.19234657287598
"QU","2026-03-04T19:00:00.000000",2.19578385353088
"QU","2026-03-04T20:00:00.000000",2.1992518901825
"QU","2026-03-04T21:00:00.000000",2.20789790153503
"QU","2026-03-04T22:00:00.000000",2.21291160583496
"QU","2026-03-04T23:00:00.000000",2.21394062042236
"QU","2026-03-05T00:00:00.000000",2.21656465530396
"QU","2026-03-05T01:00:00.000000",2.22136640548706
"QU","2026-03-05T02:00:00.000000",2.2260947227478
"QU","2026-03-05T03:00:00.000000",2.22755074501038
"QU","2026-03-05T04:00:00.000000",2.22616362571716
"QU","2026-03-05T05:00:00.000000",2.22445058822632
"QU","2026-03-05T06:00:00.000000",2.22261333465576
"QU","2026-03-05T07:00:00.000000",2.22094535827637
"QU","2026-03-05T08:00:00.000000",2.21821475028992
"QU","2026-03-05T09:00:00.000000",2.1920428276062
"QU","2026-03-05T10:00:00.000000",2.18303751945496
"QU","2026-03-05T11:00:00.000000",2.18506741523743
"QU","2026-03-05T12:00:00.000000",2.19548630714417
"QU","2026-03-05T13:00:00.000000",2.20853567123413
"QU","2026-03-05T14:00:00.000000",2.2184476852417
"QU","2026-03-05T15:00:00.000000",2.22365999221802
"QU","2026-03-05T16:00:00.000000",2.22581577301025
"QU","2026-03-05T17:00:00.000000",2.22628116607666
"QU","2026-03-05T18:00:00.000000",2.22511839866638
"QU","2026-03-05T19:00:00.000000",2.21556520462036
"QU","2026-03-05T20:00:00.000000",2.19927358627319
"QU","2026-03-05T21:00:00.000000",2.18885970115662
"QU","2026-03-05T22:00:00.000000",2.18725442886353
"QU","2026-03-05T23:00:00.000000",2.19052028656006
"QU","2026-03-06T00:00:00.000000",2.19801783561707
"QU","2026-03-06T01:00:00.000000",2.19437170028687
"QU","2026-03-06T02:00:00.000000",2.18993282318115
"QU","2026-03-06T03:00:00.000000",2.1890652179718
"QU","2026-03-06T04:00:00.000000",2.19022941589355
"QU","2026-03-06T05:00:00.000000",2.193519115448
"QU","2026-03-06T06:00:00.000000",2.18991231918335
"QU","2026-03-06T07:00:00.000000",2.17751383781433
"QU","2026-03-06T08:00:00.000000",2.16396141052246
"QU","2026-03-06T09:00:00.000000",2.15609049797058
"QU","2026-03-06T10:00:00.000000",2.15854334831238
"QU","2026-03-06T11:00:00.000000",2.17012929916382
"QU","2026-03-06T12:00:00.000000",2.1751811504364
"QU","2026-03-06T13:00:00.000000",2.17377734184265
"QU","2026-03-06T14:00:00.000000",2.17270398139954
"QU","2026-03-06T15:00:00.000000",2.17404794692993
"QU","2026-03-06T16:00:00.000000",2.17732262611389
"QU","2026-03-06T17:00:00.000000",2.18071842193604
"QU","2026-03-06T18:00:00.000000",2.18394112586975
"QU","2026-03-06T19:00:00.000000",2.18522977828979
"QU","2026-03-06T20:00:00.000000",2.18566155433655
"QU","2026-03-06T21:00:00.000000",2.18632793426514
"QU","2026-03-06T22:00:00.000000",2.1871612071991
"QU","2026-03-06T23:00:00.000000",2.18923997879028
"QU","2026-03-07T00:00:00.000000",2.19391679763794
"QU","2026-03-07T01:00:00.000000",2.20128750801086
"QU","2026-03-07T02:00:00.000000",2.21022486686707
"QU","2026-03-07T03:00:00.000000",2.21814107894897
"QU","2026-03-07T04:00:00.000000",2.22311043739319
"QU","2026-03-07T05:00:00.000000",2.22376704216003
"QU","2026-03-07T06:00:00.000000",2.22391057014465
"QU","2026-03-07T07:00:00.000000",2.21759247779846
"QU","2026-03-07T08:00:00.000000",2.20683979988098
"QU","2026-03-07T09:00:00.000000",2.20197892189026
"QU","2026-03-07T10:00:00.000000",2.19854807853699
"QU","2026-03-07T11:00:00.000000",2.19638133049011
"QU","2026-03-07T12:00:00.000000",2.19683766365051
"QU","2026-03-07T13:00:00.000000",2.20066237449646
"QU","2026-03-07T14:00:00.000000",2.2097430229187
"QU","2026-03-07T15:00:00.000000",2.21510529518127
"QU","2026-03-07T16:00:00.000000",2.21519947052002
"QU","2026-03-07T17:00:00.000000",2.21120929718018
"QU","2026-03-07T18:00:00.000000",2.20950222015381
"QU","2026-03-07T19:00:00.000000",2.21022391319275
"QU","2026-03-07T20:00:00.000000",2.21174740791321
"QU","2026-03-07T21:00:00.000000",2.21311211585999
"QU","2026-03-07T22:00:00.000000",2.21436953544617
"QU","2026-03-07T23:00:00.000000",2.21570944786072
"QU","2026-03-08T00:00:00.000000",2.21646499633789
"QU","2026-03-08T01:00:00.000000",2.21727561950684
"QU","2026-03-08T02:00:00.000000",2.2412543296814
"QU","2026-03-08T03:00:00.000000",2.26216793060303
"QU","2026-03-08T04:00:00.000000",2.27388381958008
"QU","2026-03-08T05:00:00.000000",2.28179502487183
"QU","2026-03-08T06:00:00.000000",2.28214931488037
"QU","2026-03-08T07:00:00.000000",2.27841567993164
"QU","2026-03-08T08:00:00.000000",2.27345156669617
"QU","2026-03-08T09:00:00.000000",2.26849865913391
"QU","2026-03-08T10:00:00.000000",2.26325583457947
"QU","2026-03-08T11:00:00.000000",2.25833058357239
"QU","2026-03-08T12:00:00.000000",2.25515842437744
"QU","2026-03-08T13:00:00.000000",2.25519895553589
"QU","2026-03-08T14:00:00.000000",2.2587947845459
"QU","2026-03-08T15:00:00.000000",2.26394081115723
"QU","2026-03-08T16:00:00.000000",2.26925611495972
"QU","2026-03-08T17:00:00.000000",2.27348923683167
"QU","2026-03-08T18:00:00.000000",2.27333474159241
"QU","2026-03-08T19:00:00.000000",2.26934027671814
"QU","2026-03-08T20:00:00.000000",2.26443982124329
"QU","2026-03-08T21:00:00.000000",2.26144003868103
"QU","2026-03-08T22:00:00.000000",2.26048731803894
"QU","2026-03-08T23:00:00.000000",2.26168179512024
"QU","2026-03-09T00:00:00.000000",2.26235914230347
"QU","2026-03-09T01:00:00.000000",2.26273798942566
"QU","2026-03-09T02:00:00.000000",2.264967918396
"QU","2026-03-09T03:00:00.000000",2.26874208450317
"QU","2026-03-09T04:00:00.000000",2.27141213417053
"QU","2026-03-09T05:00:00.000000",2.27382516860962
"QU","2026-03-09T06:00:00.000000",2.27585816383362
"QU","2026-03-09T07:00:00.000000",2.27657413482666
"QU","2026-03-09T08:00:00.000000",2.27695393562317
"QU","2026-03-09T09:00:00.000000",2.27751040458679
"QU","2026-03-09T10:00:00.000000",2.2785222530365
"QU","2026-03-09T11:00:00.000000",2.2796106338501
"QU","2026-03-09T12:00:00.000000",2.28060126304626
"QU","2026-03-09T13:00:00.000000",2.2820246219635
"QU","2026-03-09T14:00:00.000000",2.28391790390015
"QU","2026-03-09T15:00:00.000000",2.28670811653137
"QU","2026-03-09T16:00:00.000000",2.29031991958618
"QU","2026-03-09T17:00:00.000000",2.29424071311951
"QU","2026-03-09T18:00:00.000000",2.29818201065063
"QU","2026-03-09T19:00:00.000000",2.30212497711182
"QU","2026-03-09T20:00:00.000000",2.30580568313599
"QU","2026-03-09T21:00:00.000000",2.3088915348053
"QU","2026-03-09T22:00:00.000000",2.31064796447754
"QU","2026-03-09T23:00:00.000000",2.31063938140869
"QU","2026-03-10T00:00:00.000000",2.31236219406128
"QU","2026-03-10T01:00:00.000000",2.31228113174438
"QU","2026-03-10T02:00:00.000000",2.31264901161194
"QU","2026-03-10T03:00:00.000000",2.31296372413635
"QU","2026-03-10T04:00:00.000000",2.31367874145508
"QU","2026-03-10T05:00:00.000000",2.31449484825134
"QU","2026-03-10T06:00:00.000000",2.3154354095459
"QU","2026-03-10T07:00:00.000000",2.32500100135803
"QU","2026-03-10T08:00:00.000000",2.32677030563354
"QU","2026-03-10T09:00:00.000000",2.32229971885681
"QU","2026-03-10T10:00:00.000000",2.31721544265747
"QU","2026-03-10T11:00:00.000000",2.3140184879303
"QU","2026-03-10T12:00:00.000000",2.31193971633911
"QU","2026-03-10T13:00:00.000000",2.31128644943237
"QU","2026-03-10T14:00:00.000000",2.31290531158447
"QU","2026-03-10T15:00:00.000000",2.31716537475586
"QU","2026-03-10T16:00:00.000000",2.32396841049194
"QU","2026-03-10T17:00:00.000000",2.33210897445679
"QU","2026-03-10T18:00:00.000000",2.34073901176453
"QU","2026-03-10T19:00:00.000000",2.34726119041443
"QU","2026-03-10T20:00:00.000000",2.35153746604919
"QU","2026-03-10T21:00:00.000000",2.35447978973389
"QU","2026-03-10T22:00:00.000000",2.35636901855469
"QU","2026-03-10T23:00:00.000000",2.35730004310608
"QU","2026-03-11T00:00:00.000000",2.35778450965881
"CC","2026-03-03T00:00:00.000000",0.374325454235077
"CC","2026-03-03T01:00:00.000000",0.375554233789444
"CC","2026-03-03T02:00:00.000000",0.376396745443344
"CC","2026-03-03T03:00:00.000000",0.380638420581818
"CC","2026-03-03T04:00:00.000000",0.384864628314972
"CC","2026-03-03T05:00:00.000000",0.386608481407166
"CC","2026-03-03T06:00:00.000000",0.386498749256134
"CC","2026-03-03T07:00:00.000000",0.387313991785049
"CC","2026-03-03T08:00:00.000000",0.388546705245972
"CC","2026-03-03T09:00:00.000000",0.389578074216843
"CC","2026-03-03T10:00:00.000000",0.39012286067009
"CC","2026-03-03T11:00:00.000000",0.390342235565186
"CC","2026-03-03T12:00:00.000000",0.388194590806961
"CC","2026-03-03T13:00:00.000000",0.381992995738983
"CC","2026-03-03T14:00:00.000000",0.373677849769592
"CC","2026-03-03T15:00:00.000000",0.358454376459122
"CC","2026-03-03T16:00:00.000000",0.34267920255661
"CC","2026-03-03T17:00:00.000000",0.32801765203476
"CC","2026-03-03T18:00:00.000000",0.315281629562378
"CC","2026-03-03T19:00:00.000000",0.307328760623932
"CC","2026-03-03T20:00:00.000000",0.304469555616379
"CC","2026-03-03T21:00:00.000000",0.306029736995697
"CC","2026-03-03T22:00:00.000000",0.308196306228638
"CC","2026-03-03T23:00:00.000000",0.312307924032211
"CC","2026-03-04T00:00:00.000000",0.320249557495117
"CC","2026-03-04T01:00:00.000000",0.328586310148239
"CC","2026-03-04T02:00:00.000000",0.334700405597687
"CC","2026-03-04T03:00:00.000000",0.34161165356636
"CC","2026-03-04T04:00:00.000000",0.349625706672668
"CC","2026-03-04T05:00:00.000000",0.355476796627045
"CC","2026-03-04T06:00:00.000000",0.356400996446609
"CC","2026-03-04T07:00:00.000000",0.357434779405594
"CC","2026-03-04T08:00:00.000000",0.358930379152298
"CC","2026-03-04T09:00:00.000000",0.360401719808578
"CC","2026-03-04T10:00:00.000000",0.361596465110779
"CC","2026-03-04T11:00:00.000000",0.363254308700562
"CC","2026-03-04T12:00:00.000000",0.36506113409996
"CC","2026-03-04T13:00:00.000000",0.366327464580536
"CC","2026-03-04T14:00:00.000000",0.367934256792068
"CC","2026-03-04T15:00:00.000000",0.369744479656219
"CC","2026-03-04T16:00:00.000000",0.371569335460663
"CC","2026-03-04T17:00:00.000000",0.373388320207596
"CC","2026-03-04T18:00:00.000000",0.375078618526459
"CC","2026-03-04T19:00:00.000000",0.376541346311569
"CC","2026-03-04T20:00:00.000000",0.37793293595314
"CC","2026-03-04T21:00:00.000000",0.37885582447052
"CC","2026-03-04T22:00:00.000000",0.379313945770264
"CC","2026-03-04T23:00:00.000000",0.379588425159454
"CC","2026-03-05T00:00:00.000000",0.380566835403442
"CC","2026-03-05T01:00:00.000000",0.38349711894989
"CC","2026-03-05T02:00:00.000000",0.389068394899368
"CC","2026-03-05T03:00:00.000000",0.394376069307327
"CC","2026-03-05T04:00:00.000000",0.401815474033356
"CC","2026-03-05T05:00:00.000000",0.410307139158249
"CC","2026-03-05T06:00:00.000000",0.414370834827423
"CC","2026-03-05T07:00:00.000000",0.416686564683914
"CC","2026-03-05T08:00:00.000000",0.418208032846451
"CC","2026-03-05T09:00:00.000000",0.419729888439178
"CC","2026-03-05T10:00:00.000000",0.420932441949844
"CC","2026-03-05T11:00:00.000000",0.422813802957535
"CC","2026-03-05T12:00:00.000000",0.425573885440826
"CC","2026-03-05T13:00:00.000000",0.427760660648346
"CC","2026-03-05T14:00:00.000000",0.431067168712616
"CC","2026-03-05T15:00:00.000000",0.43570402264595
"CC","2026-03-05T16:00:00.000000",0.440378308296204
"CC","2026-03-05T17:00:00.000000",0.446588099002838
"CC","2026-03-05T18:00:00.000000",0.451134413480759
"CC","2026-03-05T19:00:00.000000",0.453460663557053
"CC","2026-03-05T20:00:00.000000",0.454851508140564
"CC","2026-03-05T21:00:00.000000",0.455973893404007
"CC","2026-03-05T22:00:00.000000",0.457454264163971
"CC","2026-03-05T23:00:00.000000",0.459980040788651
"CC","2026-03-06T00:00:00.000000",0.46346715092659
"CC","2026-03-06T01:00:00.000000",0.46702241897583
"CC","2026-03-06T02:00:00.000000",0.470198154449463
"CC","2026-03-06T03:00:00.000000",0.4745112657547
"CC","2026-03-06T04:00:00.000000",0.499604165554047
"CC","2026-03-06T05:00:00.000000",0.510353624820709
"CC","2026-03-06T06:00:00.000000",0.511790573596954
"CC","2026-03-06T07:00:00.000000",0.512347280979156
"CC","2026-03-06T08:00:00.000000",0.511546790599823
"CC","2026-03-06T09:00:00.000000",0.511113047599792
"CC","2026-03-06T10:00:00.000000",0.510872900485992
"CC","2026-03-06T11:00:00.000000",0.511377036571503
"CC","2026-03-06T12:00:00.000000",0.512862741947174
"CC","2026-03-06T13:00:00.000000",0.515617489814758
"CC","2026-03-06T14:00:00.000000",0.519247591495514
"CC","2026-03-06T15:00:00.000000",0.52223926782608
"CC","2026-03-06T16:00:00.000000",0.525356471538544
"CC","2026-03-06T17:00:00.000000",0.529237151145935
"CC","2026-03-06T18:00:00.000000",0.533610582351685
"CC","2026-03-06T19:00:00.000000",0.538977444171906
"CC","2026-03-06T20:00:00.000000",0.544620931148529
"CC","2026-03-06T21:00:00.000000",0.549793720245361
"CC","2026-03-06T22:00:00.000000",0.553515732288361
"CC","2026-03-06T23:00:00.000000",0.556485295295715
"CC","2026-03-07T00:00:00.000000",0.559844553470612
"CC","2026-03-07T01:00:00.000000",0.563387274742126
"CC","2026-03-07T02:00:00.000000",0.566357851028442
"CC","2026-03-07T03:00:00.000000",0.569187760353088
"CC","2026-03-07T04:00:00.000000",0.571958959102631
"CC","2026-03-07T05:00:00.000000",0.574931025505066
"CC","2026-03-07T06:00:00.000000",0.578392326831818
"CC","2026-03-07T07:00:00.000000",0.581226825714111
"CC","2026-03-07T08:00:00.000000",0.583788812160492
"CC","2026-03-07T09:00:00.000000",0.586405813694
"CC","2026-03-07T10:00:00.000000",0.589459002017975
"CC","2026-03-07T11:00:00.000000",0.592352569103241
"CC","2026-03-07T12:00:00.000000",0.59425950050354
"CC","2026-03-07T13:00:00.000000",0.596166551113129
"CC","2026-03-07T14:00:00.000000",0.598882794380188
"CC","2026-03-07T15:00:00.000000",0.602847456932068
"CC","2026-03-07T16:00:00.000000",0.607368290424347
"CC","2026-03-07T17:00:00.000000",0.611194849014282
"CC","2026-03-07T18:00:00.000000",0.614453017711639
"CC","2026-03-07T19:00:00.000000",0.616947293281555
"CC","2026-03-07T20:00:00.000000",0.618820369243622
"CC","2026-03-07T21:00:00.000000",0.620448529720306
"CC","2026-03-07T22:00:00.000000",0.622261524200439
"CC","2026-03-07T23:00:00.000000",0.62556254863739
"CC","2026-03-08T00:00:00.000000",0.629535675048828
"CC","2026-03-08T01:00:00.000000",0.635141491889954
"CC","2026-03-08T02:00:00.000000",0.644683480262756
"CC","2026-03-08T03:00:00.000000",0.664192318916321
"CC","2026-03-08T04:00:00.000000",0.684228420257568
"CC","2026-03-08T05:00:00.000000",0.700876176357269
"CC","2026-03-08T06:00:00.000000",0.713350713253021
"CC","2026-03-08T07:00:00.000000",0.72368460893631
"CC","2026-03-08T08:00:00.000000",0.730615437030792
"CC","2026-03-08T09:00:00.000000",0.735015153884888
"CC","2026-03-08T10:00:00.000000",0.739109992980957
"CC","2026-03-08T11:00:00.000000",0.743381440639496
"CC","2026-03-08T12:00:00.000000",0.746839880943298
"CC","2026-03-08T13:00:00.000000",0.748420238494873
"CC","2026-03-08T14:00:00.000000",0.749306678771973
"CC","2026-03-08T15:00:00.000000",0.750162780284882
"CC","2026-03-08T16:00:00.000000",0.750319182872772
"CC","2026-03-08T17:00:00.000000",0.7510746717453
"CC","2026-03-08T18:00:00.000000",0.750562727451324
"CC","2026-03-08T19:00:00.000000",0.751197814941406
"CC","2026-03-08T20:00:00.000000",0.751969695091248
"CC","2026-03-08T21:00:00.000000",0.752408087253571
"CC","2026-03-08T22:00:00.000000",0.752808153629303
"CC","2026-03-08T23:00:00.000000",0.752924263477325
"CC","2026-03-09T00:00:00.000000",0.753153085708618
"CC","2026-03-09T01:00:00.000000",0.752918422222137
"CC","2026-03-09T02:00:00.000000",0.751899719238281
"CC","2026-03-09T03:00:00.000000",0.750584483146667
"CC","2026-03-09T04:00:00.000000",0.749330818653107
"CC","2026-03-09T05:00:00.000000",0.748153328895569
"CC","2026-03-09T06:00:00.000000",0.746771931648254
"CC","2026-03-09T07:00:00.000000",0.745559453964233
"CC","2026-03-09T08:00:00.000000",0.744734108448029
"CC","2026-03-09T09:00:00.000000",0.74393230676651
"CC","2026-03-09T10:00:00.000000",0.742883265018463
"CC","2026-03-09T11:00:00.000000",0.741778254508972
"CC","2026-03-09T12:00:00.000000",0.740911722183228
"CC","2026-03-09T13:00:00.000000",0.740071475505829
"CC","2026-03-09T14:00:00.000000",0.739243030548096
"CC","2026-03-09T15:00:00.000000",0.739537179470062
"CC","2026-03-09T16:00:00.000000",0.740953028202057
"CC","2026-03-09T17:00:00.000000",0.743483603000641
"CC","2026-03-09T18:00:00.000000",0.747188568115234
"CC","2026-03-09T19:00:00.000000",0.751891493797302
"CC","2026-03-09T20:00:00.000000",0.756841719150543
"CC","2026-03-09T21:00:00.000000",0.760277271270752
"CC","2026-03-09T22:00:00.000000",0.761669218540192
"CC","2026-03-09T23:00:00.000000",0.763997137546539
"CC","2026-03-10T00:00:00.000000",0.768495380878448
"CC","2026-03-10T01:00:00.000000",0.774890124797821
"CC","2026-03-10T02:00:00.000000",0.781927883625031
"CC","2026-03-10T03:00:00.000000",0.788857519626617
"CC","2026-03-10T04:00:00.000000",0.796611666679382
"CC","2026-03-10T05:00:00.000000",0.805249989032745
"CC","2026-03-10T06:00:00.000000",0.814221203327179
"CC","2026-03-10T07:00:00.000000",0.822269678115845
"CC","2026-03-10T08:00:00.000000",0.828315675258636
"CC","2026-03-10T09:00:00.000000",0.832218170166016
"CC","2026-03-10T10:00:00.000000",0.834432005882263
"CC","2026-03-10T11:00:00.000000",0.835753917694092
"CC","2026-03-10T12:00:00.000000",0.83658891916275
"CC","2026-03-10T13:00:00.000000",0.837196052074432
"CC","2026-03-10T14:00:00.000000",0.837412476539612
"CC","2026-03-10T15:00:00.000000",0.837568044662476
"CC","2026-03-10T16:00:00.000000",0.83806961774826
"CC","2026-03-10T17:00:00.000000",0.83892148733139
"CC","2026-03-10T18:00:00.000000",0.839856028556824
"CC","2026-03-10T19:00:00.000000",0.840718626976013
"CC","2026-03-10T20:00:00.000000",0.841477990150452
"CC","2026-03-10T21:00:00.000000",0.841894865036011
"CC","2026-03-10T22:00:00.000000",0.841611504554749
"CC","2026-03-10T23:00:00.000000",0.840719223022461
"CC","2026-03-11T00:00:00.000000",0.840018808841705
"DL","2026-03-03T00:00:00.000000",0.6139115691185
"DL","2026-03-03T01:00:00.000000",0.608366727828979
"DL","2026-03-03T02:00:00.000000",0.625297427177429
"DL","2026-03-03T03:00:00.000000",0.598155915737152
"DL","2026-03-03T04:00:00.000000",0.777279675006866
"DL","2026-03-03T05:00:00.000000",1.44241917133331
"DL","2026-03-03T06:00:00.000000",1.98636758327484
"DL","2026-03-03T07:00:00.000000",1.992791056633
"DL","2026-03-03T08:00:00.000000",0.911572992801666
"DL","2026-03-03T09:00:00.000000",0.597714126110077
"DL","2026-03-03T10:00:00.000000",0.558909595012665
"DL","2026-03-03T11:00:00.000000",0.538597226142883
"DL","2026-03-03T12:00:00.000000",0.531785428524017
"DL","2026-03-03T13:00:00.000000",0.541626393795013
"DL","2026-03-03T14:00:00.000000",0.541622579097748
"DL","2026-03-03T15:00:00.000000",0.864939153194427
"DL","2026-03-03T16:00:00.000000",1.12961792945862
"DL","2026-03-03T17:00:00.000000",1.04387354850769
"DL","2026-03-03T18:00:00.000000",1.36667919158936
"DL","2026-03-03T19:00:00.000000",1.50658512115479
"DL","2026-03-03T20:00:00.000000",1.66483759880066
"DL","2026-03-03T21:00:00.000000",0.924805402755737
"DL","2026-03-03T22:00:00.000000",0.69966733455658
"DL","2026-03-03T23:00:00.000000",0.615973949432373
"DL","2026-03-04T00:00:00.000000",0.604584217071533
"DL","2026-03-04T01:00:00.000000",0.695600152015686
"DL","2026-03-04T02:00:00.000000",0.733970999717712
"DL","2026-03-04T03:00:00.000000",0.739700317382812
"DL","2026-03-04T04:00:00.000000",1.3905782699585
"DL","2026-03-04T05:00:00.000000",2.10693669319153
"DL","2026-03-04T06:00:00.000000",1.63476991653442
"DL","2026-03-04T07:00:00.000000",0.841628074645996
"DL","2026-03-04T08:00:00.000000",0.628687679767609
"DL","2026-03-04T09:00:00.000000",0.728867948055267
"DL","2026-03-04T10:00:00.000000",0.605370104312897
"DL","2026-03-04T11:00:00.000000",0.592495858669281
"DL","2026-03-04T12:00:00.000000",0.590864539146423
"DL","2026-03-04T13:00:00.000000",0.601046204566956
"DL","2026-03-04T14:00:00.000000",0.659547090530396
"DL","2026-03-04T15:00:00.000000",0.696585536003113
"DL","2026-03-04T16:00:00.000000",1.39341926574707
"DL","2026-03-04T17:00:00.000000",1.77317106723785
"DL","2026-03-04T18:00:00.000000",2.08648252487183
"DL","2026-03-04T19:00:00.000000",1.97977817058563
"DL","2026-03-04T20:00:00.000000",1.145503282547
"DL","2026-03-04T21:00:00.000000",0.968944370746613
"DL","2026-03-04T22:00:00.000000",0.85127866268158
"DL","2026-03-04T23:00:00.000000",0.764582335948944
"DL","2026-03-05T00:00:00.000000",0.709258139133453
"DL","2026-03-05T01:00:00.000000",0.691353142261505
"DL","2026-03-05T02:00:00.000000",0.699685037136078
"DL","2026-03-05T03:00:00.000000",0.734628558158875
"DL","2026-03-05T04:00:00.000000",1.46947205066681
"DL","2026-03-05T05:00:00.000000",1.6171418428421
"DL","2026-03-05T06:00:00.000000",1.98144733905792
"DL","2026-03-05T07:00:00.000000",2.02583360671997
"DL","2026-03-05T08:00:00.000000",1.36524176597595
"DL","2026-03-05T09:00:00.000000",1.0304993391037
"DL","2026-03-05T10:00:00.000000",1.01832354068756
"DL","2026-03-05T11:00:00.000000",0.91359668970108
"DL","2026-03-05T12:00:00.000000",0.803479433059692
"DL","2026-03-05T13:00:00.000000",0.773685276508331
"DL","2026-03-05T14:00:00.000000",0.764164090156555
"DL","2026-03-05T15:00:00.000000",0.771457970142365
"DL","2026-03-05T16:00:00.000000",0.806822180747986
"DL","2026-03-05T17:00:00.000000",1.43992960453033
"DL","2026-03-05T18:00:00.000000",1.93383502960205
"DL","2026-03-05T19:00:00.000000",1.53817987442017
"DL","2026-03-05T20:00:00.000000",1.11738741397858
"DL","2026-03-05T21:00:00.000000",0.964796125888824
"DL","2026-03-05T22:00:00.000000",0.898315370082855
"DL","2026-03-05T23:00:00.000000",0.828397274017334
"DL","2026-03-06T00:00:00.000000",0.790620028972626
"DL","2026-03-06T01:00:00.000000",0.780736744403839
"DL","2026-03-06T02:00:00.000000",0.785756468772888
"DL","2026-03-06T03:00:00.000000",0.778060734272003
"DL","2026-03-06T04:00:00.000000",0.806144714355469
"DL","2026-03-06T05:00:00.000000",1.84119486808777
"DL","2026-03-06T06:00:00.000000",1.89817416667938
"DL","2026-03-06T07:00:00.000000",2.28262448310852
"DL","2026-03-06T08:00:00.000000",1.64599704742432
"DL","2026-03-06T09:00:00.000000",1.86438155174255
"DL","2026-03-06T10:00:00.000000",1.3248850107193
"DL","2026-03-06T11:00:00.000000",1.17641091346741
"DL","2026-03-06T12:00:00.000000",1.0143848657608
"DL","2026-03-06T13:00:00.000000",0.918976664543152
"DL","2026-03-06T14:00:00.000000",0.858085989952087
"DL","2026-03-06T15:00:00.000000",0.815563023090363
"DL","2026-03-06T16:00:00.000000",0.848485827445984
"DL","2026-03-06T17:00:00.000000",0.893289566040039
"DL","2026-03-06T18:00:00.000000",2.08369588851929
"DL","2026-03-06T19:00:00.000000",2.14555215835571
"DL","2026-03-06T20:00:00.000000",2.19880199432373
"DL","2026-03-06T21:00:00.000000",1.50069510936737
"DL","2026-03-06T22:00:00.000000",1.30509316921234
"DL","2026-03-06T23:00:00.000000",1.06691205501556
"DL","2026-03-07T00:00:00.000000",0.953317582607269
"DL","2026-03-07T01:00:00.000000",0.890025734901428
"DL","2026-03-07T02:00:00.000000",0.843094170093536
"DL","2026-03-07T03:00:00.000000",0.811158716678619
"DL","2026-03-07T04:00:00.000000",0.810094058513641
"DL","2026-03-07T05:00:00.000000",0.922437727451324
"DL","2026-03-07T06:00:00.000000",1.52998900413513
"DL","2026-03-07T07:00:00.000000",1.7005387544632
"DL","2026-03-07T08:00:00.000000",1.22236847877502
"DL","2026-03-07T09:00:00.000000",1.14372217655182
"DL","2026-03-07T10:00:00.000000",1.05098593235016
"DL","2026-03-07T11:00:00.000000",1.02828311920166
"DL","2026-03-07T12:00:00.000000",0.959004521369934
"DL","2026-03-07T13:00:00.000000",0.886332988739014
"DL","2026-03-07T14:00:00.000000",0.840356469154358
"DL","2026-03-07T15:00:00.000000",0.838984310626984
"DL","2026-03-07T16:00:00.000000",0.881111860275269
"DL","2026-03-07T17:00:00.000000",0.939203083515167
"DL","2026-03-07T18:00:00.000000",1.22011828422546
"DL","2026-03-07T19:00:00.000000",1.70183753967285
"DL","2026-03-07T20:00:00.000000",1.62048172950745
"DL","2026-03-07T21:00:00.000000",1.26444113254547
"DL","2026-03-07T22:00:00.000000",0.977217137813568
"DL","2026-03-07T23:00:00.000000",0.894871473312378
"DL","2026-03-08T00:00:00.000000",0.868113934993744
"DL","2026-03-08T01:00:00.000000",0.852127432823181
"DL","2026-03-08T02:00:00.000000",0.843752682209015
"DL","2026-03-08T03:00:00.000000",0.843378067016602
"DL","2026-03-08T04:00:00.000000",0.847530782222748
"DL","2026-03-08T05:00:00.000000",0.868618190288544
"DL","2026-03-08T06:00:00.000000",0.913238525390625
"DL","2026-03-08T07:00:00.000000",1.22125577926636
"DL","2026-03-08T08:00:00.000000",1.49488019943237
"DL","2026-03-08T09:00:00.000000",0.866434693336487
"DL","2026-03-08T10:00:00.000000",0.867539525032043
"DL","2026-03-08T11:00:00.000000",0.89338344335556
"DL","2026-03-08T12:00:00.000000",0.874586462974548
"DL","2026-03-08T13:00:00.000000",0.877052664756775
"DL","2026-03-08T14:00:00.000000",0.885074079036713
"DL","2026-03-08T15:00:00.000000",0.891051054000854
"DL","2026-03-08T16:00:00.000000",0.895038664340973
"DL","2026-03-08T17:00:00.000000",0.896639764308929
"DL","2026-03-08T18:00:00.000000",0.907928705215454
"DL","2026-03-08T19:00:00.000000",1.42936360836029
"DL","2026-03-08T20:00:00.000000",1.60985469818115
"DL","2026-03-08T21:00:00.000000",1.43675911426544
"DL","2026-03-08T22:00:00.000000",0.944120705127716
"DL","2026-03-08T23:00:00.000000",0.938088774681091
"DL","2026-03-09T00:00:00.000000",0.934977293014526
"DL","2026-03-09T01:00:00.000000",0.926033079624176
"DL","2026-03-09T02:00:00.000000",0.923348844051361
"DL","2026-03-09T03:00:00.000000",0.922924757003784
"DL","2026-03-09T04:00:00.000000",0.92476099729538
"DL","2026-03-09T05:00:00.000000",0.9496950507164
"DL","2026-03-09T06:00:00.000000",0.955259144306183
"DL","2026-03-09T07:00:00.000000",0.99883621931076
"DL","2026-03-09T08:00:00.000000",1.42587602138519
"DL","2026-03-09T09:00:00.000000",1.39089381694794
"DL","2026-03-09T10:00:00.000000",1.42994964122772
"DL","2026-03-09T11:00:00.000000",1.20491993427277
"DL","2026-03-09T12:00:00.000000",1.25109374523163
"DL","2026-03-09T13:00:00.000000",1.1526472568512
"DL","2026-03-09T14:00:00.000000",1.11535489559174
"DL","2026-03-09T15:00:00.000000",1.05023598670959
"DL","2026-03-09T16:00:00.000000",1.01884889602661
"DL","2026-03-09T17:00:00.000000",1.02677226066589
"DL","2026-03-09T18:00:00.000000",1.06099152565002
"DL","2026-03-09T19:00:00.000000",1.13392627239227
"DL","2026-03-09T20:00:00.000000",1.58786010742188
"DL","2026-03-09T21:00:00.000000",1.55192232131958
"DL","2026-03-09T22:00:00.000000",1.24116623401642
"DL","2026-03-09T23:00:00.000000",1.08990716934204
"DL","2026-03-10T00:00:00.000000",1.04751527309418
"DL","2026-03-10T01:00:00.000000",1.02536404132843
"DL","2026-03-10T02:00:00.000000",0.998555421829224
"DL","2026-03-10T03:00:00.000000",0.983552038669586
"DL","2026-03-10T04:00:00.000000",0.980085253715515
"DL","2026-03-10T05:00:00.000000",0.981118023395538
"DL","2026-03-10T06:00:00.000000",0.994540452957153
"DL","2026-03-10T07:00:00.000000",1.00767719745636
"DL","2026-03-10T08:00:00.000000",1.04719936847687
"DL","2026-03-10T09:00:00.000000",1.39872336387634
"DL","2026-03-10T10:00:00.000000",1.25274777412415
"DL","2026-03-10T11:00:00.000000",1.16499674320221
"DL","2026-03-10T12:00:00.000000",1.11739134788513
"DL","2026-03-10T13:00:00.000000",1.2286548614502
"DL","2026-03-10T14:00:00.000000",1.08074152469635
"DL","2026-03-10T15:00:00.000000",1.04109227657318
"DL","2026-03-10T16:00:00.000000",1.02006864547729
"DL","2026-03-10T17:00:00.000000",1.04105913639069
"DL","2026-03-10T18:00:00.000000",1.08530271053314
"DL","2026-03-10T19:00:00.000000",1.17809796333313
"DL","2026-03-10T20:00:00.000000",1.50977957248688
"DL","2026-03-10T21:00:00.000000",1.58520412445068
"DL","2026-03-10T22:00:00.000000",1.5908989906311
"DL","2026-03-10T23:00:00.000000",1.30759727954865
"DL","2026-03-11T00:00:00.000000",1.21102273464203
"GB","2026-03-03T00:00:00.000000",0.708081960678101
"GB","2026-03-03T01:00:00.000000",0.653528213500977
"GB","2026-03-03T02:00:00.000000",0.621552348136902
"GB","2026-03-03T03:00:00.000000",0.568915605545044
"GB","2026-03-03T04:00:00.000000",0.541274309158325
"GB","2026-03-03T05:00:00.000000",0.60704892873764
"GB","2026-03-03T06:00:00.000000",0.654939949512482
"GB","2026-03-03T07:00:00.000000",0.687267601490021
"GB","2026-03-03T08:00:00.000000",0.780148923397064
"GB","2026-03-03T09:00:00.000000",0.835189282894135
"GB","2026-03-03T10:00:00.000000",0.740524709224701
"GB","2026-03-03T11:00:00.000000",0.728783369064331
"GB","2026-03-03T12:00:00.000000",0.654732704162598
"GB","2026-03-03T13:00:00.000000",0.596073031425476
"GB","2026-03-03T14:00:00.000000",0.554196953773499
"GB","2026-03-03T15:00:00.000000",0.531904995441437
"GB","2026-03-03T16:00:00.000000",0.490154147148132
"GB","2026-03-03T17:00:00.000000",0.547632396221161
"GB","2026-03-03T18:00:00.000000",0.602957546710968
"GB","2026-03-03T19:00:00.000000",0.631622493267059
"GB","2026-03-03T20:00:00.000000",0.670118391513824
"GB","2026-03-03T21:00:00.000000",0.733672380447388
"GB","2026-03-03T22:00:00.000000",0.766478955745697
"GB","2026-03-03T23:00:00.000000",0.746801197528839
"GB","2026-03-04T00:00:00.000000",0.743915557861328
"GB","2026-03-04T01:00:00.000000",0.683444976806641
"GB","2026-03-04T02:00:00.000000",0.651164770126343
"GB","2026-03-04T03:00:00.000000",0.634398758411407
"GB","2026-03-04T04:00:00.000000",0.611452758312225
"GB","2026-03-04T05:00:00.000000",0.615133821964264
"GB","2026-03-04T06:00:00.000000",0.672833383083344
"GB","2026-03-04T07:00:00.000000",0.706874787807465
"GB","2026-03-04T08:00:00.000000",0.735703468322754
"GB","2026-03-04T09:00:00.000000",0.74833470582962
"GB","2026-03-04T10:00:00.000000",0.750365436077118
"GB","2026-03-04T11:00:00.000000",0.755663931369781
"GB","2026-03-04T12:00:00.000000",0.80516391992569
"GB","2026-03-04T13:00:00.000000",0.783501982688904
"GB","2026-03-04T14:00:00.000000",0.749498605728149
"GB","2026-03-04T15:00:00.000000",0.737800061702728
"GB","2026-03-04T16:00:00.000000",0.741642117500305
"GB","2026-03-04T17:00:00.000000",0.749432504177094
"GB","2026-03-04T18:00:00.000000",0.802892029285431
"GB","2026-03-04T19:00:00.000000",0.823284387588501
"GB","2026-03-04T20:00:00.000000",0.879879593849182
"GB","2026-03-04T21:00:00.000000",0.914934754371643
"GB","2026-03-04T22:00:00.000000",0.926296353340149
"GB","2026-03-04T23:00:00.000000",0.932098567485809
"GB","2026-03-05T00:00:00.000000",0.970534384250641
"GB","2026-03-05T01:00:00.000000",0.951273381710052
"GB","2026-03-05T02:00:00.000000",0.908825933933258
"GB","2026-03-05T03:00:00.000000",0.884899258613586
"GB","2026-03-05T04:00:00.000000",0.872605383396149
"GB","2026-03-05T05:00:00.000000",0.860102951526642
"GB","2026-03-05T06:00:00.000000",0.882393717765808
"GB","2026-03-05T07:00:00.000000",0.924034595489502
"GB","2026-03-05T08:00:00.000000",0.95648604631424
"GB","2026-03-05T09:00:00.000000",0.976982355117798
"GB","2026-03-05T10:00:00.000000",0.993973255157471
"GB","2026-03-05T11:00:00.000000",1.00486826896667
"GB","2026-03-05T12:00:00.000000",1.0108642578125
"GB","2026-03-05T13:00:00.000000",1.05551183223724
"GB","2026-03-05T14:00:00.000000",0.99429714679718
"GB","2026-03-05T15:00:00.000000",0.932882964611053
"GB","2026-03-05T16:00:00.000000",0.893350422382355
"GB","2026-03-05T17:00:00.000000",0.856644868850708
"GB","2026-03-05T18:00:00.000000",0.853924512863159
"GB","2026-03-05T19:00:00.000000",0.974963366985321
"GB","2026-03-05T20:00:00.000000",1.02428960800171
"GB","2026-03-05T21:00:00.000000",1.05654048919678
"GB","2026-03-05T22:00:00.000000",1.05765533447266
"GB","2026-03-05T23:00:00.000000",1.05728495121002
"GB","2026-03-06T00:00:00.000000",1.0693918466568
"GB","2026-03-06T01:00:00.000000",1.12936270236969
"GB","2026-03-06T02:00:00.000000",1.07004034519196
"GB","2026-03-06T03:00:00.000000",0.986021995544434
"GB","2026-03-06T04:00:00.000000",0.927894115447998
"GB","2026-03-06T05:00:00.000000",0.881477177143097
"GB","2026-03-06T06:00:00.000000",0.838929295539856
"GB","2026-03-06T07:00:00.000000",1.01594650745392
"GB","2026-03-06T08:00:00.000000",1.07553398609161
"GB","2026-03-06T09:00:00.000000",1.13379180431366
"GB","2026-03-06T10:00:00.000000",1.19076251983643
"GB","2026-03-06T11:00:00.000000",1.1843193769455
"GB","2026-03-06T12:00:00.000000",1.14768266677856
"GB","2026-03-06T13:00:00.000000",1.23367261886597
"GB","2026-03-06T14:00:00.000000",1.23086738586426
"GB","2026-03-06T15:00:00.000000",1.0876784324646
"GB","2026-03-06T16:00:00.000000",0.977437853813171
"GB","2026-03-06T17:00:00.000000",0.895337820053101
"GB","2026-03-06T18:00:00.000000",0.817084550857544
"GB","2026-03-06T19:00:00.000000",0.979094624519348
"GB","2026-03-06T20:00:00.000000",1.2110767364502
"GB","2026-03-06T21:00:00.000000",1.28523933887482
"GB","2026-03-06T22:00:00.000000",1.34524869918823
"GB","2026-03-06T23:00:00.000000",1.3145706653595
"GB","2026-03-07T00:00:00.000000",1.26266384124756
"GB","2026-03-07T01:00:00.000000",1.32270097732544
"GB","2026-03-07T02:00:00.000000",1.38424432277679
"GB","2026-03-07T03:00:00.000000",1.23116087913513
"GB","2026-03-07T04:00:00.000000",1.09927749633789
"GB","2026-03-07T05:00:00.000000",1.01530468463898
"GB","2026-03-07T06:00:00.000000",0.92167866230011
"GB","2026-03-07T07:00:00.000000",0.93972384929657
"GB","2026-03-07T08:00:00.000000",1.27763366699219
"GB","2026-03-07T09:00:00.000000",1.32004165649414
"GB","2026-03-07T10:00:00.000000",1.35270500183105
"GB","2026-03-07T11:00:00.000000",1.35112869739532
"GB","2026-03-07T12:00:00.000000",1.3400171995163
"GB","2026-03-07T13:00:00.000000",1.35655093193054
"GB","2026-03-07T14:00:00.000000",1.46244549751282
"GB","2026-03-07T15:00:00.000000",1.36691105365753
"GB","2026-03-07T16:00:00.000000",1.23967623710632
"GB","2026-03-07T17:00:00.000000",1.1632821559906
"GB","2026-03-07T18:00:00.000000",1.10707652568817
"GB","2026-03-07T19:00:00.000000",1.02884566783905
"GB","2026-03-07T20:00:00.000000",1.22494399547577
"GB","2026-03-07T21:00:00.000000",1.40452516078949
"GB","2026-03-07T22:00:00.000000",1.41586375236511
"GB","2026-03-07T23:00:00.000000",1.41018402576447
"GB","2026-03-08T00:00:00.000000",1.39608204364777
"GB","2026-03-08T01:00:00.000000",1.39070296287537
"GB","2026-03-08T02:00:00.000000",1.41813087463379
"GB","2026-03-08T03:00:00.000000",1.35771870613098
"GB","2026-03-08T04:00:00.000000",1.27814412117004
"GB","2026-03-08T05:00:00.000000",1.23394465446472
"GB","2026-03-08T06:00:00.000000",1.20275592803955
"GB","2026-03-08T07:00:00.000000",1.1522171497345
"GB","2026-03-08T08:00:00.000000",1.16594731807709
"GB","2026-03-08T09:00:00.000000",1.38829123973846
"GB","2026-03-08T10:00:00.000000",1.4142005443573
"GB","2026-03-08T11:00:00.000000",1.41397023200989
"GB","2026-03-08T12:00:00.000000",1.40105080604553
"GB","2026-03-08T13:00:00.000000",1.40947258472443
"GB","2026-03-08T14:00:00.000000",1.4285181760788
"GB","2026-03-08T15:00:00.000000",1.42109823226929
"GB","2026-03-08T16:00:00.000000",1.36121273040771
"GB","2026-03-08T17:00:00.000000",1.32671403884888
"GB","2026-03-08T18:00:00.000000",1.31106686592102
"GB","2026-03-08T19:00:00.000000",1.29382979869843
"GB","2026-03-08T20:00:00.000000",1.25573861598969
"GB","2026-03-08T21:00:00.000000",1.38454866409302
"GB","2026-03-08T22:00:00.000000",1.45112299919128
"GB","2026-03-08T23:00:00.000000",1.46241366863251
"GB","2026-03-09T00:00:00.000000",1.46034669876099
"GB","2026-03-09T01:00:00.000000",1.45566928386688
"GB","2026-03-09T02:00:00.000000",1.45319449901581
"GB","2026-03-09T03:00:00.000000",1.46678698062897
"GB","2026-03-09T04:00:00.000000",1.43353402614594
"GB","2026-03-09T05:00:00.000000",1.39850401878357
"GB","2026-03-09T06:00:00.000000",1.37600529193878
"GB","2026-03-09T07:00:00.000000",1.35401678085327
"GB","2026-03-09T08:00:00.000000",1.32163083553314
"GB","2026-03-09T09:00:00.000000",1.42347085475922
"GB","2026-03-09T10:00:00.000000",1.48535192012787
"GB","2026-03-09T11:00:00.000000",1.50804364681244
"GB","2026-03-09T12:00:00.000000",1.51004183292389
"GB","2026-03-09T13:00:00.000000",1.51177310943604
"GB","2026-03-09T14:00:00.000000",1.51668643951416
"GB","2026-03-09T15:00:00.000000",1.54931235313416
"GB","2026-03-09T16:00:00.000000",1.57892751693726
"GB","2026-03-09T17:00:00.000000",1.54324531555176
"GB","2026-03-09T18:00:00.000000",1.50694096088409
"GB","2026-03-09T19:00:00.000000",1.48152339458466
"GB","2026-03-09T20:00:00.000000",1.45708906650543
"GB","2026-03-09T21:00:00.000000",1.49150693416595
"GB","2026-03-09T22:00:00.000000",1.61695861816406
"GB","2026-03-09T23:00:00.000000",1.64882612228394
"GB","2026-03-10T00:00:00.000000",1.65429365634918
"GB","2026-03-10T01:00:00.000000",1.65409362316132
"GB","2026-03-10T02:00:00.000000",1.66245126724243
"GB","2026-03-10T03:00:00.000000",1.67269515991211
"GB","2026-03-10T04:00:00.000000",1.70764887332916
"GB","2026-03-10T05:00:00.000000",1.69244074821472
"GB","2026-03-10T06:00:00.000000",1.65704309940338
"GB","2026-03-10T07:00:00.000000",1.63117527961731
"GB","2026-03-10T08:00:00.000000",1.60721206665039
"GB","2026-03-10T09:00:00.000000",1.59397840499878
"GB","2026-03-10T10:00:00.000000",1.69813251495361
"GB","2026-03-10T11:00:00.000000",1.76146638393402
"GB","2026-03-10T12:00:00.000000",1.7734614610672
"GB","2026-03-10T13:00:00.000000",1.77031934261322
"GB","2026-03-10T14:00:00.000000",1.77207005023956
"GB","2026-03-10T15:00:00.000000",1.78004634380341
"GB","2026-03-10T16:00:00.000000",1.80841672420502
"GB","2026-03-10T17:00:00.000000",1.80552661418915
"GB","2026-03-10T18:00:00.000000",1.78641963005066
"GB","2026-03-10T19:00:00.000000",1.77276182174683
"GB","2026-03-10T20:00:00.000000",1.76366436481476
"GB","2026-03-10T21:00:00.000000",1.74946999549866
"GB","2026-03-10T22:00:00.000000",1.79012417793274
"GB","2026-03-10T23:00:00.000000",1.83015251159668
"GB","2026-03-11T00:00:00.000000",1.83812165260315
"LI","2026-03-03T00:00:00.000000",0.597603976726532
"LI","2026-03-03T01:00:00.000000",0.589192569255829
"LI","2026-03-03T02:00:00.000000",0.569950103759766
"LI","2026-03-03T03:00:00.000000",0.562624752521515
"LI","2026-03-03T04:00:00.000000",0.573921203613281
"LI","2026-03-03T05:00:00.000000",0.553223848342896
"LI","2026-03-03T06:00:00.000000",0.561934351921082
"LI","2026-03-03T07:00:00.000000",0.561868607997894
"LI","2026-03-03T08:00:00.000000",0.577565371990204
"LI","2026-03-03T09:00:00.000000",0.584184885025024
"LI","2026-03-03T10:00:00.000000",0.576665639877319
"LI","2026-03-03T11:00:00.000000",0.573578834533691
"LI","2026-03-03T12:00:00.000000",0.569868147373199
"LI","2026-03-03T13:00:00.000000",0.569253325462341
"LI","2026-03-03T14:00:00.000000",0.572885811328888
"LI","2026-03-03T15:00:00.000000",0.577529966831207
"LI","2026-03-03T16:00:00.000000",0.582232177257538
"LI","2026-03-03T17:00:00.000000",0.583504557609558
"LI","2026-03-03T18:00:00.000000",0.584932267665863
"LI","2026-03-03T19:00:00.000000",0.587196052074432
"LI","2026-03-03T20:00:00.000000",0.58754700422287
"LI","2026-03-03T21:00:00.000000",0.581282138824463
"LI","2026-03-03T22:00:00.000000",0.582052886486053
"LI","2026-03-03T23:00:00.000000",0.590182423591614
"LI","2026-03-04T00:00:00.000000",0.592148184776306
"LI","2026-03-04T01:00:00.000000",0.589374125003815
"LI","2026-03-04T02:00:00.000000",0.587554037570953
"LI","2026-03-04T03:00:00.000000",0.588205099105835
"LI","2026-03-04T04:00:00.000000",0.605856001377106
"LI","2026-03-04T05:00:00.000000",0.617341995239258
"LI","2026-03-04T06:00:00.000000",0.610039949417114
"LI","2026-03-04T07:00:00.000000",0.623881280422211
"LI","2026-03-04T08:00:00.000000",0.664078295230865
"LI","2026-03-04T09:00:00.000000",0.69696968793869
"LI","2026-03-04T10:00:00.000000",0.71295553445816
"LI","2026-03-04T11:00:00.000000",0.727267265319824
"LI","2026-03-04T12:00:00.000000",0.743185579776764
"LI","2026-03-04T13:00:00.000000",0.751251578330994
"LI","2026-03-04T14:00:00.000000",0.757220089435577
"LI","2026-03-04T15:00:00.000000",0.749652802944183
"LI","2026-03-04T16:00:00.000000",0.777988493442535
"LI","2026-03-04T17:00:00.000000",0.779209613800049
"LI","2026-03-04T18:00:00.000000",0.800168991088867
"LI","2026-03-04T19:00:00.000000",0.784655511379242
"LI","2026-03-04T20:00:00.000000",0.789395391941071
"LI","2026-03-04T21:00:00.000000",0.796710610389709
"LI","2026-03-04T22:00:00.000000",0.798029601573944
"LI","2026-03-04T23:00:00.000000",0.776871740818024
"LI","2026-03-05T00:00:00.000000",0.773530960083008
"LI","2026-03-05T01:00:00.000000",0.777311265468597
"LI","2026-03-05T02:00:00.000000",0.786881923675537
"LI","2026-03-05T03:00:00.000000",0.796658873558044
"LI","2026-03-05T04:00:00.000000",0.810781598091125
"LI","2026-03-05T05:00:00.000000",0.82111382484436
"LI","2026-03-05T06:00:00.000000",0.840025901794434
"LI","2026-03-05T07:00:00.000000",0.824775815010071
"LI","2026-03-05T08:00:00.000000",0.826524674892426
"LI","2026-03-05T09:00:00.000000",0.836899936199188
"LI","2026-03-05T10:00:00.000000",0.84204363822937
"LI","2026-03-05T11:00:00.000000",0.836402893066406
"LI","2026-03-05T12:00:00.000000",0.842470765113831
"LI","2026-03-05T13:00:00.000000",0.851858556270599
"LI","2026-03-05T14:00:00.000000",0.855531454086304
"LI","2026-03-05T15:00:00.000000",0.853778719902039
"LI","2026-03-05T16:00:00.000000",0.851488411426544
"LI","2026-03-05T17:00:00.000000",0.873981773853302
"LI","2026-03-05T18:00:00.000000",0.898952543735504
"LI","2026-03-05T19:00:00.000000",0.906937062740326
"LI","2026-03-05T20:00:00.000000",0.891155421733856
"LI","2026-03-05T21:00:00.000000",0.88090991973877
"LI","2026-03-05T22:00:00.000000",0.883450210094452
"LI","2026-03-05T23:00:00.000000",0.870026051998138
"LI","2026-03-06T00:00:00.000000",0.876440107822418
"LI","2026-03-06T01:00:00.000000",0.894831418991089
"LI","2026-03-06T02:00:00.000000",0.896875739097595
"LI","2026-03-06T03:00:00.000000",0.896256983280182
"LI","2026-03-06T04:00:00.000000",0.896530985832214
"LI","2026-03-06T05:00:00.000000",0.896691799163818
"LI","2026-03-06T06:00:00.000000",0.892983615398407
"LI","2026-03-06T07:00:00.000000",0.897564709186554
"LI","2026-03-06T08:00:00.000000",0.865612030029297
"LI","2026-03-06T09:00:00.000000",0.871634960174561
"LI","2026-03-06T10:00:00.000000",0.869972229003906
"LI","2026-03-06T11:00:00.000000",0.873206794261932
"LI","2026-03-06T12:00:00.000000",0.879109263420105
"LI","2026-03-06T13:00:00.000000",0.903730392456055
"LI","2026-03-06T14:00:00.000000",0.904006481170654
"LI","2026-03-06T15:00:00.000000",0.894708812236786
"LI","2026-03-06T16:00:00.000000",0.883089900016785
"LI","2026-03-06T17:00:00.000000",0.879481554031372
"LI","2026-03-06T18:00:00.000000",0.877784013748169
"LI","2026-03-06T19:00:00.000000",0.878348410129547
"LI","2026-03-06T20:00:00.000000",0.879935920238495
"LI","2026-03-06T21:00:00.000000",0.882429540157318
"LI","2026-03-06T22:00:00.000000",0.885047614574432
"LI","2026-03-06T23:00:00.000000",0.886977136135101
"LI","2026-03-07T00:00:00.000000",0.884018063545227
"LI","2026-03-07T01:00:00.000000",0.863070905208588
"LI","2026-03-07T02:00:00.000000",0.858156979084015
"LI","2026-03-07T03:00:00.000000",0.867128610610962
"LI","2026-03-07T04:00:00.000000",0.871812343597412
"LI","2026-03-07T05:00:00.000000",0.871586918830872
"LI","2026-03-07T06:00:00.000000",0.863478541374207
"LI","2026-03-07T07:00:00.000000",0.851239085197449
"LI","2026-03-07T08:00:00.000000",0.843743443489075
"LI","2026-03-07T09:00:00.000000",0.852382779121399
"LI","2026-03-07T10:00:00.000000",0.857905089855194
"LI","2026-03-07T11:00:00.000000",0.857607483863831
"LI","2026-03-07T12:00:00.000000",0.862803995609283
"LI","2026-03-07T13:00:00.000000",0.869878709316254
"LI","2026-03-07T14:00:00.000000",0.880349099636078
"LI","2026-03-07T15:00:00.000000",0.883312404155731
"LI","2026-03-07T16:00:00.000000",0.882386863231659
"LI","2026-03-07T17:00:00.000000",0.875341653823853
"LI","2026-03-07T18:00:00.000000",0.871008634567261
"LI","2026-03-07T19:00:00.000000",0.881361961364746
"LI","2026-03-07T20:00:00.000000",0.895160436630249
"LI","2026-03-07T21:00:00.000000",0.895982027053833
"LI","2026-03-07T22:00:00.000000",0.904496788978577
"LI","2026-03-07T23:00:00.000000",0.936363697052002
"LI","2026-03-08T00:00:00.000000",1.0020637512207
"LI","2026-03-08T01:00:00.000000",1.08595645427704
"LI","2026-03-08T02:00:00.000000",1.13037216663361
"LI","2026-03-08T03:00:00.000000",1.13724303245544
"LI","2026-03-08T04:00:00.000000",1.14014256000519
"LI","2026-03-08T05:00:00.000000",1.14891874790192
"LI","2026-03-08T06:00:00.000000",1.15169703960419
"LI","2026-03-08T07:00:00.000000",1.13723337650299
"LI","2026-03-08T08:00:00.000000",1.12358605861664
"LI","2026-03-08T09:00:00.000000",1.11667048931122
"LI","2026-03-08T10:00:00.000000",1.13305950164795
"LI","2026-03-08T11:00:00.000000",1.15671408176422
"LI","2026-03-08T12:00:00.000000",1.15977513790131
"LI","2026-03-08T13:00:00.000000",1.13155901432037
"LI","2026-03-08T14:00:00.000000",1.13306522369385
"LI","2026-03-08T15:00:00.000000",1.13969278335571
"LI","2026-03-08T16:00:00.000000",1.15023767948151
"LI","2026-03-08T17:00:00.000000",1.16087198257446
"LI","2026-03-08T18:00:00.000000",1.16647493839264
"LI","2026-03-08T19:00:00.000000",1.16650223731995
"LI","2026-03-08T20:00:00.000000",1.16727125644684
"LI","2026-03-08T21:00:00.000000",1.12821733951569
"LI","2026-03-08T22:00:00.000000",1.11648547649384
"LI","2026-03-08T23:00:00.000000",1.15072786808014
"LI","2026-03-09T00:00:00.000000",1.19559025764465
"LI","2026-03-09T01:00:00.000000",1.21530425548553
"LI","2026-03-09T02:00:00.000000",1.21343338489532
"LI","2026-03-09T03:00:00.000000",1.2140417098999
"LI","2026-03-09T04:00:00.000000",1.21417093276978
"LI","2026-03-09T05:00:00.000000",1.21175563335419
"LI","2026-03-09T06:00:00.000000",1.20727264881134
"LI","2026-03-09T07:00:00.000000",1.20349180698395
"LI","2026-03-09T08:00:00.000000",1.19941985607147
"LI","2026-03-09T09:00:00.000000",1.19772446155548
"LI","2026-03-09T10:00:00.000000",1.19737863540649
"LI","2026-03-09T11:00:00.000000",1.19646954536438
"LI","2026-03-09T12:00:00.000000",1.19773089885712
"LI","2026-03-09T13:00:00.000000",1.20280385017395
"LI","2026-03-09T14:00:00.000000",1.22769045829773
"LI","2026-03-09T15:00:00.000000",1.244056224823
"LI","2026-03-09T16:00:00.000000",1.24838447570801
"LI","2026-03-09T17:00:00.000000",1.25058495998383
"LI","2026-03-09T18:00:00.000000",1.24959778785706
"LI","2026-03-09T19:00:00.000000",1.24587440490723
"LI","2026-03-09T20:00:00.000000",1.24543571472168
"LI","2026-03-09T21:00:00.000000",1.25097072124481
"LI","2026-03-09T22:00:00.000000",1.24196469783783
"LI","2026-03-09T23:00:00.000000",1.26202809810638
"LI","2026-03-10T00:00:00.000000",1.30273139476776
"LI","2026-03-10T01:00:00.000000",1.33702182769775
"LI","2026-03-10T02:00:00.000000",1.36936891078949
"LI","2026-03-10T03:00:00.000000",1.36930453777313
"LI","2026-03-10T04:00:00.000000",1.3645703792572
"LI","2026-03-10T05:00:00.000000",1.36435186862946
"LI","2026-03-10T06:00:00.000000",1.36449670791626
"LI","2026-03-10T07:00:00.000000",1.36191654205322
"LI","2026-03-10T08:00:00.000000",1.35700142383575
"LI","2026-03-10T09:00:00.000000",1.35059583187103
"LI","2026-03-10T10:00:00.000000",1.34757924079895
"LI","2026-03-10T11:00:00.000000",1.34851348400116
"LI","2026-03-10T12:00:00.000000",1.34884798526764
"LI","2026-03-10T13:00:00.000000",1.34964323043823
"LI","2026-03-10T14:00:00.000000",1.35275268554688
"LI","2026-03-10T15:00:00.000000",1.36225092411041
"LI","2026-03-10T16:00:00.000000",1.37048852443695
"LI","2026-03-10T17:00:00.000000",1.37340247631073
"LI","2026-03-10T18:00:00.000000",1.37764620780945
"LI","2026-03-10T19:00:00.000000",1.3814263343811
"LI","2026-03-10T20:00:00.000000",1.39692544937134
"LI","2026-03-10T21:00:00.000000",1.4189989566803
"LI","2026-03-10T22:00:00.000000",1.42963647842407
"LI","2026-03-10T23:00:00.000000",1.42465376853943
"LI","2026-03-11T00:00:00.000000",1.39365386962891
"OB","2026-03-03T00:00:00.000000",1.02160263061523
"OB","2026-03-03T01:00:00.000000",1.04211974143982
"OB","2026-03-03T02:00:00.000000",1.06265640258789
"OB","2026-03-03T03:00:00.000000",1.05304265022278
"OB","2026-03-03T04:00:00.000000",1.0584352016449
"OB","2026-03-03T05:00:00.000000",1.06358778476715
"OB","2026-03-03T06:00:00.000000",1.00349605083466
"OB","2026-03-03T07:00:00.000000",0.950505554676056
"OB","2026-03-03T08:00:00.000000",0.947159886360168
"OB","2026-03-03T09:00:00.000000",0.954677224159241
"OB","2026-03-03T10:00:00.000000",0.979958891868591
"OB","2026-03-03T11:00:00.000000",0.995268523693085
"OB","2026-03-03T12:00:00.000000",1.00703430175781
"OB","2026-03-03T13:00:00.000000",1.0385559797287
"OB","2026-03-03T14:00:00.000000",1.06081926822662
"OB","2026-03-03T15:00:00.000000",1.06543600559235
"OB","2026-03-03T16:00:00.000000",1.05525100231171
"OB","2026-03-03T17:00:00.000000",1.03057944774628
"OB","2026-03-03T18:00:00.000000",1.01316928863525
"OB","2026-03-03T19:00:00.000000",0.990545272827148
"OB","2026-03-03T20:00:00.000000",0.970635771751404
"OB","2026-03-03T21:00:00.000000",0.945370078086853
"OB","2026-03-03T22:00:00.000000",0.945356607437134
"OB","2026-03-03T23:00:00.000000",0.959104239940643
"OB","2026-03-04T00:00:00.000000",1.00617825984955
"OB","2026-03-04T01:00:00.000000",1.04471123218536
"OB","2026-03-04T02:00:00.000000",1.06935775279999
"OB","2026-03-04T03:00:00.000000",1.09081888198853
"OB","2026-03-04T04:00:00.000000",1.0902087688446
"OB","2026-03-04T05:00:00.000000",1.05149173736572
"OB","2026-03-04T06:00:00.000000",1.02335131168365
"OB","2026-03-04T07:00:00.000000",1.0132828950882
"OB","2026-03-04T08:00:00.000000",1.00969278812408
"OB","2026-03-04T09:00:00.000000",1.0071132183075
"OB","2026-03-04T10:00:00.000000",1.00238621234894
"OB","2026-03-04T11:00:00.000000",1.00292944908142
"OB","2026-03-04T12:00:00.000000",1.00843620300293
"OB","2026-03-04T13:00:00.000000",1.0179055929184
"OB","2026-03-04T14:00:00.000000",1.08839476108551
"OB","2026-03-04T15:00:00.000000",1.1401035785675
"OB","2026-03-04T16:00:00.000000",1.15374314785004
"OB","2026-03-04T17:00:00.000000",1.08937323093414
"OB","2026-03-04T18:00:00.000000",1.05902361869812
"OB","2026-03-04T19:00:00.000000",1.04949533939362
"OB","2026-03-04T20:00:00.000000",1.04534125328064
"OB","2026-03-04T21:00:00.000000",1.04058861732483
"OB","2026-03-04T22:00:00.000000",1.03669822216034
"OB","2026-03-04T23:00:00.000000",1.03701484203339
"OB","2026-03-05T00:00:00.000000",1.04107272624969
"OB","2026-03-05T01:00:00.000000",1.05657720565796
"OB","2026-03-05T02:00:00.000000",1.13735032081604
"OB","2026-03-05T03:00:00.000000",1.25218498706818
"OB","2026-03-05T04:00:00.000000",1.28283619880676
"OB","2026-03-05T05:00:00.000000",1.22175431251526
"OB","2026-03-05T06:00:00.000000",1.16311526298523
"OB","2026-03-05T07:00:00.000000",1.15126085281372
"OB","2026-03-05T08:00:00.000000",1.14706909656525
"OB","2026-03-05T09:00:00.000000",1.14322209358215
"OB","2026-03-05T10:00:00.000000",1.14196145534515
"OB","2026-03-05T11:00:00.000000",1.14634454250336
"OB","2026-03-05T12:00:00.000000",1.15591192245483
"OB","2026-03-05T13:00:00.000000",1.17408633232117
"OB","2026-03-05T14:00:00.000000",1.243323802948
"OB","2026-03-05T15:00:00.000000",1.27651083469391
"OB","2026-03-05T16:00:00.000000",1.30455660820007
"OB","2026-03-05T17:00:00.000000",1.30486714839935
"OB","2026-03-05T18:00:00.000000",1.26316940784454
"OB","2026-03-05T19:00:00.000000",1.23851299285889
"OB","2026-03-05T20:00:00.000000",1.22584092617035
"OB","2026-03-05T21:00:00.000000",1.21776533126831
"OB","2026-03-05T22:00:00.000000",1.21320271492004
"OB","2026-03-05T23:00:00.000000",1.20753633975983
"OB","2026-03-06T00:00:00.000000",1.20803582668304
"OB","2026-03-06T01:00:00.000000",1.21546280384064
"OB","2026-03-06T02:00:00.000000",1.2376161813736
"OB","2026-03-06T03:00:00.000000",1.26889288425446
"OB","2026-03-06T04:00:00.000000",1.29007887840271
"OB","2026-03-06T05:00:00.000000",1.2805894613266
"OB","2026-03-06T06:00:00.000000",1.25654375553131
"OB","2026-03-06T07:00:00.000000",1.25357389450073
"OB","2026-03-06T08:00:00.000000",1.25110578536987
"OB","2026-03-06T09:00:00.000000",1.24413776397705
"OB","2026-03-06T10:00:00.000000",1.24041903018951
"OB","2026-03-06T11:00:00.000000",1.23656094074249
"OB","2026-03-06T12:00:00.000000",1.23449790477753
"OB","2026-03-06T13:00:00.000000",1.23778867721558
"OB","2026-03-06T14:00:00.000000",1.24959087371826
"OB","2026-03-06T15:00:00.000000",1.26320493221283
"OB","2026-03-06T16:00:00.000000",1.264564037323
"OB","2026-03-06T17:00:00.000000",1.25342845916748
"OB","2026-03-06T18:00:00.000000",1.24991202354431
"OB","2026-03-06T19:00:00.000000",1.25147581100464
"OB","2026-03-06T20:00:00.000000",1.25129568576813
"OB","2026-03-06T21:00:00.000000",1.25104677677155
"OB","2026-03-06T22:00:00.000000",1.2499440908432
"OB","2026-03-06T23:00:00.000000",1.2486789226532
"OB","2026-03-07T00:00:00.000000",1.2485728263855
"OB","2026-03-07T01:00:00.000000",1.25202715396881
"OB","2026-03-07T02:00:00.000000",1.26424372196198
"OB","2026-03-07T03:00:00.000000",1.27780270576477
"OB","2026-03-07T04:00:00.000000",1.2931272983551
"OB","2026-03-07T05:00:00.000000",1.30988621711731
"OB","2026-03-07T06:00:00.000000",1.31608140468597
"OB","2026-03-07T07:00:00.000000",1.31086313724518
"OB","2026-03-07T08:00:00.000000",1.29967045783997
"OB","2026-03-07T09:00:00.000000",1.29154849052429
"OB","2026-03-07T10:00:00.000000",1.28709006309509
"OB","2026-03-07T11:00:00.000000",1.28335630893707
"OB","2026-03-07T12:00:00.000000",1.27980315685272
"OB","2026-03-07T13:00:00.000000",1.27813386917114
"OB","2026-03-07T14:00:00.000000",1.27929949760437
"OB","2026-03-07T15:00:00.000000",1.28188705444336
"OB","2026-03-07T16:00:00.000000",1.3572998046875
"OB","2026-03-07T17:00:00.000000",1.40426850318909
"OB","2026-03-07T18:00:00.000000",1.41608583927155
"OB","2026-03-07T19:00:00.000000",1.40924394130707
"OB","2026-03-07T20:00:00.000000",1.39276123046875
"OB","2026-03-07T21:00:00.000000",1.37268686294556
"OB","2026-03-07T22:00:00.000000",1.3572838306427
"OB","2026-03-07T23:00:00.000000",1.34392881393433
"OB","2026-03-08T00:00:00.000000",1.32863533496857
"OB","2026-03-08T01:00:00.000000",1.32084083557129
"OB","2026-03-08T02:00:00.000000",1.3365364074707
"OB","2026-03-08T03:00:00.000000",1.37317717075348
"OB","2026-03-08T04:00:00.000000",1.39975774288177
"OB","2026-03-08T05:00:00.000000",1.40985512733459
"OB","2026-03-08T06:00:00.000000",1.40997338294983
"OB","2026-03-08T07:00:00.000000",1.38992345333099
"OB","2026-03-08T08:00:00.000000",1.35305845737457
"OB","2026-03-08T09:00:00.000000",1.3266716003418
"OB","2026-03-08T10:00:00.000000",1.31292128562927
"OB","2026-03-08T11:00:00.000000",1.30688607692719
"OB","2026-03-08T12:00:00.000000",1.29118371009827
"OB","2026-03-08T13:00:00.000000",1.28347265720367
"OB","2026-03-08T14:00:00.000000",1.28754830360413
"OB","2026-03-08T15:00:00.000000",1.30678510665894
"OB","2026-03-08T16:00:00.000000",1.33110857009888
"OB","2026-03-08T17:00:00.000000",1.35069179534912
"OB","2026-03-08T18:00:00.000000",1.3616327047348
"OB","2026-03-08T19:00:00.000000",1.35602068901062
"OB","2026-03-08T20:00:00.000000",1.32750201225281
"OB","2026-03-08T21:00:00.000000",1.30586743354797
"OB","2026-03-08T22:00:00.000000",1.29677605628967
"OB","2026-03-08T23:00:00.000000",1.29075264930725
"OB","2026-03-09T00:00:00.000000",1.28824329376221
"OB","2026-03-09T01:00:00.000000",1.28443491458893
"OB","2026-03-09T02:00:00.000000",1.28513419628143
"OB","2026-03-09T03:00:00.000000",1.29881322383881
"OB","2026-03-09T04:00:00.000000",1.31840193271637
"OB","2026-03-09T05:00:00.000000",1.33237183094025
"OB","2026-03-09T06:00:00.000000",1.34353709220886
"OB","2026-03-09T07:00:00.000000",1.34881234169006
"OB","2026-03-09T08:00:00.000000",1.34380185604095
"OB","2026-03-09T09:00:00.000000",1.33310759067535
"OB","2026-03-09T10:00:00.000000",1.32858288288116
"OB","2026-03-09T11:00:00.000000",1.32694017887115
"OB","2026-03-09T12:00:00.000000",1.32431435585022
"OB","2026-03-09T13:00:00.000000",1.32071328163147
"OB","2026-03-09T14:00:00.000000",1.32304763793945
"OB","2026-03-09T15:00:00.000000",1.33456468582153
"OB","2026-03-09T16:00:00.000000",1.3435971736908
"OB","2026-03-09T17:00:00.000000",1.35518825054169
"OB","2026-03-09T18:00:00.000000",1.39865469932556
"OB","2026-03-09T19:00:00.000000",1.41556870937347
"OB","2026-03-09T20:00:00.000000",1.42207765579224
"OB","2026-03-09T21:00:00.000000",1.41136920452118
"OB","2026-03-09T22:00:00.000000",1.39782285690308
"OB","2026-03-09T23:00:00.000000",1.39128589630127
"OB","2026-03-10T00:00:00.000000",1.38419711589813
"OB","2026-03-10T01:00:00.000000",1.37034046649933
"OB","2026-03-10T02:00:00.000000",1.36362719535828
"OB","2026-03-10T03:00:00.000000",1.3732887506485
"OB","2026-03-10T04:00:00.000000",1.39197993278503
"OB","2026-03-10T05:00:00.000000",1.40778791904449
"OB","2026-03-10T06:00:00.000000",1.41551947593689
"OB","2026-03-10T07:00:00.000000",1.41511118412018
"OB","2026-03-10T08:00:00.000000",1.40625762939453
"OB","2026-03-10T09:00:00.000000",1.39069449901581
"OB","2026-03-10T10:00:00.000000",1.3738911151886
"OB","2026-03-10T11:00:00.000000",1.35950005054474
"OB","2026-03-10T12:00:00.000000",1.35160994529724
"OB","2026-03-10T13:00:00.000000",1.35132110118866
"OB","2026-03-10T14:00:00.000000",1.35877740383148
"OB","2026-03-10T15:00:00.000000",1.36676526069641
"OB","2026-03-10T16:00:00.000000",1.38035559654236
"OB","2026-03-10T17:00:00.000000",1.40685510635376
"OB","2026-03-10T18:00:00.000000",1.43414402008057
"OB","2026-03-10T19:00:00.000000",1.45743978023529
"OB","2026-03-10T20:00:00.000000",1.47284662723541
"OB","2026-03-10T21:00:00.000000",1.48655366897583
"OB","2026-03-10T22:00:00.000000",1.49691069126129
"OB","2026-03-10T23:00:00.000000",1.50425922870636
"OB","2026-03-11T00:00:00.000000",1.50937461853027
"WC","2026-03-03T00:00:00.000000",0.546982228755951
"WC","2026-03-03T01:00:00.000000",0.544877350330353
"WC","2026-03-03T02:00:00.000000",0.543002426624298
"WC","2026-03-03T03:00:00.000000",0.514419496059418
"WC","2026-03-03T04:00:00.000000",0.517854392528534
"WC","2026-03-03T05:00:00.000000",0.559816360473633
"WC","2026-03-03T06:00:00.000000",0.577990293502808
"WC","2026-03-03T07:00:00.000000",0.711597800254822
"WC","2026-03-03T08:00:00.000000",0.797178506851196
"WC","2026-03-03T09:00:00.000000",0.78285676240921
"WC","2026-03-03T10:00:00.000000",0.526375770568848
"WC","2026-03-03T11:00:00.000000",0.51548033952713
"WC","2026-03-03T12:00:00.000000",0.512713849544525
"WC","2026-03-03T13:00:00.000000",0.508281886577606
"WC","2026-03-03T14:00:00.000000",0.510331392288208
"WC","2026-03-03T15:00:00.000000",0.510585725307465
"WC","2026-03-03T16:00:00.000000",0.519040763378143
"WC","2026-03-03T17:00:00.000000",0.578360617160797
"WC","2026-03-03T18:00:00.000000",0.623607933521271
"WC","2026-03-03T19:00:00.000000",0.651382803916931
"WC","2026-03-03T20:00:00.000000",0.721675217151642
"WC","2026-03-03T21:00:00.000000",0.783163368701935
"WC","2026-03-03T22:00:00.000000",0.703915238380432
"WC","2026-03-03T23:00:00.000000",0.609430372714996
"WC","2026-03-04T00:00:00.000000",0.598871529102325
"WC","2026-03-04T01:00:00.000000",0.598148822784424
"WC","2026-03-04T02:00:00.000000",0.602936625480652
"WC","2026-03-04T03:00:00.000000",0.597211718559265
"WC","2026-03-04T04:00:00.000000",0.593226313591003
"WC","2026-03-04T05:00:00.000000",0.6433065533638
"WC","2026-03-04T06:00:00.000000",0.679688453674316
"WC","2026-03-04T07:00:00.000000",0.70312774181366
"WC","2026-03-04T08:00:00.000000",0.740823864936829
"WC","2026-03-04T09:00:00.000000",0.776153802871704
"WC","2026-03-04T10:00:00.000000",0.78394091129303
"WC","2026-03-04T11:00:00.000000",0.705580055713654
"WC","2026-03-04T12:00:00.000000",0.687278270721436
"WC","2026-03-04T13:00:00.000000",0.715228497982025
"WC","2026-03-04T14:00:00.000000",0.750205516815186
"WC","2026-03-04T15:00:00.000000",0.767561554908752
"WC","2026-03-04T16:00:00.000000",0.763071417808533
"WC","2026-03-04T17:00:00.000000",0.73387622833252
"WC","2026-03-04T18:00:00.000000",0.771661520004272
"WC","2026-03-04T19:00:00.000000",0.810526490211487
"WC","2026-03-04T20:00:00.000000",0.842243254184723
"WC","2026-03-04T21:00:00.000000",0.863551378250122
"WC","2026-03-04T22:00:00.000000",0.883041560649872
"WC","2026-03-04T23:00:00.000000",0.913914561271667
"WC","2026-03-05T00:00:00.000000",0.889281034469604
"WC","2026-03-05T01:00:00.000000",0.890417397022247
"WC","2026-03-05T02:00:00.000000",0.913180649280548
"WC","2026-03-05T03:00:00.000000",0.930168032646179
"WC","2026-03-05T04:00:00.000000",0.919378995895386
"WC","2026-03-05T05:00:00.000000",0.870736837387085
"WC","2026-03-05T06:00:00.000000",0.87314647436142
"WC","2026-03-05T07:00:00.000000",0.899372696876526
"WC","2026-03-05T08:00:00.000000",0.920367360115051
"WC","2026-03-05T09:00:00.000000",0.925815343856812
"WC","2026-03-05T10:00:00.000000",0.948068261146545
"WC","2026-03-05T11:00:00.000000",0.950616061687469
"WC","2026-03-05T12:00:00.000000",0.951915502548218
"WC","2026-03-05T13:00:00.000000",0.946185767650604
"WC","2026-03-05T14:00:00.000000",0.944672763347626
"WC","2026-03-05T15:00:00.000000",0.946798264980316
"WC","2026-03-05T16:00:00.000000",0.947923421859741
"WC","2026-03-05T17:00:00.000000",0.943073093891144
"WC","2026-03-05T18:00:00.000000",0.944119989871979
"WC","2026-03-05T19:00:00.000000",0.95552271604538
"WC","2026-03-05T20:00:00.000000",0.974092960357666
"WC","2026-03-05T21:00:00.000000",0.979310691356659
"WC","2026-03-05T22:00:00.000000",0.997386693954468
"WC","2026-03-05T23:00:00.000000",0.995003283023834
"WC","2026-03-06T00:00:00.000000",0.99187183380127
"WC","2026-03-06T01:00:00.000000",0.976138055324554
"WC","2026-03-06T02:00:00.000000",0.97530597448349
"WC","2026-03-06T03:00:00.000000",0.969642460346222
"WC","2026-03-06T04:00:00.000000",0.968167662620544
"WC","2026-03-06T05:00:00.000000",0.971798419952393
"WC","2026-03-06T06:00:00.000000",0.979545652866364
"WC","2026-03-06T07:00:00.000000",0.9938685297966
"WC","2026-03-06T08:00:00.000000",1.00571036338806
"WC","2026-03-06T09:00:00.000000",1.02324914932251
"WC","2026-03-06T10:00:00.000000",1.05969893932343
"WC","2026-03-06T11:00:00.000000",1.07321763038635
"WC","2026-03-06T12:00:00.000000",0.979697227478027
"WC","2026-03-06T13:00:00.000000",0.928922653198242
"WC","2026-03-06T14:00:00.000000",0.92868959903717
"WC","2026-03-06T15:00:00.000000",0.92107892036438
"WC","2026-03-06T16:00:00.000000",0.917518615722656
"WC","2026-03-06T17:00:00.000000",0.920888781547546
"WC","2026-03-06T18:00:00.000000",0.942789316177368
"WC","2026-03-06T19:00:00.000000",0.999348700046539
"WC","2026-03-06T20:00:00.000000",1.0315465927124
"WC","2026-03-06T21:00:00.000000",1.05671668052673
"WC","2026-03-06T22:00:00.000000",1.08859217166901
"WC","2026-03-06T23:00:00.000000",1.1059318780899
"WC","2026-03-07T00:00:00.000000",1.06056821346283
"WC","2026-03-07T01:00:00.000000",0.937740623950958
"WC","2026-03-07T02:00:00.000000",0.911651909351349
"WC","2026-03-07T03:00:00.000000",0.898264765739441
"WC","2026-03-07T04:00:00.000000",0.891963064670563
"WC","2026-03-07T05:00:00.000000",0.8898965716362
"WC","2026-03-07T06:00:00.000000",0.901000499725342
"WC","2026-03-07T07:00:00.000000",0.971641302108765
"WC","2026-03-07T08:00:00.000000",1.02514183521271
"WC","2026-03-07T09:00:00.000000",1.05434989929199
"WC","2026-03-07T10:00:00.000000",1.08429145812988
"WC","2026-03-07T11:00:00.000000",1.11297166347504
"WC","2026-03-07T12:00:00.000000",1.10244786739349
"WC","2026-03-07T13:00:00.000000",0.94592946767807
"WC","2026-03-07T14:00:00.000000",0.895452439785004
"WC","2026-03-07T15:00:00.000000",0.887441098690033
"WC","2026-03-07T16:00:00.000000",0.884028077125549
"WC","2026-03-07T17:00:00.000000",0.884470462799072
"WC","2026-03-07T18:00:00.000000",0.889055848121643
"WC","2026-03-07T19:00:00.000000",0.913475394248962
"WC","2026-03-07T20:00:00.000000",1.00076520442963
"WC","2026-03-07T21:00:00.000000",1.04569375514984
"WC","2026-03-07T22:00:00.000000",1.06603157520294
"WC","2026-03-07T23:00:00.000000",1.07803499698639
"WC","2026-03-08T00:00:00.000000",1.07950389385223
"WC","2026-03-08T01:00:00.000000",1.01361608505249
"WC","2026-03-08T02:00:00.000000",0.942082941532135
"WC","2026-03-08T03:00:00.000000",0.941383540630341
"WC","2026-03-08T04:00:00.000000",0.941847920417786
"WC","2026-03-08T05:00:00.000000",0.949714362621307
"WC","2026-03-08T06:00:00.000000",0.947574436664581
"WC","2026-03-08T07:00:00.000000",0.945466876029968
"WC","2026-03-08T08:00:00.000000",0.990286111831665
"WC","2026-03-08T09:00:00.000000",1.02634477615356
"WC","2026-03-08T10:00:00.000000",1.04761004447937
"WC","2026-03-08T11:00:00.000000",1.05633974075317
"WC","2026-03-08T12:00:00.000000",1.05958521366119
"WC","2026-03-08T13:00:00.000000",1.04610168933868
"WC","2026-03-08T14:00:00.000000",0.989120960235596
"WC","2026-03-08T15:00:00.000000",0.990090787410736
"WC","2026-03-08T16:00:00.000000",1.00096201896667
"WC","2026-03-08T17:00:00.000000",1.01963233947754
"WC","2026-03-08T18:00:00.000000",1.02755284309387
"WC","2026-03-08T19:00:00.000000",1.01851546764374
"WC","2026-03-08T20:00:00.000000",1.00752639770508
"WC","2026-03-08T21:00:00.000000",1.03681862354279
"WC","2026-03-08T22:00:00.000000",1.05777215957642
"WC","2026-03-08T23:00:00.000000",1.07246267795563
"WC","2026-03-09T00:00:00.000000",1.07692050933838
"WC","2026-03-09T01:00:00.000000",1.07525944709778
"WC","2026-03-09T02:00:00.000000",1.04997766017914
"WC","2026-03-09T03:00:00.000000",1.05508124828339
"WC","2026-03-09T04:00:00.000000",1.06755387783051
"WC","2026-03-09T05:00:00.000000",1.07652676105499
"WC","2026-03-09T06:00:00.000000",1.07826507091522
"WC","2026-03-09T07:00:00.000000",1.06649613380432
"WC","2026-03-09T08:00:00.000000",1.05728244781494
"WC","2026-03-09T09:00:00.000000",1.06692099571228
"WC","2026-03-09T10:00:00.000000",1.07610547542572
"WC","2026-03-09T11:00:00.000000",1.08178544044495
"WC","2026-03-09T12:00:00.000000",1.09072816371918
"WC","2026-03-09T13:00:00.000000",1.09879565238953
"WC","2026-03-09T14:00:00.000000",1.08133745193481
"WC","2026-03-09T15:00:00.000000",1.08665227890015
"WC","2026-03-09T16:00:00.000000",1.10194277763367
"WC","2026-03-09T17:00:00.000000",1.11705672740936
"WC","2026-03-09T18:00:00.000000",1.12808978557587
"WC","2026-03-09T19:00:00.000000",1.13214266300201
"WC","2026-03-09T20:00:00.000000",1.13138234615326
"WC","2026-03-09T21:00:00.000000",1.1344233751297
"WC","2026-03-09T22:00:00.000000",1.14700019359589
"WC","2026-03-09T23:00:00.000000",1.15738952159882
"WC","2026-03-10T00:00:00.000000",1.17243158817291
"WC","2026-03-10T01:00:00.000000",1.18456840515137
"WC","2026-03-10T02:00:00.000000",1.17128825187683
"WC","2026-03-10T03:00:00.000000",1.17425847053528
"WC","2026-03-10T04:00:00.000000",1.17798089981079
"WC","2026-03-10T05:00:00.000000",1.18754065036774
"WC","2026-03-10T06:00:00.000000",1.19636058807373
"WC","2026-03-10T07:00:00.000000",1.1985000371933
"WC","2026-03-10T08:00:00.000000",1.19027388095856
"WC","2026-03-10T09:00:00.000000",1.17935252189636
"WC","2026-03-10T10:00:00.000000",1.17487299442291
"WC","2026-03-10T11:00:00.000000",1.17729425430298
"WC","2026-03-10T12:00:00.000000",1.18331968784332
"WC","2026-03-10T13:00:00.000000",1.188432097435
"WC","2026-03-10T14:00:00.000000",1.18876016139984
"WC","2026-03-10T15:00:00.000000",1.21131324768066
"WC","2026-03-10T16:00:00.000000",1.23282885551453
"WC","2026-03-10T17:00:00.000000",1.25066673755646
"WC","2026-03-10T18:00:00.000000",1.2698882818222
"WC","2026-03-10T19:00:00.000000",1.28726410865784
"WC","2026-03-10T20:00:00.000000",1.29173994064331
"WC","2026-03-10T21:00:00.000000",1.28347456455231
"WC","2026-03-10T22:00:00.000000",1.27069234848022
"WC","2026-03-10T23:00:00.000000",1.26618576049805
"WC","2026-03-11T00:00:00.000000",1.26267266273499
"WI","2026-03-03T00:00:00.000000",0.380102515220642
"WI","2026-03-03T01:00:00.000000",0.362505793571472
"WI","2026-03-03T02:00:00.000000",0.358239769935608
"WI","2026-03-03T03:00:00.000000",0.360609918832779
"WI","2026-03-03T04:00:00.000000",0.362885266542435
"WI","2026-03-03T05:00:00.000000",0.358756512403488
"WI","2026-03-03T06:00:00.000000",0.33419269323349
"WI","2026-03-03T07:00:00.000000",0.33419269323349
"WI","2026-03-03T08:00:00.000000",0.313186585903168
"WI","2026-03-03T09:00:00.000000",0.320781469345093
"WI","2026-03-03T10:00:00.000000",0.325054168701172
"WI","2026-03-03T11:00:00.000000",0.325396835803986
"WI","2026-03-03T12:00:00.000000",0.317403078079224
"WI","2026-03-03T13:00:00.000000",0.333547294139862
"WI","2026-03-03T14:00:00.000000",0.34093827009201
"WI","2026-03-03T15:00:00.000000",0.348817080259323
"WI","2026-03-03T16:00:00.000000",0.354118794202805
"WI","2026-03-03T17:00:00.000000",0.356385886669159
"WI","2026-03-03T18:00:00.000000",0.359780043363571
"WI","2026-03-03T19:00:00.000000",0.363756746053696
"WI","2026-03-03T20:00:00.000000",0.363272249698639
"WI","2026-03-03T21:00:00.000000",0.358738839626312
"WI","2026-03-03T22:00:00.000000",0.362670451402664
"WI","2026-03-03T23:00:00.000000",0.360536158084869
"WI","2026-03-04T00:00:00.000000",0.36268812417984
"WI","2026-03-04T01:00:00.000000",0.373074889183044
"WI","2026-03-04T02:00:00.000000",0.380811125040054
"WI","2026-03-04T03:00:00.000000",0.378445863723755
"WI","2026-03-04T04:00:00.000000",0.378465473651886
"WI","2026-03-04T05:00:00.000000",0.37980717420578
"WI","2026-03-04T06:00:00.000000",0.367171227931976
"WI","2026-03-04T07:00:00.000000",0.363259583711624
"WI","2026-03-04T08:00:00.000000",0.365647226572037
"WI","2026-03-04T09:00:00.000000",0.379514276981354
"WI","2026-03-04T10:00:00.000000",0.388876378536224
"WI","2026-03-04T11:00:00.000000",0.427092105150223
"WI","2026-03-04T12:00:00.000000",0.441986918449402
"WI","2026-03-04T13:00:00.000000",0.452783465385437
"WI","2026-03-04T14:00:00.000000",0.441688001155853
"WI","2026-03-04T15:00:00.000000",0.435268998146057
"WI","2026-03-04T16:00:00.000000",0.448678553104401
"WI","2026-03-04T17:00:00.000000",0.487835943698883
"WI","2026-03-04T18:00:00.000000",0.488412857055664
"WI","2026-03-04T19:00:00.000000",0.476286739110947
"WI","2026-03-04T20:00:00.000000",0.476784616708755
"WI","2026-03-04T21:00:00.000000",0.483942955732346
"WI","2026-03-04T22:00:00.000000",0.515582203865051
"WI","2026-03-04T23:00:00.000000",0.568310678005219
"WI","2026-03-05T00:00:00.000000",0.587949573993683
"WI","2026-03-05T01:00:00.000000",0.588736474514008
"WI","2026-03-05T02:00:00.000000",0.572747349739075
"WI","2026-03-05T03:00:00.000000",0.562073290348053
"WI","2026-03-05T04:00:00.000000",0.54460471868515
"WI","2026-03-05T05:00:00.000000",0.533586740493774
"WI","2026-03-05T06:00:00.000000",0.560765206813812
"WI","2026-03-05T07:00:00.000000",0.567773878574371
"WI","2026-03-05T08:00:00.000000",0.572751104831696
"WI","2026-03-05T09:00:00.000000",0.560080528259277
"WI","2026-03-05T10:00:00.000000",0.563151895999908
"WI","2026-03-05T11:00:00.000000",0.567556023597717
"WI","2026-03-05T12:00:00.000000",0.578668653964996
"WI","2026-03-05T13:00:00.000000",0.581341624259949
"WI","2026-03-05T14:00:00.000000",0.583706200122833
"WI","2026-03-05T15:00:00.000000",0.588151395320892
"WI","2026-03-05T16:00:00.000000",0.609806537628174
"WI","2026-03-05T17:00:00.000000",0.629340648651123
"WI","2026-03-05T18:00:00.000000",0.645154774188995
"WI","2026-03-05T19:00:00.000000",0.59879195690155
"WI","2026-03-05T20:00:00.000000",0.571877360343933
"WI","2026-03-05T21:00:00.000000",0.564490854740143
"WI","2026-03-05T22:00:00.000000",0.606763958930969
"WI","2026-03-05T23:00:00.000000",0.572191774845123
"WI","2026-03-06T00:00:00.000000",0.596827745437622
"WI","2026-03-06T01:00:00.000000",0.609784364700317
"WI","2026-03-06T02:00:00.000000",0.60847020149231
"WI","2026-03-06T03:00:00.000000",0.625439167022705
"WI","2026-03-06T04:00:00.000000",0.682016313076019
"WI","2026-03-06T05:00:00.000000",0.718728303909302
"WI","2026-03-06T06:00:00.000000",0.766920566558838
"WI","2026-03-06T07:00:00.000000",0.787110984325409
"WI","2026-03-06T08:00:00.000000",0.634730637073517
"WI","2026-03-06T09:00:00.000000",0.728508472442627
"WI","2026-03-06T10:00:00.000000",0.628572344779968
"WI","2026-03-06T11:00:00.000000",0.602205634117126
"WI","2026-03-06T12:00:00.000000",0.603890120983124
"WI","2026-03-06T13:00:00.000000",0.605180680751801
"WI","2026-03-06T14:00:00.000000",0.619740605354309
"WI","2026-03-06T15:00:00.000000",0.737206697463989
"WI","2026-03-06T16:00:00.000000",0.829657912254333
"WI","2026-03-06T17:00:00.000000",0.863937020301819
"WI","2026-03-06T18:00:00.000000",0.880405187606812
"WI","2026-03-06T19:00:00.000000",0.868402898311615
"WI","2026-03-06T20:00:00.000000",0.803566694259644
"WI","2026-03-06T21:00:00.000000",0.746901452541351
"WI","2026-03-06T22:00:00.000000",0.832365989685059
"WI","2026-03-06T23:00:00.000000",0.793791234493256
"WI","2026-03-07T00:00:00.000000",0.666298091411591
"WI","2026-03-07T01:00:00.000000",0.674217045307159
"WI","2026-03-07T02:00:00.000000",0.679698050022125
"WI","2026-03-07T03:00:00.000000",0.731467545032501
"WI","2026-03-07T04:00:00.000000",0.84267270565033
"WI","2026-03-07T05:00:00.000000",0.899383425712585
"WI","2026-03-07T06:00:00.000000",0.920531094074249
"WI","2026-03-07T07:00:00.000000",0.926436364650726
"WI","2026-03-07T08:00:00.000000",0.883321642875671
"WI","2026-03-07T09:00:00.000000",0.773993611335754
"WI","2026-03-07T10:00:00.000000",0.791044533252716
"WI","2026-03-07T11:00:00.000000",0.885443985462189
"WI","2026-03-07T12:00:00.000000",0.711066842079163
"WI","2026-03-07T13:00:00.000000",0.714265644550323
"WI","2026-03-07T14:00:00.000000",0.765084981918335
"WI","2026-03-07T15:00:00.000000",0.755415439605713
"WI","2026-03-07T16:00:00.000000",0.816141843795776
"WI","2026-03-07T17:00:00.000000",0.911121547222137
"WI","2026-03-07T18:00:00.000000",0.933065056800842
"WI","2026-03-07T19:00:00.000000",0.93182772397995
"WI","2026-03-07T20:00:00.000000",0.930894911289215
"WI","2026-03-07T21:00:00.000000",0.900137901306152
"WI","2026-03-07T22:00:00.000000",0.884499311447144
"WI","2026-03-07T23:00:00.000000",0.875258564949036
"WI","2026-03-08T00:00:00.000000",0.871181786060333
"WI","2026-03-08T01:00:00.000000",0.859956204891205
"WI","2026-03-08T02:00:00.000000",0.848089933395386
"WI","2026-03-08T03:00:00.000000",0.846790134906769
"WI","2026-03-08T04:00:00.000000",0.859374225139618
"WI","2026-03-08T05:00:00.000000",0.885790109634399
"WI","2026-03-08T06:00:00.000000",0.908983767032623
"WI","2026-03-08T07:00:00.000000",0.914876639842987
"WI","2026-03-08T08:00:00.000000",0.916912496089935
"WI","2026-03-08T09:00:00.000000",0.903469681739807
"WI","2026-03-08T10:00:00.000000",0.90376877784729
"WI","2026-03-08T11:00:00.000000",0.905276000499725
"WI","2026-03-08T12:00:00.000000",0.905399203300476
"WI","2026-03-08T13:00:00.000000",0.915853559970856
"WI","2026-03-08T14:00:00.000000",0.910277366638184
"WI","2026-03-08T15:00:00.000000",0.911396384239197
"WI","2026-03-08T16:00:00.000000",0.91715806722641
"WI","2026-03-08T17:00:00.000000",0.889966785907745
"WI","2026-03-08T18:00:00.000000",0.832707524299622
"WI","2026-03-08T19:00:00.000000",0.812458634376526
"WI","2026-03-08T20:00:00.000000",0.815485179424286
"WI","2026-03-08T21:00:00.000000",0.869428336620331
"WI","2026-03-08T22:00:00.000000",0.883364319801331
"WI","2026-03-08T23:00:00.000000",0.89323228597641
"WI","2026-03-09T00:00:00.000000",0.872127711772919
"WI","2026-03-09T01:00:00.000000",0.900593101978302
"WI","2026-03-09T02:00:00.000000",0.924677968025208
"WI","2026-03-09T03:00:00.000000",0.934402823448181
"WI","2026-03-09T04:00:00.000000",0.897770404815674
"WI","2026-03-09T05:00:00.000000",0.844165325164795
"WI","2026-03-09T06:00:00.000000",0.824502468109131
"WI","2026-03-09T07:00:00.000000",0.816772818565369
"WI","2026-03-09T08:00:00.000000",0.837424278259277
"WI","2026-03-09T09:00:00.000000",0.876092553138733
"WI","2026-03-09T10:00:00.000000",0.866476535797119
"WI","2026-03-09T11:00:00.000000",0.862806618213654
"WI","2026-03-09T12:00:00.000000",0.938927948474884
"WI","2026-03-09T13:00:00.000000",0.918364703655243
"WI","2026-03-09T14:00:00.000000",0.8808833360672
"WI","2026-03-09T15:00:00.000000",0.897733271121979
"WI","2026-03-09T16:00:00.000000",0.906431496143341
"WI","2026-03-09T17:00:00.000000",0.912223756313324
"WI","2026-03-09T18:00:00.000000",0.919228076934814
"WI","2026-03-09T19:00:00.000000",0.918896734714508
"WI","2026-03-09T20:00:00.000000",0.917146980762482
"WI","2026-03-09T21:00:00.000000",0.916224122047424
"WI","2026-03-09T22:00:00.000000",0.929431557655334
"WI","2026-03-09T23:00:00.000000",0.93295419216156
"WI","2026-03-10T00:00:00.000000",0.919639527797699
"WI","2026-03-10T01:00:00.000000",0.91229635477066
"WI","2026-03-10T02:00:00.000000",0.944704115390778
"WI","2026-03-10T03:00:00.000000",0.971785187721252
"WI","2026-03-10T04:00:00.000000",0.993904709815979
"WI","2026-03-10T05:00:00.000000",0.989087820053101
"WI","2026-03-10T06:00:00.000000",0.928135275840759
"WI","2026-03-10T07:00:00.000000",0.89162415266037
"WI","2026-03-10T08:00:00.000000",0.880037724971771
"WI","2026-03-10T09:00:00.000000",0.878177404403687
"WI","2026-03-10T10:00:00.000000",0.887665271759033
"WI","2026-03-10T11:00:00.000000",0.935327231884003
"WI","2026-03-10T12:00:00.000000",0.917487859725952
"WI","2026-03-10T13:00:00.000000",0.890626847743988
"WI","2026-03-10T14:00:00.000000",0.956175267696381
"WI","2026-03-10T15:00:00.000000",0.970317125320435
"WI","2026-03-10T16:00:00.000000",0.988592743873596
"WI","2026-03-10T17:00:00.000000",0.970174014568329
"WI","2026-03-10T18:00:00.000000",0.951354503631592
"WI","2026-03-10T19:00:00.000000",0.936555683612823
"WI","2026-03-10T20:00:00.000000",0.957358837127686
"WI","2026-03-10T21:00:00.000000",1.04492723941803
"WI","2026-03-10T22:00:00.000000",1.09504759311676
"WI","2026-03-10T23:00:00.000000",1.02518403530121
"WI","2026-03-11T00:00:00.000000",0.99787437915802
