site_id,time,temp
AQ,2026-03-02T01:00:00.000000,2.768127203
AQ,2026-03-02T02:00:00.000000,2.767187834
AQ,2026-03-02T03:00:00.000000,2.764074802
AQ,2026-03-02T04:00:00.000000,2.752064466
AQ,2026-03-02T05:00:00.000000,2.729937553
AQ,2026-03-02T06:00:00.000000,2.702825546
AQ,2026-03-02T07:00:00.000000,2.680536509
AQ,2026-03-02T08:00:00.000000,2.668688536
AQ,2026-03-02T09:00:00.000000,2.648697615
AQ,2026-03-02T10:00:00.000000,2.618015051
AQ,2026-03-02T11:00:00.000000,2.578898191
AQ,2026-03-02T12:00:00.000000,2.602606058
AQ,2026-03-02T13:00:00.000000,2.616168737
AQ,2026-03-02T14:00:00.000000,2.623624086
AQ,2026-03-02T15:00:00.000000,2.629427433
AQ,2026-03-02T16:00:00.000000,2.633858204
AQ,2026-03-02T17:00:00.000000,2.630275726
AQ,2026-03-02T18:00:00.000000,2.624778271
AQ,2026-03-02T19:00:00.000000,2.622261047
AQ,2026-03-02T20:00:00.000000,2.617768288
AQ,2026-03-02T21:00:00.000000,2.6111691
AQ,2026-03-02T22:00:00.000000,2.600206137
AQ,2026-03-02T23:00:00.000000,2.5842309
AQ,2026-03-03T00:00:00.000000,2.594340801
AQ,2026-03-03T01:00:00.000000,2.617766857
AQ,2026-03-03T02:00:00.000000,2.630962133
AQ,2026-03-03T03:00:00.000000,2.636954069
AQ,2026-03-03T04:00:00.000000,2.640806437
AQ,2026-03-03T05:00:00.000000,2.637037039
AQ,2026-03-03T06:00:00.000000,2.635664701
AQ,2026-03-03T07:00:00.000000,2.632136822
AQ,2026-03-03T08:00:00.000000,2.627250195
AQ,2026-03-03T09:00:00.000000,2.624252319
AQ,2026-03-03T10:00:00.000000,2.594758511
AQ,2026-03-03T11:00:00.000000,2.507322311
AQ,2026-03-03T12:00:00.000000,2.507159948
AQ,2026-03-03T13:00:00.000000,2.534781218
AQ,2026-03-03T14:00:00.000000,2.554585934
AQ,2026-03-03T15:00:00.000000,2.567886829
AQ,2026-03-03T16:00:00.000000,2.579027414
AQ,2026-03-03T17:00:00.000000,2.588181019
AQ,2026-03-03T18:00:00.000000,2.592485905
AQ,2026-03-03T19:00:00.000000,2.593770504
AQ,2026-03-03T20:00:00.000000,2.592951536
AQ,2026-03-03T21:00:00.000000,2.58761549
AQ,2026-03-03T22:00:00.000000,2.578615665
AQ,2026-03-03T23:00:00.000000,2.565058947
AQ,2026-03-04T00:00:00.000000,2.566239357
AQ,2026-03-04T01:00:00.000000,2.582293749
AQ,2026-03-04T02:00:00.000000,2.591434717
AQ,2026-03-04T03:00:00.000000,2.595423937
AQ,2026-03-04T04:00:00.000000,2.595074415
AQ,2026-03-04T05:00:00.000000,2.592745543
AQ,2026-03-04T06:00:00.000000,2.586854219
AQ,2026-03-04T07:00:00.000000,2.576959372
AQ,2026-03-04T08:00:00.000000,2.566692829
AQ,2026-03-04T09:00:00.000000,2.554813385
AQ,2026-03-04T10:00:00.000000,2.548683405
AQ,2026-03-04T11:00:00.000000,2.551321983
AQ,2026-03-04T12:00:00.000000,2.560745001
AQ,2026-03-04T13:00:00.000000,2.571119785
AQ,2026-03-04T14:00:00.000000,2.580395937
AQ,2026-03-04T15:00:00.000000,2.589215755
AQ,2026-03-04T16:00:00.000000,2.591258764
AQ,2026-03-04T17:00:00.000000,2.58829546
AQ,2026-03-04T18:00:00.000000,2.581352234
AQ,2026-03-04T19:00:00.000000,2.571809292
AQ,2026-03-04T20:00:00.000000,2.563930273
AQ,2026-03-04T21:00:00.000000,2.557616711
AQ,2026-03-04T22:00:00.000000,2.554106712
AQ,2026-03-04T23:00:00.000000,2.555520296
AQ,2026-03-05T00:00:00.000000,2.560859203
AQ,2026-03-05T01:00:00.000000,2.572597027
AQ,2026-03-05T02:00:00.000000,2.589720011
AQ,2026-03-05T03:00:00.000000,2.604492426
AQ,2026-03-05T04:00:00.000000,2.612283945
AQ,2026-03-05T05:00:00.000000,2.615809917
AQ,2026-03-05T06:00:00.000000,2.613585711
AQ,2026-03-05T07:00:00.000000,2.601022005
AQ,2026-03-05T08:00:00.000000,2.588975906
AQ,2026-03-05T09:00:00.000000,2.576726675
AQ,2026-03-05T10:00:00.000000,2.567228317
AQ,2026-03-05T11:00:00.000000,2.563924313
AQ,2026-03-05T12:00:00.000000,2.568205595
AQ,2026-03-05T13:00:00.000000,2.580236673
AQ,2026-03-05T14:00:00.000000,2.592688084
AQ,2026-03-05T15:00:00.000000,2.595268011
AQ,2026-03-05T16:00:00.000000,2.593956232
AQ,2026-03-05T17:00:00.000000,2.590651989
AQ,2026-03-05T18:00:00.000000,2.589176893
AQ,2026-03-05T19:00:00.000000,2.600603104
AQ,2026-03-05T20:00:00.000000,2.617117405
AQ,2026-03-05T21:00:00.000000,2.626329899
AQ,2026-03-05T22:00:00.000000,2.631176472
AQ,2026-03-05T23:00:00.000000,2.623473883
AQ,2026-03-06T00:00:00.000000,2.617336512
AQ,2026-03-06T01:00:00.000000,2.618073702
AQ,2026-03-06T02:00:00.000000,2.659693718
AQ,2026-03-06T03:00:00.000000,2.679729462
AQ,2026-03-06T04:00:00.000000,2.678827763
AQ,2026-03-06T05:00:00.000000,2.668856144
AQ,2026-03-06T06:00:00.000000,2.663866282
AQ,2026-03-06T07:00:00.000000,2.660984039
AQ,2026-03-06T08:00:00.000000,2.65943265
AQ,2026-03-06T09:00:00.000000,2.658591509
AQ,2026-03-06T10:00:00.000000,2.651531219
AQ,2026-03-06T11:00:00.000000,2.642145634
AQ,2026-03-06T12:00:00.000000,2.632695913
AQ,2026-03-06T13:00:00.000000,2.626577377
AQ,2026-03-06T14:00:00.000000,2.627879381
AQ,2026-03-06T15:00:00.000000,2.637919903
AQ,2026-03-06T16:00:00.000000,2.649703264
AQ,2026-03-06T17:00:00.000000,2.66008544
AQ,2026-03-06T18:00:00.000000,2.665045023
AQ,2026-03-06T19:00:00.000000,2.665965557
AQ,2026-03-06T20:00:00.000000,2.686139345
AQ,2026-03-06T21:00:00.000000,2.694897413
AQ,2026-03-06T22:00:00.000000,2.694726467
AQ,2026-03-06T23:00:00.000000,2.686026335
AQ,2026-03-07T00:00:00.000000,2.677192688
AQ,2026-03-07T01:00:00.000000,2.670134783
AQ,2026-03-07T02:00:00.000000,2.668848276
AQ,2026-03-07T03:00:00.000000,2.67104578
AQ,2026-03-07T04:00:00.000000,2.670995235
AQ,2026-03-07T05:00:00.000000,2.671282053
AQ,2026-03-07T06:00:00.000000,2.672564507
AQ,2026-03-07T07:00:00.000000,2.673655748
AQ,2026-03-07T08:00:00.000000,2.676166534
AQ,2026-03-07T09:00:00.000000,2.699574709
AQ,2026-03-07T10:00:00.000000,2.70402956
AQ,2026-03-07T11:00:00.000000,2.7013309
AQ,2026-03-07T12:00:00.000000,2.697958708
AQ,2026-03-07T13:00:00.000000,2.69660759
AQ,2026-03-07T14:00:00.000000,2.701408148
AQ,2026-03-07T15:00:00.000000,2.72175622
AQ,2026-03-07T16:00:00.000000,2.744280815
AQ,2026-03-07T17:00:00.000000,2.757484674
AQ,2026-03-07T18:00:00.000000,2.762491703
AQ,2026-03-07T19:00:00.000000,2.760418415
AQ,2026-03-07T20:00:00.000000,2.751888037
AQ,2026-03-07T21:00:00.000000,2.740217447
AQ,2026-03-07T22:00:00.000000,2.73261404
AQ,2026-03-07T23:00:00.000000,2.725222588
AQ,2026-03-08T00:00:00.000000,2.717839003
AQ,2026-03-08T01:00:00.000000,2.721779108
AQ,2026-03-08T02:00:00.000000,2.747175932
AQ,2026-03-08T03:00:00.000000,2.794732809
AQ,2026-03-08T04:00:00.000000,2.825585127
AQ,2026-03-08T05:00:00.000000,2.841222286
AQ,2026-03-08T06:00:00.000000,2.850415468
AQ,2026-03-08T07:00:00.000000,2.853641033
AQ,2026-03-08T08:00:00.000000,2.85261178
AQ,2026-03-08T09:00:00.000000,2.840899706
AQ,2026-03-08T10:00:00.000000,2.81411624
AQ,2026-03-08T11:00:00.000000,2.788332939
AQ,2026-03-08T12:00:00.000000,2.765542507
AQ,2026-03-08T13:00:00.000000,2.759377956
AQ,2026-03-08T14:00:00.000000,2.77320981
AQ,2026-03-08T15:00:00.000000,2.806095839
AQ,2026-03-08T16:00:00.000000,2.824069738
AQ,2026-03-08T17:00:00.000000,2.831364155
AQ,2026-03-08T18:00:00.000000,2.835942745
AQ,2026-03-08T19:00:00.000000,2.836611032
AQ,2026-03-08T20:00:00.000000,2.832820654
AQ,2026-03-08T21:00:00.000000,2.815739155
AQ,2026-03-08T22:00:00.000000,2.795228243
AQ,2026-03-08T23:00:00.000000,2.779476881
AQ,2026-03-09T00:00:00.000000,2.769344568
AQ,2026-03-09T01:00:00.000000,2.766943932
AQ,2026-03-09T02:00:00.000000,2.773734808
AQ,2026-03-09T03:00:00.000000,2.79230237
AQ,2026-03-09T04:00:00.000000,2.812324524
AQ,2026-03-09T05:00:00.000000,2.825050116
AQ,2026-03-09T06:00:00.000000,2.837192297
AQ,2026-03-09T07:00:00.000000,2.845953703
AQ,2026-03-09T08:00:00.000000,2.849065542
AQ,2026-03-09T09:00:00.000000,2.848789215
AQ,2026-03-09T10:00:00.000000,2.84173727
AQ,2026-03-09T11:00:00.000000,2.828592062
AQ,2026-03-09T12:00:00.000000,2.814151764
AQ,2026-03-09T13:00:00.000000,2.80388999
AQ,2026-03-09T14:00:00.000000,2.804381847
AQ,2026-03-09T15:00:00.000000,2.816401243
AQ,2026-03-09T16:00:00.000000,2.832923412
AQ,2026-03-09T17:00:00.000000,2.842939377
AQ,2026-03-09T18:00:00.000000,2.849061966
AQ,2026-03-09T19:00:00.000000,2.853423119
AQ,2026-03-09T20:00:00.000000,2.855834723
AQ,2026-03-09T21:00:00.000000,2.857571363
AQ,2026-03-09T22:00:00.000000,2.858320475
AQ,2026-03-09T23:00:00.000000,2.857202291
AQ,2026-03-10T00:00:00.000000,2.853414297
CB,2026-03-02T01:00:00.000000,3.061652422
CB,2026-03-02T02:00:00.000000,3.05404067
CB,2026-03-02T03:00:00.000000,3.03342104
CB,2026-03-02T04:00:00.000000,2.993730307
CB,2026-03-02T05:00:00.000000,2.956324577
CB,2026-03-02T06:00:00.000000,2.922995329
CB,2026-03-02T07:00:00.000000,2.87966609
CB,2026-03-02T08:00:00.000000,2.841017485
CB,2026-03-02T09:00:00.000000,2.817886353
CB,2026-03-02T10:00:00.000000,2.824692249
CB,2026-03-02T11:00:00.000000,2.932313919
CB,2026-03-02T12:00:00.000000,2.97154808
CB,2026-03-02T13:00:00.000000,2.980844975
CB,2026-03-02T14:00:00.000000,2.987261057
CB,2026-03-02T15:00:00.000000,2.96437192
CB,2026-03-02T16:00:00.000000,2.923382044
CB,2026-03-02T17:00:00.000000,2.877611876
CB,2026-03-02T18:00:00.000000,2.849625111
CB,2026-03-02T19:00:00.000000,2.839049339
CB,2026-03-02T20:00:00.000000,2.830023289
CB,2026-03-02T21:00:00.000000,2.81627655
CB,2026-03-02T22:00:00.000000,2.814290047
CB,2026-03-02T23:00:00.000000,2.838911057
CB,2026-03-03T00:00:00.000000,2.81034112
CB,2026-03-03T01:00:00.000000,2.793596029
CB,2026-03-03T02:00:00.000000,2.790938139
CB,2026-03-03T03:00:00.000000,2.783801079
CB,2026-03-03T04:00:00.000000,2.777924538
CB,2026-03-03T05:00:00.000000,2.765854359
CB,2026-03-03T06:00:00.000000,2.764516354
CB,2026-03-03T07:00:00.000000,2.754695177
CB,2026-03-03T08:00:00.000000,2.74911952
CB,2026-03-03T09:00:00.000000,2.705343962
CB,2026-03-03T10:00:00.000000,2.694341421
CB,2026-03-03T11:00:00.000000,2.668360472
CB,2026-03-03T12:00:00.000000,2.643902302
CB,2026-03-03T13:00:00.000000,2.65229249
CB,2026-03-03T14:00:00.000000,2.67554903
CB,2026-03-03T15:00:00.000000,2.729793787
CB,2026-03-03T16:00:00.000000,2.827111006
CB,2026-03-03T17:00:00.000000,2.948105574
CB,2026-03-03T18:00:00.000000,3.028203726
CB,2026-03-03T19:00:00.000000,3.069642782
CB,2026-03-03T20:00:00.000000,3.081936359
CB,2026-03-03T21:00:00.000000,2.822136164
CB,2026-03-03T22:00:00.000000,2.65407753
CB,2026-03-03T23:00:00.000000,2.993494511
CB,2026-03-04T00:00:00.000000,3.251426697
CB,2026-03-04T01:00:00.000000,3.325864077
CB,2026-03-04T02:00:00.000000,3.407023191
CB,2026-03-04T03:00:00.000000,3.480059147
CB,2026-03-04T04:00:00.000000,3.509533644
CB,2026-03-04T05:00:00.000000,3.514913797
CB,2026-03-04T06:00:00.000000,3.518254519
CB,2026-03-04T07:00:00.000000,3.525278807
CB,2026-03-04T08:00:00.000000,3.521385431
CB,2026-03-04T09:00:00.000000,3.476904631
CB,2026-03-04T10:00:00.000000,3.277619839
CB,2026-03-04T11:00:00.000000,3.296942472
CB,2026-03-04T12:00:00.000000,3.279682398
CB,2026-03-04T13:00:00.000000,3.251065254
CB,2026-03-04T14:00:00.000000,3.256007671
CB,2026-03-04T15:00:00.000000,3.264808893
CB,2026-03-04T16:00:00.000000,3.269835711
CB,2026-03-04T17:00:00.000000,3.278170109
CB,2026-03-04T18:00:00.000000,3.286062002
CB,2026-03-04T19:00:00.000000,3.268323421
CB,2026-03-04T20:00:00.000000,3.220139265
CB,2026-03-04T21:00:00.000000,3.117655516
CB,2026-03-04T22:00:00.000000,3.015165091
CB,2026-03-04T23:00:00.000000,3.015081644
CB,2026-03-05T00:00:00.000000,3.03417182
CB,2026-03-05T01:00:00.000000,3.013567924
CB,2026-03-05T02:00:00.000000,3.027309179
CB,2026-03-05T03:00:00.000000,3.050886393
CB,2026-03-05T04:00:00.000000,3.049389839
CB,2026-03-05T05:00:00.000000,3.037365913
CB,2026-03-05T06:00:00.000000,3.007244825
CB,2026-03-05T07:00:00.000000,2.959726334
CB,2026-03-05T08:00:00.000000,2.915878057
CB,2026-03-05T09:00:00.000000,2.878139734
CB,2026-03-05T10:00:00.000000,2.829460382
CB,2026-03-05T11:00:00.000000,2.808521509
CB,2026-03-05T12:00:00.000000,2.808996916
CB,2026-03-05T13:00:00.000000,2.776076317
CB,2026-03-05T14:00:00.000000,2.755769253
CB,2026-03-05T15:00:00.000000,2.770798683
CB,2026-03-05T16:00:00.000000,2.779139042
CB,2026-03-05T17:00:00.000000,2.773704052
CB,2026-03-05T18:00:00.000000,2.768342257
CB,2026-03-05T19:00:00.000000,2.765239716
CB,2026-03-05T20:00:00.000000,2.764800072
CB,2026-03-05T21:00:00.000000,2.759618998
CB,2026-03-05T22:00:00.000000,2.74092412
CB,2026-03-05T23:00:00.000000,2.718150139
CB,2026-03-06T00:00:00.000000,2.714030027
CB,2026-03-06T01:00:00.000000,2.735046625
CB,2026-03-06T02:00:00.000000,2.868355036
CB,2026-03-06T03:00:00.000000,2.975396633
CB,2026-03-06T04:00:00.000000,3.045769691
CB,2026-03-06T05:00:00.000000,3.08484745
CB,2026-03-06T06:00:00.000000,3.100731134
CB,2026-03-06T07:00:00.000000,3.098201752
CB,2026-03-06T08:00:00.000000,3.086325169
CB,2026-03-06T09:00:00.000000,3.048629999
CB,2026-03-06T10:00:00.000000,2.920738459
CB,2026-03-06T11:00:00.000000,2.770652533
CB,2026-03-06T12:00:00.000000,2.673743486
CB,2026-03-06T13:00:00.000000,2.686801195
CB,2026-03-06T14:00:00.000000,2.927662611
CB,2026-03-06T15:00:00.000000,3.061313629
CB,2026-03-06T16:00:00.000000,3.107568026
CB,2026-03-06T17:00:00.000000,3.121858835
CB,2026-03-06T18:00:00.000000,3.121930361
CB,2026-03-06T19:00:00.000000,3.110609531
CB,2026-03-06T20:00:00.000000,3.091480255
CB,2026-03-06T21:00:00.000000,3.06312108
CB,2026-03-06T22:00:00.000000,2.987190723
CB,2026-03-06T23:00:00.000000,2.89265728
CB,2026-03-07T00:00:00.000000,2.850162268
CB,2026-03-07T01:00:00.000000,2.866182566
CB,2026-03-07T02:00:00.000000,2.985786676
CB,2026-03-07T03:00:00.000000,3.064062834
CB,2026-03-07T04:00:00.000000,3.086051226
CB,2026-03-07T05:00:00.000000,3.093235731
CB,2026-03-07T06:00:00.000000,3.090614557
CB,2026-03-07T07:00:00.000000,3.077644587
CB,2026-03-07T08:00:00.000000,3.051836491
CB,2026-03-07T09:00:00.000000,3.011878252
CB,2026-03-07T10:00:00.000000,2.968253613
CB,2026-03-07T11:00:00.000000,2.925819635
CB,2026-03-07T12:00:00.000000,2.845505714
CB,2026-03-07T13:00:00.000000,2.77473402
CB,2026-03-07T14:00:00.000000,2.779173851
CB,2026-03-07T15:00:00.000000,2.89283514
CB,2026-03-07T16:00:00.000000,3.009385586
CB,2026-03-07T17:00:00.000000,3.092095137
CB,2026-03-07T18:00:00.000000,3.158123016
CB,2026-03-07T19:00:00.000000,3.213160276
CB,2026-03-07T20:00:00.000000,3.25541544
CB,2026-03-07T21:00:00.000000,3.290587902
CB,2026-03-07T22:00:00.000000,3.322952032
CB,2026-03-07T23:00:00.000000,3.34232688
CB,2026-03-08T00:00:00.000000,3.337631941
CB,2026-03-08T01:00:00.000000,3.331435919
CB,2026-03-08T02:00:00.000000,3.363550901
CB,2026-03-08T03:00:00.000000,3.392162561
CB,2026-03-08T04:00:00.000000,3.407890081
CB,2026-03-08T05:00:00.000000,3.417357683
CB,2026-03-08T06:00:00.000000,3.425224304
CB,2026-03-08T07:00:00.000000,3.431126833
CB,2026-03-08T08:00:00.000000,3.434399128
CB,2026-03-08T09:00:00.000000,3.436579943
CB,2026-03-08T10:00:00.000000,3.437786341
CB,2026-03-08T11:00:00.000000,3.43849349
CB,2026-03-08T12:00:00.000000,3.437217712
CB,2026-03-08T13:00:00.000000,3.433438063
CB,2026-03-08T14:00:00.000000,3.423167944
CB,2026-03-08T15:00:00.000000,3.414456606
CB,2026-03-08T16:00:00.000000,3.407141447
CB,2026-03-08T17:00:00.000000,3.402142763
CB,2026-03-08T18:00:00.000000,3.378286123
CB,2026-03-08T19:00:00.000000,3.342343569
CB,2026-03-08T20:00:00.000000,3.313554049
CB,2026-03-08T21:00:00.000000,3.289774656
CB,2026-03-08T22:00:00.000000,3.268860102
CB,2026-03-08T23:00:00.000000,3.253205299
CB,2026-03-09T00:00:00.000000,3.241079569
CB,2026-03-09T01:00:00.000000,3.238339901
CB,2026-03-09T02:00:00.000000,3.234992743
CB,2026-03-09T03:00:00.000000,3.22187233
CB,2026-03-09T04:00:00.000000,3.250041485
CB,2026-03-09T05:00:00.000000,3.300921202
CB,2026-03-09T06:00:00.000000,3.337110519
CB,2026-03-09T07:00:00.000000,3.358956337
CB,2026-03-09T08:00:00.000000,3.372036219
CB,2026-03-09T09:00:00.000000,3.38051939
CB,2026-03-09T10:00:00.000000,3.387240887
CB,2026-03-09T11:00:00.000000,3.391633749
CB,2026-03-09T12:00:00.000000,3.393985987
CB,2026-03-09T13:00:00.000000,3.398540974
CB,2026-03-09T14:00:00.000000,3.414508104
CB,2026-03-09T15:00:00.000000,3.430565834
CB,2026-03-09T16:00:00.000000,3.435213327
CB,2026-03-09T17:00:00.000000,3.438561916
CB,2026-03-09T18:00:00.000000,3.447255373
CB,2026-03-09T19:00:00.000000,3.456014395
CB,2026-03-09T20:00:00.000000,3.46539402
CB,2026-03-09T21:00:00.000000,3.473492384
CB,2026-03-09T22:00:00.000000,3.478865623
CB,2026-03-09T23:00:00.000000,3.480858088
CB,2026-03-10T00:00:00.000000,3.481106281
CI,2026-03-02T01:00:00.000000,2.139009476
CI,2026-03-02T02:00:00.000000,2.168073177
CI,2026-03-02T03:00:00.000000,2.168007374
CI,2026-03-02T04:00:00.000000,2.066104174
CI,2026-03-02T05:00:00.000000,1.936226249
CI,2026-03-02T06:00:00.000000,1.871761084
CI,2026-03-02T07:00:00.000000,1.81755507
CI,2026-03-02T08:00:00.000000,1.757582426
CI,2026-03-02T09:00:00.000000,1.712891936
CI,2026-03-02T10:00:00.000000,1.755301237
CI,2026-03-02T11:00:00.000000,1.882727265
CI,2026-03-02T12:00:00.000000,1.998681903
CI,2026-03-02T13:00:00.000000,2.07460165
CI,2026-03-02T14:00:00.000000,2.094244242
CI,2026-03-02T15:00:00.000000,2.096349478
CI,2026-03-02T16:00:00.000000,2.090775728
CI,2026-03-02T17:00:00.000000,1.985692978
CI,2026-03-02T18:00:00.000000,1.931728005
CI,2026-03-02T19:00:00.000000,1.864020944
CI,2026-03-02T20:00:00.000000,1.813022971
CI,2026-03-02T21:00:00.000000,1.755006433
CI,2026-03-02T22:00:00.000000,1.750777364
CI,2026-03-02T23:00:00.000000,1.775289059
CI,2026-03-03T00:00:00.000000,1.947809339
CI,2026-03-03T01:00:00.000000,2.021147728
CI,2026-03-03T02:00:00.000000,2.042776108
CI,2026-03-03T03:00:00.000000,2.041582823
CI,2026-03-03T04:00:00.000000,2.034734249
CI,2026-03-03T05:00:00.000000,2.011645794
CI,2026-03-03T06:00:00.000000,1.950797915
CI,2026-03-03T07:00:00.000000,1.889963746
CI,2026-03-03T08:00:00.000000,1.825027823
CI,2026-03-03T09:00:00.000000,1.774102092
CI,2026-03-03T10:00:00.000000,1.729150653
CI,2026-03-03T11:00:00.000000,1.746197581
CI,2026-03-03T12:00:00.000000,1.840667367
CI,2026-03-03T13:00:00.000000,1.925446868
CI,2026-03-03T14:00:00.000000,1.993165016
CI,2026-03-03T15:00:00.000000,2.022140026
CI,2026-03-03T16:00:00.000000,2.029911518
CI,2026-03-03T17:00:00.000000,2.019723892
CI,2026-03-03T18:00:00.000000,1.955877542
CI,2026-03-03T19:00:00.000000,1.895452738
CI,2026-03-03T20:00:00.000000,1.844148993
CI,2026-03-03T21:00:00.000000,1.799078465
CI,2026-03-03T22:00:00.000000,1.758064866
CI,2026-03-03T23:00:00.000000,1.736682773
CI,2026-03-04T00:00:00.000000,1.769531965
CI,2026-03-04T01:00:00.000000,1.882951617
CI,2026-03-04T02:00:00.000000,1.997030258
CI,2026-03-04T03:00:00.000000,2.036505461
CI,2026-03-04T04:00:00.000000,2.047039747
CI,2026-03-04T05:00:00.000000,2.04006362
CI,2026-03-04T06:00:00.000000,1.995967746
CI,2026-03-04T07:00:00.000000,1.913511276
CI,2026-03-04T08:00:00.000000,1.856112361
CI,2026-03-04T09:00:00.000000,1.769072056
CI,2026-03-04T10:00:00.000000,1.711290121
CI,2026-03-04T11:00:00.000000,1.599884272
CI,2026-03-04T12:00:00.000000,1.746559143
CI,2026-03-04T13:00:00.000000,1.834288836
CI,2026-03-04T14:00:00.000000,1.941864371
CI,2026-03-04T15:00:00.000000,2.024219751
CI,2026-03-04T16:00:00.000000,2.060773611
CI,2026-03-04T17:00:00.000000,2.070523262
CI,2026-03-04T18:00:00.000000,2.053821325
CI,2026-03-04T19:00:00.000000,1.963841438
CI,2026-03-04T20:00:00.000000,1.905869246
CI,2026-03-04T21:00:00.000000,1.846801877
CI,2026-03-04T22:00:00.000000,1.799308181
CI,2026-03-04T23:00:00.000000,1.75729692
CI,2026-03-05T00:00:00.000000,1.802711129
CI,2026-03-05T01:00:00.000000,1.883952856
CI,2026-03-05T02:00:00.000000,1.987327576
CI,2026-03-05T03:00:00.000000,2.065923691
CI,2026-03-05T04:00:00.000000,2.092261791
CI,2026-03-05T05:00:00.000000,2.097429514
CI,2026-03-05T06:00:00.000000,2.088334084
CI,2026-03-05T07:00:00.000000,2.021965981
CI,2026-03-05T08:00:00.000000,1.942463517
CI,2026-03-05T09:00:00.000000,1.875624537
CI,2026-03-05T10:00:00.000000,1.832385063
CI,2026-03-05T11:00:00.000000,1.781129003
CI,2026-03-05T12:00:00.000000,1.770670652
CI,2026-03-05T13:00:00.000000,1.870906234
CI,2026-03-05T14:00:00.000000,1.980328202
CI,2026-03-05T15:00:00.000000,2.065925837
CI,2026-03-05T16:00:00.000000,2.103824377
CI,2026-03-05T17:00:00.000000,2.11970973
CI,2026-03-05T18:00:00.000000,2.124219418
CI,2026-03-05T19:00:00.000000,2.072384834
CI,2026-03-05T20:00:00.000000,2.01657033
CI,2026-03-05T21:00:00.000000,1.964704633
CI,2026-03-05T22:00:00.000000,1.922394514
CI,2026-03-05T23:00:00.000000,1.871468306
CI,2026-03-06T00:00:00.000000,1.834743023
CI,2026-03-06T01:00:00.000000,1.893470883
CI,2026-03-06T02:00:00.000000,1.981489182
CI,2026-03-06T03:00:00.000000,2.10609889
CI,2026-03-06T04:00:00.000000,2.186025381
CI,2026-03-06T05:00:00.000000,2.213706493
CI,2026-03-06T06:00:00.000000,2.213235855
CI,2026-03-06T07:00:00.000000,2.180938482
CI,2026-03-06T08:00:00.000000,2.030684948
CI,2026-03-06T09:00:00.000000,1.975491285
CI,2026-03-06T10:00:00.000000,1.924465299
CI,2026-03-06T11:00:00.000000,1.844892859
CI,2026-03-06T12:00:00.000000,1.79602623
CI,2026-03-06T13:00:00.000000,1.744000912
CI,2026-03-06T14:00:00.000000,1.9184618
CI,2026-03-06T15:00:00.000000,2.033983946
CI,2026-03-06T16:00:00.000000,2.160243511
CI,2026-03-06T17:00:00.000000,2.219433784
CI,2026-03-06T18:00:00.000000,2.234314442
CI,2026-03-06T19:00:00.000000,2.226011753
CI,2026-03-06T20:00:00.000000,2.057888508
CI,2026-03-06T21:00:00.000000,1.983561993
CI,2026-03-06T22:00:00.000000,1.92066288
CI,2026-03-06T23:00:00.000000,1.887804747
CI,2026-03-07T00:00:00.000000,1.843475103
CI,2026-03-07T01:00:00.000000,1.838350534
CI,2026-03-07T02:00:00.000000,1.946656942
CI,2026-03-07T03:00:00.000000,2.070044041
CI,2026-03-07T04:00:00.000000,2.197561979
CI,2026-03-07T05:00:00.000000,2.246859789
CI,2026-03-07T06:00:00.000000,2.258095503
CI,2026-03-07T07:00:00.000000,2.250833273
CI,2026-03-07T08:00:00.000000,2.163356781
CI,2026-03-07T09:00:00.000000,2.06798315
CI,2026-03-07T10:00:00.000000,1.985786438
CI,2026-03-07T11:00:00.000000,1.931734204
CI,2026-03-07T12:00:00.000000,1.866408467
CI,2026-03-07T13:00:00.000000,1.827854395
CI,2026-03-07T14:00:00.000000,1.90435791
CI,2026-03-07T15:00:00.000000,1.993185401
CI,2026-03-07T16:00:00.000000,2.124247551
CI,2026-03-07T17:00:00.000000,2.212737799
CI,2026-03-07T18:00:00.000000,2.260893822
CI,2026-03-07T19:00:00.000000,2.274307728
CI,2026-03-07T20:00:00.000000,2.246333122
CI,2026-03-07T21:00:00.000000,2.120115519
CI,2026-03-07T22:00:00.000000,2.039532661
CI,2026-03-07T23:00:00.000000,1.9750278
CI,2026-03-08T00:00:00.000000,1.926880479
CI,2026-03-08T01:00:00.000000,1.878541827
CI,2026-03-08T02:00:00.000000,1.950018287
CI,2026-03-08T03:00:00.000000,2.06213522
CI,2026-03-08T04:00:00.000000,2.170644045
CI,2026-03-08T05:00:00.000000,2.231428623
CI,2026-03-08T06:00:00.000000,2.255758524
CI,2026-03-08T07:00:00.000000,2.261552095
CI,2026-03-08T08:00:00.000000,2.248360872
CI,2026-03-08T09:00:00.000000,2.154169798
CI,2026-03-08T10:00:00.000000,2.083682299
CI,2026-03-08T11:00:00.000000,2.013541222
CI,2026-03-08T12:00:00.000000,1.960956454
CI,2026-03-08T13:00:00.000000,1.902534723
CI,2026-03-08T14:00:00.000000,1.886198521
CI,2026-03-08T15:00:00.000000,2.023854017
CI,2026-03-08T16:00:00.000000,2.136328697
CI,2026-03-08T17:00:00.000000,2.202069521
CI,2026-03-08T18:00:00.000000,2.247925997
CI,2026-03-08T19:00:00.000000,2.291224957
CI,2026-03-08T20:00:00.000000,2.311359644
CI,2026-03-08T21:00:00.000000,2.27282691
CI,2026-03-08T22:00:00.000000,2.164026737
CI,2026-03-08T23:00:00.000000,2.096346378
CI,2026-03-09T00:00:00.000000,2.052780151
CI,2026-03-09T01:00:00.000000,2.023701668
CI,2026-03-09T02:00:00.000000,2.025287628
CI,2026-03-09T03:00:00.000000,2.111979008
CI,2026-03-09T04:00:00.000000,2.206606388
CI,2026-03-09T05:00:00.000000,2.271355391
CI,2026-03-09T06:00:00.000000,2.318881512
CI,2026-03-09T07:00:00.000000,2.34957695
CI,2026-03-09T08:00:00.000000,2.350836992
CI,2026-03-09T09:00:00.000000,2.315972328
CI,2026-03-09T10:00:00.000000,2.219768524
CI,2026-03-09T11:00:00.000000,2.152698278
CI,2026-03-09T12:00:00.000000,2.106564522
CI,2026-03-09T13:00:00.000000,2.07214427
CI,2026-03-09T14:00:00.000000,2.047661304
CI,2026-03-09T15:00:00.000000,2.11369276
CI,2026-03-09T16:00:00.000000,2.199264288
CI,2026-03-09T17:00:00.000000,2.276563644
CI,2026-03-09T18:00:00.000000,2.327901602
CI,2026-03-09T19:00:00.000000,2.365863085
CI,2026-03-09T20:00:00.000000,2.386994123
CI,2026-03-09T21:00:00.000000,2.387194633
CI,2026-03-09T22:00:00.000000,2.312450171
CI,2026-03-09T23:00:00.000000,2.248873234
CI,2026-03-10T00:00:00.000000,2.196736097
DC,2026-03-02T01:00:00.000000,3.122395515
DC,2026-03-02T02:00:00.000000,3.108525276
DC,2026-03-02T03:00:00.000000,3.093622446
DC,2026-03-02T04:00:00.000000,3.078472853
DC,2026-03-02T05:00:00.000000,3.057348013
DC,2026-03-02T06:00:00.000000,3.030170202
DC,2026-03-02T07:00:00.000000,2.983096361
DC,2026-03-02T08:00:00.000000,2.930354834
DC,2026-03-02T09:00:00.000000,2.914055824
DC,2026-03-02T10:00:00.000000,2.932491541
DC,2026-03-02T11:00:00.000000,2.915622234
DC,2026-03-02T12:00:00.000000,2.768402576
DC,2026-03-02T13:00:00.000000,2.605839968
DC,2026-03-02T14:00:00.000000,2.559207439
DC,2026-03-02T15:00:00.000000,2.646596909
DC,2026-03-02T16:00:00.000000,2.771268845
DC,2026-03-02T17:00:00.000000,2.824539423
DC,2026-03-02T18:00:00.000000,2.847691536
DC,2026-03-02T19:00:00.000000,2.869828701
DC,2026-03-02T20:00:00.000000,2.863471746
DC,2026-03-02T21:00:00.000000,2.850852966
DC,2026-03-02T22:00:00.000000,2.838557243
DC,2026-03-02T23:00:00.000000,2.813874006
DC,2026-03-03T00:00:00.000000,2.714764357
DC,2026-03-03T01:00:00.000000,2.688821793
DC,2026-03-03T02:00:00.000000,2.651979446
DC,2026-03-03T03:00:00.000000,2.627585411
DC,2026-03-03T04:00:00.000000,2.660037518
DC,2026-03-03T05:00:00.000000,2.696936607
DC,2026-03-03T06:00:00.000000,2.720699787
DC,2026-03-03T07:00:00.000000,2.551840544
DC,2026-03-03T08:00:00.000000,2.544512987
DC,2026-03-03T09:00:00.000000,2.576528072
DC,2026-03-03T10:00:00.000000,2.59031868
DC,2026-03-03T11:00:00.000000,2.642372608
DC,2026-03-03T12:00:00.000000,2.676359415
DC,2026-03-03T13:00:00.000000,2.782528639
DC,2026-03-03T14:00:00.000000,2.999788523
DC,2026-03-03T15:00:00.000000,3.175626278
DC,2026-03-03T16:00:00.000000,3.271692991
DC,2026-03-03T17:00:00.000000,3.348920822
DC,2026-03-03T18:00:00.000000,3.396949291
DC,2026-03-03T19:00:00.000000,3.422962904
DC,2026-03-03T20:00:00.000000,3.408925533
DC,2026-03-03T21:00:00.000000,3.023552656
DC,2026-03-03T22:00:00.000000,3.004455566
DC,2026-03-03T23:00:00.000000,3.263990879
DC,2026-03-04T00:00:00.000000,3.466215372
DC,2026-03-04T01:00:00.000000,3.563105583
DC,2026-03-04T02:00:00.000000,3.622730255
DC,2026-03-04T03:00:00.000000,3.638999462
DC,2026-03-04T04:00:00.000000,3.641704559
DC,2026-03-04T05:00:00.000000,3.636815071
DC,2026-03-04T06:00:00.000000,3.6070714
DC,2026-03-04T07:00:00.000000,3.544334412
DC,2026-03-04T08:00:00.000000,3.404699087
DC,2026-03-04T09:00:00.000000,3.17923069
DC,2026-03-04T10:00:00.000000,3.0200212
DC,2026-03-04T11:00:00.000000,3.076811314
DC,2026-03-04T12:00:00.000000,3.122408867
DC,2026-03-04T13:00:00.000000,3.199332237
DC,2026-03-04T14:00:00.000000,3.335446835
DC,2026-03-04T15:00:00.000000,3.40690279
DC,2026-03-04T16:00:00.000000,3.424592972
DC,2026-03-04T17:00:00.000000,3.430298567
DC,2026-03-04T18:00:00.000000,3.420035124
DC,2026-03-04T19:00:00.000000,3.296441793
DC,2026-03-04T20:00:00.000000,3.173896551
DC,2026-03-04T21:00:00.000000,2.916283369
DC,2026-03-04T22:00:00.000000,2.840882778
DC,2026-03-04T23:00:00.000000,2.816012383
DC,2026-03-05T00:00:00.000000,3.06504941
DC,2026-03-05T01:00:00.000000,3.197286129
DC,2026-03-05T02:00:00.000000,3.206320763
DC,2026-03-05T03:00:00.000000,3.219379187
DC,2026-03-05T04:00:00.000000,3.202406645
DC,2026-03-05T05:00:00.000000,3.189303637
DC,2026-03-05T06:00:00.000000,3.17313838
DC,2026-03-05T07:00:00.000000,3.11199832
DC,2026-03-05T08:00:00.000000,2.914404392
DC,2026-03-05T09:00:00.000000,2.794741392
DC,2026-03-05T10:00:00.000000,2.727202892
DC,2026-03-05T11:00:00.000000,2.699218512
DC,2026-03-05T12:00:00.000000,2.71899128
DC,2026-03-05T13:00:00.000000,2.743872404
DC,2026-03-05T14:00:00.000000,2.743048191
DC,2026-03-05T15:00:00.000000,2.833687544
DC,2026-03-05T16:00:00.000000,2.896088123
DC,2026-03-05T17:00:00.000000,2.948595762
DC,2026-03-05T18:00:00.000000,2.991721392
DC,2026-03-05T19:00:00.000000,2.975903511
DC,2026-03-05T20:00:00.000000,2.913664103
DC,2026-03-05T21:00:00.000000,2.859705925
DC,2026-03-05T22:00:00.000000,2.827029228
DC,2026-03-05T23:00:00.000000,2.856189966
DC,2026-03-06T00:00:00.000000,2.977691174
DC,2026-03-06T01:00:00.000000,3.07849431
DC,2026-03-06T02:00:00.000000,3.184963942
DC,2026-03-06T03:00:00.000000,3.287248611
DC,2026-03-06T04:00:00.000000,3.34095645
DC,2026-03-06T05:00:00.000000,3.357539415
DC,2026-03-06T06:00:00.000000,3.357139587
DC,2026-03-06T07:00:00.000000,3.348152161
DC,2026-03-06T08:00:00.000000,3.290705681
DC,2026-03-06T09:00:00.000000,3.227647543
DC,2026-03-06T10:00:00.000000,3.15524745
DC,2026-03-06T11:00:00.000000,3.097926855
DC,2026-03-06T12:00:00.000000,3.097100735
DC,2026-03-06T13:00:00.000000,3.140470743
DC,2026-03-06T14:00:00.000000,3.156808376
DC,2026-03-06T15:00:00.000000,3.176179647
DC,2026-03-06T16:00:00.000000,3.20652914
DC,2026-03-06T17:00:00.000000,3.233023405
DC,2026-03-06T18:00:00.000000,3.244985342
DC,2026-03-06T19:00:00.000000,3.240956783
DC,2026-03-06T20:00:00.000000,3.21330905
DC,2026-03-06T21:00:00.000000,3.182155848
DC,2026-03-06T22:00:00.000000,3.152915478
DC,2026-03-06T23:00:00.000000,3.120374918
DC,2026-03-07T00:00:00.000000,3.123734951
DC,2026-03-07T01:00:00.000000,3.140792131
DC,2026-03-07T02:00:00.000000,3.151943684
DC,2026-03-07T03:00:00.000000,3.192160368
DC,2026-03-07T04:00:00.000000,3.241975546
DC,2026-03-07T05:00:00.000000,3.291184902
DC,2026-03-07T06:00:00.000000,3.32424736
DC,2026-03-07T07:00:00.000000,3.342828512
DC,2026-03-07T08:00:00.000000,3.351206064
DC,2026-03-07T09:00:00.000000,3.356861115
DC,2026-03-07T10:00:00.000000,3.360901594
DC,2026-03-07T11:00:00.000000,3.129374266
DC,2026-03-07T12:00:00.000000,3.036510706
DC,2026-03-07T13:00:00.000000,3.091990232
DC,2026-03-07T14:00:00.000000,3.25502634
DC,2026-03-07T15:00:00.000000,3.337129354
DC,2026-03-07T16:00:00.000000,3.382511854
DC,2026-03-07T17:00:00.000000,3.425044537
DC,2026-03-07T18:00:00.000000,3.456932068
DC,2026-03-07T19:00:00.000000,3.477519989
DC,2026-03-07T20:00:00.000000,3.487819672
DC,2026-03-07T21:00:00.000000,3.49330616
DC,2026-03-07T22:00:00.000000,3.494092703
DC,2026-03-07T23:00:00.000000,3.493026972
DC,2026-03-08T00:00:00.000000,3.415400982
DC,2026-03-08T01:00:00.000000,3.333166599
DC,2026-03-08T02:00:00.000000,3.37407732
DC,2026-03-08T03:00:00.000000,3.425359011
DC,2026-03-08T04:00:00.000000,3.452611685
DC,2026-03-08T05:00:00.000000,3.464941502
DC,2026-03-08T06:00:00.000000,3.469049692
DC,2026-03-08T07:00:00.000000,3.471107721
DC,2026-03-08T08:00:00.000000,3.473068953
DC,2026-03-08T09:00:00.000000,3.473487377
DC,2026-03-08T10:00:00.000000,3.472921133
DC,2026-03-08T11:00:00.000000,3.472518921
DC,2026-03-08T12:00:00.000000,3.472723007
DC,2026-03-08T13:00:00.000000,3.376752853
DC,2026-03-08T14:00:00.000000,3.313072443
DC,2026-03-08T15:00:00.000000,3.288817406
DC,2026-03-08T16:00:00.000000,3.253928185
DC,2026-03-08T17:00:00.000000,3.318520546
DC,2026-03-08T18:00:00.000000,3.398235798
DC,2026-03-08T19:00:00.000000,3.414417505
DC,2026-03-08T20:00:00.000000,3.394010305
DC,2026-03-08T21:00:00.000000,3.357435226
DC,2026-03-08T22:00:00.000000,3.328453541
DC,2026-03-08T23:00:00.000000,3.302012444
DC,2026-03-09T00:00:00.000000,3.279521942
DC,2026-03-09T01:00:00.000000,3.272312164
DC,2026-03-09T02:00:00.000000,3.332020998
DC,2026-03-09T03:00:00.000000,3.406250238
DC,2026-03-09T04:00:00.000000,3.452675343
DC,2026-03-09T05:00:00.000000,3.4832201
DC,2026-03-09T06:00:00.000000,3.49852562
DC,2026-03-09T07:00:00.000000,3.505981684
DC,2026-03-09T08:00:00.000000,3.51028657
DC,2026-03-09T09:00:00.000000,3.509741068
DC,2026-03-09T10:00:00.000000,3.505301714
DC,2026-03-09T11:00:00.000000,3.503397942
DC,2026-03-09T12:00:00.000000,3.503296375
DC,2026-03-09T13:00:00.000000,3.494085073
DC,2026-03-09T14:00:00.000000,3.435393572
DC,2026-03-09T15:00:00.000000,3.410341501
DC,2026-03-09T16:00:00.000000,3.417299747
DC,2026-03-09T17:00:00.000000,3.443790674
DC,2026-03-09T18:00:00.000000,3.463985205
DC,2026-03-09T19:00:00.000000,3.479269028
DC,2026-03-09T20:00:00.000000,3.490363121
DC,2026-03-09T21:00:00.000000,3.498958588
DC,2026-03-09T22:00:00.000000,3.505806923
DC,2026-03-09T23:00:00.000000,3.511531591
DC,2026-03-10T00:00:00.000000,3.513619661
LH,2026-03-02T01:00:00.000000,2.439622402
LH,2026-03-02T02:00:00.000000,2.441401958
LH,2026-03-02T03:00:00.000000,2.442584276
LH,2026-03-02T04:00:00.000000,2.44356823
LH,2026-03-02T05:00:00.000000,2.44345665
LH,2026-03-02T06:00:00.000000,2.435413837
LH,2026-03-02T07:00:00.000000,2.407267332
LH,2026-03-02T08:00:00.000000,2.40294075
LH,2026-03-02T09:00:00.000000,2.411540508
LH,2026-03-02T10:00:00.000000,2.414562702
LH,2026-03-02T11:00:00.000000,2.405422211
LH,2026-03-02T12:00:00.000000,2.39167285
LH,2026-03-02T13:00:00.000000,2.385780096
LH,2026-03-02T14:00:00.000000,2.38761282
LH,2026-03-02T15:00:00.000000,2.393007517
LH,2026-03-02T16:00:00.000000,2.398612738
LH,2026-03-02T17:00:00.000000,2.401443481
LH,2026-03-02T18:00:00.000000,2.402831316
LH,2026-03-02T19:00:00.000000,2.401772499
LH,2026-03-02T20:00:00.000000,2.430098057
LH,2026-03-02T21:00:00.000000,2.515094042
LH,2026-03-02T22:00:00.000000,2.495522022
LH,2026-03-02T23:00:00.000000,2.461082458
LH,2026-03-03T00:00:00.000000,2.430113554
LH,2026-03-03T01:00:00.000000,2.401393652
LH,2026-03-03T02:00:00.000000,2.379863501
LH,2026-03-03T03:00:00.000000,2.369363308
LH,2026-03-03T04:00:00.000000,2.358690977
LH,2026-03-03T05:00:00.000000,2.357965231
LH,2026-03-03T06:00:00.000000,2.359121323
LH,2026-03-03T07:00:00.000000,2.358629465
LH,2026-03-03T08:00:00.000000,2.373366594
LH,2026-03-03T09:00:00.000000,2.425487757
LH,2026-03-03T10:00:00.000000,2.486344814
LH,2026-03-03T11:00:00.000000,2.446518183
LH,2026-03-03T12:00:00.000000,2.383444309
LH,2026-03-03T13:00:00.000000,2.322111845
LH,2026-03-03T14:00:00.000000,2.289206505
LH,2026-03-03T15:00:00.000000,2.282602549
LH,2026-03-03T16:00:00.000000,2.283098698
LH,2026-03-03T17:00:00.000000,2.285195589
LH,2026-03-03T18:00:00.000000,2.288113117
LH,2026-03-03T19:00:00.000000,2.308507919
LH,2026-03-03T20:00:00.000000,2.355161905
LH,2026-03-03T21:00:00.000000,2.469493151
LH,2026-03-03T22:00:00.000000,2.551186323
LH,2026-03-03T23:00:00.000000,2.526030779
LH,2026-03-04T00:00:00.000000,2.457053185
LH,2026-03-04T01:00:00.000000,2.344314098
LH,2026-03-04T02:00:00.000000,2.301214933
LH,2026-03-04T03:00:00.000000,2.287757158
LH,2026-03-04T04:00:00.000000,2.284156799
LH,2026-03-04T05:00:00.000000,2.284669876
LH,2026-03-04T06:00:00.000000,2.286146402
LH,2026-03-04T07:00:00.000000,2.288229227
LH,2026-03-04T08:00:00.000000,2.297423363
LH,2026-03-04T09:00:00.000000,2.334652901
LH,2026-03-04T10:00:00.000000,2.366607428
LH,2026-03-04T11:00:00.000000,2.363586187
LH,2026-03-04T12:00:00.000000,2.330634594
LH,2026-03-04T13:00:00.000000,2.305534124
LH,2026-03-04T14:00:00.000000,2.29917717
LH,2026-03-04T15:00:00.000000,2.30275631
LH,2026-03-04T16:00:00.000000,2.306043148
LH,2026-03-04T17:00:00.000000,2.309080839
LH,2026-03-04T18:00:00.000000,2.312290192
LH,2026-03-04T19:00:00.000000,2.316262245
LH,2026-03-04T20:00:00.000000,2.327150822
LH,2026-03-04T21:00:00.000000,2.353702784
LH,2026-03-04T22:00:00.000000,2.422074556
LH,2026-03-04T23:00:00.000000,2.435267687
LH,2026-03-05T00:00:00.000000,2.4045012
LH,2026-03-05T01:00:00.000000,2.390387535
LH,2026-03-05T02:00:00.000000,2.382617474
LH,2026-03-05T03:00:00.000000,2.379640579
LH,2026-03-05T04:00:00.000000,2.379611492
LH,2026-03-05T05:00:00.000000,2.378475189
LH,2026-03-05T06:00:00.000000,2.377871037
LH,2026-03-05T07:00:00.000000,2.379310846
LH,2026-03-05T08:00:00.000000,2.383803368
LH,2026-03-05T09:00:00.000000,2.3921175
LH,2026-03-05T10:00:00.000000,2.419616222
LH,2026-03-05T11:00:00.000000,2.463357449
LH,2026-03-05T12:00:00.000000,2.44166708
LH,2026-03-05T13:00:00.000000,2.419881344
LH,2026-03-05T14:00:00.000000,2.406927109
LH,2026-03-05T15:00:00.000000,2.405797005
LH,2026-03-05T16:00:00.000000,2.412508249
LH,2026-03-05T17:00:00.000000,2.420116186
LH,2026-03-05T18:00:00.000000,2.423992872
LH,2026-03-05T19:00:00.000000,2.425470829
LH,2026-03-05T20:00:00.000000,2.440562963
LH,2026-03-05T21:00:00.000000,2.456970453
LH,2026-03-05T22:00:00.000000,2.479392052
LH,2026-03-05T23:00:00.000000,2.511443377
LH,2026-03-06T00:00:00.000000,2.510262966
LH,2026-03-06T01:00:00.000000,2.482922077
LH,2026-03-06T02:00:00.000000,2.448442698
LH,2026-03-06T03:00:00.000000,2.449337482
LH,2026-03-06T04:00:00.000000,2.456280231
LH,2026-03-06T05:00:00.000000,2.46020484
LH,2026-03-06T06:00:00.000000,2.460144758
LH,2026-03-06T07:00:00.000000,2.459024429
LH,2026-03-06T08:00:00.000000,2.456275225
LH,2026-03-06T09:00:00.000000,2.452955961
LH,2026-03-06T10:00:00.000000,2.450226068
LH,2026-03-06T11:00:00.000000,2.444123983
LH,2026-03-06T12:00:00.000000,2.443027258
LH,2026-03-06T13:00:00.000000,2.438099623
LH,2026-03-06T14:00:00.000000,2.430130959
LH,2026-03-06T15:00:00.000000,2.440434456
LH,2026-03-06T16:00:00.000000,2.452453613
LH,2026-03-06T17:00:00.000000,2.455393314
LH,2026-03-06T18:00:00.000000,2.454449177
LH,2026-03-06T19:00:00.000000,2.453513861
LH,2026-03-06T20:00:00.000000,2.453257561
LH,2026-03-06T21:00:00.000000,2.45294261
LH,2026-03-06T22:00:00.000000,2.453216553
LH,2026-03-06T23:00:00.000000,2.452889681
LH,2026-03-07T00:00:00.000000,2.452717781
LH,2026-03-07T01:00:00.000000,2.451002121
LH,2026-03-07T02:00:00.000000,2.44895792
LH,2026-03-07T03:00:00.000000,2.450109482
LH,2026-03-07T04:00:00.000000,2.450027227
LH,2026-03-07T05:00:00.000000,2.449519396
LH,2026-03-07T06:00:00.000000,2.449568748
LH,2026-03-07T07:00:00.000000,2.449940443
LH,2026-03-07T08:00:00.000000,2.450364828
LH,2026-03-07T09:00:00.000000,2.451024532
LH,2026-03-07T10:00:00.000000,2.45209384
LH,2026-03-07T11:00:00.000000,2.453449249
LH,2026-03-07T12:00:00.000000,2.456008911
LH,2026-03-07T13:00:00.000000,2.455918074
LH,2026-03-07T14:00:00.000000,2.451646566
LH,2026-03-07T15:00:00.000000,2.451057911
LH,2026-03-07T16:00:00.000000,2.454185486
LH,2026-03-07T17:00:00.000000,2.458642006
LH,2026-03-07T18:00:00.000000,2.463140965
LH,2026-03-07T19:00:00.000000,2.465217829
LH,2026-03-07T20:00:00.000000,2.467050076
LH,2026-03-07T21:00:00.000000,2.469430923
LH,2026-03-07T22:00:00.000000,2.471755266
LH,2026-03-07T23:00:00.000000,2.474036217
LH,2026-03-08T00:00:00.000000,2.478208065
LH,2026-03-08T01:00:00.000000,2.478276253
LH,2026-03-08T02:00:00.000000,2.475195408
LH,2026-03-08T03:00:00.000000,2.474614382
LH,2026-03-08T04:00:00.000000,2.474857807
LH,2026-03-08T05:00:00.000000,2.475038528
LH,2026-03-08T06:00:00.000000,2.475073338
LH,2026-03-08T07:00:00.000000,2.475251913
LH,2026-03-08T08:00:00.000000,2.476069212
LH,2026-03-08T09:00:00.000000,2.478184223
LH,2026-03-08T10:00:00.000000,2.481935501
LH,2026-03-08T11:00:00.000000,2.486218929
LH,2026-03-08T12:00:00.000000,2.49324894
LH,2026-03-08T13:00:00.000000,2.49697566
LH,2026-03-08T14:00:00.000000,2.497016907
LH,2026-03-08T15:00:00.000000,2.499509335
LH,2026-03-08T16:00:00.000000,2.506045341
LH,2026-03-08T17:00:00.000000,2.509741068
LH,2026-03-08T18:00:00.000000,2.512387037
LH,2026-03-08T19:00:00.000000,2.513841629
LH,2026-03-08T20:00:00.000000,2.514130592
LH,2026-03-08T21:00:00.000000,2.515296698
LH,2026-03-08T22:00:00.000000,2.51885581
LH,2026-03-08T23:00:00.000000,2.52152729
LH,2026-03-09T00:00:00.000000,2.52571249
LH,2026-03-09T01:00:00.000000,2.528149366
LH,2026-03-09T02:00:00.000000,2.526709557
LH,2026-03-09T03:00:00.000000,2.525881529
LH,2026-03-09T04:00:00.000000,2.524458647
LH,2026-03-09T05:00:00.000000,2.520319939
LH,2026-03-09T06:00:00.000000,2.51619792
LH,2026-03-09T07:00:00.000000,2.513754129
LH,2026-03-09T08:00:00.000000,2.512180567
LH,2026-03-09T09:00:00.000000,2.511888266
LH,2026-03-09T10:00:00.000000,2.514139414
LH,2026-03-09T11:00:00.000000,2.516680479
LH,2026-03-09T12:00:00.000000,2.520015478
LH,2026-03-09T13:00:00.000000,2.523910046
LH,2026-03-09T14:00:00.000000,2.525318623
LH,2026-03-09T15:00:00.000000,2.527146816
LH,2026-03-09T16:00:00.000000,2.531882524
LH,2026-03-09T17:00:00.000000,2.535987616
LH,2026-03-09T18:00:00.000000,2.540229082
LH,2026-03-09T19:00:00.000000,2.545000076
LH,2026-03-09T20:00:00.000000,2.547477245
LH,2026-03-09T21:00:00.000000,2.5487082
LH,2026-03-09T22:00:00.000000,2.551234007
LH,2026-03-09T23:00:00.000000,2.554412127
LH,2026-03-10T00:00:00.000000,2.556689501
NB,2026-03-02T01:00:00.000000,3.175480366
NB,2026-03-02T02:00:00.000000,3.159529924
NB,2026-03-02T03:00:00.000000,3.134831905
NB,2026-03-02T04:00:00.000000,3.063538551
NB,2026-03-02T05:00:00.000000,3.04118228
NB,2026-03-02T06:00:00.000000,3.024996758
NB,2026-03-02T07:00:00.000000,3.010277987
NB,2026-03-02T08:00:00.000000,2.996177912
NB,2026-03-02T09:00:00.000000,2.982608318
NB,2026-03-02T10:00:00.000000,2.968974113
NB,2026-03-02T11:00:00.000000,2.955225229
NB,2026-03-02T12:00:00.000000,2.941195488
NB,2026-03-02T13:00:00.000000,2.927430391
NB,2026-03-02T14:00:00.000000,2.917032003
NB,2026-03-02T15:00:00.000000,2.913159847
NB,2026-03-02T16:00:00.000000,2.916613102
NB,2026-03-02T17:00:00.000000,2.931531191
NB,2026-03-02T18:00:00.000000,2.945209265
NB,2026-03-02T19:00:00.000000,2.955969572
NB,2026-03-02T20:00:00.000000,2.961951733
NB,2026-03-02T21:00:00.000000,2.939134121
NB,2026-03-02T22:00:00.000000,2.923620462
NB,2026-03-02T23:00:00.000000,2.914656878
NB,2026-03-03T00:00:00.000000,2.905513525
NB,2026-03-03T01:00:00.000000,2.902826309
NB,2026-03-03T02:00:00.000000,2.902623892
NB,2026-03-03T03:00:00.000000,2.903223276
NB,2026-03-03T04:00:00.000000,2.888789654
NB,2026-03-03T05:00:00.000000,2.854421139
NB,2026-03-03T06:00:00.000000,2.823941231
NB,2026-03-03T07:00:00.000000,2.803703785
NB,2026-03-03T08:00:00.000000,2.789760351
NB,2026-03-03T09:00:00.000000,2.779686689
NB,2026-03-03T10:00:00.000000,2.772665501
NB,2026-03-03T11:00:00.000000,2.770145893
NB,2026-03-03T12:00:00.000000,2.757084846
NB,2026-03-03T13:00:00.000000,2.755599022
NB,2026-03-03T14:00:00.000000,2.758790731
NB,2026-03-03T15:00:00.000000,2.760673523
NB,2026-03-03T16:00:00.000000,2.760312796
NB,2026-03-03T17:00:00.000000,2.755953074
NB,2026-03-03T18:00:00.000000,2.757836342
NB,2026-03-03T19:00:00.000000,2.761717081
NB,2026-03-03T20:00:00.000000,2.764669657
NB,2026-03-03T21:00:00.000000,2.764479876
NB,2026-03-03T22:00:00.000000,2.761866808
NB,2026-03-03T23:00:00.000000,2.759628057
NB,2026-03-04T00:00:00.000000,2.759192944
NB,2026-03-04T01:00:00.000000,2.758916855
NB,2026-03-04T02:00:00.000000,2.760225058
NB,2026-03-04T03:00:00.000000,2.761831045
NB,2026-03-04T04:00:00.000000,2.763975859
NB,2026-03-04T05:00:00.000000,2.773215055
NB,2026-03-04T06:00:00.000000,2.778606415
NB,2026-03-04T07:00:00.000000,2.781856298
NB,2026-03-04T08:00:00.000000,2.783555984
NB,2026-03-04T09:00:00.000000,2.778180838
NB,2026-03-04T10:00:00.000000,2.77042675
NB,2026-03-04T11:00:00.000000,2.767209291
NB,2026-03-04T12:00:00.000000,2.767489195
NB,2026-03-04T13:00:00.000000,2.771173239
NB,2026-03-04T14:00:00.000000,2.776573658
NB,2026-03-04T15:00:00.000000,2.782729864
NB,2026-03-04T16:00:00.000000,2.791405439
NB,2026-03-04T17:00:00.000000,2.800745487
NB,2026-03-04T18:00:00.000000,2.809715271
NB,2026-03-04T19:00:00.000000,2.81244421
NB,2026-03-04T20:00:00.000000,2.810465574
NB,2026-03-04T21:00:00.000000,2.804477215
NB,2026-03-04T22:00:00.000000,2.797082663
NB,2026-03-04T23:00:00.000000,2.793018579
NB,2026-03-05T00:00:00.000000,2.793377876
NB,2026-03-05T01:00:00.000000,2.79641223
NB,2026-03-05T02:00:00.000000,2.798928738
NB,2026-03-05T03:00:00.000000,2.80168891
NB,2026-03-05T04:00:00.000000,2.806899309
NB,2026-03-05T05:00:00.000000,2.813785315
NB,2026-03-05T06:00:00.000000,2.817487478
NB,2026-03-05T07:00:00.000000,2.819265842
NB,2026-03-05T08:00:00.000000,2.819470167
NB,2026-03-05T09:00:00.000000,2.815424442
NB,2026-03-05T10:00:00.000000,2.807199717
NB,2026-03-05T11:00:00.000000,2.802127361
NB,2026-03-05T12:00:00.000000,2.803600073
NB,2026-03-05T13:00:00.000000,2.812757254
NB,2026-03-05T14:00:00.000000,2.825885534
NB,2026-03-05T15:00:00.000000,2.83680892
NB,2026-03-05T16:00:00.000000,2.84738493
NB,2026-03-05T17:00:00.000000,2.854649544
NB,2026-03-05T18:00:00.000000,2.858123541
NB,2026-03-05T19:00:00.000000,2.858677626
NB,2026-03-05T20:00:00.000000,2.857310534
NB,2026-03-05T21:00:00.000000,2.856189251
NB,2026-03-05T22:00:00.000000,2.855431795
NB,2026-03-05T23:00:00.000000,2.855340481
NB,2026-03-06T00:00:00.000000,2.856304169
NB,2026-03-06T01:00:00.000000,2.858232975
NB,2026-03-06T02:00:00.000000,2.860944986
NB,2026-03-06T03:00:00.000000,2.863028526
NB,2026-03-06T04:00:00.000000,2.864847898
NB,2026-03-06T05:00:00.000000,2.866081238
NB,2026-03-06T06:00:00.000000,2.866603374
NB,2026-03-06T07:00:00.000000,2.866538525
NB,2026-03-06T08:00:00.000000,2.864894152
NB,2026-03-06T09:00:00.000000,2.862312317
NB,2026-03-06T10:00:00.000000,2.860938549
NB,2026-03-06T11:00:00.000000,2.862589121
NB,2026-03-06T12:00:00.000000,2.868627548
NB,2026-03-06T13:00:00.000000,2.877415895
NB,2026-03-06T14:00:00.000000,2.889014482
NB,2026-03-06T15:00:00.000000,2.900553703
NB,2026-03-06T16:00:00.000000,2.90911293
NB,2026-03-06T17:00:00.000000,2.914209604
NB,2026-03-06T18:00:00.000000,2.915528059
NB,2026-03-06T19:00:00.000000,2.915096521
NB,2026-03-06T20:00:00.000000,2.910286903
NB,2026-03-06T21:00:00.000000,2.901773214
NB,2026-03-06T22:00:00.000000,2.893987179
NB,2026-03-06T23:00:00.000000,2.886287451
NB,2026-03-07T00:00:00.000000,2.881377459
NB,2026-03-07T01:00:00.000000,2.879339218
NB,2026-03-07T02:00:00.000000,2.878325939
NB,2026-03-07T03:00:00.000000,2.876670837
NB,2026-03-07T04:00:00.000000,2.873011589
NB,2026-03-07T05:00:00.000000,2.871029139
NB,2026-03-07T06:00:00.000000,2.873218536
NB,2026-03-07T07:00:00.000000,2.881623983
NB,2026-03-07T08:00:00.000000,2.89411068
NB,2026-03-07T09:00:00.000000,2.903888226
NB,2026-03-07T10:00:00.000000,2.905774117
NB,2026-03-07T11:00:00.000000,2.902614832
NB,2026-03-07T12:00:00.000000,2.89689517
NB,2026-03-07T13:00:00.000000,2.890184402
NB,2026-03-07T14:00:00.000000,2.883808851
NB,2026-03-07T15:00:00.000000,2.880994081
NB,2026-03-07T16:00:00.000000,2.889154434
NB,2026-03-07T17:00:00.000000,2.90314579
NB,2026-03-07T18:00:00.000000,2.923302174
NB,2026-03-07T19:00:00.000000,2.949457645
NB,2026-03-07T20:00:00.000000,3.030548811
NB,2026-03-07T21:00:00.000000,3.081304312
NB,2026-03-07T22:00:00.000000,3.095534801
NB,2026-03-07T23:00:00.000000,3.102164984
NB,2026-03-08T00:00:00.000000,3.102682829
NB,2026-03-08T01:00:00.000000,3.104364395
NB,2026-03-08T02:00:00.000000,3.11225605
NB,2026-03-08T03:00:00.000000,3.117980719
NB,2026-03-08T04:00:00.000000,3.123198032
NB,2026-03-08T05:00:00.000000,3.128144264
NB,2026-03-08T06:00:00.000000,3.134123325
NB,2026-03-08T07:00:00.000000,3.140815496
NB,2026-03-08T08:00:00.000000,3.14718771
NB,2026-03-08T09:00:00.000000,3.15288949
NB,2026-03-08T10:00:00.000000,3.158123255
NB,2026-03-08T11:00:00.000000,3.161009073
NB,2026-03-08T12:00:00.000000,3.160343885
NB,2026-03-08T13:00:00.000000,3.161457539
NB,2026-03-08T14:00:00.000000,3.164503574
NB,2026-03-08T15:00:00.000000,3.170311451
NB,2026-03-08T16:00:00.000000,3.179248333
NB,2026-03-08T17:00:00.000000,3.185750961
NB,2026-03-08T18:00:00.000000,3.182787657
NB,2026-03-08T19:00:00.000000,3.171333075
NB,2026-03-08T20:00:00.000000,3.157120943
NB,2026-03-08T21:00:00.000000,3.141657352
NB,2026-03-08T22:00:00.000000,3.128257513
NB,2026-03-08T23:00:00.000000,3.114203215
NB,2026-03-09T00:00:00.000000,3.099676371
NB,2026-03-09T01:00:00.000000,3.082767248
NB,2026-03-09T02:00:00.000000,3.061633348
NB,2026-03-09T03:00:00.000000,3.041035891
NB,2026-03-09T04:00:00.000000,3.027159929
NB,2026-03-09T05:00:00.000000,3.021160841
NB,2026-03-09T06:00:00.000000,3.020183563
NB,2026-03-09T07:00:00.000000,3.022462606
NB,2026-03-09T08:00:00.000000,3.026596308
NB,2026-03-09T09:00:00.000000,3.031947613
NB,2026-03-09T10:00:00.000000,3.036572456
NB,2026-03-09T11:00:00.000000,3.044973135
NB,2026-03-09T12:00:00.000000,3.057008028
NB,2026-03-09T13:00:00.000000,3.065571785
NB,2026-03-09T14:00:00.000000,3.069503307
NB,2026-03-09T15:00:00.000000,3.070124388
NB,2026-03-09T16:00:00.000000,3.07016778
NB,2026-03-09T17:00:00.000000,3.073113203
NB,2026-03-09T18:00:00.000000,3.080738306
NB,2026-03-09T19:00:00.000000,3.093987226
NB,2026-03-09T20:00:00.000000,3.116215706
NB,2026-03-09T21:00:00.000000,3.15420413
NB,2026-03-09T22:00:00.000000,3.250998259
NB,2026-03-09T23:00:00.000000,3.27051425
NB,2026-03-10T00:00:00.000000,3.273224354
PC,2026-03-02T01:00:00.000000,1.989315748
PC,2026-03-02T02:00:00.000000,1.986295938
PC,2026-03-02T03:00:00.000000,1.988734841
PC,2026-03-02T04:00:00.000000,1.989638805
PC,2026-03-02T05:00:00.000000,1.989630938
PC,2026-03-02T06:00:00.000000,1.988294125
PC,2026-03-02T07:00:00.000000,1.986998916
PC,2026-03-02T08:00:00.000000,1.990992188
PC,2026-03-02T09:00:00.000000,1.992511392
PC,2026-03-02T10:00:00.000000,1.98925519
PC,2026-03-02T11:00:00.000000,1.978561521
PC,2026-03-02T12:00:00.000000,1.942641854
PC,2026-03-02T13:00:00.000000,1.909870505
PC,2026-03-02T14:00:00.000000,1.907199264
PC,2026-03-02T15:00:00.000000,1.912759185
PC,2026-03-02T16:00:00.000000,1.917050242
PC,2026-03-02T17:00:00.000000,1.919791102
PC,2026-03-02T18:00:00.000000,1.922990918
PC,2026-03-02T19:00:00.000000,1.928841472
PC,2026-03-02T20:00:00.000000,1.93976295
PC,2026-03-02T21:00:00.000000,1.954701185
PC,2026-03-02T22:00:00.000000,1.962326646
PC,2026-03-02T23:00:00.000000,1.976571321
PC,2026-03-03T00:00:00.000000,1.979724646
PC,2026-03-03T01:00:00.000000,1.944016576
PC,2026-03-03T02:00:00.000000,1.925151706
PC,2026-03-03T03:00:00.000000,1.917884588
PC,2026-03-03T04:00:00.000000,1.91841948
PC,2026-03-03T05:00:00.000000,1.919847131
PC,2026-03-03T06:00:00.000000,1.921064258
PC,2026-03-03T07:00:00.000000,1.922340631
PC,2026-03-03T08:00:00.000000,1.923416257
PC,2026-03-03T09:00:00.000000,1.925568938
PC,2026-03-03T10:00:00.000000,1.931980252
PC,2026-03-03T11:00:00.000000,1.934692025
PC,2026-03-03T12:00:00.000000,1.942656636
PC,2026-03-03T13:00:00.000000,1.916793227
PC,2026-03-03T14:00:00.000000,1.87741816
PC,2026-03-03T15:00:00.000000,1.866336942
PC,2026-03-03T16:00:00.000000,1.867551565
PC,2026-03-03T17:00:00.000000,1.86996305
PC,2026-03-03T18:00:00.000000,1.873560429
PC,2026-03-03T19:00:00.000000,1.87975955
PC,2026-03-03T20:00:00.000000,1.888563991
PC,2026-03-03T21:00:00.000000,1.904447198
PC,2026-03-03T22:00:00.000000,1.92530179
PC,2026-03-03T23:00:00.000000,1.926594853
PC,2026-03-04T00:00:00.000000,1.921580553
PC,2026-03-04T01:00:00.000000,1.898755074
PC,2026-03-04T02:00:00.000000,1.867233634
PC,2026-03-04T03:00:00.000000,1.860869765
PC,2026-03-04T04:00:00.000000,1.861465096
PC,2026-03-04T05:00:00.000000,1.863192677
PC,2026-03-04T06:00:00.000000,1.864456773
PC,2026-03-04T07:00:00.000000,1.865820885
PC,2026-03-04T08:00:00.000000,1.866832376
PC,2026-03-04T09:00:00.000000,1.86839807
PC,2026-03-04T10:00:00.000000,1.876447439
PC,2026-03-04T11:00:00.000000,1.883444071
PC,2026-03-04T12:00:00.000000,1.894332528
PC,2026-03-04T13:00:00.000000,1.903997421
PC,2026-03-04T14:00:00.000000,1.893559337
PC,2026-03-04T15:00:00.000000,1.884552717
PC,2026-03-04T16:00:00.000000,1.888593554
PC,2026-03-04T17:00:00.000000,1.892634511
PC,2026-03-04T18:00:00.000000,1.895679832
PC,2026-03-04T19:00:00.000000,1.898700476
PC,2026-03-04T20:00:00.000000,1.90193224
PC,2026-03-04T21:00:00.000000,1.9059273
PC,2026-03-04T22:00:00.000000,1.914763689
PC,2026-03-04T23:00:00.000000,1.922357082
PC,2026-03-05T00:00:00.000000,1.925467491
PC,2026-03-05T01:00:00.000000,1.936079025
PC,2026-03-05T02:00:00.000000,1.936809301
PC,2026-03-05T03:00:00.000000,1.926580787
PC,2026-03-05T04:00:00.000000,1.923952699
PC,2026-03-05T05:00:00.000000,1.92560339
PC,2026-03-05T06:00:00.000000,1.927487493
PC,2026-03-05T07:00:00.000000,1.928266168
PC,2026-03-05T08:00:00.000000,1.929026484
PC,2026-03-05T09:00:00.000000,1.929874063
PC,2026-03-05T10:00:00.000000,1.931827188
PC,2026-03-05T11:00:00.000000,1.936114311
PC,2026-03-05T12:00:00.000000,1.939325571
PC,2026-03-05T13:00:00.000000,1.947696567
PC,2026-03-05T14:00:00.000000,1.957415819
PC,2026-03-05T15:00:00.000000,1.95533216
PC,2026-03-05T16:00:00.000000,1.96024406
PC,2026-03-05T17:00:00.000000,1.965578556
PC,2026-03-05T18:00:00.000000,1.971387267
PC,2026-03-05T19:00:00.000000,1.975497007
PC,2026-03-05T20:00:00.000000,1.98051405
PC,2026-03-05T21:00:00.000000,1.987802625
PC,2026-03-05T22:00:00.000000,1.996397018
PC,2026-03-05T23:00:00.000000,2.007818222
PC,2026-03-06T00:00:00.000000,2.017078161
PC,2026-03-06T01:00:00.000000,2.017343044
PC,2026-03-06T02:00:00.000000,2.015464783
PC,2026-03-06T03:00:00.000000,1.997260094
PC,2026-03-06T04:00:00.000000,1.992875457
PC,2026-03-06T05:00:00.000000,1.992810011
PC,2026-03-06T06:00:00.000000,1.994638681
PC,2026-03-06T07:00:00.000000,1.995044231
PC,2026-03-06T08:00:00.000000,1.994481564
PC,2026-03-06T09:00:00.000000,1.993628263
PC,2026-03-06T10:00:00.000000,1.993138671
PC,2026-03-06T11:00:00.000000,1.99268806
PC,2026-03-06T12:00:00.000000,1.992763996
PC,2026-03-06T13:00:00.000000,1.991020799
PC,2026-03-06T14:00:00.000000,1.987999678
PC,2026-03-06T15:00:00.000000,1.977375865
PC,2026-03-06T16:00:00.000000,1.977552414
PC,2026-03-06T17:00:00.000000,1.980886102
PC,2026-03-06T18:00:00.000000,1.985736847
PC,2026-03-06T19:00:00.000000,1.988633871
PC,2026-03-06T20:00:00.000000,1.988888741
PC,2026-03-06T21:00:00.000000,1.988511801
PC,2026-03-06T22:00:00.000000,1.988227725
PC,2026-03-06T23:00:00.000000,1.988305092
PC,2026-03-07T00:00:00.000000,1.988370657
PC,2026-03-07T01:00:00.000000,1.98862958
PC,2026-03-07T02:00:00.000000,1.98972249
PC,2026-03-07T03:00:00.000000,1.99083662
PC,2026-03-07T04:00:00.000000,1.992163301
PC,2026-03-07T05:00:00.000000,1.993061662
PC,2026-03-07T06:00:00.000000,1.996854544
PC,2026-03-07T07:00:00.000000,1.999990225
PC,2026-03-07T08:00:00.000000,2.000589132
PC,2026-03-07T09:00:00.000000,2.000097036
PC,2026-03-07T10:00:00.000000,1.999616027
PC,2026-03-07T11:00:00.000000,1.999177575
PC,2026-03-07T12:00:00.000000,1.998552322
PC,2026-03-07T13:00:00.000000,1.998142958
PC,2026-03-07T14:00:00.000000,1.998213053
PC,2026-03-07T15:00:00.000000,2.000752687
PC,2026-03-07T16:00:00.000000,2.002714634
PC,2026-03-07T17:00:00.000000,2.004856586
PC,2026-03-07T18:00:00.000000,2.011049986
PC,2026-03-07T19:00:00.000000,2.019351959
PC,2026-03-07T20:00:00.000000,2.025150299
PC,2026-03-07T21:00:00.000000,2.026200294
PC,2026-03-07T22:00:00.000000,2.025081873
PC,2026-03-07T23:00:00.000000,2.024136543
PC,2026-03-08T00:00:00.000000,2.023407221
PC,2026-03-08T01:00:00.000000,2.022503853
PC,2026-03-08T02:00:00.000000,2.021821976
PC,2026-03-08T03:00:00.000000,2.026592493
PC,2026-03-08T04:00:00.000000,2.036394596
PC,2026-03-08T05:00:00.000000,2.045809984
PC,2026-03-08T06:00:00.000000,2.054930449
PC,2026-03-08T07:00:00.000000,2.063687086
PC,2026-03-08T08:00:00.000000,2.070797443
PC,2026-03-08T09:00:00.000000,2.071232557
PC,2026-03-08T10:00:00.000000,2.066617966
PC,2026-03-08T11:00:00.000000,2.059918404
PC,2026-03-08T12:00:00.000000,2.052993774
PC,2026-03-08T13:00:00.000000,2.044501066
PC,2026-03-08T14:00:00.000000,2.043365955
PC,2026-03-08T15:00:00.000000,2.047123432
PC,2026-03-08T16:00:00.000000,2.059905767
PC,2026-03-08T17:00:00.000000,2.072464228
PC,2026-03-08T18:00:00.000000,2.08337307
PC,2026-03-08T19:00:00.000000,2.098299026
PC,2026-03-08T20:00:00.000000,2.110741854
PC,2026-03-08T21:00:00.000000,2.112290144
PC,2026-03-08T22:00:00.000000,2.107563734
PC,2026-03-08T23:00:00.000000,2.101966619
PC,2026-03-09T00:00:00.000000,2.09826827
PC,2026-03-09T01:00:00.000000,2.095724583
PC,2026-03-09T02:00:00.000000,2.094620228
PC,2026-03-09T03:00:00.000000,2.096443653
PC,2026-03-09T04:00:00.000000,2.104649782
PC,2026-03-09T05:00:00.000000,2.116633654
PC,2026-03-09T06:00:00.000000,2.128408194
PC,2026-03-09T07:00:00.000000,2.140145779
PC,2026-03-09T08:00:00.000000,2.14566493
PC,2026-03-09T09:00:00.000000,2.147690296
PC,2026-03-09T10:00:00.000000,2.145356178
PC,2026-03-09T11:00:00.000000,2.142618656
PC,2026-03-09T12:00:00.000000,2.141019821
PC,2026-03-09T13:00:00.000000,2.138847351
PC,2026-03-09T14:00:00.000000,2.136843681
PC,2026-03-09T15:00:00.000000,2.135684013
PC,2026-03-09T16:00:00.000000,2.137755394
PC,2026-03-09T17:00:00.000000,2.144571066
PC,2026-03-09T18:00:00.000000,2.153400421
PC,2026-03-09T19:00:00.000000,2.165231705
PC,2026-03-09T20:00:00.000000,2.179030895
PC,2026-03-09T21:00:00.000000,2.188626528
PC,2026-03-09T22:00:00.000000,2.192573071
PC,2026-03-09T23:00:00.000000,2.192290545
PC,2026-03-10T00:00:00.000000,2.191250324
PV,2026-03-02T01:00:00.000000,2.749027252
PV,2026-03-02T02:00:00.000000,2.756424904
PV,2026-03-02T03:00:00.000000,2.727482557
PV,2026-03-02T04:00:00.000000,2.583297491
PV,2026-03-02T05:00:00.000000,2.514268637
PV,2026-03-02T06:00:00.000000,2.490611792
PV,2026-03-02T07:00:00.000000,2.48334074
PV,2026-03-02T08:00:00.000000,2.498174906
PV,2026-03-02T09:00:00.000000,2.556619167
PV,2026-03-02T10:00:00.000000,2.56645751
PV,2026-03-02T11:00:00.000000,2.56699276
PV,2026-03-02T12:00:00.000000,2.556041479
PV,2026-03-02T13:00:00.000000,2.554215193
PV,2026-03-02T14:00:00.000000,2.557826996
PV,2026-03-02T15:00:00.000000,2.559774399
PV,2026-03-02T16:00:00.000000,2.562025309
PV,2026-03-02T17:00:00.000000,2.54353404
PV,2026-03-02T18:00:00.000000,2.500097036
PV,2026-03-02T19:00:00.000000,2.472267151
PV,2026-03-02T20:00:00.000000,2.459481955
PV,2026-03-02T21:00:00.000000,2.451674223
PV,2026-03-02T22:00:00.000000,2.449531794
PV,2026-03-02T23:00:00.000000,2.46787262
PV,2026-03-03T00:00:00.000000,2.487700939
PV,2026-03-03T01:00:00.000000,2.49822998
PV,2026-03-03T02:00:00.000000,2.505515099
PV,2026-03-03T03:00:00.000000,2.486626148
PV,2026-03-03T04:00:00.000000,2.470870495
PV,2026-03-03T05:00:00.000000,2.387353659
PV,2026-03-03T06:00:00.000000,2.336757421
PV,2026-03-03T07:00:00.000000,2.318859339
PV,2026-03-03T08:00:00.000000,2.312243462
PV,2026-03-03T09:00:00.000000,2.321215153
PV,2026-03-03T10:00:00.000000,2.363488674
PV,2026-03-03T11:00:00.000000,2.440717459
PV,2026-03-03T12:00:00.000000,2.47620368
PV,2026-03-03T13:00:00.000000,2.502306223
PV,2026-03-03T14:00:00.000000,2.513772011
PV,2026-03-03T15:00:00.000000,2.501889467
PV,2026-03-03T16:00:00.000000,2.473900795
PV,2026-03-03T17:00:00.000000,2.420268059
PV,2026-03-03T18:00:00.000000,2.345525742
PV,2026-03-03T19:00:00.000000,2.32503581
PV,2026-03-03T20:00:00.000000,2.323037624
PV,2026-03-03T21:00:00.000000,2.342768908
PV,2026-03-03T22:00:00.000000,2.381048441
PV,2026-03-03T23:00:00.000000,2.462740421
PV,2026-03-04T00:00:00.000000,2.497612238
PV,2026-03-04T01:00:00.000000,2.531519175
PV,2026-03-04T02:00:00.000000,2.543661594
PV,2026-03-04T03:00:00.000000,2.54690671
PV,2026-03-04T04:00:00.000000,2.530687809
PV,2026-03-04T05:00:00.000000,2.48745656
PV,2026-03-04T06:00:00.000000,2.442259789
PV,2026-03-04T07:00:00.000000,2.384049654
PV,2026-03-04T08:00:00.000000,2.368924379
PV,2026-03-04T09:00:00.000000,2.374599695
PV,2026-03-04T10:00:00.000000,2.395253658
PV,2026-03-04T11:00:00.000000,2.454629898
PV,2026-03-04T12:00:00.000000,2.478935003
PV,2026-03-04T13:00:00.000000,2.501957893
PV,2026-03-04T14:00:00.000000,2.515889406
PV,2026-03-04T15:00:00.000000,2.542977571
PV,2026-03-04T16:00:00.000000,2.550532818
PV,2026-03-04T17:00:00.000000,2.532856941
PV,2026-03-04T18:00:00.000000,2.504261494
PV,2026-03-04T19:00:00.000000,2.502788305
PV,2026-03-04T20:00:00.000000,2.510075331
PV,2026-03-04T21:00:00.000000,2.499510527
PV,2026-03-04T22:00:00.000000,2.484390974
PV,2026-03-04T23:00:00.000000,2.590006113
PV,2026-03-05T00:00:00.000000,2.617888927
PV,2026-03-05T01:00:00.000000,2.582862616
PV,2026-03-05T02:00:00.000000,2.5641675
PV,2026-03-05T03:00:00.000000,2.570708752
PV,2026-03-05T04:00:00.000000,2.577210188
PV,2026-03-05T05:00:00.000000,2.581977129
PV,2026-03-05T06:00:00.000000,2.584581852
PV,2026-03-05T07:00:00.000000,2.565719604
PV,2026-03-05T08:00:00.000000,2.524508238
PV,2026-03-05T09:00:00.000000,2.493596077
PV,2026-03-05T10:00:00.000000,2.479917288
PV,2026-03-05T11:00:00.000000,2.49445343
PV,2026-03-05T12:00:00.000000,2.517530918
PV,2026-03-05T13:00:00.000000,2.528115749
PV,2026-03-05T14:00:00.000000,2.541926384
PV,2026-03-05T15:00:00.000000,2.55253315
PV,2026-03-05T16:00:00.000000,2.569704771
PV,2026-03-05T17:00:00.000000,2.578513622
PV,2026-03-05T18:00:00.000000,2.581433773
PV,2026-03-05T19:00:00.000000,2.579815388
PV,2026-03-05T20:00:00.000000,2.558022261
PV,2026-03-05T21:00:00.000000,2.543318033
PV,2026-03-05T22:00:00.000000,2.539592266
PV,2026-03-05T23:00:00.000000,2.621321678
PV,2026-03-06T00:00:00.000000,2.645483255
PV,2026-03-06T01:00:00.000000,2.640177965
PV,2026-03-06T02:00:00.000000,2.637211084
PV,2026-03-06T03:00:00.000000,2.644203186
PV,2026-03-06T04:00:00.000000,2.649698496
PV,2026-03-06T05:00:00.000000,2.657690525
PV,2026-03-06T06:00:00.000000,2.649888992
PV,2026-03-06T07:00:00.000000,2.619645596
PV,2026-03-06T08:00:00.000000,2.556310892
PV,2026-03-06T09:00:00.000000,2.528820753
PV,2026-03-06T10:00:00.000000,2.525719166
PV,2026-03-06T11:00:00.000000,2.52460742
PV,2026-03-06T12:00:00.000000,2.523399353
PV,2026-03-06T13:00:00.000000,2.575263739
PV,2026-03-06T14:00:00.000000,2.608842134
PV,2026-03-06T15:00:00.000000,2.620903254
PV,2026-03-06T16:00:00.000000,2.63499999
PV,2026-03-06T17:00:00.000000,2.637259007
PV,2026-03-06T18:00:00.000000,2.622668505
PV,2026-03-06T19:00:00.000000,2.5931108
PV,2026-03-06T20:00:00.000000,2.552673578
PV,2026-03-06T21:00:00.000000,2.519371271
PV,2026-03-06T22:00:00.000000,2.512790442
PV,2026-03-06T23:00:00.000000,2.517734766
PV,2026-03-07T00:00:00.000000,2.5370574
PV,2026-03-07T01:00:00.000000,2.593931437
PV,2026-03-07T02:00:00.000000,2.619127989
PV,2026-03-07T03:00:00.000000,2.631803036
PV,2026-03-07T04:00:00.000000,2.645294905
PV,2026-03-07T05:00:00.000000,2.6567626
PV,2026-03-07T06:00:00.000000,2.633833647
PV,2026-03-07T07:00:00.000000,2.591614962
PV,2026-03-07T08:00:00.000000,2.547547579
PV,2026-03-07T09:00:00.000000,2.523162365
PV,2026-03-07T10:00:00.000000,2.517094851
PV,2026-03-07T11:00:00.000000,2.514692307
PV,2026-03-07T12:00:00.000000,2.51474762
PV,2026-03-07T13:00:00.000000,2.571367502
PV,2026-03-07T14:00:00.000000,2.643044949
PV,2026-03-07T15:00:00.000000,2.679379463
PV,2026-03-07T16:00:00.000000,2.692036152
PV,2026-03-07T17:00:00.000000,2.697029114
PV,2026-03-07T18:00:00.000000,2.680126667
PV,2026-03-07T19:00:00.000000,2.653998375
PV,2026-03-07T20:00:00.000000,2.619863749
PV,2026-03-07T21:00:00.000000,2.618394136
PV,2026-03-07T22:00:00.000000,2.613448381
PV,2026-03-07T23:00:00.000000,2.60744524
PV,2026-03-08T00:00:00.000000,2.600082874
PV,2026-03-08T01:00:00.000000,2.600162029
PV,2026-03-08T02:00:00.000000,2.625766039
PV,2026-03-08T03:00:00.000000,2.669386387
PV,2026-03-08T04:00:00.000000,2.694783449
PV,2026-03-08T05:00:00.000000,2.697915554
PV,2026-03-08T06:00:00.000000,2.6971457
PV,2026-03-08T07:00:00.000000,2.694251537
PV,2026-03-08T08:00:00.000000,2.688191175
PV,2026-03-08T09:00:00.000000,2.670803547
PV,2026-03-08T10:00:00.000000,2.646921396
PV,2026-03-08T11:00:00.000000,2.627918959
PV,2026-03-08T12:00:00.000000,2.614640474
PV,2026-03-08T13:00:00.000000,2.610675812
PV,2026-03-08T14:00:00.000000,2.603035927
PV,2026-03-08T15:00:00.000000,2.6262815
PV,2026-03-08T16:00:00.000000,2.65093255
PV,2026-03-08T17:00:00.000000,2.661618471
PV,2026-03-08T18:00:00.000000,2.665059328
PV,2026-03-08T19:00:00.000000,2.665936708
PV,2026-03-08T20:00:00.000000,2.660180569
PV,2026-03-08T21:00:00.000000,2.639813423
PV,2026-03-08T22:00:00.000000,2.62899828
PV,2026-03-08T23:00:00.000000,2.622447968
PV,2026-03-09T00:00:00.000000,2.609783649
PV,2026-03-09T01:00:00.000000,2.602707386
PV,2026-03-09T02:00:00.000000,2.612158775
PV,2026-03-09T03:00:00.000000,2.630196333
PV,2026-03-09T04:00:00.000000,2.655111074
PV,2026-03-09T05:00:00.000000,2.678621054
PV,2026-03-09T06:00:00.000000,2.676719189
PV,2026-03-09T07:00:00.000000,2.674444437
PV,2026-03-09T08:00:00.000000,2.681991816
PV,2026-03-09T09:00:00.000000,2.702222347
PV,2026-03-09T10:00:00.000000,2.696812153
PV,2026-03-09T11:00:00.000000,2.664927959
PV,2026-03-09T12:00:00.000000,2.635380507
PV,2026-03-09T13:00:00.000000,2.62113142
PV,2026-03-09T14:00:00.000000,2.624466419
PV,2026-03-09T15:00:00.000000,2.623806477
PV,2026-03-09T16:00:00.000000,2.640471935
PV,2026-03-09T17:00:00.000000,2.679768562
PV,2026-03-09T18:00:00.000000,2.692716122
PV,2026-03-09T19:00:00.000000,2.691575766
PV,2026-03-09T20:00:00.000000,2.718481064
PV,2026-03-09T21:00:00.000000,2.780492306
PV,2026-03-09T22:00:00.000000,2.851075888
PV,2026-03-09T23:00:00.000000,2.899022102
PV,2026-03-10T00:00:00.000000,2.891459703
SH,2026-03-02T01:00:00.000000,2.199900627
SH,2026-03-02T02:00:00.000000,2.196656227
SH,2026-03-02T03:00:00.000000,2.194620132
SH,2026-03-02T04:00:00.000000,2.185542107
SH,2026-03-02T05:00:00.000000,2.172465324
SH,2026-03-02T06:00:00.000000,2.125741482
SH,2026-03-02T07:00:00.000000,2.057423353
SH,2026-03-02T08:00:00.000000,1.979334235
SH,2026-03-02T09:00:00.000000,1.926324606
SH,2026-03-02T10:00:00.000000,1.939118743
SH,2026-03-02T11:00:00.000000,2.088371515
SH,2026-03-02T12:00:00.000000,2.127556801
SH,2026-03-02T13:00:00.000000,2.110949755
SH,2026-03-02T14:00:00.000000,2.087561846
SH,2026-03-02T15:00:00.000000,2.083294153
SH,2026-03-02T16:00:00.000000,2.086214304
SH,2026-03-02T17:00:00.000000,2.092894316
SH,2026-03-02T18:00:00.000000,2.093318462
SH,2026-03-02T19:00:00.000000,2.071236372
SH,2026-03-02T20:00:00.000000,2.021538973
SH,2026-03-02T21:00:00.000000,1.945812821
SH,2026-03-02T22:00:00.000000,1.92459631
SH,2026-03-02T23:00:00.000000,1.985667348
SH,2026-03-03T00:00:00.000000,2.068894863
SH,2026-03-03T01:00:00.000000,2.071241379
SH,2026-03-03T02:00:00.000000,2.066162586
SH,2026-03-03T03:00:00.000000,2.068070889
SH,2026-03-03T04:00:00.000000,2.06938839
SH,2026-03-03T05:00:00.000000,2.062283993
SH,2026-03-03T06:00:00.000000,2.018892765
SH,2026-03-03T07:00:00.000000,1.997999191
SH,2026-03-03T08:00:00.000000,1.979599953
SH,2026-03-03T09:00:00.000000,1.949050188
SH,2026-03-03T10:00:00.000000,1.890477896
SH,2026-03-03T11:00:00.000000,1.876239061
SH,2026-03-03T12:00:00.000000,1.984553337
SH,2026-03-03T13:00:00.000000,2.058185101
SH,2026-03-03T14:00:00.000000,2.065131903
SH,2026-03-03T15:00:00.000000,2.066335917
SH,2026-03-03T16:00:00.000000,2.068158388
SH,2026-03-03T17:00:00.000000,2.071679592
SH,2026-03-03T18:00:00.000000,2.074153423
SH,2026-03-03T19:00:00.000000,2.056719303
SH,2026-03-03T20:00:00.000000,2.016776562
SH,2026-03-03T21:00:00.000000,1.949905992
SH,2026-03-03T22:00:00.000000,1.890521884
SH,2026-03-03T23:00:00.000000,1.8768543
SH,2026-03-04T00:00:00.000000,1.912613511
SH,2026-03-04T01:00:00.000000,2.020671606
SH,2026-03-04T02:00:00.000000,2.064622402
SH,2026-03-04T03:00:00.000000,2.066803455
SH,2026-03-04T04:00:00.000000,2.067079306
SH,2026-03-04T05:00:00.000000,2.067003012
SH,2026-03-04T06:00:00.000000,2.066961527
SH,2026-03-04T07:00:00.000000,2.06044507
SH,2026-03-04T08:00:00.000000,2.028182745
SH,2026-03-04T09:00:00.000000,1.977215528
SH,2026-03-04T10:00:00.000000,1.83771944
SH,2026-03-04T11:00:00.000000,1.789620996
SH,2026-03-04T12:00:00.000000,1.833625436
SH,2026-03-04T13:00:00.000000,2.000098705
SH,2026-03-04T14:00:00.000000,2.063981295
SH,2026-03-04T15:00:00.000000,2.073808432
SH,2026-03-04T16:00:00.000000,2.080688715
SH,2026-03-04T17:00:00.000000,2.087161303
SH,2026-03-04T18:00:00.000000,2.101826429
SH,2026-03-04T19:00:00.000000,2.126246452
SH,2026-03-04T20:00:00.000000,2.104687929
SH,2026-03-04T21:00:00.000000,2.052217722
SH,2026-03-04T22:00:00.000000,1.989009857
SH,2026-03-04T23:00:00.000000,1.940810084
SH,2026-03-05T00:00:00.000000,1.950219989
SH,2026-03-05T01:00:00.000000,2.046426773
SH,2026-03-05T02:00:00.000000,2.106373549
SH,2026-03-05T03:00:00.000000,2.107121944
SH,2026-03-05T04:00:00.000000,2.103594542
SH,2026-03-05T05:00:00.000000,2.101969481
SH,2026-03-05T06:00:00.000000,2.102659702
SH,2026-03-05T07:00:00.000000,2.106095552
SH,2026-03-05T08:00:00.000000,2.098339081
SH,2026-03-05T09:00:00.000000,2.07325983
SH,2026-03-05T10:00:00.000000,2.034246206
SH,2026-03-05T11:00:00.000000,1.964518785
SH,2026-03-05T12:00:00.000000,1.956663013
SH,2026-03-05T13:00:00.000000,2.021470308
SH,2026-03-05T14:00:00.000000,2.107330084
SH,2026-03-05T15:00:00.000000,2.122626066
SH,2026-03-05T16:00:00.000000,2.128715515
SH,2026-03-05T17:00:00.000000,2.132760286
SH,2026-03-05T18:00:00.000000,2.138380766
SH,2026-03-05T19:00:00.000000,2.159686089
SH,2026-03-05T20:00:00.000000,2.169813156
SH,2026-03-05T21:00:00.000000,2.130459547
SH,2026-03-05T22:00:00.000000,2.094720364
SH,2026-03-05T23:00:00.000000,2.05166173
SH,2026-03-06T00:00:00.000000,1.988081813
SH,2026-03-06T01:00:00.000000,1.97593379
SH,2026-03-06T02:00:00.000000,2.16680479
SH,2026-03-06T03:00:00.000000,2.25241971
SH,2026-03-06T04:00:00.000000,2.255664587
SH,2026-03-06T05:00:00.000000,2.25745368
SH,2026-03-06T06:00:00.000000,2.259455204
SH,2026-03-06T07:00:00.000000,2.258810997
SH,2026-03-06T08:00:00.000000,2.25205183
SH,2026-03-06T09:00:00.000000,2.217786312
SH,2026-03-06T10:00:00.000000,2.154445171
SH,2026-03-06T11:00:00.000000,2.079159021
SH,2026-03-06T12:00:00.000000,1.939776421
SH,2026-03-06T13:00:00.000000,1.90850246
SH,2026-03-06T14:00:00.000000,2.064179182
SH,2026-03-06T15:00:00.000000,2.253508806
SH,2026-03-06T16:00:00.000000,2.274448633
SH,2026-03-06T17:00:00.000000,2.278182983
SH,2026-03-06T18:00:00.000000,2.281041861
SH,2026-03-06T19:00:00.000000,2.284724712
SH,2026-03-06T20:00:00.000000,2.288204193
SH,2026-03-06T21:00:00.000000,2.260551214
SH,2026-03-06T22:00:00.000000,2.194555283
SH,2026-03-06T23:00:00.000000,2.144068718
SH,2026-03-07T00:00:00.000000,2.079545975
SH,2026-03-07T01:00:00.000000,2.064376593
SH,2026-03-07T02:00:00.000000,2.172977924
SH,2026-03-07T03:00:00.000000,2.278897524
SH,2026-03-07T04:00:00.000000,2.285589695
SH,2026-03-07T05:00:00.000000,2.279294252
SH,2026-03-07T06:00:00.000000,2.275100708
SH,2026-03-07T07:00:00.000000,2.276251078
SH,2026-03-07T08:00:00.000000,2.284479856
SH,2026-03-07T09:00:00.000000,2.28433013
SH,2026-03-07T10:00:00.000000,2.246982574
SH,2026-03-07T11:00:00.000000,2.197770119
SH,2026-03-07T12:00:00.000000,2.107560873
SH,2026-03-07T13:00:00.000000,2.00109911
SH,2026-03-07T14:00:00.000000,2.022770643
SH,2026-03-07T15:00:00.000000,2.216079473
SH,2026-03-07T16:00:00.000000,2.269447327
SH,2026-03-07T17:00:00.000000,2.27024889
SH,2026-03-07T18:00:00.000000,2.266286612
SH,2026-03-07T19:00:00.000000,2.267654181
SH,2026-03-07T20:00:00.000000,2.286326647
SH,2026-03-07T21:00:00.000000,2.324113131
SH,2026-03-07T22:00:00.000000,2.308577061
SH,2026-03-07T23:00:00.000000,2.263039112
SH,2026-03-08T00:00:00.000000,2.227692366
SH,2026-03-08T01:00:00.000000,2.177966118
SH,2026-03-08T02:00:00.000000,2.169587612
SH,2026-03-08T03:00:00.000000,2.23791647
SH,2026-03-08T04:00:00.000000,2.264653921
SH,2026-03-08T05:00:00.000000,2.257733107
SH,2026-03-08T06:00:00.000000,2.251891375
SH,2026-03-08T07:00:00.000000,2.251306534
SH,2026-03-08T08:00:00.000000,2.262733936
SH,2026-03-08T09:00:00.000000,2.283025742
SH,2026-03-08T10:00:00.000000,2.278429747
SH,2026-03-08T11:00:00.000000,2.252759457
SH,2026-03-08T12:00:00.000000,2.224247456
SH,2026-03-08T13:00:00.000000,2.150746822
SH,2026-03-08T14:00:00.000000,2.133737087
SH,2026-03-08T15:00:00.000000,2.183446646
SH,2026-03-08T16:00:00.000000,2.253326654
SH,2026-03-08T17:00:00.000000,2.266039848
SH,2026-03-08T18:00:00.000000,2.266488552
SH,2026-03-08T19:00:00.000000,2.26444912
SH,2026-03-08T20:00:00.000000,2.26942277
SH,2026-03-08T21:00:00.000000,2.309765339
SH,2026-03-08T22:00:00.000000,2.357232332
SH,2026-03-08T23:00:00.000000,2.336901188
SH,2026-03-09T00:00:00.000000,2.321009874
SH,2026-03-09T01:00:00.000000,2.307674408
SH,2026-03-09T02:00:00.000000,2.300684452
SH,2026-03-09T03:00:00.000000,2.306484699
SH,2026-03-09T04:00:00.000000,2.339567423
SH,2026-03-09T05:00:00.000000,2.359513044
SH,2026-03-09T06:00:00.000000,2.348453522
SH,2026-03-09T07:00:00.000000,2.336391926
SH,2026-03-09T08:00:00.000000,2.335064173
SH,2026-03-09T09:00:00.000000,2.360985994
SH,2026-03-09T10:00:00.000000,2.405589581
SH,2026-03-09T11:00:00.000000,2.395983219
SH,2026-03-09T12:00:00.000000,2.363640308
SH,2026-03-09T13:00:00.000000,2.339856625
SH,2026-03-09T14:00:00.000000,2.31905961
SH,2026-03-09T15:00:00.000000,2.331079721
SH,2026-03-09T16:00:00.000000,2.35798049
SH,2026-03-09T17:00:00.000000,2.373478174
SH,2026-03-09T18:00:00.000000,2.369808674
SH,2026-03-09T19:00:00.000000,2.361382008
SH,2026-03-09T20:00:00.000000,2.359747887
SH,2026-03-09T21:00:00.000000,2.376990318
SH,2026-03-09T22:00:00.000000,2.450345516
SH,2026-03-09T23:00:00.000000,2.468617678
SH,2026-03-10T00:00:00.000000,2.442667007
WB,2026-03-02T01:00:00.000000,2.886932373
WB,2026-03-02T02:00:00.000000,2.878822327
WB,2026-03-02T03:00:00.000000,2.874531507
WB,2026-03-02T04:00:00.000000,2.866777897
WB,2026-03-02T05:00:00.000000,2.856801748
WB,2026-03-02T06:00:00.000000,2.854880333
WB,2026-03-02T07:00:00.000000,2.854070902
WB,2026-03-02T08:00:00.000000,2.852716208
WB,2026-03-02T09:00:00.000000,2.850237131
WB,2026-03-02T10:00:00.000000,2.846287489
WB,2026-03-02T11:00:00.000000,2.833975315
WB,2026-03-02T12:00:00.000000,2.818193197
WB,2026-03-02T13:00:00.000000,2.805503607
WB,2026-03-02T14:00:00.000000,2.798475981
WB,2026-03-02T15:00:00.000000,2.795851231
WB,2026-03-02T16:00:00.000000,2.790491343
WB,2026-03-02T17:00:00.000000,2.795159101
WB,2026-03-02T18:00:00.000000,2.805611849
WB,2026-03-02T19:00:00.000000,2.809081793
WB,2026-03-02T20:00:00.000000,2.807015181
WB,2026-03-02T21:00:00.000000,2.799569368
WB,2026-03-02T22:00:00.000000,2.794898748
WB,2026-03-02T23:00:00.000000,2.793542624
WB,2026-03-03T00:00:00.000000,2.784606695
WB,2026-03-03T01:00:00.000000,2.776885748
WB,2026-03-03T02:00:00.000000,2.768558979
WB,2026-03-03T03:00:00.000000,2.759018183
WB,2026-03-03T04:00:00.000000,2.731371164
WB,2026-03-03T05:00:00.000000,2.699346781
WB,2026-03-03T06:00:00.000000,2.662429333
WB,2026-03-03T07:00:00.000000,2.645394802
WB,2026-03-03T08:00:00.000000,2.623428583
WB,2026-03-03T09:00:00.000000,2.601492643
WB,2026-03-03T10:00:00.000000,2.585538149
WB,2026-03-03T11:00:00.000000,2.580491781
WB,2026-03-03T12:00:00.000000,2.580779552
WB,2026-03-03T13:00:00.000000,2.579793692
WB,2026-03-03T14:00:00.000000,2.575523615
WB,2026-03-03T15:00:00.000000,2.570988894
WB,2026-03-03T16:00:00.000000,2.564623833
WB,2026-03-03T17:00:00.000000,2.550358534
WB,2026-03-03T18:00:00.000000,2.529426575
WB,2026-03-03T19:00:00.000000,2.525045633
WB,2026-03-03T20:00:00.000000,2.527480841
WB,2026-03-03T21:00:00.000000,2.534471512
WB,2026-03-03T22:00:00.000000,2.535627604
WB,2026-03-03T23:00:00.000000,2.533224106
WB,2026-03-04T00:00:00.000000,2.529835224
WB,2026-03-04T01:00:00.000000,2.525501251
WB,2026-03-04T02:00:00.000000,2.520621538
WB,2026-03-04T03:00:00.000000,2.51651001
WB,2026-03-04T04:00:00.000000,2.514662027
WB,2026-03-04T05:00:00.000000,2.513317108
WB,2026-03-04T06:00:00.000000,2.51403904
WB,2026-03-04T07:00:00.000000,2.518064976
WB,2026-03-04T08:00:00.000000,2.517334938
WB,2026-03-04T09:00:00.000000,2.520241261
WB,2026-03-04T10:00:00.000000,2.522826195
WB,2026-03-04T11:00:00.000000,2.526883602
WB,2026-03-04T12:00:00.000000,2.533215046
WB,2026-03-04T13:00:00.000000,2.535554171
WB,2026-03-04T14:00:00.000000,2.545608282
WB,2026-03-04T15:00:00.000000,2.560118437
WB,2026-03-04T16:00:00.000000,2.573738813
WB,2026-03-04T17:00:00.000000,2.589812279
WB,2026-03-04T18:00:00.000000,2.604902029
WB,2026-03-04T19:00:00.000000,2.621231556
WB,2026-03-04T20:00:00.000000,2.633935213
WB,2026-03-04T21:00:00.000000,2.636681795
WB,2026-03-04T22:00:00.000000,2.641254187
WB,2026-03-04T23:00:00.000000,2.640701532
WB,2026-03-05T00:00:00.000000,2.634959698
WB,2026-03-05T01:00:00.000000,2.638676405
WB,2026-03-05T02:00:00.000000,2.655491352
WB,2026-03-05T03:00:00.000000,2.664512157
WB,2026-03-05T04:00:00.000000,2.667446852
WB,2026-03-05T05:00:00.000000,2.669501305
WB,2026-03-05T06:00:00.000000,2.673003912
WB,2026-03-05T07:00:00.000000,2.675532103
WB,2026-03-05T08:00:00.000000,2.674208879
WB,2026-03-05T09:00:00.000000,2.665802717
WB,2026-03-05T10:00:00.000000,2.659977198
WB,2026-03-05T11:00:00.000000,2.655970335
WB,2026-03-05T12:00:00.000000,2.657473803
WB,2026-03-05T13:00:00.000000,2.665822029
WB,2026-03-05T14:00:00.000000,2.682131767
WB,2026-03-05T15:00:00.000000,2.696274996
WB,2026-03-05T16:00:00.000000,2.711589098
WB,2026-03-05T17:00:00.000000,2.730424404
WB,2026-03-05T18:00:00.000000,2.753825903
WB,2026-03-05T19:00:00.000000,2.774908781
WB,2026-03-05T20:00:00.000000,2.785942554
WB,2026-03-05T21:00:00.000000,2.791814566
WB,2026-03-05T22:00:00.000000,2.797534704
WB,2026-03-05T23:00:00.000000,2.795116663
WB,2026-03-06T00:00:00.000000,2.776053429
WB,2026-03-06T01:00:00.000000,2.77385354
WB,2026-03-06T02:00:00.000000,2.811868668
WB,2026-03-06T03:00:00.000000,2.846134901
WB,2026-03-06T04:00:00.000000,2.869396925
WB,2026-03-06T05:00:00.000000,2.884166718
WB,2026-03-06T06:00:00.000000,2.892724752
WB,2026-03-06T07:00:00.000000,2.89486599
WB,2026-03-06T08:00:00.000000,2.894542217
WB,2026-03-06T09:00:00.000000,2.892802715
WB,2026-03-06T10:00:00.000000,2.89005065
WB,2026-03-06T11:00:00.000000,2.887909412
WB,2026-03-06T12:00:00.000000,2.890223742
WB,2026-03-06T13:00:00.000000,2.899585485
WB,2026-03-06T14:00:00.000000,2.908573151
WB,2026-03-06T15:00:00.000000,2.921818733
WB,2026-03-06T16:00:00.000000,2.93545413
WB,2026-03-06T17:00:00.000000,2.949463367
WB,2026-03-06T18:00:00.000000,2.961259365
WB,2026-03-06T19:00:00.000000,2.970968485
WB,2026-03-06T20:00:00.000000,2.977704287
WB,2026-03-06T21:00:00.000000,2.979620457
WB,2026-03-06T22:00:00.000000,2.98014307
WB,2026-03-06T23:00:00.000000,2.980155468
WB,2026-03-07T00:00:00.000000,2.981097937
WB,2026-03-07T01:00:00.000000,2.984875441
WB,2026-03-07T02:00:00.000000,2.986860514
WB,2026-03-07T03:00:00.000000,2.989139557
WB,2026-03-07T04:00:00.000000,2.993828773
WB,2026-03-07T05:00:00.000000,2.998352289
WB,2026-03-07T06:00:00.000000,3.002322674
WB,2026-03-07T07:00:00.000000,3.005896568
WB,2026-03-07T08:00:00.000000,3.007706881
WB,2026-03-07T09:00:00.000000,3.007812977
WB,2026-03-07T10:00:00.000000,3.009187937
WB,2026-03-07T11:00:00.000000,3.009248257
WB,2026-03-07T12:00:00.000000,3.007911682
WB,2026-03-07T13:00:00.000000,3.006186962
WB,2026-03-07T14:00:00.000000,3.009890556
WB,2026-03-07T15:00:00.000000,3.014068842
WB,2026-03-07T16:00:00.000000,3.019962549
WB,2026-03-07T17:00:00.000000,3.025924444
WB,2026-03-07T18:00:00.000000,3.030234575
WB,2026-03-07T19:00:00.000000,3.033415794
WB,2026-03-07T20:00:00.000000,3.039741516
WB,2026-03-07T21:00:00.000000,3.060294867
WB,2026-03-07T22:00:00.000000,3.067536354
WB,2026-03-07T23:00:00.000000,3.065986395
WB,2026-03-08T00:00:00.000000,3.058413267
WB,2026-03-08T01:00:00.000000,3.04976964
WB,2026-03-08T02:00:00.000000,3.049622059
WB,2026-03-08T03:00:00.000000,3.057300806
WB,2026-03-08T04:00:00.000000,3.062534094
WB,2026-03-08T05:00:00.000000,3.062074661
WB,2026-03-08T06:00:00.000000,3.05861783
WB,2026-03-08T07:00:00.000000,3.055405855
WB,2026-03-08T08:00:00.000000,3.051239729
WB,2026-03-08T09:00:00.000000,3.049316645
WB,2026-03-08T10:00:00.000000,3.055142879
WB,2026-03-08T11:00:00.000000,3.041339636
WB,2026-03-08T12:00:00.000000,3.016507864
WB,2026-03-08T13:00:00.000000,2.994893551
WB,2026-03-08T14:00:00.000000,2.992752314
WB,2026-03-08T15:00:00.000000,3.007513762
WB,2026-03-08T16:00:00.000000,3.021758318
WB,2026-03-08T17:00:00.000000,3.021632671
WB,2026-03-08T18:00:00.000000,3.017622709
WB,2026-03-08T19:00:00.000000,3.01315856
WB,2026-03-08T20:00:00.000000,3.01116991
WB,2026-03-08T21:00:00.000000,3.013102055
WB,2026-03-08T22:00:00.000000,3.009061098
WB,2026-03-08T23:00:00.000000,2.993083477
WB,2026-03-09T00:00:00.000000,2.975769281
WB,2026-03-09T01:00:00.000000,2.963021994
WB,2026-03-09T02:00:00.000000,2.95835042
WB,2026-03-09T03:00:00.000000,2.965858459
WB,2026-03-09T04:00:00.000000,2.97764039
WB,2026-03-09T05:00:00.000000,2.984812975
WB,2026-03-09T06:00:00.000000,2.988403797
WB,2026-03-09T07:00:00.000000,2.98976469
WB,2026-03-09T08:00:00.000000,2.989795208
WB,2026-03-09T09:00:00.000000,2.989987373
WB,2026-03-09T10:00:00.000000,2.991189241
WB,2026-03-09T11:00:00.000000,2.981599092
WB,2026-03-09T12:00:00.000000,2.961418152
WB,2026-03-09T13:00:00.000000,2.94615531
WB,2026-03-09T14:00:00.000000,2.941896915
WB,2026-03-09T15:00:00.000000,2.951365471
WB,2026-03-09T16:00:00.000000,2.970510006
WB,2026-03-09T17:00:00.000000,2.990392923
WB,2026-03-09T18:00:00.000000,3.004323244
WB,2026-03-09T19:00:00.000000,3.014720917
WB,2026-03-09T20:00:00.000000,3.065337181
WB,2026-03-09T21:00:00.000000,3.129767179
WB,2026-03-09T22:00:00.000000,3.165719986
WB,2026-03-09T23:00:00.000000,3.175029993
WB,2026-03-10T00:00:00.000000,3.175559282
CL,2026-03-02T01:00:00.000000,1.974989533
CL,2026-03-02T02:00:00.000000,1.977387428
CL,2026-03-02T03:00:00.000000,1.95860219
CL,2026-03-02T04:00:00.000000,1.93253088
CL,2026-03-02T05:00:00.000000,1.920247436
CL,2026-03-02T06:00:00.000000,1.914090276
CL,2026-03-02T07:00:00.000000,1.91254127
CL,2026-03-02T08:00:00.000000,1.91970396
CL,2026-03-02T09:00:00.000000,1.935137868
CL,2026-03-02T10:00:00.000000,1.930741072
CL,2026-03-02T11:00:00.000000,1.924798846
CL,2026-03-02T12:00:00.000000,1.919167757
CL,2026-03-02T13:00:00.000000,1.919750333
CL,2026-03-02T14:00:00.000000,1.924720049
CL,2026-03-02T15:00:00.000000,1.931130052
CL,2026-03-02T16:00:00.000000,1.931139708
CL,2026-03-02T17:00:00.000000,1.930030465
CL,2026-03-02T18:00:00.000000,1.932560563
CL,2026-03-02T19:00:00.000000,1.935259581
CL,2026-03-02T20:00:00.000000,1.938406587
CL,2026-03-02T21:00:00.000000,1.989621639
CL,2026-03-02T22:00:00.000000,1.998600364
CL,2026-03-02T23:00:00.000000,1.993701935
CL,2026-03-03T00:00:00.000000,1.988769293
CL,2026-03-03T01:00:00.000000,1.985844374
CL,2026-03-03T02:00:00.000000,1.986627579
CL,2026-03-03T03:00:00.000000,1.973172784
CL,2026-03-03T04:00:00.000000,1.972344756
CL,2026-03-03T05:00:00.000000,1.96508956
CL,2026-03-03T06:00:00.000000,1.93199563
CL,2026-03-03T07:00:00.000000,1.920785666
CL,2026-03-03T08:00:00.000000,1.917344809
CL,2026-03-03T09:00:00.000000,1.882758379
CL,2026-03-03T10:00:00.000000,1.860789299
CL,2026-03-03T11:00:00.000000,1.84801352
CL,2026-03-03T12:00:00.000000,1.847946405
CL,2026-03-03T13:00:00.000000,1.847771764
CL,2026-03-03T14:00:00.000000,1.847222805
CL,2026-03-03T15:00:00.000000,1.851358891
CL,2026-03-03T16:00:00.000000,1.865212321
CL,2026-03-03T17:00:00.000000,1.878457785
CL,2026-03-03T18:00:00.000000,1.893115878
CL,2026-03-03T19:00:00.000000,1.900478482
CL,2026-03-03T20:00:00.000000,1.903182983
CL,2026-03-03T21:00:00.000000,1.896528721
CL,2026-03-03T22:00:00.000000,1.903356433
CL,2026-03-03T23:00:00.000000,1.913943529
CL,2026-03-04T00:00:00.000000,1.913570166
CL,2026-03-04T01:00:00.000000,1.909435987
CL,2026-03-04T02:00:00.000000,1.902630806
CL,2026-03-04T03:00:00.000000,1.902423501
CL,2026-03-04T04:00:00.000000,1.892276525
CL,2026-03-04T05:00:00.000000,1.88085258
CL,2026-03-04T06:00:00.000000,1.877083302
CL,2026-03-04T07:00:00.000000,1.874925733
CL,2026-03-04T08:00:00.000000,1.87369132
CL,2026-03-04T09:00:00.000000,1.873133063
CL,2026-03-04T10:00:00.000000,1.904456854
CL,2026-03-04T11:00:00.000000,1.909873962
CL,2026-03-04T12:00:00.000000,1.908992529
CL,2026-03-04T13:00:00.000000,1.908019543
CL,2026-03-04T14:00:00.000000,1.909276605
CL,2026-03-04T15:00:00.000000,1.91269362
CL,2026-03-04T16:00:00.000000,1.923835158
CL,2026-03-04T17:00:00.000000,1.926571727
CL,2026-03-04T18:00:00.000000,1.908497095
CL,2026-03-04T19:00:00.000000,1.895069838
CL,2026-03-04T20:00:00.000000,1.892733812
CL,2026-03-04T21:00:00.000000,1.899014831
CL,2026-03-04T22:00:00.000000,1.981845379
CL,2026-03-04T23:00:00.000000,1.991451144
CL,2026-03-05T00:00:00.000000,1.993661761
CL,2026-03-05T01:00:00.000000,1.987676978
CL,2026-03-05T02:00:00.000000,1.98368001
CL,2026-03-05T03:00:00.000000,1.988135695
CL,2026-03-05T04:00:00.000000,1.987172842
CL,2026-03-05T05:00:00.000000,1.968277335
CL,2026-03-05T06:00:00.000000,1.919832468
CL,2026-03-05T07:00:00.000000,1.904515862
CL,2026-03-05T08:00:00.000000,1.901848674
CL,2026-03-05T09:00:00.000000,1.90244472
CL,2026-03-05T10:00:00.000000,1.911271811
CL,2026-03-05T11:00:00.000000,2.050778627
CL,2026-03-05T12:00:00.000000,2.06465745
CL,2026-03-05T13:00:00.000000,2.062383175
CL,2026-03-05T14:00:00.000000,2.057757854
CL,2026-03-05T15:00:00.000000,2.058055401
CL,2026-03-05T16:00:00.000000,2.068944454
CL,2026-03-05T17:00:00.000000,2.072968006
CL,2026-03-05T18:00:00.000000,2.048546791
CL,2026-03-05T19:00:00.000000,2.003188133
CL,2026-03-05T20:00:00.000000,2.001044035
CL,2026-03-05T21:00:00.000000,1.997070313
CL,2026-03-05T22:00:00.000000,2.094351768
CL,2026-03-05T23:00:00.000000,2.100451946
CL,2026-03-06T00:00:00.000000,2.098195553
CL,2026-03-06T01:00:00.000000,2.095951319
CL,2026-03-06T02:00:00.000000,2.09116888
CL,2026-03-06T03:00:00.000000,2.088540077
CL,2026-03-06T04:00:00.000000,2.083499193
CL,2026-03-06T05:00:00.000000,2.079053879
CL,2026-03-06T06:00:00.000000,2.063581228
CL,2026-03-06T07:00:00.000000,2.048162699
CL,2026-03-06T08:00:00.000000,2.041810513
CL,2026-03-06T09:00:00.000000,2.019237995
CL,2026-03-06T10:00:00.000000,1.998759985
CL,2026-03-06T11:00:00.000000,2.089149952
CL,2026-03-06T12:00:00.000000,2.099254847
CL,2026-03-06T13:00:00.000000,2.099290371
CL,2026-03-06T14:00:00.000000,2.098819017
CL,2026-03-06T15:00:00.000000,2.10047555
CL,2026-03-06T16:00:00.000000,2.106785774
CL,2026-03-06T17:00:00.000000,2.113009691
CL,2026-03-06T18:00:00.000000,2.105445623
CL,2026-03-06T19:00:00.000000,2.076389074
CL,2026-03-06T20:00:00.000000,2.059106112
CL,2026-03-06T21:00:00.000000,2.059602737
CL,2026-03-06T22:00:00.000000,2.046052217
CL,2026-03-06T23:00:00.000000,2.148368835
CL,2026-03-07T00:00:00.000000,2.159540653
CL,2026-03-07T01:00:00.000000,2.160223484
CL,2026-03-07T02:00:00.000000,2.157846212
CL,2026-03-07T03:00:00.000000,2.156089544
CL,2026-03-07T04:00:00.000000,2.156229734
CL,2026-03-07T05:00:00.000000,2.159557819
CL,2026-03-07T06:00:00.000000,2.154069424
CL,2026-03-07T07:00:00.000000,2.112802744
CL,2026-03-07T08:00:00.000000,2.072957516
CL,2026-03-07T09:00:00.000000,2.063381195
CL,2026-03-07T10:00:00.000000,2.037765026
CL,2026-03-07T11:00:00.000000,2.074546576
CL,2026-03-07T12:00:00.000000,2.136106491
CL,2026-03-07T13:00:00.000000,2.128600597
CL,2026-03-07T14:00:00.000000,2.125046253
CL,2026-03-07T15:00:00.000000,2.126354933
CL,2026-03-07T16:00:00.000000,2.129077673
CL,2026-03-07T17:00:00.000000,2.132679462
CL,2026-03-07T18:00:00.000000,2.142235994
CL,2026-03-07T19:00:00.000000,2.117624044
CL,2026-03-07T20:00:00.000000,2.080475569
CL,2026-03-07T21:00:00.000000,2.076906443
CL,2026-03-07T22:00:00.000000,2.075038671
CL,2026-03-07T23:00:00.000000,2.086424589
CL,2026-03-08T00:00:00.000000,2.158816814
CL,2026-03-08T01:00:00.000000,2.157907963
CL,2026-03-08T02:00:00.000000,2.147867203
CL,2026-03-08T03:00:00.000000,2.139662743
CL,2026-03-08T04:00:00.000000,2.137211084
CL,2026-03-08T05:00:00.000000,2.145289898
CL,2026-03-08T06:00:00.000000,2.156893492
CL,2026-03-08T07:00:00.000000,2.13596797
CL,2026-03-08T08:00:00.000000,2.077773809
CL,2026-03-08T09:00:00.000000,2.054841757
CL,2026-03-08T10:00:00.000000,2.047533989
CL,2026-03-08T11:00:00.000000,2.032057762
CL,2026-03-08T12:00:00.000000,2.093386173
CL,2026-03-08T13:00:00.000000,2.177994728
CL,2026-03-08T14:00:00.000000,2.183144331
CL,2026-03-08T15:00:00.000000,2.187815666
CL,2026-03-08T16:00:00.000000,2.189528704
CL,2026-03-08T17:00:00.000000,2.193547249
CL,2026-03-08T18:00:00.000000,2.205679417
CL,2026-03-08T19:00:00.000000,2.140337467
CL,2026-03-08T20:00:00.000000,2.069873095
CL,2026-03-08T21:00:00.000000,2.052742243
CL,2026-03-08T22:00:00.000000,2.050157785
CL,2026-03-08T23:00:00.000000,2.049091339
CL,2026-03-09T00:00:00.000000,2.078082323
CL,2026-03-09T01:00:00.000000,2.221137285
CL,2026-03-09T02:00:00.000000,2.219722748
CL,2026-03-09T03:00:00.000000,2.217878103
CL,2026-03-09T04:00:00.000000,2.216655493
CL,2026-03-09T05:00:00.000000,2.21571517
CL,2026-03-09T06:00:00.000000,2.217633486
CL,2026-03-09T07:00:00.000000,2.215964079
CL,2026-03-09T08:00:00.000000,2.205173016
CL,2026-03-09T09:00:00.000000,2.165149212
CL,2026-03-09T10:00:00.000000,2.153864145
CL,2026-03-09T11:00:00.000000,2.141033649
CL,2026-03-09T12:00:00.000000,2.147627354
CL,2026-03-09T13:00:00.000000,2.208797932
CL,2026-03-09T14:00:00.000000,2.214279652
CL,2026-03-09T15:00:00.000000,2.216822147
CL,2026-03-09T16:00:00.000000,2.22024107
CL,2026-03-09T17:00:00.000000,2.224658251
CL,2026-03-09T18:00:00.000000,2.228720188
CL,2026-03-09T19:00:00.000000,2.236272097
CL,2026-03-09T20:00:00.000000,2.23627615
CL,2026-03-09T21:00:00.000000,2.206193209
CL,2026-03-09T22:00:00.000000,2.228543282
CL,2026-03-09T23:00:00.000000,2.263910532
CL,2026-03-10T00:00:00.000000,2.268013954
FG,2026-03-02T01:00:00.000000,1.824359179
FG,2026-03-02T02:00:00.000000,1.829356432
FG,2026-03-02T03:00:00.000000,1.81793654
FG,2026-03-02T04:00:00.000000,1.816295624
FG,2026-03-02T05:00:00.000000,1.794687867
FG,2026-03-02T06:00:00.000000,1.81012702
FG,2026-03-02T07:00:00.000000,1.808610678
FG,2026-03-02T08:00:00.000000,1.818463564
FG,2026-03-02T09:00:00.000000,1.810336947
FG,2026-03-02T10:00:00.000000,1.806528568
FG,2026-03-02T11:00:00.000000,1.796095133
FG,2026-03-02T12:00:00.000000,1.804543614
FG,2026-03-02T13:00:00.000000,1.79128778
FG,2026-03-02T14:00:00.000000,1.780557394
FG,2026-03-02T15:00:00.000000,1.784052014
FG,2026-03-02T16:00:00.000000,1.791386008
FG,2026-03-02T17:00:00.000000,1.804299951
FG,2026-03-02T18:00:00.000000,1.789960861
FG,2026-03-02T19:00:00.000000,1.815580845
FG,2026-03-02T20:00:00.000000,1.83128345
FG,2026-03-02T21:00:00.000000,1.862200141
FG,2026-03-02T22:00:00.000000,1.857249737
FG,2026-03-02T23:00:00.000000,1.860675812
FG,2026-03-03T00:00:00.000000,1.849699616
FG,2026-03-03T01:00:00.000000,1.855095983
FG,2026-03-03T02:00:00.000000,1.861104846
FG,2026-03-03T03:00:00.000000,1.858475447
FG,2026-03-03T04:00:00.000000,1.858620644
FG,2026-03-03T05:00:00.000000,1.868343949
FG,2026-03-03T06:00:00.000000,1.840048194
FG,2026-03-03T07:00:00.000000,1.857091784
FG,2026-03-03T08:00:00.000000,1.854818106
FG,2026-03-03T09:00:00.000000,1.851845384
FG,2026-03-03T10:00:00.000000,1.837406039
FG,2026-03-03T11:00:00.000000,1.82688868
FG,2026-03-03T12:00:00.000000,1.841124773
FG,2026-03-03T13:00:00.000000,1.835034251
FG,2026-03-03T14:00:00.000000,1.819062948
FG,2026-03-03T15:00:00.000000,1.822232127
FG,2026-03-03T16:00:00.000000,1.838678837
FG,2026-03-03T17:00:00.000000,1.858911395
FG,2026-03-03T18:00:00.000000,1.875527382
FG,2026-03-03T19:00:00.000000,1.881201982
FG,2026-03-03T20:00:00.000000,1.886412382
FG,2026-03-03T21:00:00.000000,1.90495193
FG,2026-03-03T22:00:00.000000,1.93453598
FG,2026-03-03T23:00:00.000000,1.955305457
FG,2026-03-04T00:00:00.000000,1.92443037
FG,2026-03-04T01:00:00.000000,1.903961062
FG,2026-03-04T02:00:00.000000,1.941891789
FG,2026-03-04T03:00:00.000000,1.974339128
FG,2026-03-04T04:00:00.000000,1.994681716
FG,2026-03-04T05:00:00.000000,2.008491993
FG,2026-03-04T06:00:00.000000,1.91896987
FG,2026-03-04T07:00:00.000000,1.864422202
FG,2026-03-04T08:00:00.000000,1.890339494
FG,2026-03-04T09:00:00.000000,1.893849492
FG,2026-03-04T10:00:00.000000,1.897044539
FG,2026-03-04T11:00:00.000000,1.876528382
FG,2026-03-04T12:00:00.000000,1.88557744
FG,2026-03-04T13:00:00.000000,1.871493578
FG,2026-03-04T14:00:00.000000,1.897398472
FG,2026-03-04T15:00:00.000000,1.954477191
FG,2026-03-04T16:00:00.000000,2.027309656
FG,2026-03-04T17:00:00.000000,2.049627781
FG,2026-03-04T18:00:00.000000,2.073462009
FG,2026-03-04T19:00:00.000000,1.902695656
FG,2026-03-04T20:00:00.000000,1.91582334
FG,2026-03-04T21:00:00.000000,1.947725892
FG,2026-03-04T22:00:00.000000,1.962665081
FG,2026-03-04T23:00:00.000000,1.919363022
FG,2026-03-05T00:00:00.000000,1.882554531
FG,2026-03-05T01:00:00.000000,1.874807119
FG,2026-03-05T02:00:00.000000,1.926818013
FG,2026-03-05T03:00:00.000000,2.000953197
FG,2026-03-05T04:00:00.000000,2.094919682
FG,2026-03-05T05:00:00.000000,2.057667971
FG,2026-03-05T06:00:00.000000,2.039491892
FG,2026-03-05T07:00:00.000000,1.935767293
FG,2026-03-05T08:00:00.000000,1.940173149
FG,2026-03-05T09:00:00.000000,1.951734662
FG,2026-03-05T10:00:00.000000,1.965306997
FG,2026-03-05T11:00:00.000000,1.915454388
FG,2026-03-05T12:00:00.000000,1.87910223
FG,2026-03-05T13:00:00.000000,1.895047307
FG,2026-03-05T14:00:00.000000,1.898951173
FG,2026-03-05T15:00:00.000000,1.956752777
FG,2026-03-05T16:00:00.000000,1.985371828
FG,2026-03-05T17:00:00.000000,2.025276184
FG,2026-03-05T18:00:00.000000,2.045582294
FG,2026-03-05T19:00:00.000000,1.987882495
FG,2026-03-05T20:00:00.000000,1.900843501
FG,2026-03-05T21:00:00.000000,1.949542642
FG,2026-03-05T22:00:00.000000,1.930203319
FG,2026-03-05T23:00:00.000000,1.944475532
FG,2026-03-06T00:00:00.000000,1.906988621
FG,2026-03-06T01:00:00.000000,1.930421233
FG,2026-03-06T02:00:00.000000,1.909746051
FG,2026-03-06T03:00:00.000000,1.954027772
FG,2026-03-06T04:00:00.000000,1.98159802
FG,2026-03-06T05:00:00.000000,2.010479927
FG,2026-03-06T06:00:00.000000,2.013988256
FG,2026-03-06T07:00:00.000000,2.003144503
FG,2026-03-06T08:00:00.000000,1.910967946
FG,2026-03-06T09:00:00.000000,1.942944527
FG,2026-03-06T10:00:00.000000,1.955290079
FG,2026-03-06T11:00:00.000000,1.976174474
FG,2026-03-06T12:00:00.000000,1.940213203
FG,2026-03-06T13:00:00.000000,1.949989796
FG,2026-03-06T14:00:00.000000,1.947913647
FG,2026-03-06T15:00:00.000000,1.968856335
FG,2026-03-06T16:00:00.000000,1.994527221
FG,2026-03-06T17:00:00.000000,2.015387297
FG,2026-03-06T18:00:00.000000,2.026471615
FG,2026-03-06T19:00:00.000000,2.039354801
FG,2026-03-06T20:00:00.000000,1.988740087
FG,2026-03-06T21:00:00.000000,1.972465992
FG,2026-03-06T22:00:00.000000,1.989687085
FG,2026-03-06T23:00:00.000000,2.000039101
FG,2026-03-07T00:00:00.000000,2.032074451
FG,2026-03-07T01:00:00.000000,2.014077902
FG,2026-03-07T02:00:00.000000,1.992601752
FG,2026-03-07T03:00:00.000000,2.009076118
FG,2026-03-07T04:00:00.000000,2.033273458
FG,2026-03-07T05:00:00.000000,2.073370695
FG,2026-03-07T06:00:00.000000,2.071967125
FG,2026-03-07T07:00:00.000000,2.072095633
FG,2026-03-07T08:00:00.000000,2.063262463
FG,2026-03-07T09:00:00.000000,1.990392089
FG,2026-03-07T10:00:00.000000,2.053636312
FG,2026-03-07T11:00:00.000000,2.048618317
FG,2026-03-07T12:00:00.000000,2.046388149
FG,2026-03-07T13:00:00.000000,2.026184797
FG,2026-03-07T14:00:00.000000,2.029901743
FG,2026-03-07T15:00:00.000000,2.033042908
FG,2026-03-07T16:00:00.000000,2.058753967
FG,2026-03-07T17:00:00.000000,2.09269619
FG,2026-03-07T18:00:00.000000,2.115432024
FG,2026-03-07T19:00:00.000000,2.120194435
FG,2026-03-07T20:00:00.000000,2.125885487
FG,2026-03-07T21:00:00.000000,2.011929512
FG,2026-03-07T22:00:00.000000,2.071196795
FG,2026-03-07T23:00:00.000000,2.059486389
FG,2026-03-08T00:00:00.000000,2.081839085
FG,2026-03-08T01:00:00.000000,2.078843594
FG,2026-03-08T02:00:00.000000,2.064847946
FG,2026-03-08T03:00:00.000000,2.047688961
FG,2026-03-08T04:00:00.000000,2.084820509
FG,2026-03-08T05:00:00.000000,2.131345987
FG,2026-03-08T06:00:00.000000,2.184241295
FG,2026-03-08T07:00:00.000000,2.194342613
FG,2026-03-08T08:00:00.000000,2.190407753
FG,2026-03-08T09:00:00.000000,2.098496199
FG,2026-03-08T10:00:00.000000,2.085584879
FG,2026-03-08T11:00:00.000000,2.110867023
FG,2026-03-08T12:00:00.000000,2.130964518
FG,2026-03-08T13:00:00.000000,2.116220236
FG,2026-03-08T14:00:00.000000,2.111270905
FG,2026-03-08T15:00:00.000000,2.090946913
FG,2026-03-08T16:00:00.000000,2.128781557
FG,2026-03-08T17:00:00.000000,2.16162467
FG,2026-03-08T18:00:00.000000,2.207452774
FG,2026-03-08T19:00:00.000000,2.224582195
FG,2026-03-08T20:00:00.000000,2.228273392
FG,2026-03-08T21:00:00.000000,2.197852612
FG,2026-03-08T22:00:00.000000,2.116829157
FG,2026-03-08T23:00:00.000000,2.15009737
FG,2026-03-09T00:00:00.000000,2.161274672
FG,2026-03-09T01:00:00.000000,2.148221016
FG,2026-03-09T02:00:00.000000,2.114246607
FG,2026-03-09T03:00:00.000000,2.059854984
FG,2026-03-09T04:00:00.000000,2.077966928
FG,2026-03-09T05:00:00.000000,2.122617245
FG,2026-03-09T06:00:00.000000,2.177518368
FG,2026-03-09T07:00:00.000000,2.204934835
FG,2026-03-09T08:00:00.000000,2.202972412
FG,2026-03-09T09:00:00.000000,2.18099165
FG,2026-03-09T10:00:00.000000,2.055529833
FG,2026-03-09T11:00:00.000000,2.110381603
FG,2026-03-09T12:00:00.000000,2.116575003
FG,2026-03-09T13:00:00.000000,2.117083549
FG,2026-03-09T14:00:00.000000,2.007374287
FG,2026-03-09T15:00:00.000000,1.992831945
FG,2026-03-09T16:00:00.000000,2.030352116
FG,2026-03-09T17:00:00.000000,2.098836899
FG,2026-03-09T18:00:00.000000,2.157750845
FG,2026-03-09T19:00:00.000000,2.185969114
FG,2026-03-09T20:00:00.000000,2.186025381
FG,2026-03-09T21:00:00.000000,2.175512314
FG,2026-03-09T22:00:00.000000,2.042127132
FG,2026-03-09T23:00:00.000000,2.090004921
FG,2026-03-10T00:00:00.000000,2.080776691
GI,2026-03-02T01:00:00.000000,1.961451411
GI,2026-03-02T02:00:00.000000,1.929913402
GI,2026-03-02T03:00:00.000000,1.934690356
GI,2026-03-02T04:00:00.000000,1.932819605
GI,2026-03-02T05:00:00.000000,1.933954358
GI,2026-03-02T06:00:00.000000,1.933954358
GI,2026-03-02T07:00:00.000000,1.933954358
GI,2026-03-02T08:00:00.000000,1.931519151
GI,2026-03-02T09:00:00.000000,1.902423382
GI,2026-03-02T10:00:00.000000,1.925141692
GI,2026-03-02T11:00:00.000000,1.926761985
GI,2026-03-02T12:00:00.000000,1.923578739
GI,2026-03-02T13:00:00.000000,1.922139168
GI,2026-03-02T14:00:00.000000,1.92000103
GI,2026-03-02T15:00:00.000000,1.908251405
GI,2026-03-02T16:00:00.000000,1.903035879
GI,2026-03-02T17:00:00.000000,1.915181518
GI,2026-03-02T18:00:00.000000,1.901352048
GI,2026-03-02T19:00:00.000000,1.903618455
GI,2026-03-02T20:00:00.000000,1.90465796
GI,2026-03-02T21:00:00.000000,1.907322645
GI,2026-03-02T22:00:00.000000,1.949244738
GI,2026-03-02T23:00:00.000000,1.987713933
GI,2026-03-03T00:00:00.000000,1.989290476
GI,2026-03-03T01:00:00.000000,1.988078594
GI,2026-03-03T02:00:00.000000,1.977312326
GI,2026-03-03T03:00:00.000000,1.974581838
GI,2026-03-03T04:00:00.000000,1.938164353
GI,2026-03-03T05:00:00.000000,1.906242251
GI,2026-03-03T06:00:00.000000,1.91590476
GI,2026-03-03T07:00:00.000000,1.881530523
GI,2026-03-03T08:00:00.000000,1.88939023
GI,2026-03-03T09:00:00.000000,1.89934957
GI,2026-03-03T10:00:00.000000,1.884989023
GI,2026-03-03T11:00:00.000000,1.863595605
GI,2026-03-03T12:00:00.000000,1.857168198
GI,2026-03-03T13:00:00.000000,1.854632854
GI,2026-03-03T14:00:00.000000,1.859553337
GI,2026-03-03T15:00:00.000000,1.871145487
GI,2026-03-03T16:00:00.000000,1.878699541
GI,2026-03-03T17:00:00.000000,1.882007718
GI,2026-03-03T18:00:00.000000,1.886105299
GI,2026-03-03T19:00:00.000000,1.887258649
GI,2026-03-03T20:00:00.000000,1.894409657
GI,2026-03-03T21:00:00.000000,1.886674523
GI,2026-03-03T22:00:00.000000,1.885339379
GI,2026-03-03T23:00:00.000000,1.893240333
GI,2026-03-04T00:00:00.000000,1.899640799
GI,2026-03-04T01:00:00.000000,1.896855831
GI,2026-03-04T02:00:00.000000,1.892558336
GI,2026-03-04T03:00:00.000000,1.87641573
GI,2026-03-04T04:00:00.000000,1.876000881
GI,2026-03-04T05:00:00.000000,1.871800303
GI,2026-03-04T06:00:00.000000,1.861671686
GI,2026-03-04T07:00:00.000000,1.801261663
GI,2026-03-04T08:00:00.000000,1.794224858
GI,2026-03-04T09:00:00.000000,1.788669109
GI,2026-03-04T10:00:00.000000,1.834176421
GI,2026-03-04T11:00:00.000000,1.886042714
GI,2026-03-04T12:00:00.000000,1.903407454
GI,2026-03-04T13:00:00.000000,1.906915069
GI,2026-03-04T14:00:00.000000,1.908927202
GI,2026-03-04T15:00:00.000000,1.910002828
GI,2026-03-04T16:00:00.000000,1.887738824
GI,2026-03-04T17:00:00.000000,1.874902844
GI,2026-03-04T18:00:00.000000,1.866053462
GI,2026-03-04T19:00:00.000000,1.879589796
GI,2026-03-04T20:00:00.000000,1.869181037
GI,2026-03-04T21:00:00.000000,1.866455674
GI,2026-03-04T22:00:00.000000,1.88155818
GI,2026-03-04T23:00:00.000000,1.940959811
GI,2026-03-05T00:00:00.000000,1.979062319
GI,2026-03-05T01:00:00.000000,1.98492229
GI,2026-03-05T02:00:00.000000,1.984764695
GI,2026-03-05T03:00:00.000000,1.969300866
GI,2026-03-05T04:00:00.000000,1.925485611
GI,2026-03-05T05:00:00.000000,1.897588253
GI,2026-03-05T06:00:00.000000,1.9138726
GI,2026-03-05T07:00:00.000000,1.882915139
GI,2026-03-05T08:00:00.000000,1.887856007
GI,2026-03-05T09:00:00.000000,1.896062374
GI,2026-03-05T10:00:00.000000,1.887172699
GI,2026-03-05T11:00:00.000000,1.890979171
GI,2026-03-05T12:00:00.000000,2.005973339
GI,2026-03-05T13:00:00.000000,2.051958323
GI,2026-03-05T14:00:00.000000,2.057904482
GI,2026-03-05T15:00:00.000000,2.058315754
GI,2026-03-05T16:00:00.000000,2.01217556
GI,2026-03-05T17:00:00.000000,1.962898135
GI,2026-03-05T18:00:00.000000,1.935542107
GI,2026-03-05T19:00:00.000000,1.948415041
GI,2026-03-05T20:00:00.000000,1.913450837
GI,2026-03-05T21:00:00.000000,1.912161946
GI,2026-03-05T22:00:00.000000,1.921810627
GI,2026-03-05T23:00:00.000000,1.991123199
GI,2026-03-06T00:00:00.000000,2.077956915
GI,2026-03-06T01:00:00.000000,2.094520807
GI,2026-03-06T02:00:00.000000,2.088895321
GI,2026-03-06T03:00:00.000000,2.075763464
GI,2026-03-06T04:00:00.000000,2.058799744
GI,2026-03-06T05:00:00.000000,1.99624896
GI,2026-03-06T06:00:00.000000,1.968499303
GI,2026-03-06T07:00:00.000000,1.948369622
GI,2026-03-06T08:00:00.000000,1.944565296
GI,2026-03-06T09:00:00.000000,1.907864928
GI,2026-03-06T10:00:00.000000,1.901287675
GI,2026-03-06T11:00:00.000000,1.903652906
GI,2026-03-06T12:00:00.000000,1.958065391
GI,2026-03-06T13:00:00.000000,2.065074921
GI,2026-03-06T14:00:00.000000,2.084509134
GI,2026-03-06T15:00:00.000000,2.091194868
GI,2026-03-06T16:00:00.000000,2.05543828
GI,2026-03-06T17:00:00.000000,1.97401166
GI,2026-03-06T18:00:00.000000,1.944251776
GI,2026-03-06T19:00:00.000000,1.939607382
GI,2026-03-06T20:00:00.000000,1.939819217
GI,2026-03-06T21:00:00.000000,1.951795816
GI,2026-03-06T22:00:00.000000,1.951879621
GI,2026-03-06T23:00:00.000000,1.956017852
GI,2026-03-07T00:00:00.000000,1.973677397
GI,2026-03-07T01:00:00.000000,2.100087881
GI,2026-03-07T02:00:00.000000,2.134231567
GI,2026-03-07T03:00:00.000000,2.141564369
GI,2026-03-07T04:00:00.000000,2.13422513
GI,2026-03-07T05:00:00.000000,2.042119741
GI,2026-03-07T06:00:00.000000,1.988533139
GI,2026-03-07T07:00:00.000000,1.966350913
GI,2026-03-07T08:00:00.000000,1.964317083
GI,2026-03-07T09:00:00.000000,1.968218803
GI,2026-03-07T10:00:00.000000,1.965280652
GI,2026-03-07T11:00:00.000000,1.981027603
GI,2026-03-07T12:00:00.000000,1.971072435
GI,2026-03-07T13:00:00.000000,2.054342747
GI,2026-03-07T14:00:00.000000,2.107361555
GI,2026-03-07T15:00:00.000000,2.116802931
GI,2026-03-07T16:00:00.000000,2.120648623
GI,2026-03-07T17:00:00.000000,2.077636719
GI,2026-03-07T18:00:00.000000,2.015782118
GI,2026-03-07T19:00:00.000000,2.003110409
GI,2026-03-07T20:00:00.000000,1.99968493
GI,2026-03-07T21:00:00.000000,2.003632069
GI,2026-03-07T22:00:00.000000,2.00372982
GI,2026-03-07T23:00:00.000000,2.007309914
GI,2026-03-08T00:00:00.000000,2.013068676
GI,2026-03-08T01:00:00.000000,2.084149122
GI,2026-03-08T02:00:00.000000,2.129675865
GI,2026-03-08T03:00:00.000000,2.140774488
GI,2026-03-08T04:00:00.000000,2.143500805
GI,2026-03-08T05:00:00.000000,2.136305332
GI,2026-03-08T06:00:00.000000,2.079825163
GI,2026-03-08T07:00:00.000000,2.039733648
GI,2026-03-08T08:00:00.000000,2.025415421
GI,2026-03-08T09:00:00.000000,2.023868799
GI,2026-03-08T10:00:00.000000,2.02162385
GI,2026-03-08T11:00:00.000000,2.01465106
GI,2026-03-08T12:00:00.000000,2.018037796
GI,2026-03-08T13:00:00.000000,2.031561613
GI,2026-03-08T14:00:00.000000,2.053289175
GI,2026-03-08T15:00:00.000000,2.083267927
GI,2026-03-08T16:00:00.000000,2.111254215
GI,2026-03-08T17:00:00.000000,2.110902548
GI,2026-03-08T18:00:00.000000,2.053975821
GI,2026-03-08T19:00:00.000000,2.040119648
GI,2026-03-08T20:00:00.000000,2.059666872
GI,2026-03-08T21:00:00.000000,2.033659697
GI,2026-03-08T22:00:00.000000,2.042639494
GI,2026-03-08T23:00:00.000000,2.03142333
GI,2026-03-09T00:00:00.000000,2.023931742
GI,2026-03-09T01:00:00.000000,2.05649519
GI,2026-03-09T02:00:00.000000,2.141205311
GI,2026-03-09T03:00:00.000000,2.192418575
GI,2026-03-09T04:00:00.000000,2.202001095
GI,2026-03-09T05:00:00.000000,2.204874039
GI,2026-03-09T06:00:00.000000,2.166540861
GI,2026-03-09T07:00:00.000000,2.095008612
GI,2026-03-09T08:00:00.000000,2.057121754
GI,2026-03-09T09:00:00.000000,2.041039705
GI,2026-03-09T10:00:00.000000,2.045660496
GI,2026-03-09T11:00:00.000000,2.04363513
GI,2026-03-09T12:00:00.000000,2.052520752
GI,2026-03-09T13:00:00.000000,2.075864553
GI,2026-03-09T14:00:00.000000,2.126106262
GI,2026-03-09T15:00:00.000000,2.175099611
GI,2026-03-09T16:00:00.000000,2.193806171
GI,2026-03-09T17:00:00.000000,2.200017452
GI,2026-03-09T18:00:00.000000,2.178214073
GI,2026-03-09T19:00:00.000000,2.125550985
GI,2026-03-09T20:00:00.000000,2.093512058
GI,2026-03-09T21:00:00.000000,2.085969925
GI,2026-03-09T22:00:00.000000,2.114291191
GI,2026-03-09T23:00:00.000000,2.119796515
GI,2026-03-10T00:00:00.000000,2.128359795
JB,2026-03-02T01:00:00.000000,1.87959826
JB,2026-03-02T02:00:00.000000,1.888722658
JB,2026-03-02T03:00:00.000000,1.889697552
JB,2026-03-02T04:00:00.000000,1.889697552
JB,2026-03-02T05:00:00.000000,1.889697552
JB,2026-03-02T06:00:00.000000,1.889697552
JB,2026-03-02T07:00:00.000000,1.889697552
JB,2026-03-02T08:00:00.000000,1.891580224
JB,2026-03-02T09:00:00.000000,1.90227747
JB,2026-03-02T10:00:00.000000,1.90009582
JB,2026-03-02T11:00:00.000000,1.851191044
JB,2026-03-02T12:00:00.000000,1.813442826
JB,2026-03-02T13:00:00.000000,1.827474236
JB,2026-03-02T14:00:00.000000,1.846154928
JB,2026-03-02T15:00:00.000000,1.847345352
JB,2026-03-02T16:00:00.000000,1.859917879
JB,2026-03-02T17:00:00.000000,1.907286763
JB,2026-03-02T18:00:00.000000,1.907301545
JB,2026-03-02T19:00:00.000000,1.907301545
JB,2026-03-02T20:00:00.000000,1.876368999
JB,2026-03-02T21:00:00.000000,1.924467206
JB,2026-03-02T22:00:00.000000,1.930762291
JB,2026-03-02T23:00:00.000000,1.883305192
JB,2026-03-03T00:00:00.000000,1.824587107
JB,2026-03-03T01:00:00.000000,1.903675079
JB,2026-03-03T02:00:00.000000,1.913082719
JB,2026-03-03T03:00:00.000000,1.888080835
JB,2026-03-03T04:00:00.000000,1.896469712
JB,2026-03-03T05:00:00.000000,1.911592007
JB,2026-03-03T06:00:00.000000,1.911269069
JB,2026-03-03T07:00:00.000000,1.911269069
JB,2026-03-03T08:00:00.000000,1.911049128
JB,2026-03-03T09:00:00.000000,1.910645723
JB,2026-03-03T10:00:00.000000,1.887763619
JB,2026-03-03T11:00:00.000000,1.761423111
JB,2026-03-03T12:00:00.000000,1.83929491
JB,2026-03-03T13:00:00.000000,1.841465235
JB,2026-03-03T14:00:00.000000,1.844426274
JB,2026-03-03T15:00:00.000000,1.840412378
JB,2026-03-03T16:00:00.000000,1.839689255
JB,2026-03-03T17:00:00.000000,1.836541057
JB,2026-03-03T18:00:00.000000,1.833575845
JB,2026-03-03T19:00:00.000000,1.856920838
JB,2026-03-03T20:00:00.000000,1.859870672
JB,2026-03-03T21:00:00.000000,1.872840405
JB,2026-03-03T22:00:00.000000,1.929676294
JB,2026-03-03T23:00:00.000000,1.896104097
JB,2026-03-04T00:00:00.000000,1.823586345
JB,2026-03-04T01:00:00.000000,1.8406322
JB,2026-03-04T02:00:00.000000,1.903536916
JB,2026-03-04T03:00:00.000000,1.908246398
JB,2026-03-04T04:00:00.000000,1.91209507
JB,2026-03-04T05:00:00.000000,1.894112468
JB,2026-03-04T06:00:00.000000,1.876809359
JB,2026-03-04T07:00:00.000000,1.954048157
JB,2026-03-04T08:00:00.000000,1.954277396
JB,2026-03-04T09:00:00.000000,1.878692269
JB,2026-03-04T10:00:00.000000,1.884239674
JB,2026-03-04T11:00:00.000000,1.9575001
JB,2026-03-04T12:00:00.000000,1.903200507
JB,2026-03-04T13:00:00.000000,1.847336054
JB,2026-03-04T14:00:00.000000,1.883224607
JB,2026-03-04T15:00:00.000000,1.953800559
JB,2026-03-04T16:00:00.000000,1.973410845
JB,2026-03-04T17:00:00.000000,1.958724022
JB,2026-03-04T18:00:00.000000,1.94239819
JB,2026-03-04T19:00:00.000000,2.050570965
JB,2026-03-04T20:00:00.000000,2.274684668
JB,2026-03-04T21:00:00.000000,1.973895907
JB,2026-03-04T22:00:00.000000,1.96457684
JB,2026-03-04T23:00:00.000000,1.97898829
JB,2026-03-05T00:00:00.000000,1.93722868
JB,2026-03-05T01:00:00.000000,1.891120076
JB,2026-03-05T02:00:00.000000,1.920831561
JB,2026-03-05T03:00:00.000000,2.032826662
JB,2026-03-05T04:00:00.000000,2.034967422
JB,2026-03-05T05:00:00.000000,2.000645161
JB,2026-03-05T06:00:00.000000,1.986301661
JB,2026-03-05T07:00:00.000000,1.986301661
JB,2026-03-05T08:00:00.000000,1.986301661
JB,2026-03-05T09:00:00.000000,1.986301661
JB,2026-03-05T10:00:00.000000,2.016924143
JB,2026-03-05T11:00:00.000000,2.064371109
JB,2026-03-05T12:00:00.000000,2.058497906
JB,2026-03-05T13:00:00.000000,1.973556638
JB,2026-03-05T14:00:00.000000,1.941160083
JB,2026-03-05T15:00:00.000000,2.0340693
JB,2026-03-05T16:00:00.000000,2.060816526
JB,2026-03-05T17:00:00.000000,2.044677734
JB,2026-03-05T18:00:00.000000,2.01295948
JB,2026-03-05T19:00:00.000000,2.091728926
JB,2026-03-05T20:00:00.000000,2.33575654
JB,2026-03-05T21:00:00.000000,2.087193012
JB,2026-03-05T22:00:00.000000,2.004754066
JB,2026-03-05T23:00:00.000000,2.043288946
JB,2026-03-06T00:00:00.000000,2.130656242
JB,2026-03-06T01:00:00.000000,2.07619524
JB,2026-03-06T02:00:00.000000,1.997720718
JB,2026-03-06T03:00:00.000000,2.061664343
JB,2026-03-06T04:00:00.000000,2.14168191
JB,2026-03-06T05:00:00.000000,2.169899464
JB,2026-03-06T06:00:00.000000,2.135367155
JB,2026-03-06T07:00:00.000000,2.109139442
JB,2026-03-06T08:00:00.000000,2.182242155
JB,2026-03-06T09:00:00.000000,2.162398577
JB,2026-03-06T10:00:00.000000,2.050268173
JB,2026-03-06T11:00:00.000000,2.091791153
JB,2026-03-06T12:00:00.000000,2.157453775
JB,2026-03-06T13:00:00.000000,2.158212423
JB,2026-03-06T14:00:00.000000,2.054881811
JB,2026-03-06T15:00:00.000000,2.034619093
JB,2026-03-06T16:00:00.000000,2.147649765
JB,2026-03-06T17:00:00.000000,2.166211843
JB,2026-03-06T18:00:00.000000,2.122556448
JB,2026-03-06T19:00:00.000000,2.112468481
JB,2026-03-06T20:00:00.000000,2.190707922
JB,2026-03-06T21:00:00.000000,2.19538641
JB,2026-03-06T22:00:00.000000,2.12185216
JB,2026-03-06T23:00:00.000000,2.082069635
JB,2026-03-07T00:00:00.000000,2.154063463
JB,2026-03-07T01:00:00.000000,2.148578644
JB,2026-03-07T02:00:00.000000,2.047061682
JB,2026-03-07T03:00:00.000000,2.003835917
JB,2026-03-07T04:00:00.000000,2.07482338
JB,2026-03-07T05:00:00.000000,2.092668533
JB,2026-03-07T06:00:00.000000,2.057993412
JB,2026-03-07T07:00:00.000000,2.063751459
JB,2026-03-07T08:00:00.000000,2.051909685
JB,2026-03-07T09:00:00.000000,2.108150959
JB,2026-03-07T10:00:00.000000,2.060636997
JB,2026-03-07T11:00:00.000000,2.027655363
JB,2026-03-07T12:00:00.000000,2.057487011
JB,2026-03-07T13:00:00.000000,2.06093955
JB,2026-03-07T14:00:00.000000,2.022475004
JB,2026-03-07T15:00:00.000000,1.981141686
JB,2026-03-07T16:00:00.000000,2.081038475
JB,2026-03-07T17:00:00.000000,2.087034702
JB,2026-03-07T18:00:00.000000,2.054923058
JB,2026-03-07T19:00:00.000000,2.054232836
JB,2026-03-07T20:00:00.000000,2.045879602
JB,2026-03-07T21:00:00.000000,2.07827878
JB,2026-03-07T22:00:00.000000,2.093417645
JB,2026-03-07T23:00:00.000000,2.04358983
JB,2026-03-08T00:00:00.000000,2.013784647
JB,2026-03-08T01:00:00.000000,2.015473843
JB,2026-03-08T02:00:00.000000,2.034104824
JB,2026-03-08T03:00:00.000000,1.998918295
JB,2026-03-08T04:00:00.000000,2.015836954
JB,2026-03-08T05:00:00.000000,2.063719988
JB,2026-03-08T06:00:00.000000,2.061157942
JB,2026-03-08T07:00:00.000000,2.059225559
JB,2026-03-08T08:00:00.000000,2.061599493
JB,2026-03-08T09:00:00.000000,2.059203863
JB,2026-03-08T10:00:00.000000,2.059067965
JB,2026-03-08T11:00:00.000000,2.058075905
JB,2026-03-08T12:00:00.000000,2.066748857
JB,2026-03-08T13:00:00.000000,2.065587997
JB,2026-03-08T14:00:00.000000,2.06775856
JB,2026-03-08T15:00:00.000000,2.064806938
JB,2026-03-08T16:00:00.000000,2.020169497
JB,2026-03-08T17:00:00.000000,2.111475945
JB,2026-03-08T18:00:00.000000,2.153403997
JB,2026-03-08T19:00:00.000000,2.152950287
JB,2026-03-08T20:00:00.000000,2.154148102
JB,2026-03-08T21:00:00.000000,2.151115656
JB,2026-03-08T22:00:00.000000,2.151115656
JB,2026-03-08T23:00:00.000000,2.218453169
JB,2026-03-09T00:00:00.000000,2.080955982
JB,2026-03-09T01:00:00.000000,2.057430744
JB,2026-03-09T02:00:00.000000,2.107420444
JB,2026-03-09T03:00:00.000000,2.107103109
JB,2026-03-09T04:00:00.000000,2.07008934
JB,2026-03-09T05:00:00.000000,2.13455987
JB,2026-03-09T06:00:00.000000,2.144305706
JB,2026-03-09T07:00:00.000000,2.096001387
JB,2026-03-09T08:00:00.000000,2.154749155
JB,2026-03-09T09:00:00.000000,2.147594213
JB,2026-03-09T10:00:00.000000,2.159370899
JB,2026-03-09T11:00:00.000000,2.152107954
JB,2026-03-09T12:00:00.000000,2.075718403
JB,2026-03-09T13:00:00.000000,2.082969904
JB,2026-03-09T14:00:00.000000,2.167241096
JB,2026-03-09T15:00:00.000000,2.138650656
JB,2026-03-09T16:00:00.000000,2.054230213
JB,2026-03-09T17:00:00.000000,2.109203815
JB,2026-03-09T18:00:00.000000,2.190628052
JB,2026-03-09T19:00:00.000000,2.120233297
JB,2026-03-09T20:00:00.000000,2.078234196
JB,2026-03-09T21:00:00.000000,2.102030277
JB,2026-03-09T22:00:00.000000,2.121412039
JB,2026-03-09T23:00:00.000000,2.171396494
JB,2026-03-10T00:00:00.000000,2.092803001
NA,2026-03-02T01:00:00.000000,2.129856348
NA,2026-03-02T02:00:00.000000,2.129383087
NA,2026-03-02T03:00:00.000000,2.128347635
NA,2026-03-02T04:00:00.000000,2.127705336
NA,2026-03-02T05:00:00.000000,2.127109289
NA,2026-03-02T06:00:00.000000,2.125671148
NA,2026-03-02T07:00:00.000000,2.124038935
NA,2026-03-02T08:00:00.000000,2.122481585
NA,2026-03-02T09:00:00.000000,2.121119022
NA,2026-03-02T10:00:00.000000,2.119969606
NA,2026-03-02T11:00:00.000000,2.121199846
NA,2026-03-02T12:00:00.000000,2.124202013
NA,2026-03-02T13:00:00.000000,2.126749039
NA,2026-03-02T14:00:00.000000,2.127871752
NA,2026-03-02T15:00:00.000000,2.129291296
NA,2026-03-02T16:00:00.000000,2.131457806
NA,2026-03-02T17:00:00.000000,2.132834435
NA,2026-03-02T18:00:00.000000,2.133620024
NA,2026-03-02T19:00:00.000000,2.133803844
NA,2026-03-02T20:00:00.000000,2.133143187
NA,2026-03-02T21:00:00.000000,2.131452084
NA,2026-03-02T22:00:00.000000,2.129542589
NA,2026-03-02T23:00:00.000000,2.130757332
NA,2026-03-03T00:00:00.000000,2.135745764
NA,2026-03-03T01:00:00.000000,2.137293339
NA,2026-03-03T02:00:00.000000,2.13333559
NA,2026-03-03T03:00:00.000000,2.12761116
NA,2026-03-03T04:00:00.000000,2.121824741
NA,2026-03-03T05:00:00.000000,2.117646217
NA,2026-03-03T06:00:00.000000,2.111433983
NA,2026-03-03T07:00:00.000000,2.105388403
NA,2026-03-03T08:00:00.000000,2.10014677
NA,2026-03-03T09:00:00.000000,2.095365763
NA,2026-03-03T10:00:00.000000,2.091237307
NA,2026-03-03T11:00:00.000000,2.086804628
NA,2026-03-03T12:00:00.000000,2.082364559
NA,2026-03-03T13:00:00.000000,2.083822966
NA,2026-03-03T14:00:00.000000,2.088240385
NA,2026-03-03T15:00:00.000000,2.089435339
NA,2026-03-03T16:00:00.000000,2.089795351
NA,2026-03-03T17:00:00.000000,2.088845253
NA,2026-03-03T18:00:00.000000,2.086734295
NA,2026-03-03T19:00:00.000000,2.083029747
NA,2026-03-03T20:00:00.000000,2.079651356
NA,2026-03-03T21:00:00.000000,2.076261997
NA,2026-03-03T22:00:00.000000,2.073173285
NA,2026-03-03T23:00:00.000000,2.073703051
NA,2026-03-04T00:00:00.000000,2.075137854
NA,2026-03-04T01:00:00.000000,2.072187424
NA,2026-03-04T02:00:00.000000,2.07646513
NA,2026-03-04T03:00:00.000000,2.071065664
NA,2026-03-04T04:00:00.000000,2.066030025
NA,2026-03-04T05:00:00.000000,2.05822134
NA,2026-03-04T06:00:00.000000,2.055362463
NA,2026-03-04T07:00:00.000000,2.055124521
NA,2026-03-04T08:00:00.000000,2.055073738
NA,2026-03-04T09:00:00.000000,2.05256629
NA,2026-03-04T10:00:00.000000,2.046883345
NA,2026-03-04T11:00:00.000000,2.046380043
NA,2026-03-04T12:00:00.000000,2.04741168
NA,2026-03-04T13:00:00.000000,2.052590132
NA,2026-03-04T14:00:00.000000,2.070821762
NA,2026-03-04T15:00:00.000000,2.0924263
NA,2026-03-04T16:00:00.000000,2.102006912
NA,2026-03-04T17:00:00.000000,2.105930805
NA,2026-03-04T18:00:00.000000,2.103680134
NA,2026-03-04T19:00:00.000000,2.097832918
NA,2026-03-04T20:00:00.000000,2.089222193
NA,2026-03-04T21:00:00.000000,2.084022522
NA,2026-03-04T22:00:00.000000,2.080883503
NA,2026-03-04T23:00:00.000000,2.080731392
NA,2026-03-05T00:00:00.000000,2.090168953
NA,2026-03-05T01:00:00.000000,2.109231234
NA,2026-03-05T02:00:00.000000,2.115745544
NA,2026-03-05T03:00:00.000000,2.126933575
NA,2026-03-05T04:00:00.000000,2.132775307
NA,2026-03-05T05:00:00.000000,2.131165504
NA,2026-03-05T06:00:00.000000,2.122227192
NA,2026-03-05T07:00:00.000000,2.111502647
NA,2026-03-05T08:00:00.000000,2.102603197
NA,2026-03-05T09:00:00.000000,2.095451355
NA,2026-03-05T10:00:00.000000,2.091158867
NA,2026-03-05T11:00:00.000000,2.090045929
NA,2026-03-05T12:00:00.000000,2.094674587
NA,2026-03-05T13:00:00.000000,2.114197016
NA,2026-03-05T14:00:00.000000,2.127023458
NA,2026-03-05T15:00:00.000000,2.138470173
NA,2026-03-05T16:00:00.000000,2.153842449
NA,2026-03-05T17:00:00.000000,2.159904242
NA,2026-03-05T18:00:00.000000,2.162239075
NA,2026-03-05T19:00:00.000000,2.161668777
NA,2026-03-05T20:00:00.000000,2.157777309
NA,2026-03-05T21:00:00.000000,2.152944565
NA,2026-03-05T22:00:00.000000,2.14953661
NA,2026-03-05T23:00:00.000000,2.155660629
NA,2026-03-06T00:00:00.000000,2.160932064
NA,2026-03-06T01:00:00.000000,2.157073736
NA,2026-03-06T02:00:00.000000,2.151605129
NA,2026-03-06T03:00:00.000000,2.15683341
NA,2026-03-06T04:00:00.000000,2.153889179
NA,2026-03-06T05:00:00.000000,2.150866508
NA,2026-03-06T06:00:00.000000,2.143093109
NA,2026-03-06T07:00:00.000000,2.133010149
NA,2026-03-06T08:00:00.000000,2.120671988
NA,2026-03-06T09:00:00.000000,2.104153156
NA,2026-03-06T10:00:00.000000,2.096359491
NA,2026-03-06T11:00:00.000000,2.093902588
NA,2026-03-06T12:00:00.000000,2.098045588
NA,2026-03-06T13:00:00.000000,2.106822968
NA,2026-03-06T14:00:00.000000,2.111911535
NA,2026-03-06T15:00:00.000000,2.146312237
NA,2026-03-06T16:00:00.000000,2.171183109
NA,2026-03-06T17:00:00.000000,2.180674314
NA,2026-03-06T18:00:00.000000,2.185311079
NA,2026-03-06T19:00:00.000000,2.187147617
NA,2026-03-06T20:00:00.000000,2.184412241
NA,2026-03-06T21:00:00.000000,2.178802252
NA,2026-03-06T22:00:00.000000,2.173830271
NA,2026-03-06T23:00:00.000000,2.169779062
NA,2026-03-07T00:00:00.000000,2.168700695
NA,2026-03-07T01:00:00.000000,2.182269096
NA,2026-03-07T02:00:00.000000,2.195563078
NA,2026-03-07T03:00:00.000000,2.202483892
NA,2026-03-07T04:00:00.000000,2.217497349
NA,2026-03-07T05:00:00.000000,2.22420001
NA,2026-03-07T06:00:00.000000,2.225890398
NA,2026-03-07T07:00:00.000000,2.225542545
NA,2026-03-07T08:00:00.000000,2.219872475
NA,2026-03-07T09:00:00.000000,2.209239483
NA,2026-03-07T10:00:00.000000,2.199736118
NA,2026-03-07T11:00:00.000000,2.191376209
NA,2026-03-07T12:00:00.000000,2.184976578
NA,2026-03-07T13:00:00.000000,2.182823181
NA,2026-03-07T14:00:00.000000,2.196774244
NA,2026-03-07T15:00:00.000000,2.214455366
NA,2026-03-07T16:00:00.000000,2.220692396
NA,2026-03-07T17:00:00.000000,2.231308937
NA,2026-03-07T18:00:00.000000,2.237016201
NA,2026-03-07T19:00:00.000000,2.235939026
NA,2026-03-07T20:00:00.000000,2.227528572
NA,2026-03-07T21:00:00.000000,2.215769529
NA,2026-03-07T22:00:00.000000,2.201989651
NA,2026-03-07T23:00:00.000000,2.191221237
NA,2026-03-08T00:00:00.000000,2.185516834
NA,2026-03-08T01:00:00.000000,2.183745623
NA,2026-03-08T02:00:00.000000,2.197017431
NA,2026-03-08T03:00:00.000000,2.21675849
NA,2026-03-08T04:00:00.000000,2.224067926
NA,2026-03-08T05:00:00.000000,2.237912178
NA,2026-03-08T06:00:00.000000,2.244496107
NA,2026-03-08T07:00:00.000000,2.236148119
NA,2026-03-08T08:00:00.000000,2.215241194
NA,2026-03-08T09:00:00.000000,2.198439121
NA,2026-03-08T10:00:00.000000,2.192884684
NA,2026-03-08T11:00:00.000000,2.19229269
NA,2026-03-08T12:00:00.000000,2.193761826
NA,2026-03-08T13:00:00.000000,2.195442438
NA,2026-03-08T14:00:00.000000,2.197215319
NA,2026-03-08T15:00:00.000000,2.200484991
NA,2026-03-08T16:00:00.000000,2.206337214
NA,2026-03-08T17:00:00.000000,2.213498354
NA,2026-03-08T18:00:00.000000,2.218573093
NA,2026-03-08T19:00:00.000000,2.22159934
NA,2026-03-08T20:00:00.000000,2.221301317
NA,2026-03-08T21:00:00.000000,2.218682766
NA,2026-03-08T22:00:00.000000,2.215531826
NA,2026-03-08T23:00:00.000000,2.212502956
NA,2026-03-09T00:00:00.000000,2.209014416
NA,2026-03-09T01:00:00.000000,2.207285881
NA,2026-03-09T02:00:00.000000,2.208342791
NA,2026-03-09T03:00:00.000000,2.211257935
NA,2026-03-09T04:00:00.000000,2.211462736
NA,2026-03-09T05:00:00.000000,2.212095499
NA,2026-03-09T06:00:00.000000,2.214981318
NA,2026-03-09T07:00:00.000000,2.222625732
NA,2026-03-09T08:00:00.000000,2.226768494
NA,2026-03-09T09:00:00.000000,2.225619078
NA,2026-03-09T10:00:00.000000,2.220943451
NA,2026-03-09T11:00:00.000000,2.215046883
NA,2026-03-09T12:00:00.000000,2.211021423
NA,2026-03-09T13:00:00.000000,2.209340096
NA,2026-03-09T14:00:00.000000,2.210078001
NA,2026-03-09T15:00:00.000000,2.220005035
NA,2026-03-09T16:00:00.000000,2.244543552
NA,2026-03-09T17:00:00.000000,2.255897284
NA,2026-03-09T18:00:00.000000,2.265058756
NA,2026-03-09T19:00:00.000000,2.274919033
NA,2026-03-09T20:00:00.000000,2.278264284
NA,2026-03-09T21:00:00.000000,2.27480197
NA,2026-03-09T22:00:00.000000,2.268000603
NA,2026-03-09T23:00:00.000000,2.261708975
NA,2026-03-10T00:00:00.000000,2.25630331
NK,2026-03-02T01:00:00.000000,2.148884773
NK,2026-03-02T02:00:00.000000,2.149359226
NK,2026-03-02T03:00:00.000000,2.148877621
NK,2026-03-02T04:00:00.000000,2.143138647
NK,2026-03-02T05:00:00.000000,2.128525972
NK,2026-03-02T06:00:00.000000,2.111166
NK,2026-03-02T07:00:00.000000,2.094692945
NK,2026-03-02T08:00:00.000000,2.079072952
NK,2026-03-02T09:00:00.000000,2.066553116
NK,2026-03-02T10:00:00.000000,2.063327312
NK,2026-03-02T11:00:00.000000,2.079002142
NK,2026-03-02T12:00:00.000000,2.108351707
NK,2026-03-02T13:00:00.000000,2.126976252
NK,2026-03-02T14:00:00.000000,2.129375935
NK,2026-03-02T15:00:00.000000,2.131577253
NK,2026-03-02T16:00:00.000000,2.134429216
NK,2026-03-02T17:00:00.000000,2.135961533
NK,2026-03-02T18:00:00.000000,2.132712603
NK,2026-03-02T19:00:00.000000,2.125993729
NK,2026-03-02T20:00:00.000000,2.116717815
NK,2026-03-02T21:00:00.000000,2.106697559
NK,2026-03-02T22:00:00.000000,2.09932065
NK,2026-03-02T23:00:00.000000,2.103829384
NK,2026-03-03T00:00:00.000000,2.115936279
NK,2026-03-03T01:00:00.000000,2.129328728
NK,2026-03-03T02:00:00.000000,2.133655071
NK,2026-03-03T03:00:00.000000,2.130375624
NK,2026-03-03T04:00:00.000000,2.125278234
NK,2026-03-03T05:00:00.000000,2.120416403
NK,2026-03-03T06:00:00.000000,2.114960909
NK,2026-03-03T07:00:00.000000,2.106994152
NK,2026-03-03T08:00:00.000000,2.096295357
NK,2026-03-03T09:00:00.000000,2.087844133
NK,2026-03-03T10:00:00.000000,2.08885479
NK,2026-03-03T11:00:00.000000,2.091305494
NK,2026-03-03T12:00:00.000000,2.083384037
NK,2026-03-03T13:00:00.000000,2.083806515
NK,2026-03-03T14:00:00.000000,2.091672421
NK,2026-03-03T15:00:00.000000,2.093641996
NK,2026-03-03T16:00:00.000000,2.09490037
NK,2026-03-03T17:00:00.000000,2.096106291
NK,2026-03-03T18:00:00.000000,2.096563101
NK,2026-03-03T19:00:00.000000,2.096131802
NK,2026-03-03T20:00:00.000000,2.094796181
NK,2026-03-03T21:00:00.000000,2.092685461
NK,2026-03-03T22:00:00.000000,2.088965893
NK,2026-03-03T23:00:00.000000,2.084926128
NK,2026-03-04T00:00:00.000000,2.073359013
NK,2026-03-04T01:00:00.000000,2.065256834
NK,2026-03-04T02:00:00.000000,2.072555542
NK,2026-03-04T03:00:00.000000,2.081995964
NK,2026-03-04T04:00:00.000000,2.075992584
NK,2026-03-04T05:00:00.000000,2.066454411
NK,2026-03-04T06:00:00.000000,2.057585716
NK,2026-03-04T07:00:00.000000,2.048556089
NK,2026-03-04T08:00:00.000000,2.036878586
NK,2026-03-04T09:00:00.000000,2.031648159
NK,2026-03-04T10:00:00.000000,2.031170368
NK,2026-03-04T11:00:00.000000,2.031564474
NK,2026-03-04T12:00:00.000000,2.032321215
NK,2026-03-04T13:00:00.000000,2.034771919
NK,2026-03-04T14:00:00.000000,2.059690475
NK,2026-03-04T15:00:00.000000,2.098195791
NK,2026-03-04T16:00:00.000000,2.111268997
NK,2026-03-04T17:00:00.000000,2.106678963
NK,2026-03-04T18:00:00.000000,2.097547531
NK,2026-03-04T19:00:00.000000,2.085361242
NK,2026-03-04T20:00:00.000000,2.075600863
NK,2026-03-04T21:00:00.000000,2.069376469
NK,2026-03-04T22:00:00.000000,2.065886021
NK,2026-03-04T23:00:00.000000,2.064590693
NK,2026-03-05T00:00:00.000000,2.065006495
NK,2026-03-05T01:00:00.000000,2.066090345
NK,2026-03-05T02:00:00.000000,2.080661774
NK,2026-03-05T03:00:00.000000,2.110061407
NK,2026-03-05T04:00:00.000000,2.12118125
NK,2026-03-05T05:00:00.000000,2.102876186
NK,2026-03-05T06:00:00.000000,2.084640503
NK,2026-03-05T07:00:00.000000,2.070465088
NK,2026-03-05T08:00:00.000000,2.063326359
NK,2026-03-05T09:00:00.000000,2.060465813
NK,2026-03-05T10:00:00.000000,2.059436083
NK,2026-03-05T11:00:00.000000,2.059193134
NK,2026-03-05T12:00:00.000000,2.059198141
NK,2026-03-05T13:00:00.000000,2.059875965
NK,2026-03-05T14:00:00.000000,2.066955328
NK,2026-03-05T15:00:00.000000,2.110207319
NK,2026-03-05T16:00:00.000000,2.151084185
NK,2026-03-05T17:00:00.000000,2.158237934
NK,2026-03-05T18:00:00.000000,2.141130924
NK,2026-03-05T19:00:00.000000,2.120011568
NK,2026-03-05T20:00:00.000000,2.098505259
NK,2026-03-05T21:00:00.000000,2.083952188
NK,2026-03-05T22:00:00.000000,2.075670719
NK,2026-03-05T23:00:00.000000,2.073890448
NK,2026-03-06T00:00:00.000000,2.074189901
NK,2026-03-06T01:00:00.000000,2.077800989
NK,2026-03-06T02:00:00.000000,2.115922689
NK,2026-03-06T03:00:00.000000,2.156573296
NK,2026-03-06T04:00:00.000000,2.163024187
NK,2026-03-06T05:00:00.000000,2.160988808
NK,2026-03-06T06:00:00.000000,2.148029089
NK,2026-03-06T07:00:00.000000,2.129680395
NK,2026-03-06T08:00:00.000000,2.105882168
NK,2026-03-06T09:00:00.000000,2.083583832
NK,2026-03-06T10:00:00.000000,2.075440168
NK,2026-03-06T11:00:00.000000,2.072830915
NK,2026-03-06T12:00:00.000000,2.072255611
NK,2026-03-06T13:00:00.000000,2.072884321
NK,2026-03-06T14:00:00.000000,2.080498934
NK,2026-03-06T15:00:00.000000,2.137564659
NK,2026-03-06T16:00:00.000000,2.182211876
NK,2026-03-06T17:00:00.000000,2.195289135
NK,2026-03-06T18:00:00.000000,2.193650484
NK,2026-03-06T19:00:00.000000,2.183492899
NK,2026-03-06T20:00:00.000000,2.163622618
NK,2026-03-06T21:00:00.000000,2.142320395
NK,2026-03-06T22:00:00.000000,2.124028206
NK,2026-03-06T23:00:00.000000,2.110844135
NK,2026-03-07T00:00:00.000000,2.104833126
NK,2026-03-07T01:00:00.000000,2.110472918
NK,2026-03-07T02:00:00.000000,2.131594181
NK,2026-03-07T03:00:00.000000,2.168936014
NK,2026-03-07T04:00:00.000000,2.2109375
NK,2026-03-07T05:00:00.000000,2.228179455
NK,2026-03-07T06:00:00.000000,2.224409103
NK,2026-03-07T07:00:00.000000,2.210221529
NK,2026-03-07T08:00:00.000000,2.185670137
NK,2026-03-07T09:00:00.000000,2.160615683
NK,2026-03-07T10:00:00.000000,2.138456345
NK,2026-03-07T11:00:00.000000,2.121489525
NK,2026-03-07T12:00:00.000000,2.110686302
NK,2026-03-07T13:00:00.000000,2.107644558
NK,2026-03-07T14:00:00.000000,2.113160133
NK,2026-03-07T15:00:00.000000,2.13573885
NK,2026-03-07T16:00:00.000000,2.169913054
NK,2026-03-07T17:00:00.000000,2.204627514
NK,2026-03-07T18:00:00.000000,2.211023092
NK,2026-03-07T19:00:00.000000,2.19350481
NK,2026-03-07T20:00:00.000000,2.169305563
NK,2026-03-07T21:00:00.000000,2.146725178
NK,2026-03-07T22:00:00.000000,2.12827611
NK,2026-03-07T23:00:00.000000,2.116741896
NK,2026-03-08T00:00:00.000000,2.110103369
NK,2026-03-08T01:00:00.000000,2.108007669
NK,2026-03-08T02:00:00.000000,2.109062195
NK,2026-03-08T03:00:00.000000,2.126555681
NK,2026-03-08T04:00:00.000000,2.163029194
NK,2026-03-08T05:00:00.000000,2.212861538
NK,2026-03-08T06:00:00.000000,2.241597176
NK,2026-03-08T07:00:00.000000,2.225095749
NK,2026-03-08T08:00:00.000000,2.197902441
NK,2026-03-08T09:00:00.000000,2.169989824
NK,2026-03-08T10:00:00.000000,2.146219015
NK,2026-03-08T11:00:00.000000,2.128138542
NK,2026-03-08T12:00:00.000000,2.11849761
NK,2026-03-08T13:00:00.000000,2.11506319
NK,2026-03-08T14:00:00.000000,2.11517334
NK,2026-03-08T15:00:00.000000,2.117344379
NK,2026-03-08T16:00:00.000000,2.120715141
NK,2026-03-08T17:00:00.000000,2.124403715
NK,2026-03-08T18:00:00.000000,2.128421307
NK,2026-03-08T19:00:00.000000,2.131970167
NK,2026-03-08T20:00:00.000000,2.134821892
NK,2026-03-08T21:00:00.000000,2.136748075
NK,2026-03-08T22:00:00.000000,2.13768816
NK,2026-03-08T23:00:00.000000,2.13739872
NK,2026-03-09T00:00:00.000000,2.136095762
NK,2026-03-09T01:00:00.000000,2.135019064
NK,2026-03-09T02:00:00.000000,2.134586811
NK,2026-03-09T03:00:00.000000,2.134081364
NK,2026-03-09T04:00:00.000000,2.133961439
NK,2026-03-09T05:00:00.000000,2.137139082
NK,2026-03-09T06:00:00.000000,2.158527851
NK,2026-03-09T07:00:00.000000,2.189502716
NK,2026-03-09T08:00:00.000000,2.180216551
NK,2026-03-09T09:00:00.000000,2.160308361
NK,2026-03-09T10:00:00.000000,2.146222115
NK,2026-03-09T11:00:00.000000,2.137869596
NK,2026-03-09T12:00:00.000000,2.133347273
NK,2026-03-09T13:00:00.000000,2.131330013
NK,2026-03-09T14:00:00.000000,2.13120985
NK,2026-03-09T15:00:00.000000,2.133634806
NK,2026-03-09T16:00:00.000000,2.140067339
NK,2026-03-09T17:00:00.000000,2.168954611
NK,2026-03-09T18:00:00.000000,2.207896709
NK,2026-03-09T19:00:00.000000,2.242357969
NK,2026-03-09T20:00:00.000000,2.246703625
NK,2026-03-09T21:00:00.000000,2.225470781
NK,2026-03-09T22:00:00.000000,2.206405163
NK,2026-03-09T23:00:00.000000,2.191085577
NK,2026-03-10T00:00:00.000000,2.178947926
PI,2026-03-02T01:00:00.000000,1.631376624
PI,2026-03-02T02:00:00.000000,1.629799724
PI,2026-03-02T03:00:00.000000,1.603533506
PI,2026-03-02T04:00:00.000000,1.57122016
PI,2026-03-02T05:00:00.000000,1.584943533
PI,2026-03-02T06:00:00.000000,1.611833811
PI,2026-03-02T07:00:00.000000,1.565083385
PI,2026-03-02T08:00:00.000000,1.589042783
PI,2026-03-02T09:00:00.000000,1.640105724
PI,2026-03-02T10:00:00.000000,1.655953169
PI,2026-03-02T11:00:00.000000,1.645169377
PI,2026-03-02T12:00:00.000000,1.60251379
PI,2026-03-02T13:00:00.000000,1.612142086
PI,2026-03-02T14:00:00.000000,1.638094306
PI,2026-03-02T15:00:00.000000,1.605618358
PI,2026-03-02T16:00:00.000000,1.611191869
PI,2026-03-02T17:00:00.000000,1.602688313
PI,2026-03-02T18:00:00.000000,1.604078531
PI,2026-03-02T19:00:00.000000,1.580206156
PI,2026-03-02T20:00:00.000000,1.587399483
PI,2026-03-02T21:00:00.000000,1.616408348
PI,2026-03-02T22:00:00.000000,1.68535912
PI,2026-03-02T23:00:00.000000,1.695297003
PI,2026-03-03T00:00:00.000000,1.61922574
PI,2026-03-03T01:00:00.000000,1.690439463
PI,2026-03-03T02:00:00.000000,1.6883564
PI,2026-03-03T03:00:00.000000,1.699656963
PI,2026-03-03T04:00:00.000000,1.727986693
PI,2026-03-03T05:00:00.000000,1.695431232
PI,2026-03-03T06:00:00.000000,1.638208389
PI,2026-03-03T07:00:00.000000,1.648510337
PI,2026-03-03T08:00:00.000000,1.699359179
PI,2026-03-03T09:00:00.000000,1.708554745
PI,2026-03-03T10:00:00.000000,1.706948042
PI,2026-03-03T11:00:00.000000,1.691777229
PI,2026-03-03T12:00:00.000000,1.683622003
PI,2026-03-03T13:00:00.000000,1.681909084
PI,2026-03-03T14:00:00.000000,1.6842314
PI,2026-03-03T15:00:00.000000,1.70336473
PI,2026-03-03T16:00:00.000000,1.71516633
PI,2026-03-03T17:00:00.000000,1.725591898
PI,2026-03-03T18:00:00.000000,1.738123059
PI,2026-03-03T19:00:00.000000,1.733333826
PI,2026-03-03T20:00:00.000000,1.727280974
PI,2026-03-03T21:00:00.000000,1.717800379
PI,2026-03-03T22:00:00.000000,1.744327545
PI,2026-03-03T23:00:00.000000,1.768147707
PI,2026-03-04T00:00:00.000000,1.783841848
PI,2026-03-04T01:00:00.000000,1.750285864
PI,2026-03-04T02:00:00.000000,1.746693015
PI,2026-03-04T03:00:00.000000,1.763712525
PI,2026-03-04T04:00:00.000000,1.7711972
PI,2026-03-04T05:00:00.000000,1.761742353
PI,2026-03-04T06:00:00.000000,1.772020936
PI,2026-03-04T07:00:00.000000,1.77691555
PI,2026-03-04T08:00:00.000000,1.797788501
PI,2026-03-04T09:00:00.000000,1.75944829
PI,2026-03-04T10:00:00.000000,1.741790414
PI,2026-03-04T11:00:00.000000,1.787219286
PI,2026-03-04T12:00:00.000000,1.811870456
PI,2026-03-04T13:00:00.000000,1.826165557
PI,2026-03-04T14:00:00.000000,1.789952278
PI,2026-03-04T15:00:00.000000,1.799821138
PI,2026-03-04T16:00:00.000000,1.83738482
PI,2026-03-04T17:00:00.000000,1.847911119
PI,2026-03-04T18:00:00.000000,1.841169596
PI,2026-03-04T19:00:00.000000,1.912534356
PI,2026-03-04T20:00:00.000000,1.87669456
PI,2026-03-04T21:00:00.000000,1.851245642
PI,2026-03-04T22:00:00.000000,1.829633594
PI,2026-03-04T23:00:00.000000,1.84258759
PI,2026-03-05T00:00:00.000000,1.862613559
PI,2026-03-05T01:00:00.000000,1.86886096
PI,2026-03-05T02:00:00.000000,1.826750875
PI,2026-03-05T03:00:00.000000,1.872992396
PI,2026-03-05T04:00:00.000000,1.897284865
PI,2026-03-05T05:00:00.000000,1.857405305
PI,2026-03-05T06:00:00.000000,1.831156492
PI,2026-03-05T07:00:00.000000,1.846077204
PI,2026-03-05T08:00:00.000000,1.867256641
PI,2026-03-05T09:00:00.000000,1.840667963
PI,2026-03-05T10:00:00.000000,1.82990098
PI,2026-03-05T11:00:00.000000,1.862459779
PI,2026-03-05T12:00:00.000000,1.879959345
PI,2026-03-05T13:00:00.000000,1.890828848
PI,2026-03-05T14:00:00.000000,1.869743109
PI,2026-03-05T15:00:00.000000,1.848445415
PI,2026-03-05T16:00:00.000000,1.853276491
PI,2026-03-05T17:00:00.000000,1.880934596
PI,2026-03-05T18:00:00.000000,1.866614461
PI,2026-03-05T19:00:00.000000,1.8744241
PI,2026-03-05T20:00:00.000000,1.871465683
PI,2026-03-05T21:00:00.000000,1.872792125
PI,2026-03-05T22:00:00.000000,1.857196927
PI,2026-03-05T23:00:00.000000,1.866311431
PI,2026-03-06T00:00:00.000000,1.888154387
PI,2026-03-06T01:00:00.000000,1.898524284
PI,2026-03-06T02:00:00.000000,1.898415089
PI,2026-03-06T03:00:00.000000,1.862208128
PI,2026-03-06T04:00:00.000000,1.886921167
PI,2026-03-06T05:00:00.000000,1.894495487
PI,2026-03-06T06:00:00.000000,1.886981368
PI,2026-03-06T07:00:00.000000,1.877096057
PI,2026-03-06T08:00:00.000000,1.872833014
PI,2026-03-06T09:00:00.000000,1.884928346
PI,2026-03-06T10:00:00.000000,1.857551455
PI,2026-03-06T11:00:00.000000,1.847856164
PI,2026-03-06T12:00:00.000000,1.885644436
PI,2026-03-06T13:00:00.000000,1.909188509
PI,2026-03-06T14:00:00.000000,1.912485123
PI,2026-03-06T15:00:00.000000,1.878393531
PI,2026-03-06T16:00:00.000000,1.899676323
PI,2026-03-06T17:00:00.000000,1.896039963
PI,2026-03-06T18:00:00.000000,1.898116589
PI,2026-03-06T19:00:00.000000,1.902962089
PI,2026-03-06T20:00:00.000000,1.911730409
PI,2026-03-06T21:00:00.000000,1.880104661
PI,2026-03-06T22:00:00.000000,1.886749029
PI,2026-03-06T23:00:00.000000,1.884355426
PI,2026-03-07T00:00:00.000000,1.893779993
PI,2026-03-07T01:00:00.000000,1.912854671
PI,2026-03-07T02:00:00.000000,1.922582746
PI,2026-03-07T03:00:00.000000,1.899922132
PI,2026-03-07T04:00:00.000000,1.912140965
PI,2026-03-07T05:00:00.000000,1.911727309
PI,2026-03-07T06:00:00.000000,1.92487061
PI,2026-03-07T07:00:00.000000,1.907633901
PI,2026-03-07T08:00:00.000000,1.911967039
PI,2026-03-07T09:00:00.000000,1.91176343
PI,2026-03-07T10:00:00.000000,1.911619067
PI,2026-03-07T11:00:00.000000,1.895607591
PI,2026-03-07T12:00:00.000000,1.908923268
PI,2026-03-07T13:00:00.000000,1.924202442
PI,2026-03-07T14:00:00.000000,1.936201453
PI,2026-03-07T15:00:00.000000,1.917324901
PI,2026-03-07T16:00:00.000000,1.924045801
PI,2026-03-07T17:00:00.000000,1.928760052
PI,2026-03-07T18:00:00.000000,1.943608999
PI,2026-03-07T19:00:00.000000,1.936828017
PI,2026-03-07T20:00:00.000000,1.933057427
PI,2026-03-07T21:00:00.000000,1.931189895
PI,2026-03-07T22:00:00.000000,1.941183448
PI,2026-03-07T23:00:00.000000,1.928736567
PI,2026-03-08T00:00:00.000000,1.940068841
PI,2026-03-08T01:00:00.000000,1.939223886
PI,2026-03-08T02:00:00.000000,1.947792411
PI,2026-03-08T03:00:00.000000,1.95064044
PI,2026-03-08T04:00:00.000000,1.931139827
PI,2026-03-08T05:00:00.000000,1.961274743
PI,2026-03-08T06:00:00.000000,1.975882053
PI,2026-03-08T07:00:00.000000,1.970985174
PI,2026-03-08T08:00:00.000000,1.946030498
PI,2026-03-08T09:00:00.000000,1.958768487
PI,2026-03-08T10:00:00.000000,1.973086476
PI,2026-03-08T11:00:00.000000,1.954708934
PI,2026-03-08T12:00:00.000000,1.961024165
PI,2026-03-08T13:00:00.000000,1.954721689
PI,2026-03-08T14:00:00.000000,1.985577941
PI,2026-03-08T15:00:00.000000,1.974954367
PI,2026-03-08T16:00:00.000000,1.960712552
PI,2026-03-08T17:00:00.000000,2.067348957
PI,2026-03-08T18:00:00.000000,2.088389397
PI,2026-03-08T19:00:00.000000,2.102860928
PI,2026-03-08T20:00:00.000000,2.097264767
PI,2026-03-08T21:00:00.000000,2.144846439
PI,2026-03-08T22:00:00.000000,2.080577374
PI,2026-03-08T23:00:00.000000,2.050462246
PI,2026-03-09T00:00:00.000000,2.020128012
PI,2026-03-09T01:00:00.000000,2.016269207
PI,2026-03-09T02:00:00.000000,2.03067565
PI,2026-03-09T03:00:00.000000,2.042548656
PI,2026-03-09T04:00:00.000000,2.025546789
PI,2026-03-09T05:00:00.000000,2.047849178
PI,2026-03-09T06:00:00.000000,2.127743721
PI,2026-03-09T07:00:00.000000,2.116221428
PI,2026-03-09T08:00:00.000000,2.106313705
PI,2026-03-09T09:00:00.000000,2.097920179
PI,2026-03-09T10:00:00.000000,2.068703175
PI,2026-03-09T11:00:00.000000,2.054813623
PI,2026-03-09T12:00:00.000000,2.045981646
PI,2026-03-09T13:00:00.000000,2.05936265
PI,2026-03-09T14:00:00.000000,2.070405722
PI,2026-03-09T15:00:00.000000,2.067593098
PI,2026-03-09T16:00:00.000000,2.048340082
PI,2026-03-09T17:00:00.000000,2.059401512
PI,2026-03-09T18:00:00.000000,2.152377844
PI,2026-03-09T19:00:00.000000,2.140632153
PI,2026-03-09T20:00:00.000000,2.143499374
PI,2026-03-09T21:00:00.000000,2.138438702
PI,2026-03-09T22:00:00.000000,2.113502741
PI,2026-03-09T23:00:00.000000,2.084693432
PI,2026-03-10T00:00:00.000000,2.067462444
QU,2026-03-02T01:00:00.000000,2.269985914
QU,2026-03-02T02:00:00.000000,2.270813465
QU,2026-03-02T03:00:00.000000,2.27137208
QU,2026-03-02T04:00:00.000000,2.270716906
QU,2026-03-02T05:00:00.000000,2.267410517
QU,2026-03-02T06:00:00.000000,2.265753508
QU,2026-03-02T07:00:00.000000,2.264660358
QU,2026-03-02T08:00:00.000000,2.264542103
QU,2026-03-02T09:00:00.000000,2.264808178
QU,2026-03-02T10:00:00.000000,2.264213562
QU,2026-03-02T11:00:00.000000,2.261587381
QU,2026-03-02T12:00:00.000000,2.253764391
QU,2026-03-02T13:00:00.000000,2.243684769
QU,2026-03-02T14:00:00.000000,2.241158962
QU,2026-03-02T15:00:00.000000,2.243520737
QU,2026-03-02T16:00:00.000000,2.247093439
QU,2026-03-02T17:00:00.000000,2.252251387
QU,2026-03-02T18:00:00.000000,2.257316589
QU,2026-03-02T19:00:00.000000,2.26189518
QU,2026-03-02T20:00:00.000000,2.265666008
QU,2026-03-02T21:00:00.000000,2.267999649
QU,2026-03-02T22:00:00.000000,2.268154383
QU,2026-03-02T23:00:00.000000,2.266513586
QU,2026-03-03T00:00:00.000000,2.26458478
QU,2026-03-03T01:00:00.000000,2.263182402
QU,2026-03-03T02:00:00.000000,2.263222456
QU,2026-03-03T03:00:00.000000,2.263301849
QU,2026-03-03T04:00:00.000000,2.2649827
QU,2026-03-03T05:00:00.000000,2.260957956
QU,2026-03-03T06:00:00.000000,2.229163408
QU,2026-03-03T07:00:00.000000,2.220257044
QU,2026-03-03T08:00:00.000000,2.214852095
QU,2026-03-03T09:00:00.000000,2.206865788
QU,2026-03-03T10:00:00.000000,2.195514679
QU,2026-03-03T11:00:00.000000,2.18665576
QU,2026-03-03T12:00:00.000000,2.178442717
QU,2026-03-03T13:00:00.000000,2.177576065
QU,2026-03-03T14:00:00.000000,2.168670416
QU,2026-03-03T15:00:00.000000,2.158702374
QU,2026-03-03T16:00:00.000000,2.164834023
QU,2026-03-03T17:00:00.000000,2.173678637
QU,2026-03-03T18:00:00.000000,2.183721066
QU,2026-03-03T19:00:00.000000,2.19221139
QU,2026-03-03T20:00:00.000000,2.198481798
QU,2026-03-03T21:00:00.000000,2.201369286
QU,2026-03-03T22:00:00.000000,2.201757431
QU,2026-03-03T23:00:00.000000,2.201404333
QU,2026-03-04T00:00:00.000000,2.19831872
QU,2026-03-04T01:00:00.000000,2.195595503
QU,2026-03-04T02:00:00.000000,2.194661379
QU,2026-03-04T03:00:00.000000,2.194519281
QU,2026-03-04T04:00:00.000000,2.192529917
QU,2026-03-04T05:00:00.000000,2.190227032
QU,2026-03-04T06:00:00.000000,2.189285994
QU,2026-03-04T07:00:00.000000,2.190074205
QU,2026-03-04T08:00:00.000000,2.190527678
QU,2026-03-04T09:00:00.000000,2.183031321
QU,2026-03-04T10:00:00.000000,2.178843975
QU,2026-03-04T11:00:00.000000,2.18304348
QU,2026-03-04T12:00:00.000000,2.188917637
QU,2026-03-04T13:00:00.000000,2.191263676
QU,2026-03-04T14:00:00.000000,2.192671061
QU,2026-03-04T15:00:00.000000,2.193624735
QU,2026-03-04T16:00:00.000000,2.194225311
QU,2026-03-04T17:00:00.000000,2.195744276
QU,2026-03-04T18:00:00.000000,2.197763205
QU,2026-03-04T19:00:00.000000,2.200496674
QU,2026-03-04T20:00:00.000000,2.203225613
QU,2026-03-04T21:00:00.000000,2.205212116
QU,2026-03-04T22:00:00.000000,2.207853794
QU,2026-03-04T23:00:00.000000,2.213896751
QU,2026-03-05T00:00:00.000000,2.221577168
QU,2026-03-05T01:00:00.000000,2.229655266
QU,2026-03-05T02:00:00.000000,2.235771179
QU,2026-03-05T03:00:00.000000,2.2350142
QU,2026-03-05T04:00:00.000000,2.230293751
QU,2026-03-05T05:00:00.000000,2.226051569
QU,2026-03-05T06:00:00.000000,2.223001242
QU,2026-03-05T07:00:00.000000,2.220805407
QU,2026-03-05T08:00:00.000000,2.21911478
QU,2026-03-05T09:00:00.000000,2.218423605
QU,2026-03-05T10:00:00.000000,2.218911409
QU,2026-03-05T11:00:00.000000,2.22178793
QU,2026-03-05T12:00:00.000000,2.230875969
QU,2026-03-05T13:00:00.000000,2.245449066
QU,2026-03-05T14:00:00.000000,2.258104324
QU,2026-03-05T15:00:00.000000,2.264679432
QU,2026-03-05T16:00:00.000000,2.266907454
QU,2026-03-05T17:00:00.000000,2.268854141
QU,2026-03-05T18:00:00.000000,2.268075705
QU,2026-03-05T19:00:00.000000,2.265622854
QU,2026-03-05T20:00:00.000000,2.264770985
QU,2026-03-05T21:00:00.000000,2.257024527
QU,2026-03-05T22:00:00.000000,2.250213385
QU,2026-03-05T23:00:00.000000,2.252577782
QU,2026-03-06T00:00:00.000000,2.26168251
QU,2026-03-06T01:00:00.000000,2.271566629
QU,2026-03-06T02:00:00.000000,2.278398514
QU,2026-03-06T03:00:00.000000,2.283468246
QU,2026-03-06T04:00:00.000000,2.285490274
QU,2026-03-06T05:00:00.000000,2.282368898
QU,2026-03-06T06:00:00.000000,2.264426708
QU,2026-03-06T07:00:00.000000,2.250074387
QU,2026-03-06T08:00:00.000000,2.250918388
QU,2026-03-06T09:00:00.000000,2.256693125
QU,2026-03-06T10:00:00.000000,2.258213043
QU,2026-03-06T11:00:00.000000,2.256976843
QU,2026-03-06T12:00:00.000000,2.257255077
QU,2026-03-06T13:00:00.000000,2.253232241
QU,2026-03-06T14:00:00.000000,2.250165701
QU,2026-03-06T15:00:00.000000,2.249069691
QU,2026-03-06T16:00:00.000000,2.251668215
QU,2026-03-06T17:00:00.000000,2.256850004
QU,2026-03-06T18:00:00.000000,2.260360718
QU,2026-03-06T19:00:00.000000,2.262626171
QU,2026-03-06T20:00:00.000000,2.263765097
QU,2026-03-06T21:00:00.000000,2.264534235
QU,2026-03-06T22:00:00.000000,2.265389681
QU,2026-03-06T23:00:00.000000,2.267477751
QU,2026-03-07T00:00:00.000000,2.27080822
QU,2026-03-07T01:00:00.000000,2.276200533
QU,2026-03-07T02:00:00.000000,2.282468081
QU,2026-03-07T03:00:00.000000,2.287750959
QU,2026-03-07T04:00:00.000000,2.290834188
QU,2026-03-07T05:00:00.000000,2.290989876
QU,2026-03-07T06:00:00.000000,2.290794611
QU,2026-03-07T07:00:00.000000,2.283040285
QU,2026-03-07T08:00:00.000000,2.27767086
QU,2026-03-07T09:00:00.000000,2.274064541
QU,2026-03-07T10:00:00.000000,2.271473646
QU,2026-03-07T11:00:00.000000,2.270657063
QU,2026-03-07T12:00:00.000000,2.272952318
QU,2026-03-07T13:00:00.000000,2.276040554
QU,2026-03-07T14:00:00.000000,2.280819416
QU,2026-03-07T15:00:00.000000,2.284163952
QU,2026-03-07T16:00:00.000000,2.284846067
QU,2026-03-07T17:00:00.000000,2.28232336
QU,2026-03-07T18:00:00.000000,2.279890776
QU,2026-03-07T19:00:00.000000,2.279569149
QU,2026-03-07T20:00:00.000000,2.279878616
QU,2026-03-07T21:00:00.000000,2.280022144
QU,2026-03-07T22:00:00.000000,2.280136347
QU,2026-03-07T23:00:00.000000,2.281211615
QU,2026-03-08T00:00:00.000000,2.285094261
QU,2026-03-08T01:00:00.000000,2.299017906
QU,2026-03-08T02:00:00.000000,2.322111607
QU,2026-03-08T03:00:00.000000,2.323050499
QU,2026-03-08T04:00:00.000000,2.32703495
QU,2026-03-08T05:00:00.000000,2.331282616
QU,2026-03-08T06:00:00.000000,2.334366083
QU,2026-03-08T07:00:00.000000,2.335929155
QU,2026-03-08T08:00:00.000000,2.334223509
QU,2026-03-08T09:00:00.000000,2.330826283
QU,2026-03-08T10:00:00.000000,2.328103304
QU,2026-03-08T11:00:00.000000,2.325653315
QU,2026-03-08T12:00:00.000000,2.323921204
QU,2026-03-08T13:00:00.000000,2.324398756
QU,2026-03-08T14:00:00.000000,2.326578856
QU,2026-03-08T15:00:00.000000,2.329315662
QU,2026-03-08T16:00:00.000000,2.332904816
QU,2026-03-08T17:00:00.000000,2.337425232
QU,2026-03-08T18:00:00.000000,2.342466354
QU,2026-03-08T19:00:00.000000,2.347818375
QU,2026-03-08T20:00:00.000000,2.352792263
QU,2026-03-08T21:00:00.000000,2.356896639
QU,2026-03-08T22:00:00.000000,2.359749794
QU,2026-03-08T23:00:00.000000,2.361157656
QU,2026-03-09T00:00:00.000000,2.362238884
QU,2026-03-09T01:00:00.000000,2.364197731
QU,2026-03-09T02:00:00.000000,2.366909027
QU,2026-03-09T03:00:00.000000,2.370561123
QU,2026-03-09T04:00:00.000000,2.373250008
QU,2026-03-09T05:00:00.000000,2.375235319
QU,2026-03-09T06:00:00.000000,2.376089096
QU,2026-03-09T07:00:00.000000,2.375923157
QU,2026-03-09T08:00:00.000000,2.375650883
QU,2026-03-09T09:00:00.000000,2.375351667
QU,2026-03-09T10:00:00.000000,2.374872208
QU,2026-03-09T11:00:00.000000,2.374046564
QU,2026-03-09T12:00:00.000000,2.37293005
QU,2026-03-09T13:00:00.000000,2.372655869
QU,2026-03-09T14:00:00.000000,2.373901367
QU,2026-03-09T15:00:00.000000,2.376988888
QU,2026-03-09T16:00:00.000000,2.382089853
QU,2026-03-09T17:00:00.000000,2.3870821
QU,2026-03-09T18:00:00.000000,2.39060235
QU,2026-03-09T19:00:00.000000,2.3990345
QU,2026-03-09T20:00:00.000000,2.411052465
QU,2026-03-09T21:00:00.000000,2.41286397
QU,2026-03-09T22:00:00.000000,2.412211895
QU,2026-03-09T23:00:00.000000,2.410801888
QU,2026-03-10T00:00:00.000000,2.409270525
CC,2026-03-02T01:00:00.000000,0.274018615
CC,2026-03-02T02:00:00.000000,0.27577284
CC,2026-03-02T03:00:00.000000,0.279604584
CC,2026-03-02T04:00:00.000000,0.287590384
CC,2026-03-02T05:00:00.000000,0.29462868
CC,2026-03-02T06:00:00.000000,0.301404715
CC,2026-03-02T07:00:00.000000,0.306130111
CC,2026-03-02T08:00:00.000000,0.311083138
CC,2026-03-02T09:00:00.000000,0.315344959
CC,2026-03-02T10:00:00.000000,0.319619358
CC,2026-03-02T11:00:00.000000,0.322455347
CC,2026-03-02T12:00:00.000000,0.324343473
CC,2026-03-02T13:00:00.000000,0.325698495
CC,2026-03-02T14:00:00.000000,0.327798933
CC,2026-03-02T15:00:00.000000,0.330699682
CC,2026-03-02T16:00:00.000000,0.335200012
CC,2026-03-02T17:00:00.000000,0.340897262
CC,2026-03-02T18:00:00.000000,0.346648306
CC,2026-03-02T19:00:00.000000,0.351685405
CC,2026-03-02T20:00:00.000000,0.35705629
CC,2026-03-02T21:00:00.000000,0.363093168
CC,2026-03-02T22:00:00.000000,0.368613482
CC,2026-03-02T23:00:00.000000,0.372118741
CC,2026-03-03T00:00:00.000000,0.374325454
CC,2026-03-03T01:00:00.000000,0.375554234
CC,2026-03-03T02:00:00.000000,0.376396745
CC,2026-03-03T03:00:00.000000,0.380638421
CC,2026-03-03T04:00:00.000000,0.384864628
CC,2026-03-03T05:00:00.000000,0.386608481
CC,2026-03-03T06:00:00.000000,0.386498749
CC,2026-03-03T07:00:00.000000,0.387313992
CC,2026-03-03T08:00:00.000000,0.388546705
CC,2026-03-03T09:00:00.000000,0.389578074
CC,2026-03-03T10:00:00.000000,0.390122861
CC,2026-03-03T11:00:00.000000,0.390342236
CC,2026-03-03T12:00:00.000000,0.388194591
CC,2026-03-03T13:00:00.000000,0.381992996
CC,2026-03-03T14:00:00.000000,0.37367785
CC,2026-03-03T15:00:00.000000,0.358454376
CC,2026-03-03T16:00:00.000000,0.342679203
CC,2026-03-03T17:00:00.000000,0.328017652
CC,2026-03-03T18:00:00.000000,0.31528163
CC,2026-03-03T19:00:00.000000,0.307328761
CC,2026-03-03T20:00:00.000000,0.304469556
CC,2026-03-03T21:00:00.000000,0.306029737
CC,2026-03-03T22:00:00.000000,0.308196306
CC,2026-03-03T23:00:00.000000,0.312307924
CC,2026-03-04T00:00:00.000000,0.320249557
CC,2026-03-04T01:00:00.000000,0.328542143
CC,2026-03-04T02:00:00.000000,0.335341066
CC,2026-03-04T03:00:00.000000,0.34806025
CC,2026-03-04T04:00:00.000000,0.365359396
CC,2026-03-04T05:00:00.000000,0.374319345
CC,2026-03-04T06:00:00.000000,0.376796782
CC,2026-03-04T07:00:00.000000,0.377660006
CC,2026-03-04T08:00:00.000000,0.379468799
CC,2026-03-04T09:00:00.000000,0.381192803
CC,2026-03-04T10:00:00.000000,0.384042978
CC,2026-03-04T11:00:00.000000,0.385139257
CC,2026-03-04T12:00:00.000000,0.386565328
CC,2026-03-04T13:00:00.000000,0.387521535
CC,2026-03-04T14:00:00.000000,0.388752908
CC,2026-03-04T15:00:00.000000,0.390083015
CC,2026-03-04T16:00:00.000000,0.391468406
CC,2026-03-04T17:00:00.000000,0.392748594
CC,2026-03-04T18:00:00.000000,0.393703282
CC,2026-03-04T19:00:00.000000,0.394157171
CC,2026-03-04T20:00:00.000000,0.394607633
CC,2026-03-04T21:00:00.000000,0.394609332
CC,2026-03-04T22:00:00.000000,0.394486368
CC,2026-03-04T23:00:00.000000,0.394301087
CC,2026-03-05T00:00:00.000000,0.394280225
CC,2026-03-05T01:00:00.000000,0.39495033
CC,2026-03-05T02:00:00.000000,0.397467583
CC,2026-03-05T03:00:00.000000,0.401021659
CC,2026-03-05T04:00:00.000000,0.405050993
CC,2026-03-05T05:00:00.000000,0.409997344
CC,2026-03-05T06:00:00.000000,0.412310302
CC,2026-03-05T07:00:00.000000,0.413865536
CC,2026-03-05T08:00:00.000000,0.415276885
CC,2026-03-05T09:00:00.000000,0.416341335
CC,2026-03-05T10:00:00.000000,0.417753398
CC,2026-03-05T11:00:00.000000,0.420341492
CC,2026-03-05T12:00:00.000000,0.42371431
CC,2026-03-05T13:00:00.000000,0.426700294
CC,2026-03-05T14:00:00.000000,0.429306895
CC,2026-03-05T15:00:00.000000,0.431645006
CC,2026-03-05T16:00:00.000000,0.435503423
CC,2026-03-05T17:00:00.000000,0.439345121
CC,2026-03-05T18:00:00.000000,0.442465484
CC,2026-03-05T19:00:00.000000,0.444345683
CC,2026-03-05T20:00:00.000000,0.445542514
CC,2026-03-05T21:00:00.000000,0.446333379
CC,2026-03-05T22:00:00.000000,0.446877033
CC,2026-03-05T23:00:00.000000,0.447750449
CC,2026-03-06T00:00:00.000000,0.449573368
CC,2026-03-06T01:00:00.000000,0.451716214
CC,2026-03-06T02:00:00.000000,0.453398138
CC,2026-03-06T03:00:00.000000,0.454908699
CC,2026-03-06T04:00:00.000000,0.457611352
CC,2026-03-06T05:00:00.000000,0.461796463
CC,2026-03-06T06:00:00.000000,0.465813965
CC,2026-03-06T07:00:00.000000,0.471526504
CC,2026-03-06T08:00:00.000000,0.481364071
CC,2026-03-06T09:00:00.000000,0.492742479
CC,2026-03-06T10:00:00.000000,0.502791584
CC,2026-03-06T11:00:00.000000,0.513259649
CC,2026-03-06T12:00:00.000000,0.531283736
CC,2026-03-06T13:00:00.000000,0.551306009
CC,2026-03-06T14:00:00.000000,0.566706717
CC,2026-03-06T15:00:00.000000,0.578127384
CC,2026-03-06T16:00:00.000000,0.587714374
CC,2026-03-06T17:00:00.000000,0.598033488
CC,2026-03-06T18:00:00.000000,0.609402061
CC,2026-03-06T19:00:00.000000,0.620473206
CC,2026-03-06T20:00:00.000000,0.630444944
CC,2026-03-06T21:00:00.000000,0.638525784
CC,2026-03-06T22:00:00.000000,0.643839598
CC,2026-03-06T23:00:00.000000,0.648331463
CC,2026-03-07T00:00:00.000000,0.652167618
CC,2026-03-07T01:00:00.000000,0.655712783
CC,2026-03-07T02:00:00.000000,0.657714486
CC,2026-03-07T03:00:00.000000,0.658529222
CC,2026-03-07T04:00:00.000000,0.658258677
CC,2026-03-07T05:00:00.000000,0.657952726
CC,2026-03-07T06:00:00.000000,0.657436848
CC,2026-03-07T07:00:00.000000,0.656602979
CC,2026-03-07T08:00:00.000000,0.656008124
CC,2026-03-07T09:00:00.000000,0.655638397
CC,2026-03-07T10:00:00.000000,0.655459762
CC,2026-03-07T11:00:00.000000,0.655874491
CC,2026-03-07T12:00:00.000000,0.656020463
CC,2026-03-07T13:00:00.000000,0.656361997
CC,2026-03-07T14:00:00.000000,0.657393873
CC,2026-03-07T15:00:00.000000,0.659143746
CC,2026-03-07T16:00:00.000000,0.661932528
CC,2026-03-07T17:00:00.000000,0.664385736
CC,2026-03-07T18:00:00.000000,0.666461945
CC,2026-03-07T19:00:00.000000,0.667608559
CC,2026-03-07T20:00:00.000000,0.668102741
CC,2026-03-07T21:00:00.000000,0.668087721
CC,2026-03-07T22:00:00.000000,0.668209195
CC,2026-03-07T23:00:00.000000,0.669405937
CC,2026-03-08T00:00:00.000000,0.671713769
CC,2026-03-08T01:00:00.000000,0.676585615
CC,2026-03-08T02:00:00.000000,0.690347075
CC,2026-03-08T03:00:00.000000,0.709691286
CC,2026-03-08T04:00:00.000000,0.72557795
CC,2026-03-08T05:00:00.000000,0.740543008
CC,2026-03-08T06:00:00.000000,0.753338933
CC,2026-03-08T07:00:00.000000,0.763752759
CC,2026-03-08T08:00:00.000000,0.772698343
CC,2026-03-08T09:00:00.000000,0.777942657
CC,2026-03-08T10:00:00.000000,0.782096922
CC,2026-03-08T11:00:00.000000,0.785334766
CC,2026-03-08T12:00:00.000000,0.786921978
CC,2026-03-08T13:00:00.000000,0.787124872
CC,2026-03-08T14:00:00.000000,0.786772311
CC,2026-03-08T15:00:00.000000,0.786919355
CC,2026-03-08T16:00:00.000000,0.78733325
CC,2026-03-08T17:00:00.000000,0.78784889
CC,2026-03-08T18:00:00.000000,0.788370848
CC,2026-03-08T19:00:00.000000,0.788592041
CC,2026-03-08T20:00:00.000000,0.78869617
CC,2026-03-08T21:00:00.000000,0.788067043
CC,2026-03-08T22:00:00.000000,0.786243439
CC,2026-03-08T23:00:00.000000,0.784088075
CC,2026-03-09T00:00:00.000000,0.782588243
CC,2026-03-09T01:00:00.000000,0.78068459
CC,2026-03-09T02:00:00.000000,0.779147327
CC,2026-03-09T03:00:00.000000,0.777727008
CC,2026-03-09T04:00:00.000000,0.776890934
CC,2026-03-09T05:00:00.000000,0.776415706
CC,2026-03-09T06:00:00.000000,0.775944829
CC,2026-03-09T07:00:00.000000,0.775921881
CC,2026-03-09T08:00:00.000000,0.776218653
CC,2026-03-09T09:00:00.000000,0.776435435
CC,2026-03-09T10:00:00.000000,0.776516736
CC,2026-03-09T11:00:00.000000,0.776660562
CC,2026-03-09T12:00:00.000000,0.777123868
CC,2026-03-09T13:00:00.000000,0.777580738
CC,2026-03-09T14:00:00.000000,0.778289914
CC,2026-03-09T15:00:00.000000,0.779575706
CC,2026-03-09T16:00:00.000000,0.781595826
CC,2026-03-09T17:00:00.000000,0.784293234
CC,2026-03-09T18:00:00.000000,0.788926244
CC,2026-03-09T19:00:00.000000,0.795818269
CC,2026-03-09T20:00:00.000000,0.800957143
CC,2026-03-09T21:00:00.000000,0.804112315
CC,2026-03-09T22:00:00.000000,0.806305468
CC,2026-03-09T23:00:00.000000,0.809692919
CC,2026-03-10T00:00:00.000000,0.814308107
DL,2026-03-02T01:00:00.000000,0.662682533
DL,2026-03-02T02:00:00.000000,1.582587242
DL,2026-03-02T03:00:00.000000,1.546655655
DL,2026-03-02T04:00:00.000000,1.546655655
DL,2026-03-02T05:00:00.000000,1.546655655
DL,2026-03-02T06:00:00.000000,1.546655655
DL,2026-03-02T07:00:00.000000,1.546655655
DL,2026-03-02T08:00:00.000000,1.080761433
DL,2026-03-02T09:00:00.000000,0.801752865
DL,2026-03-02T10:00:00.000000,0.665889025
DL,2026-03-02T11:00:00.000000,0.604302526
DL,2026-03-02T12:00:00.000000,0.564898193
DL,2026-03-02T13:00:00.000000,0.554414868
DL,2026-03-02T14:00:00.000000,0.56881988
DL,2026-03-02T15:00:00.000000,1.687918663
DL,2026-03-02T16:00:00.000000,1.731973886
DL,2026-03-02T17:00:00.000000,1.866416335
DL,2026-03-02T18:00:00.000000,2.033563137
DL,2026-03-02T19:00:00.000000,1.813515663
DL,2026-03-02T20:00:00.000000,0.991007924
DL,2026-03-02T21:00:00.000000,0.799509048
DL,2026-03-02T22:00:00.000000,0.689033568
DL,2026-03-02T23:00:00.000000,0.639333606
DL,2026-03-03T00:00:00.000000,0.613911569
DL,2026-03-03T01:00:00.000000,0.608366728
DL,2026-03-03T02:00:00.000000,0.625297427
DL,2026-03-03T03:00:00.000000,0.598155916
DL,2026-03-03T04:00:00.000000,0.777279675
DL,2026-03-03T05:00:00.000000,1.442419171
DL,2026-03-03T06:00:00.000000,1.986367583
DL,2026-03-03T07:00:00.000000,1.992791057
DL,2026-03-03T08:00:00.000000,0.911572993
DL,2026-03-03T09:00:00.000000,0.597714126
DL,2026-03-03T10:00:00.000000,0.558909595
DL,2026-03-03T11:00:00.000000,0.538597226
DL,2026-03-03T12:00:00.000000,0.531785429
DL,2026-03-03T13:00:00.000000,0.541626394
DL,2026-03-03T14:00:00.000000,0.541622579
DL,2026-03-03T15:00:00.000000,0.864939153
DL,2026-03-03T16:00:00.000000,1.129617929
DL,2026-03-03T17:00:00.000000,1.043873549
DL,2026-03-03T18:00:00.000000,1.366679192
DL,2026-03-03T19:00:00.000000,1.506585121
DL,2026-03-03T20:00:00.000000,1.664837599
DL,2026-03-03T21:00:00.000000,0.924805403
DL,2026-03-03T22:00:00.000000,0.699667335
DL,2026-03-03T23:00:00.000000,0.615973949
DL,2026-03-04T00:00:00.000000,0.604584217
DL,2026-03-04T01:00:00.000000,0.720081508
DL,2026-03-04T02:00:00.000000,0.769643784
DL,2026-03-04T03:00:00.000000,0.746335149
DL,2026-03-04T04:00:00.000000,0.743081808
DL,2026-03-04T05:00:00.000000,1.826526999
DL,2026-03-04T06:00:00.000000,2.015311241
DL,2026-03-04T07:00:00.000000,1.773838282
DL,2026-03-04T08:00:00.000000,0.747778296
DL,2026-03-04T09:00:00.000000,1.020811796
DL,2026-03-04T10:00:00.000000,0.620584488
DL,2026-03-04T11:00:00.000000,0.594036281
DL,2026-03-04T12:00:00.000000,0.591348588
DL,2026-03-04T13:00:00.000000,0.59535265
DL,2026-03-04T14:00:00.000000,0.645764828
DL,2026-03-04T15:00:00.000000,0.670012832
DL,2026-03-04T16:00:00.000000,1.53151679
DL,2026-03-04T17:00:00.000000,1.987380266
DL,2026-03-04T18:00:00.000000,2.160337448
DL,2026-03-04T19:00:00.000000,2.081618786
DL,2026-03-04T20:00:00.000000,1.211249948
DL,2026-03-04T21:00:00.000000,0.982581854
DL,2026-03-04T22:00:00.000000,0.893862307
DL,2026-03-04T23:00:00.000000,0.794103026
DL,2026-03-05T00:00:00.000000,0.723052084
DL,2026-03-05T01:00:00.000000,0.697573602
DL,2026-03-05T02:00:00.000000,0.703996778
DL,2026-03-05T03:00:00.000000,0.778552473
DL,2026-03-05T04:00:00.000000,1.703414798
DL,2026-03-05T05:00:00.000000,1.962722421
DL,2026-03-05T06:00:00.000000,2.224858522
DL,2026-03-05T07:00:00.000000,2.229299068
DL,2026-03-05T08:00:00.000000,2.229299068
DL,2026-03-05T09:00:00.000000,1.108142257
DL,2026-03-05T10:00:00.000000,0.965753973
DL,2026-03-05T11:00:00.000000,0.876709998
DL,2026-03-05T12:00:00.000000,0.803829491
DL,2026-03-05T13:00:00.000000,0.782711744
DL,2026-03-05T14:00:00.000000,0.791477442
DL,2026-03-05T15:00:00.000000,0.76633513
DL,2026-03-05T16:00:00.000000,0.834694266
DL,2026-03-05T17:00:00.000000,1.769006491
DL,2026-03-05T18:00:00.000000,2.012875795
DL,2026-03-05T19:00:00.000000,2.096046209
DL,2026-03-05T20:00:00.000000,1.626721978
DL,2026-03-05T21:00:00.000000,1.389613748
DL,2026-03-05T22:00:00.000000,1.163102508
DL,2026-03-05T23:00:00.000000,1.121817946
DL,2026-03-06T00:00:00.000000,1.057758927
DL,2026-03-06T01:00:00.000000,0.983838379
DL,2026-03-06T02:00:00.000000,0.895192742
DL,2026-03-06T03:00:00.000000,0.818218708
DL,2026-03-06T04:00:00.000000,0.864093959
DL,2026-03-06T05:00:00.000000,0.878180146
DL,2026-03-06T06:00:00.000000,1.681708813
DL,2026-03-06T07:00:00.000000,1.756584764
DL,2026-03-06T08:00:00.000000,1.517720461
DL,2026-03-06T09:00:00.000000,0.945173621
DL,2026-03-06T10:00:00.000000,0.803762436
DL,2026-03-06T11:00:00.000000,0.768220365
DL,2026-03-06T12:00:00.000000,0.783176899
DL,2026-03-06T13:00:00.000000,0.770989895
DL,2026-03-06T14:00:00.000000,0.764463246
DL,2026-03-06T15:00:00.000000,0.756592512
DL,2026-03-06T16:00:00.000000,0.753538966
DL,2026-03-06T17:00:00.000000,0.761745989
DL,2026-03-06T18:00:00.000000,1.271883368
DL,2026-03-06T19:00:00.000000,1.805638194
DL,2026-03-06T20:00:00.000000,1.839271784
DL,2026-03-06T21:00:00.000000,1.251202345
DL,2026-03-06T22:00:00.000000,1.082540512
DL,2026-03-06T23:00:00.000000,0.975785673
DL,2026-03-07T00:00:00.000000,0.910254478
DL,2026-03-07T01:00:00.000000,0.863919854
DL,2026-03-07T02:00:00.000000,0.831592917
DL,2026-03-07T03:00:00.000000,0.811498582
DL,2026-03-07T04:00:00.000000,0.801969469
DL,2026-03-07T05:00:00.000000,0.823138237
DL,2026-03-07T06:00:00.000000,1.325830817
DL,2026-03-07T07:00:00.000000,1.533741713
DL,2026-03-07T08:00:00.000000,1.326154351
DL,2026-03-07T09:00:00.000000,1.055681825
DL,2026-03-07T10:00:00.000000,1.005188704
DL,2026-03-07T11:00:00.000000,0.944381893
DL,2026-03-07T12:00:00.000000,0.90466547
DL,2026-03-07T13:00:00.000000,0.864328623
DL,2026-03-07T14:00:00.000000,0.827808261
DL,2026-03-07T15:00:00.000000,0.817208052
DL,2026-03-07T16:00:00.000000,0.840388834
DL,2026-03-07T17:00:00.000000,0.880495131
DL,2026-03-07T18:00:00.000000,1.111490965
DL,2026-03-07T19:00:00.000000,1.517195702
DL,2026-03-07T20:00:00.000000,1.496423483
DL,2026-03-07T21:00:00.000000,1.210597038
DL,2026-03-07T22:00:00.000000,0.980832577
DL,2026-03-07T23:00:00.000000,0.900851727
DL,2026-03-08T00:00:00.000000,0.871612489
DL,2026-03-08T01:00:00.000000,0.871683478
DL,2026-03-08T02:00:00.000000,0.871950388
DL,2026-03-08T03:00:00.000000,0.873948097
DL,2026-03-08T04:00:00.000000,0.878520966
DL,2026-03-08T05:00:00.000000,0.888820887
DL,2026-03-08T06:00:00.000000,0.907259285
DL,2026-03-08T07:00:00.000000,1.071688175
DL,2026-03-08T08:00:00.000000,1.284270525
DL,2026-03-08T09:00:00.000000,0.899439871
DL,2026-03-08T10:00:00.000000,0.932635605
DL,2026-03-08T11:00:00.000000,0.913199842
DL,2026-03-08T12:00:00.000000,0.968560874
DL,2026-03-08T13:00:00.000000,0.91579175
DL,2026-03-08T14:00:00.000000,0.923842371
DL,2026-03-08T15:00:00.000000,0.927450001
DL,2026-03-08T16:00:00.000000,0.931091845
DL,2026-03-08T17:00:00.000000,0.940717399
DL,2026-03-08T18:00:00.000000,1.233960509
DL,2026-03-08T19:00:00.000000,1.450372934
DL,2026-03-08T20:00:00.000000,1.602922797
DL,2026-03-08T21:00:00.000000,1.63229835
DL,2026-03-08T22:00:00.000000,1.42584765
DL,2026-03-08T23:00:00.000000,1.152389407
DL,2026-03-09T00:00:00.000000,1.091465116
DL,2026-03-09T01:00:00.000000,1.03856349
DL,2026-03-09T02:00:00.000000,1.008370876
DL,2026-03-09T03:00:00.000000,0.998153329
DL,2026-03-09T04:00:00.000000,0.998785198
DL,2026-03-09T05:00:00.000000,1.001083136
DL,2026-03-09T06:00:00.000000,1.016037107
DL,2026-03-09T07:00:00.000000,1.038070202
DL,2026-03-09T08:00:00.000000,1.41102922
DL,2026-03-09T09:00:00.000000,1.420415521
DL,2026-03-09T10:00:00.000000,1.251317024
DL,2026-03-09T11:00:00.000000,1.207947493
DL,2026-03-09T12:00:00.000000,1.17833364
DL,2026-03-09T13:00:00.000000,1.092519641
DL,2026-03-09T14:00:00.000000,1.049124002
DL,2026-03-09T15:00:00.000000,1.02859056
DL,2026-03-09T16:00:00.000000,1.028201342
DL,2026-03-09T17:00:00.000000,1.034070492
DL,2026-03-09T18:00:00.000000,1.057393074
DL,2026-03-09T19:00:00.000000,1.083971739
DL,2026-03-09T20:00:00.000000,1.27562952
DL,2026-03-09T21:00:00.000000,1.379260182
DL,2026-03-09T22:00:00.000000,1.212118983
DL,2026-03-09T23:00:00.000000,1.128771186
DL,2026-03-10T00:00:00.000000,1.091836333
GB,2026-03-02T01:00:00.000000,0.664024472
GB,2026-03-02T02:00:00.000000,0.641593575
GB,2026-03-02T03:00:00.000000,0.614017963
GB,2026-03-02T04:00:00.000000,0.681164205
GB,2026-03-02T05:00:00.000000,0.707035661
GB,2026-03-02T06:00:00.000000,0.731431961
GB,2026-03-02T07:00:00.000000,0.756211817
GB,2026-03-02T08:00:00.000000,0.76016134
GB,2026-03-02T09:00:00.000000,0.739099622
GB,2026-03-02T10:00:00.000000,0.736562908
GB,2026-03-02T11:00:00.000000,0.70095396
GB,2026-03-02T12:00:00.000000,0.645839036
GB,2026-03-02T13:00:00.000000,0.599098563
GB,2026-03-02T14:00:00.000000,0.565838516
GB,2026-03-02T15:00:00.000000,0.515951395
GB,2026-03-02T16:00:00.000000,0.554369807
GB,2026-03-02T17:00:00.000000,0.640554726
GB,2026-03-02T18:00:00.000000,0.688181698
GB,2026-03-02T19:00:00.000000,0.718552351
GB,2026-03-02T20:00:00.000000,0.732590854
GB,2026-03-02T21:00:00.000000,0.734475732
GB,2026-03-02T22:00:00.000000,0.737488687
GB,2026-03-02T23:00:00.000000,0.772862136
GB,2026-03-03T00:00:00.000000,0.708081961
GB,2026-03-03T01:00:00.000000,0.653528214
GB,2026-03-03T02:00:00.000000,0.621552348
GB,2026-03-03T03:00:00.000000,0.568915606
GB,2026-03-03T04:00:00.000000,0.541274309
GB,2026-03-03T05:00:00.000000,0.607048929
GB,2026-03-03T06:00:00.000000,0.65493995
GB,2026-03-03T07:00:00.000000,0.687267601
GB,2026-03-03T08:00:00.000000,0.780148923
GB,2026-03-03T09:00:00.000000,0.835189283
GB,2026-03-03T10:00:00.000000,0.740524709
GB,2026-03-03T11:00:00.000000,0.728783369
GB,2026-03-03T12:00:00.000000,0.654732704
GB,2026-03-03T13:00:00.000000,0.596073031
GB,2026-03-03T14:00:00.000000,0.554196954
GB,2026-03-03T15:00:00.000000,0.531904995
GB,2026-03-03T16:00:00.000000,0.490154147
GB,2026-03-03T17:00:00.000000,0.547632396
GB,2026-03-03T18:00:00.000000,0.602957547
GB,2026-03-03T19:00:00.000000,0.631622493
GB,2026-03-03T20:00:00.000000,0.670118392
GB,2026-03-03T21:00:00.000000,0.73367238
GB,2026-03-03T22:00:00.000000,0.766478956
GB,2026-03-03T23:00:00.000000,0.746801198
GB,2026-03-04T00:00:00.000000,0.743915558
GB,2026-03-04T01:00:00.000000,0.683593631
GB,2026-03-04T02:00:00.000000,0.652052045
GB,2026-03-04T03:00:00.000000,0.636390746
GB,2026-03-04T04:00:00.000000,0.618353963
GB,2026-03-04T05:00:00.000000,0.610447943
GB,2026-03-04T06:00:00.000000,0.672941685
GB,2026-03-04T07:00:00.000000,0.708814919
GB,2026-03-04T08:00:00.000000,0.746475339
GB,2026-03-04T09:00:00.000000,0.766027391
GB,2026-03-04T10:00:00.000000,0.759764254
GB,2026-03-04T11:00:00.000000,0.758508265
GB,2026-03-04T12:00:00.000000,0.809533596
GB,2026-03-04T13:00:00.000000,0.784131527
GB,2026-03-04T14:00:00.000000,0.74958998
GB,2026-03-04T15:00:00.000000,0.738815069
GB,2026-03-04T16:00:00.000000,0.741816759
GB,2026-03-04T17:00:00.000000,0.745470285
GB,2026-03-04T18:00:00.000000,0.799839437
GB,2026-03-04T19:00:00.000000,0.816836715
GB,2026-03-04T20:00:00.000000,0.86838603
GB,2026-03-04T21:00:00.000000,0.902767301
GB,2026-03-04T22:00:00.000000,0.914753616
GB,2026-03-04T23:00:00.000000,0.917540312
GB,2026-03-05T00:00:00.000000,0.954654038
GB,2026-03-05T01:00:00.000000,0.939499676
GB,2026-03-05T02:00:00.000000,0.893193483
GB,2026-03-05T03:00:00.000000,0.863646567
GB,2026-03-05T04:00:00.000000,0.848625243
GB,2026-03-05T05:00:00.000000,0.8293612
GB,2026-03-05T06:00:00.000000,0.863596916
GB,2026-03-05T07:00:00.000000,0.907654762
GB,2026-03-05T08:00:00.000000,0.938455939
GB,2026-03-05T09:00:00.000000,0.962590814
GB,2026-03-05T10:00:00.000000,0.988827229
GB,2026-03-05T11:00:00.000000,0.991433561
GB,2026-03-05T12:00:00.000000,0.991213083
GB,2026-03-05T13:00:00.000000,1.034063339
GB,2026-03-05T14:00:00.000000,0.979094565
GB,2026-03-05T15:00:00.000000,0.920793295
GB,2026-03-05T16:00:00.000000,0.879950404
GB,2026-03-05T17:00:00.000000,0.840251029
GB,2026-03-05T18:00:00.000000,0.849973917
GB,2026-03-05T19:00:00.000000,0.970407486
GB,2026-03-05T20:00:00.000000,1.026427388
GB,2026-03-05T21:00:00.000000,1.072486997
GB,2026-03-05T22:00:00.000000,1.0904212
GB,2026-03-05T23:00:00.000000,1.08274138
GB,2026-03-06T00:00:00.000000,1.086953521
GB,2026-03-06T01:00:00.000000,1.161428332
GB,2026-03-06T02:00:00.000000,1.111322045
GB,2026-03-06T03:00:00.000000,1.009676099
GB,2026-03-06T04:00:00.000000,0.928258538
GB,2026-03-06T05:00:00.000000,0.857582569
GB,2026-03-06T06:00:00.000000,0.804828346
GB,2026-03-06T07:00:00.000000,1.053689718
GB,2026-03-06T08:00:00.000000,1.152786613
GB,2026-03-06T09:00:00.000000,1.228091121
GB,2026-03-06T10:00:00.000000,1.211373806
GB,2026-03-06T11:00:00.000000,1.169371963
GB,2026-03-06T12:00:00.000000,1.159462571
GB,2026-03-06T13:00:00.000000,1.250021577
GB,2026-03-06T14:00:00.000000,1.322340965
GB,2026-03-06T15:00:00.000000,1.178284645
GB,2026-03-06T16:00:00.000000,1.04393959
GB,2026-03-06T17:00:00.000000,0.948408663
GB,2026-03-06T18:00:00.000000,0.854076207
GB,2026-03-06T19:00:00.000000,1.044920564
GB,2026-03-06T20:00:00.000000,1.281294465
GB,2026-03-06T21:00:00.000000,1.355493665
GB,2026-03-06T22:00:00.000000,1.405325413
GB,2026-03-06T23:00:00.000000,1.365040302
GB,2026-03-07T00:00:00.000000,1.311147213
GB,2026-03-07T01:00:00.000000,1.394247055
GB,2026-03-07T02:00:00.000000,1.421974659
GB,2026-03-07T03:00:00.000000,1.26434207
GB,2026-03-07T04:00:00.000000,1.134623408
GB,2026-03-07T05:00:00.000000,1.049035668
GB,2026-03-07T06:00:00.000000,0.956201911
GB,2026-03-07T07:00:00.000000,0.958186567
GB,2026-03-07T08:00:00.000000,1.309705615
GB,2026-03-07T09:00:00.000000,1.355892181
GB,2026-03-07T10:00:00.000000,1.385519266
GB,2026-03-07T11:00:00.000000,1.373691559
GB,2026-03-07T12:00:00.000000,1.366580844
GB,2026-03-07T13:00:00.000000,1.381938457
GB,2026-03-07T14:00:00.000000,1.496499777
GB,2026-03-07T15:00:00.000000,1.41324842
GB,2026-03-07T16:00:00.000000,1.274644017
GB,2026-03-07T17:00:00.000000,1.19235301
GB,2026-03-07T18:00:00.000000,1.134368896
GB,2026-03-07T19:00:00.000000,1.055081606
GB,2026-03-07T20:00:00.000000,1.247567177
GB,2026-03-07T21:00:00.000000,1.448203325
GB,2026-03-07T22:00:00.000000,1.463561535
GB,2026-03-07T23:00:00.000000,1.45290029
GB,2026-03-08T00:00:00.000000,1.427975655
GB,2026-03-08T01:00:00.000000,1.420634747
GB,2026-03-08T02:00:00.000000,1.465565801
GB,2026-03-08T03:00:00.000000,1.409603715
GB,2026-03-08T04:00:00.000000,1.308504105
GB,2026-03-08T05:00:00.000000,1.252035022
GB,2026-03-08T06:00:00.000000,1.218536854
GB,2026-03-08T07:00:00.000000,1.16116643
GB,2026-03-08T08:00:00.000000,1.18255353
GB,2026-03-08T09:00:00.000000,1.411258817
GB,2026-03-08T10:00:00.000000,1.439816833
GB,2026-03-08T11:00:00.000000,1.447188497
GB,2026-03-08T12:00:00.000000,1.43712306
GB,2026-03-08T13:00:00.000000,1.435810685
GB,2026-03-08T14:00:00.000000,1.444716692
GB,2026-03-08T15:00:00.000000,1.460121393
GB,2026-03-08T16:00:00.000000,1.401228786
GB,2026-03-08T17:00:00.000000,1.365034103
GB,2026-03-08T18:00:00.000000,1.358836532
GB,2026-03-08T19:00:00.000000,1.35321641
GB,2026-03-08T20:00:00.000000,1.349045873
GB,2026-03-08T21:00:00.000000,1.482187033
GB,2026-03-08T22:00:00.000000,1.517629027
GB,2026-03-08T23:00:00.000000,1.535604119
GB,2026-03-09T00:00:00.000000,1.541806221
GB,2026-03-09T01:00:00.000000,1.536048412
GB,2026-03-09T02:00:00.000000,1.528767824
GB,2026-03-09T03:00:00.000000,1.550081611
GB,2026-03-09T04:00:00.000000,1.521916151
GB,2026-03-09T05:00:00.000000,1.482768655
GB,2026-03-09T06:00:00.000000,1.450007319
GB,2026-03-09T07:00:00.000000,1.415338635
GB,2026-03-09T08:00:00.000000,1.384053826
GB,2026-03-09T09:00:00.000000,1.533824325
GB,2026-03-09T10:00:00.000000,1.606946945
GB,2026-03-09T11:00:00.000000,1.633257151
GB,2026-03-09T12:00:00.000000,1.635671616
GB,2026-03-09T13:00:00.000000,1.637321949
GB,2026-03-09T14:00:00.000000,1.634952545
GB,2026-03-09T15:00:00.000000,1.67505908
GB,2026-03-09T16:00:00.000000,1.706851125
GB,2026-03-09T17:00:00.000000,1.645909309
GB,2026-03-09T18:00:00.000000,1.588790655
GB,2026-03-09T19:00:00.000000,1.548453569
GB,2026-03-09T20:00:00.000000,1.505496144
GB,2026-03-09T21:00:00.000000,1.548305273
GB,2026-03-09T22:00:00.000000,1.754688144
GB,2026-03-09T23:00:00.000000,1.795943499
GB,2026-03-10T00:00:00.000000,1.798104525
LI,2026-03-02T01:00:00.000000,0.58679837
LI,2026-03-02T02:00:00.000000,0.575019538
LI,2026-03-02T03:00:00.000000,0.568897605
LI,2026-03-02T04:00:00.000000,0.56609118
LI,2026-03-02T05:00:00.000000,0.56609118
LI,2026-03-02T06:00:00.000000,0.562159121
LI,2026-03-02T07:00:00.000000,0.559305906
LI,2026-03-02T08:00:00.000000,0.554620087
LI,2026-03-02T09:00:00.000000,0.560619056
LI,2026-03-02T10:00:00.000000,0.565349281
LI,2026-03-02T11:00:00.000000,0.566732287
LI,2026-03-02T12:00:00.000000,0.558263838
LI,2026-03-02T13:00:00.000000,0.545208514
LI,2026-03-02T14:00:00.000000,0.538450122
LI,2026-03-02T15:00:00.000000,0.539950073
LI,2026-03-02T16:00:00.000000,0.547433913
LI,2026-03-02T17:00:00.000000,0.551199675
LI,2026-03-02T18:00:00.000000,0.553586483
LI,2026-03-02T19:00:00.000000,0.557045221
LI,2026-03-02T20:00:00.000000,0.560656786
LI,2026-03-02T21:00:00.000000,0.580495954
LI,2026-03-02T22:00:00.000000,0.59695071
LI,2026-03-02T23:00:00.000000,0.600160539
LI,2026-03-03T00:00:00.000000,0.597603977
LI,2026-03-03T01:00:00.000000,0.589192569
LI,2026-03-03T02:00:00.000000,0.569950104
LI,2026-03-03T03:00:00.000000,0.562624753
LI,2026-03-03T04:00:00.000000,0.573921204
LI,2026-03-03T05:00:00.000000,0.553223848
LI,2026-03-03T06:00:00.000000,0.561934352
LI,2026-03-03T07:00:00.000000,0.561868608
LI,2026-03-03T08:00:00.000000,0.577565372
LI,2026-03-03T09:00:00.000000,0.584184885
LI,2026-03-03T10:00:00.000000,0.57666564
LI,2026-03-03T11:00:00.000000,0.573578835
LI,2026-03-03T12:00:00.000000,0.569868147
LI,2026-03-03T13:00:00.000000,0.569253325
LI,2026-03-03T14:00:00.000000,0.572885811
LI,2026-03-03T15:00:00.000000,0.577529967
LI,2026-03-03T16:00:00.000000,0.582232177
LI,2026-03-03T17:00:00.000000,0.583504558
LI,2026-03-03T18:00:00.000000,0.584932268
LI,2026-03-03T19:00:00.000000,0.587196052
LI,2026-03-03T20:00:00.000000,0.587547004
LI,2026-03-03T21:00:00.000000,0.581282139
LI,2026-03-03T22:00:00.000000,0.582052886
LI,2026-03-03T23:00:00.000000,0.590182424
LI,2026-03-04T00:00:00.000000,0.592148185
LI,2026-03-04T01:00:00.000000,0.590625823
LI,2026-03-04T02:00:00.000000,0.592459559
LI,2026-03-04T03:00:00.000000,0.598002195
LI,2026-03-04T04:00:00.000000,0.604586899
LI,2026-03-04T05:00:00.000000,0.627598107
LI,2026-03-04T06:00:00.000000,0.632155597
LI,2026-03-04T07:00:00.000000,0.630442798
LI,2026-03-04T08:00:00.000000,0.676998019
LI,2026-03-04T09:00:00.000000,0.707369864
LI,2026-03-04T10:00:00.000000,0.722447097
LI,2026-03-04T11:00:00.000000,0.740337849
LI,2026-03-04T12:00:00.000000,0.749726057
LI,2026-03-04T13:00:00.000000,0.756000459
LI,2026-03-04T14:00:00.000000,0.763766408
LI,2026-03-04T15:00:00.000000,0.770250201
LI,2026-03-04T16:00:00.000000,0.771074355
LI,2026-03-04T17:00:00.000000,0.766067743
LI,2026-03-04T18:00:00.000000,0.790990233
LI,2026-03-04T19:00:00.000000,0.779930949
LI,2026-03-04T20:00:00.000000,0.785387218
LI,2026-03-04T21:00:00.000000,0.787668407
LI,2026-03-04T22:00:00.000000,0.773573041
LI,2026-03-04T23:00:00.000000,0.743967056
LI,2026-03-05T00:00:00.000000,0.744909227
LI,2026-03-05T01:00:00.000000,0.749342442
LI,2026-03-05T02:00:00.000000,0.755788445
LI,2026-03-05T03:00:00.000000,0.767644405
LI,2026-03-05T04:00:00.000000,0.772169232
LI,2026-03-05T05:00:00.000000,0.783358514
LI,2026-03-05T06:00:00.000000,0.80204469
LI,2026-03-05T07:00:00.000000,0.78344965
LI,2026-03-05T08:00:00.000000,0.781052113
LI,2026-03-05T09:00:00.000000,0.786017239
LI,2026-03-05T10:00:00.000000,0.793155789
LI,2026-03-05T11:00:00.000000,0.817755401
LI,2026-03-05T12:00:00.000000,0.845361352
LI,2026-03-05T13:00:00.000000,0.851728559
LI,2026-03-05T14:00:00.000000,0.851298273
LI,2026-03-05T15:00:00.000000,0.836908162
LI,2026-03-05T16:00:00.000000,0.833701134
LI,2026-03-05T17:00:00.000000,0.835257292
LI,2026-03-05T18:00:00.000000,0.838333368
LI,2026-03-05T19:00:00.000000,0.847038209
LI,2026-03-05T20:00:00.000000,0.843711734
LI,2026-03-05T21:00:00.000000,0.845229626
LI,2026-03-05T22:00:00.000000,0.845892072
LI,2026-03-05T23:00:00.000000,0.841088295
LI,2026-03-06T00:00:00.000000,0.837554097
LI,2026-03-06T01:00:00.000000,0.851304829
LI,2026-03-06T02:00:00.000000,0.85911262
LI,2026-03-06T03:00:00.000000,0.849485755
LI,2026-03-06T04:00:00.000000,0.842285097
LI,2026-03-06T05:00:00.000000,0.840549231
LI,2026-03-06T06:00:00.000000,0.839789093
LI,2026-03-06T07:00:00.000000,0.839094818
LI,2026-03-06T08:00:00.000000,0.83770901
LI,2026-03-06T09:00:00.000000,0.84785229
LI,2026-03-06T10:00:00.000000,0.833069265
LI,2026-03-06T11:00:00.000000,0.831848264
LI,2026-03-06T12:00:00.000000,0.863521218
LI,2026-03-06T13:00:00.000000,0.883811355
LI,2026-03-06T14:00:00.000000,0.888469338
LI,2026-03-06T15:00:00.000000,0.884989738
LI,2026-03-06T16:00:00.000000,0.85105437
LI,2026-03-06T17:00:00.000000,0.84386313
LI,2026-03-06T18:00:00.000000,0.827047408
LI,2026-03-06T19:00:00.000000,0.821945369
LI,2026-03-06T20:00:00.000000,0.825605989
LI,2026-03-06T21:00:00.000000,0.833168805
LI,2026-03-06T22:00:00.000000,0.834895611
LI,2026-03-06T23:00:00.000000,0.834315479
LI,2026-03-07T00:00:00.000000,0.803803086
LI,2026-03-07T01:00:00.000000,0.783161938
LI,2026-03-07T02:00:00.000000,0.780044317
LI,2026-03-07T03:00:00.000000,0.784276664
LI,2026-03-07T04:00:00.000000,0.793568194
LI,2026-03-07T05:00:00.000000,0.804639518
LI,2026-03-07T06:00:00.000000,0.810618222
LI,2026-03-07T07:00:00.000000,0.806967199
LI,2026-03-07T08:00:00.000000,0.80583173
LI,2026-03-07T09:00:00.000000,0.808628678
LI,2026-03-07T10:00:00.000000,0.810778141
LI,2026-03-07T11:00:00.000000,0.810645938
LI,2026-03-07T12:00:00.000000,0.815685093
LI,2026-03-07T13:00:00.000000,0.830466211
LI,2026-03-07T14:00:00.000000,0.843080997
LI,2026-03-07T15:00:00.000000,0.843274534
LI,2026-03-07T16:00:00.000000,0.840471506
LI,2026-03-07T17:00:00.000000,0.83982265
LI,2026-03-07T18:00:00.000000,0.840923667
LI,2026-03-07T19:00:00.000000,0.85027194
LI,2026-03-07T20:00:00.000000,0.860302806
LI,2026-03-07T21:00:00.000000,0.857814252
LI,2026-03-07T22:00:00.000000,0.865406752
LI,2026-03-07T23:00:00.000000,0.882373929
LI,2026-03-08T00:00:00.000000,0.962797165
LI,2026-03-08T01:00:00.000000,1.101477742
LI,2026-03-08T02:00:00.000000,1.132916093
LI,2026-03-08T03:00:00.000000,1.14112246
LI,2026-03-08T04:00:00.000000,1.149829984
LI,2026-03-08T05:00:00.000000,1.155211091
LI,2026-03-08T06:00:00.000000,1.155730724
LI,2026-03-08T07:00:00.000000,1.153144121
LI,2026-03-08T08:00:00.000000,1.14806211
LI,2026-03-08T09:00:00.000000,1.084192872
LI,2026-03-08T10:00:00.000000,1.072956085
LI,2026-03-08T11:00:00.000000,1.073833585
LI,2026-03-08T12:00:00.000000,1.066780329
LI,2026-03-08T13:00:00.000000,1.050490618
LI,2026-03-08T14:00:00.000000,1.052327871
LI,2026-03-08T15:00:00.000000,1.065230012
LI,2026-03-08T16:00:00.000000,1.072505116
LI,2026-03-08T17:00:00.000000,1.081147432
LI,2026-03-08T18:00:00.000000,1.085781693
LI,2026-03-08T19:00:00.000000,1.102370739
LI,2026-03-08T20:00:00.000000,1.144102335
LI,2026-03-08T21:00:00.000000,1.180180311
LI,2026-03-08T22:00:00.000000,1.087217689
LI,2026-03-08T23:00:00.000000,1.087905169
LI,2026-03-09T00:00:00.000000,1.108262062
LI,2026-03-09T01:00:00.000000,1.148223042
LI,2026-03-09T02:00:00.000000,1.167755246
LI,2026-03-09T03:00:00.000000,1.168672562
LI,2026-03-09T04:00:00.000000,1.167342186
LI,2026-03-09T05:00:00.000000,1.166104794
LI,2026-03-09T06:00:00.000000,1.162430525
LI,2026-03-09T07:00:00.000000,1.150283217
LI,2026-03-09T08:00:00.000000,1.148490191
LI,2026-03-09T09:00:00.000000,1.147544026
LI,2026-03-09T10:00:00.000000,1.148921847
LI,2026-03-09T11:00:00.000000,1.150660276
LI,2026-03-09T12:00:00.000000,1.152840614
LI,2026-03-09T13:00:00.000000,1.162396789
LI,2026-03-09T14:00:00.000000,1.188952327
LI,2026-03-09T15:00:00.000000,1.202563047
LI,2026-03-09T16:00:00.000000,1.205506086
LI,2026-03-09T17:00:00.000000,1.205546856
LI,2026-03-09T18:00:00.000000,1.201524019
LI,2026-03-09T19:00:00.000000,1.18555963
LI,2026-03-09T20:00:00.000000,1.186575174
LI,2026-03-09T21:00:00.000000,1.187315345
LI,2026-03-09T22:00:00.000000,1.190975308
LI,2026-03-09T23:00:00.000000,1.196301341
LI,2026-03-10T00:00:00.000000,1.201132774
OB,2026-03-02T01:00:00.000000,0.921405375
OB,2026-03-02T02:00:00.000000,0.913508654
OB,2026-03-02T03:00:00.000000,0.893105865
OB,2026-03-02T04:00:00.000000,0.880077481
OB,2026-03-02T05:00:00.000000,0.873490393
OB,2026-03-02T06:00:00.000000,0.871738732
OB,2026-03-02T07:00:00.000000,0.871359527
OB,2026-03-02T08:00:00.000000,0.87243408
OB,2026-03-02T09:00:00.000000,0.877520442
OB,2026-03-02T10:00:00.000000,0.895015836
OB,2026-03-02T11:00:00.000000,0.928114235
OB,2026-03-02T12:00:00.000000,0.947091877
OB,2026-03-02T13:00:00.000000,0.965647936
OB,2026-03-02T14:00:00.000000,0.975496829
OB,2026-03-02T15:00:00.000000,0.967099547
OB,2026-03-02T16:00:00.000000,0.947565079
OB,2026-03-02T17:00:00.000000,0.939447165
OB,2026-03-02T18:00:00.000000,0.938726068
OB,2026-03-02T19:00:00.000000,0.941550672
OB,2026-03-02T20:00:00.000000,0.943832874
OB,2026-03-02T21:00:00.000000,0.941920757
OB,2026-03-02T22:00:00.000000,0.961808503
OB,2026-03-02T23:00:00.000000,0.995766342
OB,2026-03-03T00:00:00.000000,1.021602631
OB,2026-03-03T01:00:00.000000,1.042119741
OB,2026-03-03T02:00:00.000000,1.062656403
OB,2026-03-03T03:00:00.000000,1.05304265
OB,2026-03-03T04:00:00.000000,1.058435202
OB,2026-03-03T05:00:00.000000,1.063587785
OB,2026-03-03T06:00:00.000000,1.003496051
OB,2026-03-03T07:00:00.000000,0.950505555
OB,2026-03-03T08:00:00.000000,0.947159886
OB,2026-03-03T09:00:00.000000,0.954677224
OB,2026-03-03T10:00:00.000000,0.979958892
OB,2026-03-03T11:00:00.000000,0.995268524
OB,2026-03-03T12:00:00.000000,1.007034302
OB,2026-03-03T13:00:00.000000,1.03855598
OB,2026-03-03T14:00:00.000000,1.060819268
OB,2026-03-03T15:00:00.000000,1.065436006
OB,2026-03-03T16:00:00.000000,1.055251002
OB,2026-03-03T17:00:00.000000,1.030579448
OB,2026-03-03T18:00:00.000000,1.013169289
OB,2026-03-03T19:00:00.000000,0.990545273
OB,2026-03-03T20:00:00.000000,0.970635772
OB,2026-03-03T21:00:00.000000,0.945370078
OB,2026-03-03T22:00:00.000000,0.945356607
OB,2026-03-03T23:00:00.000000,0.95910424
OB,2026-03-04T00:00:00.000000,1.00617826
OB,2026-03-04T01:00:00.000000,1.045285225
OB,2026-03-04T02:00:00.000000,1.068527818
OB,2026-03-04T03:00:00.000000,1.090873003
OB,2026-03-04T04:00:00.000000,1.102268457
OB,2026-03-04T05:00:00.000000,1.07515645
OB,2026-03-04T06:00:00.000000,1.051770329
OB,2026-03-04T07:00:00.000000,1.042395115
OB,2026-03-04T08:00:00.000000,1.03445971
OB,2026-03-04T09:00:00.000000,1.034594655
OB,2026-03-04T10:00:00.000000,1.025733113
OB,2026-03-04T11:00:00.000000,1.032199144
OB,2026-03-04T12:00:00.000000,1.049244285
OB,2026-03-04T13:00:00.000000,1.065918446
OB,2026-03-04T14:00:00.000000,1.114462972
OB,2026-03-04T15:00:00.000000,1.160750151
OB,2026-03-04T16:00:00.000000,1.173215628
OB,2026-03-04T17:00:00.000000,1.128189921
OB,2026-03-04T18:00:00.000000,1.079028487
OB,2026-03-04T19:00:00.000000,1.063364387
OB,2026-03-04T20:00:00.000000,1.058434248
OB,2026-03-04T21:00:00.000000,1.05439043
OB,2026-03-04T22:00:00.000000,1.051400661
OB,2026-03-04T23:00:00.000000,1.0506953
OB,2026-03-05T00:00:00.000000,1.054320455
OB,2026-03-05T01:00:00.000000,1.073445916
OB,2026-03-05T02:00:00.000000,1.169157267
OB,2026-03-05T03:00:00.000000,1.309052825
OB,2026-03-05T04:00:00.000000,1.307373047
OB,2026-03-05T05:00:00.000000,1.241895318
OB,2026-03-05T06:00:00.000000,1.187117577
OB,2026-03-05T07:00:00.000000,1.170658469
OB,2026-03-05T08:00:00.000000,1.160260558
OB,2026-03-05T09:00:00.000000,1.151544929
OB,2026-03-05T10:00:00.000000,1.144489169
OB,2026-03-05T11:00:00.000000,1.145185471
OB,2026-03-05T12:00:00.000000,1.153699994
OB,2026-03-05T13:00:00.000000,1.170827866
OB,2026-03-05T14:00:00.000000,1.204930186
OB,2026-03-05T15:00:00.000000,1.257331014
OB,2026-03-05T16:00:00.000000,1.279857397
OB,2026-03-05T17:00:00.000000,1.268758655
OB,2026-03-05T18:00:00.000000,1.221360087
OB,2026-03-05T19:00:00.000000,1.194628477
OB,2026-03-05T20:00:00.000000,1.179952979
OB,2026-03-05T21:00:00.000000,1.181977272
OB,2026-03-05T22:00:00.000000,1.180107355
OB,2026-03-05T23:00:00.000000,1.179945707
OB,2026-03-06T00:00:00.000000,1.181624413
OB,2026-03-06T01:00:00.000000,1.188515782
OB,2026-03-06T02:00:00.000000,1.206261873
OB,2026-03-06T03:00:00.000000,1.239778638
OB,2026-03-06T04:00:00.000000,1.271196127
OB,2026-03-06T05:00:00.000000,1.277114987
OB,2026-03-06T06:00:00.000000,1.247136235
OB,2026-03-06T07:00:00.000000,1.239013553
OB,2026-03-06T08:00:00.000000,1.233469725
OB,2026-03-06T09:00:00.000000,1.229041457
OB,2026-03-06T10:00:00.000000,1.221907735
OB,2026-03-06T11:00:00.000000,1.214840531
OB,2026-03-06T12:00:00.000000,1.21256566
OB,2026-03-06T13:00:00.000000,1.214381456
OB,2026-03-06T14:00:00.000000,1.219865203
OB,2026-03-06T15:00:00.000000,1.247525334
OB,2026-03-06T16:00:00.000000,1.245395899
OB,2026-03-06T17:00:00.000000,1.23989284
OB,2026-03-06T18:00:00.000000,1.241030455
OB,2026-03-06T19:00:00.000000,1.241166115
OB,2026-03-06T20:00:00.000000,1.239010811
OB,2026-03-06T21:00:00.000000,1.237609148
OB,2026-03-06T22:00:00.000000,1.23565948
OB,2026-03-06T23:00:00.000000,1.233348727
OB,2026-03-07T00:00:00.000000,1.233238339
OB,2026-03-07T01:00:00.000000,1.234730244
OB,2026-03-07T02:00:00.000000,1.241786838
OB,2026-03-07T03:00:00.000000,1.251372814
OB,2026-03-07T04:00:00.000000,1.267799377
OB,2026-03-07T05:00:00.000000,1.295124292
OB,2026-03-07T06:00:00.000000,1.301962852
OB,2026-03-07T07:00:00.000000,1.293104053
OB,2026-03-07T08:00:00.000000,1.281532764
OB,2026-03-07T09:00:00.000000,1.274134755
OB,2026-03-07T10:00:00.000000,1.270038962
OB,2026-03-07T11:00:00.000000,1.266556501
OB,2026-03-07T12:00:00.000000,1.263697624
OB,2026-03-07T13:00:00.000000,1.262724638
OB,2026-03-07T14:00:00.000000,1.264264107
OB,2026-03-07T15:00:00.000000,1.266643047
OB,2026-03-07T16:00:00.000000,1.275745392
OB,2026-03-07T17:00:00.000000,1.327412248
OB,2026-03-07T18:00:00.000000,1.365399957
OB,2026-03-07T19:00:00.000000,1.376890182
OB,2026-03-07T20:00:00.000000,1.377343893
OB,2026-03-07T21:00:00.000000,1.362920403
OB,2026-03-07T22:00:00.000000,1.349914432
OB,2026-03-07T23:00:00.000000,1.337734818
OB,2026-03-08T00:00:00.000000,1.319649935
OB,2026-03-08T01:00:00.000000,1.308543324
OB,2026-03-08T02:00:00.000000,1.32000494
OB,2026-03-08T03:00:00.000000,1.363619447
OB,2026-03-08T04:00:00.000000,1.386503339
OB,2026-03-08T05:00:00.000000,1.393553972
OB,2026-03-08T06:00:00.000000,1.387885213
OB,2026-03-08T07:00:00.000000,1.366932511
OB,2026-03-08T08:00:00.000000,1.336301923
OB,2026-03-08T09:00:00.000000,1.314274669
OB,2026-03-08T10:00:00.000000,1.300198674
OB,2026-03-08T11:00:00.000000,1.291697741
OB,2026-03-08T12:00:00.000000,1.276108384
OB,2026-03-08T13:00:00.000000,1.272443891
OB,2026-03-08T14:00:00.000000,1.273260593
OB,2026-03-08T15:00:00.000000,1.278875113
OB,2026-03-08T16:00:00.000000,1.292440653
OB,2026-03-08T17:00:00.000000,1.31825006
OB,2026-03-08T18:00:00.000000,1.33931458
OB,2026-03-08T19:00:00.000000,1.350245237
OB,2026-03-08T20:00:00.000000,1.350622177
OB,2026-03-08T21:00:00.000000,1.349919081
OB,2026-03-08T22:00:00.000000,1.351993561
OB,2026-03-08T23:00:00.000000,1.354893208
OB,2026-03-09T00:00:00.000000,1.356264114
OB,2026-03-09T01:00:00.000000,1.352399349
OB,2026-03-09T02:00:00.000000,1.354161739
OB,2026-03-09T03:00:00.000000,1.356064558
OB,2026-03-09T04:00:00.000000,1.355621576
OB,2026-03-09T05:00:00.000000,1.360820651
OB,2026-03-09T06:00:00.000000,1.398500919
OB,2026-03-09T07:00:00.000000,1.424052119
OB,2026-03-09T08:00:00.000000,1.418881297
OB,2026-03-09T09:00:00.000000,1.401283622
OB,2026-03-09T10:00:00.000000,1.385829091
OB,2026-03-09T11:00:00.000000,1.377775788
OB,2026-03-09T12:00:00.000000,1.370969057
OB,2026-03-09T13:00:00.000000,1.365068793
OB,2026-03-09T14:00:00.000000,1.36555171
OB,2026-03-09T15:00:00.000000,1.369425416
OB,2026-03-09T16:00:00.000000,1.374836445
OB,2026-03-09T17:00:00.000000,1.387482285
OB,2026-03-09T18:00:00.000000,1.436046958
OB,2026-03-09T19:00:00.000000,1.467617869
OB,2026-03-09T20:00:00.000000,1.468801618
OB,2026-03-09T21:00:00.000000,1.45640564
OB,2026-03-09T22:00:00.000000,1.440814972
OB,2026-03-09T23:00:00.000000,1.431736946
OB,2026-03-10T00:00:00.000000,1.423149943
WC,2026-03-02T01:00:00.000000,0.5612517
WC,2026-03-02T02:00:00.000000,0.54519558
WC,2026-03-02T03:00:00.000000,0.571097851
WC,2026-03-02T04:00:00.000000,0.611557662
WC,2026-03-02T05:00:00.000000,0.645414233
WC,2026-03-02T06:00:00.000000,0.659350634
WC,2026-03-02T07:00:00.000000,0.692965329
WC,2026-03-02T08:00:00.000000,0.709644496
WC,2026-03-02T09:00:00.000000,0.620896041
WC,2026-03-02T10:00:00.000000,0.550764143
WC,2026-03-02T11:00:00.000000,0.53060931
WC,2026-03-02T12:00:00.000000,0.51350832
WC,2026-03-02T13:00:00.000000,0.50384742
WC,2026-03-02T14:00:00.000000,0.507763505
WC,2026-03-02T15:00:00.000000,0.511146128
WC,2026-03-02T16:00:00.000000,0.553539515
WC,2026-03-02T17:00:00.000000,0.603596568
WC,2026-03-02T18:00:00.000000,0.622600555
WC,2026-03-02T19:00:00.000000,0.680415213
WC,2026-03-02T20:00:00.000000,0.721949458
WC,2026-03-02T21:00:00.000000,0.714215994
WC,2026-03-02T22:00:00.000000,0.596772254
WC,2026-03-02T23:00:00.000000,0.557361901
WC,2026-03-03T00:00:00.000000,0.546982229
WC,2026-03-03T01:00:00.000000,0.54487735
WC,2026-03-03T02:00:00.000000,0.543002427
WC,2026-03-03T03:00:00.000000,0.514419496
WC,2026-03-03T04:00:00.000000,0.517854393
WC,2026-03-03T05:00:00.000000,0.55981636
WC,2026-03-03T06:00:00.000000,0.577990294
WC,2026-03-03T07:00:00.000000,0.7115978
WC,2026-03-03T08:00:00.000000,0.797178507
WC,2026-03-03T09:00:00.000000,0.782856762
WC,2026-03-03T10:00:00.000000,0.526375771
WC,2026-03-03T11:00:00.000000,0.51548034
WC,2026-03-03T12:00:00.000000,0.51271385
WC,2026-03-03T13:00:00.000000,0.508281887
WC,2026-03-03T14:00:00.000000,0.510331392
WC,2026-03-03T15:00:00.000000,0.510585725
WC,2026-03-03T16:00:00.000000,0.519040763
WC,2026-03-03T17:00:00.000000,0.578360617
WC,2026-03-03T18:00:00.000000,0.623607934
WC,2026-03-03T19:00:00.000000,0.651382804
WC,2026-03-03T20:00:00.000000,0.721675217
WC,2026-03-03T21:00:00.000000,0.783163369
WC,2026-03-03T22:00:00.000000,0.703915238
WC,2026-03-03T23:00:00.000000,0.609430373
WC,2026-03-04T00:00:00.000000,0.598871529
WC,2026-03-04T01:00:00.000000,0.598132253
WC,2026-03-04T02:00:00.000000,0.604821146
WC,2026-03-04T03:00:00.000000,0.601046741
WC,2026-03-04T04:00:00.000000,0.596397817
WC,2026-03-04T05:00:00.000000,0.640443861
WC,2026-03-04T06:00:00.000000,0.684239209
WC,2026-03-04T07:00:00.000000,0.710583031
WC,2026-03-04T08:00:00.000000,0.765600622
WC,2026-03-04T09:00:00.000000,0.802787662
WC,2026-03-04T10:00:00.000000,0.80077678
WC,2026-03-04T11:00:00.000000,0.696368456
WC,2026-03-04T12:00:00.000000,0.691767097
WC,2026-03-04T13:00:00.000000,0.704839766
WC,2026-03-04T14:00:00.000000,0.733225524
WC,2026-03-04T15:00:00.000000,0.752533197
WC,2026-03-04T16:00:00.000000,0.740231454
WC,2026-03-04T17:00:00.000000,0.719916403
WC,2026-03-04T18:00:00.000000,0.768703341
WC,2026-03-04T19:00:00.000000,0.803750694
WC,2026-03-04T20:00:00.000000,0.831497788
WC,2026-03-04T21:00:00.000000,0.849567235
WC,2026-03-04T22:00:00.000000,0.878220439
WC,2026-03-04T23:00:00.000000,0.904394209
WC,2026-03-05T00:00:00.000000,0.864992082
WC,2026-03-05T01:00:00.000000,0.860287189
WC,2026-03-05T02:00:00.000000,0.876170516
WC,2026-03-05T03:00:00.000000,0.887638986
WC,2026-03-05T04:00:00.000000,0.86739552
WC,2026-03-05T05:00:00.000000,0.827208042
WC,2026-03-05T06:00:00.000000,0.827420175
WC,2026-03-05T07:00:00.000000,0.865073085
WC,2026-03-05T08:00:00.000000,0.887490392
WC,2026-03-05T09:00:00.000000,0.891349137
WC,2026-03-05T10:00:00.000000,0.910866618
WC,2026-03-05T11:00:00.000000,0.89563024
WC,2026-03-05T12:00:00.000000,0.884413004
WC,2026-03-05T13:00:00.000000,0.879162729
WC,2026-03-05T14:00:00.000000,0.875139713
WC,2026-03-05T15:00:00.000000,0.874425292
WC,2026-03-05T16:00:00.000000,0.874850929
WC,2026-03-05T17:00:00.000000,0.876790643
WC,2026-03-05T18:00:00.000000,0.897759974
WC,2026-03-05T19:00:00.000000,0.912308574
WC,2026-03-05T20:00:00.000000,0.934631824
WC,2026-03-05T21:00:00.000000,0.949139655
WC,2026-03-05T22:00:00.000000,0.977242231
WC,2026-03-05T23:00:00.000000,0.977749467
WC,2026-03-06T00:00:00.000000,0.922422945
WC,2026-03-06T01:00:00.000000,0.909891248
WC,2026-03-06T02:00:00.000000,0.90731144
WC,2026-03-06T03:00:00.000000,0.903891981
WC,2026-03-06T04:00:00.000000,0.901734352
WC,2026-03-06T05:00:00.000000,0.891549289
WC,2026-03-06T06:00:00.000000,0.890874445
WC,2026-03-06T07:00:00.000000,0.901561618
WC,2026-03-06T08:00:00.000000,0.922537982
WC,2026-03-06T09:00:00.000000,0.93304354
WC,2026-03-06T10:00:00.000000,0.973099828
WC,2026-03-06T11:00:00.000000,0.990792692
WC,2026-03-06T12:00:00.000000,0.934937775
WC,2026-03-06T13:00:00.000000,0.877896249
WC,2026-03-06T14:00:00.000000,0.880667388
WC,2026-03-06T15:00:00.000000,0.883831978
WC,2026-03-06T16:00:00.000000,0.884476244
WC,2026-03-06T17:00:00.000000,0.880520821
WC,2026-03-06T18:00:00.000000,0.881314218
WC,2026-03-06T19:00:00.000000,0.897266924
WC,2026-03-06T20:00:00.000000,0.923464894
WC,2026-03-06T21:00:00.000000,0.949230254
WC,2026-03-06T22:00:00.000000,0.96114856
WC,2026-03-06T23:00:00.000000,0.983288169
WC,2026-03-07T00:00:00.000000,0.958700597
WC,2026-03-07T01:00:00.000000,0.904129803
WC,2026-03-07T02:00:00.000000,0.903447509
WC,2026-03-07T03:00:00.000000,0.897497833
WC,2026-03-07T04:00:00.000000,0.892258644
WC,2026-03-07T05:00:00.000000,0.888203621
WC,2026-03-07T06:00:00.000000,0.885889113
WC,2026-03-07T07:00:00.000000,0.891513944
WC,2026-03-07T08:00:00.000000,0.92116487
WC,2026-03-07T09:00:00.000000,0.950073242
WC,2026-03-07T10:00:00.000000,0.95612973
WC,2026-03-07T11:00:00.000000,0.982033193
WC,2026-03-07T12:00:00.000000,0.990787387
WC,2026-03-07T13:00:00.000000,0.909218729
WC,2026-03-07T14:00:00.000000,0.89122355
WC,2026-03-07T15:00:00.000000,0.896950126
WC,2026-03-07T16:00:00.000000,0.898028433
WC,2026-03-07T17:00:00.000000,0.899274051
WC,2026-03-07T18:00:00.000000,0.895085454
WC,2026-03-07T19:00:00.000000,0.896204531
WC,2026-03-07T20:00:00.000000,0.932695568
WC,2026-03-07T21:00:00.000000,0.954547584
WC,2026-03-07T22:00:00.000000,0.973893523
WC,2026-03-07T23:00:00.000000,0.982859075
WC,2026-03-08T00:00:00.000000,1.007124782
WC,2026-03-08T01:00:00.000000,0.965964675
WC,2026-03-08T02:00:00.000000,0.926389754
WC,2026-03-08T03:00:00.000000,0.93248713
WC,2026-03-08T04:00:00.000000,0.93733269
WC,2026-03-08T05:00:00.000000,0.940924704
WC,2026-03-08T06:00:00.000000,0.934423268
WC,2026-03-08T07:00:00.000000,0.928647518
WC,2026-03-08T08:00:00.000000,0.948795736
WC,2026-03-08T09:00:00.000000,0.970027745
WC,2026-03-08T10:00:00.000000,0.986370862
WC,2026-03-08T11:00:00.000000,0.987811744
WC,2026-03-08T12:00:00.000000,0.998784542
WC,2026-03-08T13:00:00.000000,0.998057663
WC,2026-03-08T14:00:00.000000,0.95853287
WC,2026-03-08T15:00:00.000000,0.962555468
WC,2026-03-08T16:00:00.000000,0.974914074
WC,2026-03-08T17:00:00.000000,0.995509207
WC,2026-03-08T18:00:00.000000,1.004755378
WC,2026-03-08T19:00:00.000000,0.987800539
WC,2026-03-08T20:00:00.000000,0.996657729
WC,2026-03-08T21:00:00.000000,1.023881912
WC,2026-03-08T22:00:00.000000,1.039801002
WC,2026-03-08T23:00:00.000000,1.057005644
WC,2026-03-09T00:00:00.000000,1.069607854
WC,2026-03-09T01:00:00.000000,1.069692016
WC,2026-03-09T02:00:00.000000,1.065048933
WC,2026-03-09T03:00:00.000000,1.064621925
WC,2026-03-09T04:00:00.000000,1.067891836
WC,2026-03-09T05:00:00.000000,1.067830682
WC,2026-03-09T06:00:00.000000,1.067040563
WC,2026-03-09T07:00:00.000000,1.060103655
WC,2026-03-09T08:00:00.000000,1.038443208
WC,2026-03-09T09:00:00.000000,1.040552855
WC,2026-03-09T10:00:00.000000,1.04923749
WC,2026-03-09T11:00:00.000000,1.050583839
WC,2026-03-09T12:00:00.000000,1.077911019
WC,2026-03-09T13:00:00.000000,1.108130336
WC,2026-03-09T14:00:00.000000,1.087369442
WC,2026-03-09T15:00:00.000000,1.079463005
WC,2026-03-09T16:00:00.000000,1.083896399
WC,2026-03-09T17:00:00.000000,1.090029836
WC,2026-03-09T18:00:00.000000,1.095971942
WC,2026-03-09T19:00:00.000000,1.095393181
WC,2026-03-09T20:00:00.000000,1.082721591
WC,2026-03-09T21:00:00.000000,1.087951779
WC,2026-03-09T22:00:00.000000,1.089140058
WC,2026-03-09T23:00:00.000000,1.121170759
WC,2026-03-10T00:00:00.000000,1.164727211
WI,2026-03-02T01:00:00.000000,0.371970743
WI,2026-03-02T02:00:00.000000,0.384529531
WI,2026-03-02T03:00:00.000000,0.388219416
WI,2026-03-02T04:00:00.000000,0.388219416
WI,2026-03-02T05:00:00.000000,0.388219416
WI,2026-03-02T06:00:00.000000,0.388219416
WI,2026-03-02T07:00:00.000000,0.388219416
WI,2026-03-02T08:00:00.000000,0.388219416
WI,2026-03-02T09:00:00.000000,0.32495299
WI,2026-03-02T10:00:00.000000,0.341926783
WI,2026-03-02T11:00:00.000000,0.345872372
WI,2026-03-02T12:00:00.000000,0.333810061
WI,2026-03-02T13:00:00.000000,0.327247322
WI,2026-03-02T14:00:00.000000,0.320199996
WI,2026-03-02T15:00:00.000000,0.309463024
WI,2026-03-02T16:00:00.000000,0.308596164
WI,2026-03-02T17:00:00.000000,0.305609941
WI,2026-03-02T18:00:00.000000,0.307554126
WI,2026-03-02T19:00:00.000000,0.328650713
WI,2026-03-02T20:00:00.000000,0.329205275
WI,2026-03-02T21:00:00.000000,0.357128382
WI,2026-03-02T22:00:00.000000,0.384301513
WI,2026-03-02T23:00:00.000000,0.389351904
WI,2026-03-03T00:00:00.000000,0.380102515
WI,2026-03-03T01:00:00.000000,0.362505794
WI,2026-03-03T02:00:00.000000,0.35823977
WI,2026-03-03T03:00:00.000000,0.360609919
WI,2026-03-03T04:00:00.000000,0.362885267
WI,2026-03-03T05:00:00.000000,0.358756512
WI,2026-03-03T06:00:00.000000,0.334192693
WI,2026-03-03T07:00:00.000000,0.334192693
WI,2026-03-03T08:00:00.000000,0.313186586
WI,2026-03-03T09:00:00.000000,0.320781469
WI,2026-03-03T10:00:00.000000,0.325054169
WI,2026-03-03T11:00:00.000000,0.325396836
WI,2026-03-03T12:00:00.000000,0.317403078
WI,2026-03-03T13:00:00.000000,0.333547294
WI,2026-03-03T14:00:00.000000,0.34093827
WI,2026-03-03T15:00:00.000000,0.34881708
WI,2026-03-03T16:00:00.000000,0.354118794
WI,2026-03-03T17:00:00.000000,0.356385887
WI,2026-03-03T18:00:00.000000,0.359780043
WI,2026-03-03T19:00:00.000000,0.363756746
WI,2026-03-03T20:00:00.000000,0.36327225
WI,2026-03-03T21:00:00.000000,0.35873884
WI,2026-03-03T22:00:00.000000,0.362670451
WI,2026-03-03T23:00:00.000000,0.360536158
WI,2026-03-04T00:00:00.000000,0.362688124
WI,2026-03-04T01:00:00.000000,0.372735947
WI,2026-03-04T02:00:00.000000,0.380919009
WI,2026-03-04T03:00:00.000000,0.380630374
WI,2026-03-04T04:00:00.000000,0.3893902
WI,2026-03-04T05:00:00.000000,0.392517418
WI,2026-03-04T06:00:00.000000,0.404704779
WI,2026-03-04T07:00:00.000000,0.399040818
WI,2026-03-04T08:00:00.000000,0.399767041
WI,2026-03-04T09:00:00.000000,0.404588431
WI,2026-03-04T10:00:00.000000,0.408317477
WI,2026-03-04T11:00:00.000000,0.444887608
WI,2026-03-04T12:00:00.000000,0.458455056
WI,2026-03-04T13:00:00.000000,0.463710755
WI,2026-03-04T14:00:00.000000,0.450964928
WI,2026-03-04T15:00:00.000000,0.446667045
WI,2026-03-04T16:00:00.000000,0.45544982
WI,2026-03-04T17:00:00.000000,0.48607558
WI,2026-03-04T18:00:00.000000,0.498374701
WI,2026-03-04T19:00:00.000000,0.481926858
WI,2026-03-04T20:00:00.000000,0.479348868
WI,2026-03-04T21:00:00.000000,0.483710378
WI,2026-03-04T22:00:00.000000,0.49880597
WI,2026-03-04T23:00:00.000000,0.543903708
WI,2026-03-05T00:00:00.000000,0.56312722
WI,2026-03-05T01:00:00.000000,0.565525472
WI,2026-03-05T02:00:00.000000,0.54877007
WI,2026-03-05T03:00:00.000000,0.545889199
WI,2026-03-05T04:00:00.000000,0.538277864
WI,2026-03-05T05:00:00.000000,0.529953122
WI,2026-03-05T06:00:00.000000,0.548020959
WI,2026-03-05T07:00:00.000000,0.547092259
WI,2026-03-05T08:00:00.000000,0.537317514
WI,2026-03-05T09:00:00.000000,0.541943252
WI,2026-03-05T10:00:00.000000,0.534160554
WI,2026-03-05T11:00:00.000000,0.537067056
WI,2026-03-05T12:00:00.000000,0.545301557
WI,2026-03-05T13:00:00.000000,0.549090445
WI,2026-03-05T14:00:00.000000,0.555472791
WI,2026-03-05T15:00:00.000000,0.566070735
WI,2026-03-05T16:00:00.000000,0.598887324
WI,2026-03-05T17:00:00.000000,0.633846641
WI,2026-03-05T18:00:00.000000,0.670713902
WI,2026-03-05T19:00:00.000000,0.584270656
WI,2026-03-05T20:00:00.000000,0.550436735
WI,2026-03-05T21:00:00.000000,0.540388763
WI,2026-03-05T22:00:00.000000,0.548124194
WI,2026-03-05T23:00:00.000000,0.539570451
WI,2026-03-06T00:00:00.000000,0.570268929
WI,2026-03-06T01:00:00.000000,0.586907744
WI,2026-03-06T02:00:00.000000,0.586405396
WI,2026-03-06T03:00:00.000000,0.599572361
WI,2026-03-06T04:00:00.000000,0.719829142
WI,2026-03-06T05:00:00.000000,0.776565433
WI,2026-03-06T06:00:00.000000,0.802102149
WI,2026-03-06T07:00:00.000000,0.715878785
WI,2026-03-06T08:00:00.000000,0.610792577
WI,2026-03-06T09:00:00.000000,0.584580541
WI,2026-03-06T10:00:00.000000,0.733715117
WI,2026-03-06T11:00:00.000000,0.763935387
WI,2026-03-06T12:00:00.000000,0.600518346
WI,2026-03-06T13:00:00.000000,0.596191883
WI,2026-03-06T14:00:00.000000,0.598046541
WI,2026-03-06T15:00:00.000000,0.663384795
WI,2026-03-06T16:00:00.000000,0.799293756
WI,2026-03-06T17:00:00.000000,0.853399456
WI,2026-03-06T18:00:00.000000,0.874491632
WI,2026-03-06T19:00:00.000000,0.864486396
WI,2026-03-06T20:00:00.000000,0.776332378
WI,2026-03-06T21:00:00.000000,0.687505662
WI,2026-03-06T22:00:00.000000,0.8149544
WI,2026-03-06T23:00:00.000000,0.798184097
WI,2026-03-07T00:00:00.000000,0.607765496
WI,2026-03-07T01:00:00.000000,0.632937312
WI,2026-03-07T02:00:00.000000,0.648589134
WI,2026-03-07T03:00:00.000000,0.661696732
WI,2026-03-07T04:00:00.000000,0.784438252
WI,2026-03-07T05:00:00.000000,0.870922804
WI,2026-03-07T06:00:00.000000,0.893042982
WI,2026-03-07T07:00:00.000000,0.894378483
WI,2026-03-07T08:00:00.000000,0.812867284
WI,2026-03-07T09:00:00.000000,0.719967127
WI,2026-03-07T10:00:00.000000,0.749416411
WI,2026-03-07T11:00:00.000000,0.861563504
WI,2026-03-07T12:00:00.000000,0.647984385
WI,2026-03-07T13:00:00.000000,0.675059676
WI,2026-03-07T14:00:00.000000,0.720864117
WI,2026-03-07T15:00:00.000000,0.707892895
WI,2026-03-07T16:00:00.000000,0.770310938
WI,2026-03-07T17:00:00.000000,0.868516326
WI,2026-03-07T18:00:00.000000,0.896431267
WI,2026-03-07T19:00:00.000000,0.880557001
WI,2026-03-07T20:00:00.000000,0.881819665
WI,2026-03-07T21:00:00.000000,0.848641217
WI,2026-03-07T22:00:00.000000,0.833665788
WI,2026-03-07T23:00:00.000000,0.827041268
WI,2026-03-08T00:00:00.000000,0.838822484
WI,2026-03-08T01:00:00.000000,0.83000201
WI,2026-03-08T02:00:00.000000,0.81155163
WI,2026-03-08T03:00:00.000000,0.807156026
WI,2026-03-08T04:00:00.000000,0.822413266
WI,2026-03-08T05:00:00.000000,0.856419444
WI,2026-03-08T06:00:00.000000,0.912686527
WI,2026-03-08T07:00:00.000000,0.929232419
WI,2026-03-08T08:00:00.000000,0.936812878
WI,2026-03-08T09:00:00.000000,0.899843872
WI,2026-03-08T10:00:00.000000,0.88315028
WI,2026-03-08T11:00:00.000000,0.889644086
WI,2026-03-08T12:00:00.000000,0.91038096
WI,2026-03-08T13:00:00.000000,0.885374248
WI,2026-03-08T14:00:00.000000,0.884365499
WI,2026-03-08T15:00:00.000000,0.884067893
WI,2026-03-08T16:00:00.000000,0.915229917
WI,2026-03-08T17:00:00.000000,0.936211526
WI,2026-03-08T18:00:00.000000,0.937338054
WI,2026-03-08T19:00:00.000000,0.927179396
WI,2026-03-08T20:00:00.000000,0.95478642
WI,2026-03-08T21:00:00.000000,0.961968899
WI,2026-03-08T22:00:00.000000,0.920565188
WI,2026-03-08T23:00:00.000000,0.900250912
WI,2026-03-09T00:00:00.000000,0.897301018
WI,2026-03-09T01:00:00.000000,0.885754347
WI,2026-03-09T02:00:00.000000,0.90891397
WI,2026-03-09T03:00:00.000000,0.931481123
WI,2026-03-09T04:00:00.000000,0.922578752
WI,2026-03-09T05:00:00.000000,0.922772646
WI,2026-03-09T06:00:00.000000,0.934570968
WI,2026-03-09T07:00:00.000000,0.971623719
WI,2026-03-09T08:00:00.000000,0.991299033
WI,2026-03-09T09:00:00.000000,0.996005058
WI,2026-03-09T10:00:00.000000,0.960673213
WI,2026-03-09T11:00:00.000000,0.942140996
WI,2026-03-09T12:00:00.000000,0.957902312
WI,2026-03-09T13:00:00.000000,0.923743725
WI,2026-03-09T14:00:00.000000,0.912156343
WI,2026-03-09T15:00:00.000000,0.91945231
WI,2026-03-09T16:00:00.000000,0.924532712
WI,2026-03-09T17:00:00.000000,0.95401597
WI,2026-03-09T18:00:00.000000,0.976695597
WI,2026-03-09T19:00:00.000000,0.993633389
WI,2026-03-09T20:00:00.000000,1.008227468
WI,2026-03-09T21:00:00.000000,1.018231988
WI,2026-03-09T22:00:00.000000,0.996857882
WI,2026-03-09T23:00:00.000000,0.98700434
WI,2026-03-10T00:00:00.000000,0.988669693
