site_id,time,temp
AQ,2026-03-04T00:00:00.000000,2.566239357
AQ,2026-03-04T01:00:00.000000,2.582244158
AQ,2026-03-04T02:00:00.000000,2.591547489
AQ,2026-03-04T03:00:00.000000,2.596428633
AQ,2026-03-04T04:00:00.000000,2.596605778
AQ,2026-03-04T05:00:00.000000,2.594463587
AQ,2026-03-04T06:00:00.000000,2.589540005
AQ,2026-03-04T07:00:00.000000,2.579478264
AQ,2026-03-04T08:00:00.000000,2.570388317
AQ,2026-03-04T09:00:00.000000,2.55914259
AQ,2026-03-04T10:00:00.000000,2.553093672
AQ,2026-03-04T11:00:00.000000,2.557546139
AQ,2026-03-04T12:00:00.000000,2.564703941
AQ,2026-03-04T13:00:00.000000,2.568667173
AQ,2026-03-04T14:00:00.000000,2.578941107
AQ,2026-03-04T15:00:00.000000,2.589138269
AQ,2026-03-04T16:00:00.000000,2.594015121
AQ,2026-03-04T17:00:00.000000,2.593150616
AQ,2026-03-04T18:00:00.000000,2.586331367
AQ,2026-03-04T19:00:00.000000,2.57565546
AQ,2026-03-04T20:00:00.000000,2.567563295
AQ,2026-03-04T21:00:00.000000,2.562810421
AQ,2026-03-04T22:00:00.000000,2.561280489
AQ,2026-03-04T23:00:00.000000,2.562962055
AQ,2026-03-05T00:00:00.000000,2.568997383
AQ,2026-03-05T01:00:00.000000,2.580060482
AQ,2026-03-05T02:00:00.000000,2.593209028
AQ,2026-03-05T03:00:00.000000,2.605157375
AQ,2026-03-05T04:00:00.000000,2.610227108
AQ,2026-03-05T05:00:00.000000,2.611698627
AQ,2026-03-05T06:00:00.000000,2.610087156
AQ,2026-03-05T07:00:00.000000,2.602176428
AQ,2026-03-05T08:00:00.000000,2.59401083
AQ,2026-03-05T09:00:00.000000,2.585493088
AQ,2026-03-05T10:00:00.000000,2.577082634
AQ,2026-03-05T11:00:00.000000,2.575550079
AQ,2026-03-05T12:00:00.000000,2.580459833
AQ,2026-03-05T13:00:00.000000,2.589973927
AQ,2026-03-05T14:00:00.000000,2.598511696
AQ,2026-03-05T15:00:00.000000,2.600898504
AQ,2026-03-05T16:00:00.000000,2.603797674
AQ,2026-03-05T17:00:00.000000,2.603162289
AQ,2026-03-05T18:00:00.000000,2.599303007
AQ,2026-03-05T19:00:00.000000,2.59338212
AQ,2026-03-05T20:00:00.000000,2.583753109
AQ,2026-03-05T21:00:00.000000,2.570930481
AQ,2026-03-05T22:00:00.000000,2.552862167
AQ,2026-03-05T23:00:00.000000,2.536702633
AQ,2026-03-06T00:00:00.000000,2.528804064
AQ,2026-03-06T01:00:00.000000,2.529492617
AQ,2026-03-06T02:00:00.000000,2.525621176
AQ,2026-03-06T03:00:00.000000,2.495021582
AQ,2026-03-06T04:00:00.000000,2.464374065
AQ,2026-03-06T05:00:00.000000,2.464338541
AQ,2026-03-06T06:00:00.000000,2.462183714
AQ,2026-03-06T07:00:00.000000,2.455732107
AQ,2026-03-06T08:00:00.000000,2.439717531
AQ,2026-03-06T09:00:00.000000,2.416876316
AQ,2026-03-06T10:00:00.000000,2.397379637
AQ,2026-03-06T11:00:00.000000,2.379731417
AQ,2026-03-06T12:00:00.000000,2.370237112
AQ,2026-03-06T13:00:00.000000,2.367721081
AQ,2026-03-06T14:00:00.000000,2.371729374
AQ,2026-03-06T15:00:00.000000,2.37533021
AQ,2026-03-06T16:00:00.000000,2.376691818
AQ,2026-03-06T17:00:00.000000,2.378342152
AQ,2026-03-06T18:00:00.000000,2.378234148
AQ,2026-03-06T19:00:00.000000,2.37084341
AQ,2026-03-06T20:00:00.000000,2.360289574
AQ,2026-03-06T21:00:00.000000,2.356245041
AQ,2026-03-06T22:00:00.000000,2.348398685
AQ,2026-03-06T23:00:00.000000,2.338987827
AQ,2026-03-07T00:00:00.000000,2.331068993
AQ,2026-03-07T01:00:00.000000,2.327228069
AQ,2026-03-07T02:00:00.000000,2.329061985
AQ,2026-03-07T03:00:00.000000,2.335783958
AQ,2026-03-07T04:00:00.000000,2.337203264
AQ,2026-03-07T05:00:00.000000,2.338506699
AQ,2026-03-07T06:00:00.000000,2.342762947
AQ,2026-03-07T07:00:00.000000,2.345736742
AQ,2026-03-07T08:00:00.000000,2.352636337
AQ,2026-03-07T09:00:00.000000,2.359219551
AQ,2026-03-07T10:00:00.000000,2.358016491
AQ,2026-03-07T11:00:00.000000,2.351096869
AQ,2026-03-07T12:00:00.000000,2.344287634
AQ,2026-03-07T13:00:00.000000,2.343810558
AQ,2026-03-07T14:00:00.000000,2.348732233
AQ,2026-03-07T15:00:00.000000,2.36696887
AQ,2026-03-07T16:00:00.000000,2.390678883
AQ,2026-03-07T17:00:00.000000,2.406828403
AQ,2026-03-07T18:00:00.000000,2.417390823
AQ,2026-03-07T19:00:00.000000,2.421831608
AQ,2026-03-07T20:00:00.000000,2.420334101
AQ,2026-03-07T21:00:00.000000,2.419097185
AQ,2026-03-07T22:00:00.000000,2.419792891
AQ,2026-03-07T23:00:00.000000,2.40155983
AQ,2026-03-08T00:00:00.000000,2.388730526
AQ,2026-03-08T01:00:00.000000,2.390843153
AQ,2026-03-08T02:00:00.000000,2.417181969
AQ,2026-03-08T03:00:00.000000,2.461774588
AQ,2026-03-08T04:00:00.000000,2.489988327
AQ,2026-03-08T05:00:00.000000,2.504866362
AQ,2026-03-08T06:00:00.000000,2.512562037
AQ,2026-03-08T07:00:00.000000,2.511757612
AQ,2026-03-08T08:00:00.000000,2.506657124
AQ,2026-03-08T09:00:00.000000,2.490208149
AQ,2026-03-08T10:00:00.000000,2.46731329
AQ,2026-03-08T11:00:00.000000,2.44455409
AQ,2026-03-08T12:00:00.000000,2.42524004
AQ,2026-03-08T13:00:00.000000,2.420894146
AQ,2026-03-08T14:00:00.000000,2.433490038
AQ,2026-03-08T15:00:00.000000,2.462921858
AQ,2026-03-08T16:00:00.000000,2.485188723
AQ,2026-03-08T17:00:00.000000,2.495817423
AQ,2026-03-08T18:00:00.000000,2.502296925
AQ,2026-03-08T19:00:00.000000,2.505858898
AQ,2026-03-08T20:00:00.000000,2.506140947
AQ,2026-03-08T21:00:00.000000,2.498516321
AQ,2026-03-08T22:00:00.000000,2.483360291
AQ,2026-03-08T23:00:00.000000,2.46804285
AQ,2026-03-09T00:00:00.000000,2.458157539
AQ,2026-03-09T01:00:00.000000,2.453869581
AQ,2026-03-09T02:00:00.000000,2.457560778
AQ,2026-03-09T03:00:00.000000,2.46865201
AQ,2026-03-09T04:00:00.000000,2.47486186
AQ,2026-03-09T05:00:00.000000,2.477584124
AQ,2026-03-09T06:00:00.000000,2.478112698
AQ,2026-03-09T07:00:00.000000,2.47801733
AQ,2026-03-09T08:00:00.000000,2.477961779
AQ,2026-03-09T09:00:00.000000,2.477767706
AQ,2026-03-09T10:00:00.000000,2.475787163
AQ,2026-03-09T11:00:00.000000,2.471934319
AQ,2026-03-09T12:00:00.000000,2.467620373
AQ,2026-03-09T13:00:00.000000,2.464081764
AQ,2026-03-09T14:00:00.000000,2.463623285
AQ,2026-03-09T15:00:00.000000,2.466844559
AQ,2026-03-09T16:00:00.000000,2.471508741
AQ,2026-03-09T17:00:00.000000,2.474900961
AQ,2026-03-09T18:00:00.000000,2.476795197
AQ,2026-03-09T19:00:00.000000,2.477805376
AQ,2026-03-09T20:00:00.000000,2.477942705
AQ,2026-03-09T21:00:00.000000,2.477823019
AQ,2026-03-09T22:00:00.000000,2.478505611
AQ,2026-03-09T23:00:00.000000,2.478935242
AQ,2026-03-10T00:00:00.000000,2.478879452
AQ,2026-03-10T01:00:00.000000,2.478481054
AQ,2026-03-10T02:00:00.000000,2.478234053
AQ,2026-03-10T03:00:00.000000,2.479145288
AQ,2026-03-10T04:00:00.000000,2.480197668
AQ,2026-03-10T05:00:00.000000,2.479473352
AQ,2026-03-10T06:00:00.000000,2.477279186
AQ,2026-03-10T07:00:00.000000,2.475163221
AQ,2026-03-10T08:00:00.000000,2.473562717
AQ,2026-03-10T09:00:00.000000,2.472694397
AQ,2026-03-10T10:00:00.000000,2.472856998
AQ,2026-03-10T11:00:00.000000,2.47341156
AQ,2026-03-10T12:00:00.000000,2.473851919
AQ,2026-03-10T13:00:00.000000,2.474157333
AQ,2026-03-10T14:00:00.000000,2.474968672
AQ,2026-03-10T15:00:00.000000,2.477205038
AQ,2026-03-10T16:00:00.000000,2.481355429
AQ,2026-03-10T17:00:00.000000,2.485723734
AQ,2026-03-10T18:00:00.000000,2.488580465
AQ,2026-03-10T19:00:00.000000,2.490368128
AQ,2026-03-10T20:00:00.000000,2.491227627
AQ,2026-03-10T21:00:00.000000,2.490846157
AQ,2026-03-10T22:00:00.000000,2.490049362
AQ,2026-03-10T23:00:00.000000,2.489854336
AQ,2026-03-11T00:00:00.000000,2.489831448
AQ,2026-03-11T01:00:00.000000,2.489639282
AQ,2026-03-11T02:00:00.000000,2.489583254
AQ,2026-03-11T03:00:00.000000,2.490295649
AQ,2026-03-11T04:00:00.000000,2.492856741
AQ,2026-03-11T05:00:00.000000,2.497286797
AQ,2026-03-11T06:00:00.000000,2.499916553
AQ,2026-03-11T07:00:00.000000,2.50065589
AQ,2026-03-11T08:00:00.000000,2.500735998
AQ,2026-03-11T09:00:00.000000,2.500489473
AQ,2026-03-11T10:00:00.000000,2.500210524
AQ,2026-03-11T11:00:00.000000,2.501417637
AQ,2026-03-11T12:00:00.000000,2.504064322
AQ,2026-03-11T13:00:00.000000,2.506645918
AQ,2026-03-11T14:00:00.000000,2.508337021
AQ,2026-03-11T15:00:00.000000,2.509835005
AQ,2026-03-11T16:00:00.000000,2.512729406
AQ,2026-03-11T17:00:00.000000,2.518225193
AQ,2026-03-11T18:00:00.000000,2.524152994
AQ,2026-03-11T19:00:00.000000,2.529154539
AQ,2026-03-11T20:00:00.000000,2.536112309
AQ,2026-03-11T21:00:00.000000,2.542047501
AQ,2026-03-11T22:00:00.000000,2.544965029
AQ,2026-03-11T23:00:00.000000,2.545300484
AQ,2026-03-12T00:00:00.000000,2.544041157
CB,2026-03-04T00:00:00.000000,3.251426697
CB,2026-03-04T01:00:00.000000,3.326441288
CB,2026-03-04T02:00:00.000000,3.408788681
CB,2026-03-04T03:00:00.000000,3.485764742
CB,2026-03-04T04:00:00.000000,3.520195484
CB,2026-03-04T05:00:00.000000,3.527809381
CB,2026-03-04T06:00:00.000000,3.529709339
CB,2026-03-04T07:00:00.000000,3.534657717
CB,2026-03-04T08:00:00.000000,3.536903143
CB,2026-03-04T09:00:00.000000,3.499998331
CB,2026-03-04T10:00:00.000000,3.414254665
CB,2026-03-04T11:00:00.000000,3.40951252
CB,2026-03-04T12:00:00.000000,3.374478579
CB,2026-03-04T13:00:00.000000,3.351774931
CB,2026-03-04T14:00:00.000000,3.36177969
CB,2026-03-04T15:00:00.000000,3.364538908
CB,2026-03-04T16:00:00.000000,3.360643387
CB,2026-03-04T17:00:00.000000,3.35153842
CB,2026-03-04T18:00:00.000000,3.323750019
CB,2026-03-04T19:00:00.000000,3.262710333
CB,2026-03-04T20:00:00.000000,3.187000513
CB,2026-03-04T21:00:00.000000,3.102960587
CB,2026-03-04T22:00:00.000000,3.037539482
CB,2026-03-04T23:00:00.000000,3.03064537
CB,2026-03-05T00:00:00.000000,3.022338629
CB,2026-03-05T01:00:00.000000,2.974853516
CB,2026-03-05T02:00:00.000000,2.979725122
CB,2026-03-05T03:00:00.000000,3.020260572
CB,2026-03-05T04:00:00.000000,3.034780741
CB,2026-03-05T05:00:00.000000,3.030799389
CB,2026-03-05T06:00:00.000000,3.018332243
CB,2026-03-05T07:00:00.000000,2.988934517
CB,2026-03-05T08:00:00.000000,2.957079649
CB,2026-03-05T09:00:00.000000,2.920725584
CB,2026-03-05T10:00:00.000000,2.877840996
CB,2026-03-05T11:00:00.000000,2.863772154
CB,2026-03-05T12:00:00.000000,2.879362822
CB,2026-03-05T13:00:00.000000,2.857245922
CB,2026-03-05T14:00:00.000000,2.838821888
CB,2026-03-05T15:00:00.000000,2.860725164
CB,2026-03-05T16:00:00.000000,2.858762264
CB,2026-03-05T17:00:00.000000,2.844744444
CB,2026-03-05T18:00:00.000000,2.831183434
CB,2026-03-05T19:00:00.000000,2.813538551
CB,2026-03-05T20:00:00.000000,2.781248093
CB,2026-03-05T21:00:00.000000,2.75873065
CB,2026-03-05T22:00:00.000000,2.746436119
CB,2026-03-05T23:00:00.000000,2.720042467
CB,2026-03-06T00:00:00.000000,2.713564157
CB,2026-03-06T01:00:00.000000,2.73028183
CB,2026-03-06T02:00:00.000000,2.775277853
CB,2026-03-06T03:00:00.000000,2.845710516
CB,2026-03-06T04:00:00.000000,2.912274599
CB,2026-03-06T05:00:00.000000,2.969351053
CB,2026-03-06T06:00:00.000000,2.983558655
CB,2026-03-06T07:00:00.000000,2.982951164
CB,2026-03-06T08:00:00.000000,2.964975595
CB,2026-03-06T09:00:00.000000,2.946427822
CB,2026-03-06T10:00:00.000000,2.854123116
CB,2026-03-06T11:00:00.000000,2.730153561
CB,2026-03-06T12:00:00.000000,2.640902519
CB,2026-03-06T13:00:00.000000,2.615213633
CB,2026-03-06T14:00:00.000000,2.811182976
CB,2026-03-06T15:00:00.000000,2.965035439
CB,2026-03-06T16:00:00.000000,3.034405231
CB,2026-03-06T17:00:00.000000,3.062188864
CB,2026-03-06T18:00:00.000000,3.075352907
CB,2026-03-06T19:00:00.000000,3.071457624
CB,2026-03-06T20:00:00.000000,3.046103954
CB,2026-03-06T21:00:00.000000,3.011124372
CB,2026-03-06T22:00:00.000000,2.960395575
CB,2026-03-06T23:00:00.000000,2.885574102
CB,2026-03-07T00:00:00.000000,2.856273651
CB,2026-03-07T01:00:00.000000,2.855800152
CB,2026-03-07T02:00:00.000000,2.877846718
CB,2026-03-07T03:00:00.000000,2.909017563
CB,2026-03-07T04:00:00.000000,2.914205551
CB,2026-03-07T05:00:00.000000,2.911765099
CB,2026-03-07T06:00:00.000000,2.899753809
CB,2026-03-07T07:00:00.000000,2.883769035
CB,2026-03-07T08:00:00.000000,2.872642279
CB,2026-03-07T09:00:00.000000,2.866038084
CB,2026-03-07T10:00:00.000000,2.858889103
CB,2026-03-07T11:00:00.000000,2.842278004
CB,2026-03-07T12:00:00.000000,2.815878153
CB,2026-03-07T13:00:00.000000,2.801422834
CB,2026-03-07T14:00:00.000000,2.79287982
CB,2026-03-07T15:00:00.000000,2.80879426
CB,2026-03-07T16:00:00.000000,2.821251869
CB,2026-03-07T17:00:00.000000,2.831411362
CB,2026-03-07T18:00:00.000000,2.839779139
CB,2026-03-07T19:00:00.000000,2.865734339
CB,2026-03-07T20:00:00.000000,2.970937252
CB,2026-03-07T21:00:00.000000,3.013924837
CB,2026-03-07T22:00:00.000000,3.035865307
CB,2026-03-07T23:00:00.000000,3.03366518
CB,2026-03-08T00:00:00.000000,2.962437153
CB,2026-03-08T01:00:00.000000,2.978088617
CB,2026-03-08T02:00:00.000000,3.185673952
CB,2026-03-08T03:00:00.000000,3.238091946
CB,2026-03-08T04:00:00.000000,3.249589205
CB,2026-03-08T05:00:00.000000,3.252631903
CB,2026-03-08T06:00:00.000000,3.255541563
CB,2026-03-08T07:00:00.000000,3.266090155
CB,2026-03-08T08:00:00.000000,3.287642002
CB,2026-03-08T09:00:00.000000,3.306776285
CB,2026-03-08T10:00:00.000000,3.320293903
CB,2026-03-08T11:00:00.000000,3.327318192
CB,2026-03-08T12:00:00.000000,3.330456018
CB,2026-03-08T13:00:00.000000,3.329036951
CB,2026-03-08T14:00:00.000000,3.32915163
CB,2026-03-08T15:00:00.000000,3.329085112
CB,2026-03-08T16:00:00.000000,3.326168776
CB,2026-03-08T17:00:00.000000,3.330204248
CB,2026-03-08T18:00:00.000000,3.332094908
CB,2026-03-08T19:00:00.000000,3.330924988
CB,2026-03-08T20:00:00.000000,3.33237958
CB,2026-03-08T21:00:00.000000,3.335706711
CB,2026-03-08T22:00:00.000000,3.334768534
CB,2026-03-08T23:00:00.000000,3.329509497
CB,2026-03-09T00:00:00.000000,3.316533327
CB,2026-03-09T01:00:00.000000,3.305119753
CB,2026-03-09T02:00:00.000000,3.304038286
CB,2026-03-09T03:00:00.000000,3.315485954
CB,2026-03-09T04:00:00.000000,3.329305649
CB,2026-03-09T05:00:00.000000,3.337618351
CB,2026-03-09T06:00:00.000000,3.341928244
CB,2026-03-09T07:00:00.000000,3.345761538
CB,2026-03-09T08:00:00.000000,3.351086617
CB,2026-03-09T09:00:00.000000,3.355998278
CB,2026-03-09T10:00:00.000000,3.354146957
CB,2026-03-09T11:00:00.000000,3.338654518
CB,2026-03-09T12:00:00.000000,3.290723324
CB,2026-03-09T13:00:00.000000,3.245238543
CB,2026-03-09T14:00:00.000000,3.224416256
CB,2026-03-09T15:00:00.000000,3.215275526
CB,2026-03-09T16:00:00.000000,3.194384098
CB,2026-03-09T17:00:00.000000,3.199853897
CB,2026-03-09T18:00:00.000000,3.253147125
CB,2026-03-09T19:00:00.000000,3.327395678
CB,2026-03-09T20:00:00.000000,3.376340389
CB,2026-03-09T21:00:00.000000,3.409234762
CB,2026-03-09T22:00:00.000000,3.429728031
CB,2026-03-09T23:00:00.000000,3.4414289
CB,2026-03-10T00:00:00.000000,3.449259996
CB,2026-03-10T01:00:00.000000,3.460771322
CB,2026-03-10T02:00:00.000000,3.476281643
CB,2026-03-10T03:00:00.000000,3.485048294
CB,2026-03-10T04:00:00.000000,3.482263565
CB,2026-03-10T05:00:00.000000,3.482980251
CB,2026-03-10T06:00:00.000000,3.485839605
CB,2026-03-10T07:00:00.000000,3.489309311
CB,2026-03-10T08:00:00.000000,3.492082119
CB,2026-03-10T09:00:00.000000,3.493595362
CB,2026-03-10T10:00:00.000000,3.493545771
CB,2026-03-10T11:00:00.000000,3.492927313
CB,2026-03-10T12:00:00.000000,3.493139505
CB,2026-03-10T13:00:00.000000,3.492127419
CB,2026-03-10T14:00:00.000000,3.487626553
CB,2026-03-10T15:00:00.000000,3.483627081
CB,2026-03-10T16:00:00.000000,3.485783339
CB,2026-03-10T17:00:00.000000,3.486878395
CB,2026-03-10T18:00:00.000000,3.487980127
CB,2026-03-10T19:00:00.000000,3.488227367
CB,2026-03-10T20:00:00.000000,3.487158775
CB,2026-03-10T21:00:00.000000,3.484989882
CB,2026-03-10T22:00:00.000000,3.482941151
CB,2026-03-10T23:00:00.000000,3.48094511
CB,2026-03-11T00:00:00.000000,3.480566263
CB,2026-03-11T01:00:00.000000,3.479334593
CB,2026-03-11T02:00:00.000000,3.476349592
CB,2026-03-11T03:00:00.000000,3.474453926
CB,2026-03-11T04:00:00.000000,3.479430914
CB,2026-03-11T05:00:00.000000,3.494132757
CB,2026-03-11T06:00:00.000000,3.510689259
CB,2026-03-11T07:00:00.000000,3.523587942
CB,2026-03-11T08:00:00.000000,3.5297997
CB,2026-03-11T09:00:00.000000,3.532175064
CB,2026-03-11T10:00:00.000000,3.533061743
CB,2026-03-11T11:00:00.000000,3.534652472
CB,2026-03-11T12:00:00.000000,3.536913872
CB,2026-03-11T13:00:00.000000,3.539999962
CB,2026-03-11T14:00:00.000000,3.542548895
CB,2026-03-11T15:00:00.000000,3.543074608
CB,2026-03-11T16:00:00.000000,3.539296865
CB,2026-03-11T17:00:00.000000,3.53158474
CB,2026-03-11T18:00:00.000000,3.529772758
CB,2026-03-11T19:00:00.000000,3.534915686
CB,2026-03-11T20:00:00.000000,3.541817904
CB,2026-03-11T21:00:00.000000,3.546998978
CB,2026-03-11T22:00:00.000000,3.549675941
CB,2026-03-11T23:00:00.000000,3.549945116
CB,2026-03-12T00:00:00.000000,3.548478842
CI,2026-03-04T00:00:00.000000,1.769531965
CI,2026-03-04T01:00:00.000000,1.878228903
CI,2026-03-04T02:00:00.000000,1.994152784
CI,2026-03-04T03:00:00.000000,2.033960581
CI,2026-03-04T04:00:00.000000,2.044752598
CI,2026-03-04T05:00:00.000000,2.03786397
CI,2026-03-04T06:00:00.000000,1.9838866
CI,2026-03-04T07:00:00.000000,1.904219508
CI,2026-03-04T08:00:00.000000,1.84498775
CI,2026-03-04T09:00:00.000000,1.766083717
CI,2026-03-04T10:00:00.000000,1.705658436
CI,2026-03-04T11:00:00.000000,1.624873638
CI,2026-03-04T12:00:00.000000,1.740101814
CI,2026-03-04T13:00:00.000000,1.849694848
CI,2026-03-04T14:00:00.000000,1.963975191
CI,2026-03-04T15:00:00.000000,2.036293745
CI,2026-03-04T16:00:00.000000,2.068714142
CI,2026-03-04T17:00:00.000000,2.080110788
CI,2026-03-04T18:00:00.000000,2.06871295
CI,2026-03-04T19:00:00.000000,1.97608602
CI,2026-03-04T20:00:00.000000,1.920814157
CI,2026-03-04T21:00:00.000000,1.862130642
CI,2026-03-04T22:00:00.000000,1.816548467
CI,2026-03-04T23:00:00.000000,1.780355215
CI,2026-03-05T00:00:00.000000,1.817361116
CI,2026-03-05T01:00:00.000000,1.879598141
CI,2026-03-05T02:00:00.000000,1.996873617
CI,2026-03-05T03:00:00.000000,2.082993031
CI,2026-03-05T04:00:00.000000,2.115459919
CI,2026-03-05T05:00:00.000000,2.122129202
CI,2026-03-05T06:00:00.000000,2.109841824
CI,2026-03-05T07:00:00.000000,2.045784712
CI,2026-03-05T08:00:00.000000,1.973296881
CI,2026-03-05T09:00:00.000000,1.90969193
CI,2026-03-05T10:00:00.000000,1.871299505
CI,2026-03-05T11:00:00.000000,1.837918997
CI,2026-03-05T12:00:00.000000,1.830734491
CI,2026-03-05T13:00:00.000000,1.908263087
CI,2026-03-05T14:00:00.000000,2.002754927
CI,2026-03-05T15:00:00.000000,2.082002163
CI,2026-03-05T16:00:00.000000,2.113632917
CI,2026-03-05T17:00:00.000000,2.125166178
CI,2026-03-05T18:00:00.000000,2.124806166
CI,2026-03-05T19:00:00.000000,2.096173525
CI,2026-03-05T20:00:00.000000,2.032991171
CI,2026-03-05T21:00:00.000000,1.978692174
CI,2026-03-05T22:00:00.000000,1.924793839
CI,2026-03-05T23:00:00.000000,1.884855986
CI,2026-03-06T00:00:00.000000,1.851078272
CI,2026-03-06T01:00:00.000000,1.924868584
CI,2026-03-06T02:00:00.000000,1.9896698
CI,2026-03-06T03:00:00.000000,2.091854572
CI,2026-03-06T04:00:00.000000,2.146586895
CI,2026-03-06T05:00:00.000000,2.166349888
CI,2026-03-06T06:00:00.000000,2.166811466
CI,2026-03-06T07:00:00.000000,2.151278734
CI,2026-03-06T08:00:00.000000,2.055571318
CI,2026-03-06T09:00:00.000000,2.012495041
CI,2026-03-06T10:00:00.000000,1.978100181
CI,2026-03-06T11:00:00.000000,1.953283548
CI,2026-03-06T12:00:00.000000,1.902209878
CI,2026-03-06T13:00:00.000000,1.93825841
CI,2026-03-06T14:00:00.000000,2.008458853
CI,2026-03-06T15:00:00.000000,2.100357771
CI,2026-03-06T16:00:00.000000,2.176446199
CI,2026-03-06T17:00:00.000000,2.213241816
CI,2026-03-06T18:00:00.000000,2.220735073
CI,2026-03-06T19:00:00.000000,2.215675592
CI,2026-03-06T20:00:00.000000,2.127611876
CI,2026-03-06T21:00:00.000000,2.081884384
CI,2026-03-06T22:00:00.000000,2.037799835
CI,2026-03-06T23:00:00.000000,2.013655663
CI,2026-03-07T00:00:00.000000,1.982673168
CI,2026-03-07T01:00:00.000000,1.969119191
CI,2026-03-07T02:00:00.000000,2.042037725
CI,2026-03-07T03:00:00.000000,2.103497505
CI,2026-03-07T04:00:00.000000,2.194160223
CI,2026-03-07T05:00:00.000000,2.234345198
CI,2026-03-07T06:00:00.000000,2.242246628
CI,2026-03-07T07:00:00.000000,2.241425037
CI,2026-03-07T08:00:00.000000,2.172825336
CI,2026-03-07T09:00:00.000000,2.103720188
CI,2026-03-07T10:00:00.000000,2.050123453
CI,2026-03-07T11:00:00.000000,2.016661644
CI,2026-03-07T12:00:00.000000,1.990840435
CI,2026-03-07T13:00:00.000000,1.9654423
CI,2026-03-07T14:00:00.000000,2.017091274
CI,2026-03-07T15:00:00.000000,2.085364819
CI,2026-03-07T16:00:00.000000,2.167321205
CI,2026-03-07T17:00:00.000000,2.224010468
CI,2026-03-07T18:00:00.000000,2.257607937
CI,2026-03-07T19:00:00.000000,2.272163153
CI,2026-03-07T20:00:00.000000,2.258900166
CI,2026-03-07T21:00:00.000000,2.172639608
CI,2026-03-07T22:00:00.000000,2.120331764
CI,2026-03-07T23:00:00.000000,2.075914145
CI,2026-03-08T00:00:00.000000,2.045701742
CI,2026-03-08T01:00:00.000000,2.019726515
CI,2026-03-08T02:00:00.000000,2.065709591
CI,2026-03-08T03:00:00.000000,2.147330999
CI,2026-03-08T04:00:00.000000,2.21452713
CI,2026-03-08T05:00:00.000000,2.243712902
CI,2026-03-08T06:00:00.000000,2.252071619
CI,2026-03-08T07:00:00.000000,2.254457235
CI,2026-03-08T08:00:00.000000,2.24965167
CI,2026-03-08T09:00:00.000000,2.198022127
CI,2026-03-08T10:00:00.000000,2.15726757
CI,2026-03-08T11:00:00.000000,2.112951517
CI,2026-03-08T12:00:00.000000,2.072232246
CI,2026-03-08T13:00:00.000000,2.032688856
CI,2026-03-08T14:00:00.000000,2.030183554
CI,2026-03-08T15:00:00.000000,2.124893665
CI,2026-03-08T16:00:00.000000,2.186640024
CI,2026-03-08T17:00:00.000000,2.225846767
CI,2026-03-08T18:00:00.000000,2.24749589
CI,2026-03-08T19:00:00.000000,2.261889696
CI,2026-03-08T20:00:00.000000,2.270240545
CI,2026-03-08T21:00:00.000000,2.25448513
CI,2026-03-08T22:00:00.000000,2.200925589
CI,2026-03-08T23:00:00.000000,2.171672344
CI,2026-03-09T00:00:00.000000,2.135137081
CI,2026-03-09T01:00:00.000000,2.100551844
CI,2026-03-09T02:00:00.000000,2.106594801
CI,2026-03-09T03:00:00.000000,2.17235899
CI,2026-03-09T04:00:00.000000,2.228448153
CI,2026-03-09T05:00:00.000000,2.255573988
CI,2026-03-09T06:00:00.000000,2.265981674
CI,2026-03-09T07:00:00.000000,2.272264242
CI,2026-03-09T08:00:00.000000,2.273331404
CI,2026-03-09T09:00:00.000000,2.261740208
CI,2026-03-09T10:00:00.000000,2.204247475
CI,2026-03-09T11:00:00.000000,2.180305004
CI,2026-03-09T12:00:00.000000,2.153321505
CI,2026-03-09T13:00:00.000000,2.126541615
CI,2026-03-09T14:00:00.000000,2.112183094
CI,2026-03-09T15:00:00.000000,2.157253742
CI,2026-03-09T16:00:00.000000,2.221883297
CI,2026-03-09T17:00:00.000000,2.268787622
CI,2026-03-09T18:00:00.000000,2.307128429
CI,2026-03-09T19:00:00.000000,2.343973637
CI,2026-03-09T20:00:00.000000,2.377165794
CI,2026-03-09T21:00:00.000000,2.383356094
CI,2026-03-09T22:00:00.000000,2.32248807
CI,2026-03-09T23:00:00.000000,2.274594069
CI,2026-03-10T00:00:00.000000,2.245398045
CI,2026-03-10T01:00:00.000000,2.220901966
CI,2026-03-10T02:00:00.000000,2.204554081
CI,2026-03-10T03:00:00.000000,2.245026827
CI,2026-03-10T04:00:00.000000,2.281171083
CI,2026-03-10T05:00:00.000000,2.32921195
CI,2026-03-10T06:00:00.000000,2.355706453
CI,2026-03-10T07:00:00.000000,2.364654779
CI,2026-03-10T08:00:00.000000,2.366223812
CI,2026-03-10T09:00:00.000000,2.366007566
CI,2026-03-10T10:00:00.000000,2.341748238
CI,2026-03-10T11:00:00.000000,2.293915987
CI,2026-03-10T12:00:00.000000,2.259446621
CI,2026-03-10T13:00:00.000000,2.228888273
CI,2026-03-10T14:00:00.000000,2.210699081
CI,2026-03-10T15:00:00.000000,2.201643944
CI,2026-03-10T16:00:00.000000,2.257450104
CI,2026-03-10T17:00:00.000000,2.319235802
CI,2026-03-10T18:00:00.000000,2.353119135
CI,2026-03-10T19:00:00.000000,2.375395775
CI,2026-03-10T20:00:00.000000,2.391197205
CI,2026-03-10T21:00:00.000000,2.397725821
CI,2026-03-10T22:00:00.000000,2.394906521
CI,2026-03-10T23:00:00.000000,2.360007286
CI,2026-03-11T00:00:00.000000,2.321041584
CI,2026-03-11T01:00:00.000000,2.299366474
CI,2026-03-11T02:00:00.000000,2.285875797
CI,2026-03-11T03:00:00.000000,2.271880627
CI,2026-03-11T04:00:00.000000,2.333417416
CI,2026-03-11T05:00:00.000000,2.358658791
CI,2026-03-11T06:00:00.000000,2.373724461
CI,2026-03-11T07:00:00.000000,2.38056016
CI,2026-03-11T08:00:00.000000,2.387846231
CI,2026-03-11T09:00:00.000000,2.391912937
CI,2026-03-11T10:00:00.000000,2.392155409
CI,2026-03-11T11:00:00.000000,2.359742641
CI,2026-03-11T12:00:00.000000,2.331990957
CI,2026-03-11T13:00:00.000000,2.314459085
CI,2026-03-11T14:00:00.000000,2.29439497
CI,2026-03-11T15:00:00.000000,2.26649642
CI,2026-03-11T16:00:00.000000,2.282067537
CI,2026-03-11T17:00:00.000000,2.333511114
CI,2026-03-11T18:00:00.000000,2.378040552
CI,2026-03-11T19:00:00.000000,2.406282663
CI,2026-03-11T20:00:00.000000,2.424409628
CI,2026-03-11T21:00:00.000000,2.433848381
CI,2026-03-11T22:00:00.000000,2.439371347
CI,2026-03-11T23:00:00.000000,2.431630373
CI,2026-03-12T00:00:00.000000,2.399982691
DC,2026-03-04T00:00:00.000000,3.466215372
DC,2026-03-04T01:00:00.000000,3.563400745
DC,2026-03-04T02:00:00.000000,3.62300992
DC,2026-03-04T03:00:00.000000,3.639866352
DC,2026-03-04T04:00:00.000000,3.643437147
DC,2026-03-04T05:00:00.000000,3.642298222
DC,2026-03-04T06:00:00.000000,3.626639128
DC,2026-03-04T07:00:00.000000,3.583666325
DC,2026-03-04T08:00:00.000000,3.517876148
DC,2026-03-04T09:00:00.000000,3.354203939
DC,2026-03-04T10:00:00.000000,3.213488102
DC,2026-03-04T11:00:00.000000,3.297243595
DC,2026-03-04T12:00:00.000000,3.294256449
DC,2026-03-04T13:00:00.000000,3.351136446
DC,2026-03-04T14:00:00.000000,3.431870461
DC,2026-03-04T15:00:00.000000,3.461616993
DC,2026-03-04T16:00:00.000000,3.463970423
DC,2026-03-04T17:00:00.000000,3.452462673
DC,2026-03-04T18:00:00.000000,3.397193432
DC,2026-03-04T19:00:00.000000,3.132893324
DC,2026-03-04T20:00:00.000000,2.961067915
DC,2026-03-04T21:00:00.000000,2.883979082
DC,2026-03-04T22:00:00.000000,2.846194744
DC,2026-03-04T23:00:00.000000,2.812897444
DC,2026-03-05T00:00:00.000000,3.047506332
DC,2026-03-05T01:00:00.000000,3.244299173
DC,2026-03-05T02:00:00.000000,3.34789753
DC,2026-03-05T03:00:00.000000,3.388246536
DC,2026-03-05T04:00:00.000000,3.389762878
DC,2026-03-05T05:00:00.000000,3.376873493
DC,2026-03-05T06:00:00.000000,3.348435402
DC,2026-03-05T07:00:00.000000,3.28664422
DC,2026-03-05T08:00:00.000000,3.185642481
DC,2026-03-05T09:00:00.000000,2.886749029
DC,2026-03-05T10:00:00.000000,2.717506647
DC,2026-03-05T11:00:00.000000,2.658393383
DC,2026-03-05T12:00:00.000000,2.79385066
DC,2026-03-05T13:00:00.000000,2.87335372
DC,2026-03-05T14:00:00.000000,2.86301136
DC,2026-03-05T15:00:00.000000,3.023771763
DC,2026-03-05T16:00:00.000000,3.182786465
DC,2026-03-05T17:00:00.000000,3.221102715
DC,2026-03-05T18:00:00.000000,3.238584757
DC,2026-03-05T19:00:00.000000,3.218650579
DC,2026-03-05T20:00:00.000000,3.103618145
DC,2026-03-05T21:00:00.000000,2.869211435
DC,2026-03-05T22:00:00.000000,2.791270256
DC,2026-03-05T23:00:00.000000,2.775257111
DC,2026-03-06T00:00:00.000000,2.883119583
DC,2026-03-06T01:00:00.000000,3.053763628
DC,2026-03-06T02:00:00.000000,3.159081221
DC,2026-03-06T03:00:00.000000,3.275489569
DC,2026-03-06T04:00:00.000000,3.317460299
DC,2026-03-06T05:00:00.000000,3.315362453
DC,2026-03-06T06:00:00.000000,3.323446274
DC,2026-03-06T07:00:00.000000,3.316671133
DC,2026-03-06T08:00:00.000000,3.242652655
DC,2026-03-06T09:00:00.000000,3.199037552
DC,2026-03-06T10:00:00.000000,3.087758303
DC,2026-03-06T11:00:00.000000,3.004735947
DC,2026-03-06T12:00:00.000000,3.042620659
DC,2026-03-06T13:00:00.000000,3.147224665
DC,2026-03-06T14:00:00.000000,3.26940918
DC,2026-03-06T15:00:00.000000,3.275359154
DC,2026-03-06T16:00:00.000000,3.261827469
DC,2026-03-06T17:00:00.000000,3.26529026
DC,2026-03-06T18:00:00.000000,3.23435092
DC,2026-03-06T19:00:00.000000,3.230102539
DC,2026-03-06T20:00:00.000000,3.191052437
DC,2026-03-06T21:00:00.000000,3.135177135
DC,2026-03-06T22:00:00.000000,3.075849295
DC,2026-03-06T23:00:00.000000,3.005979061
DC,2026-03-07T00:00:00.000000,2.979733467
DC,2026-03-07T01:00:00.000000,3.005127907
DC,2026-03-07T02:00:00.000000,3.004904747
DC,2026-03-07T03:00:00.000000,2.997015953
DC,2026-03-07T04:00:00.000000,3.00393343
DC,2026-03-07T05:00:00.000000,3.027635098
DC,2026-03-07T06:00:00.000000,3.029423714
DC,2026-03-07T07:00:00.000000,3.007906199
DC,2026-03-07T08:00:00.000000,2.953912497
DC,2026-03-07T09:00:00.000000,2.928582907
DC,2026-03-07T10:00:00.000000,2.921620369
DC,2026-03-07T11:00:00.000000,2.863137245
DC,2026-03-07T12:00:00.000000,2.803514242
DC,2026-03-07T13:00:00.000000,2.784568548
DC,2026-03-07T14:00:00.000000,2.803988934
DC,2026-03-07T15:00:00.000000,2.855526924
DC,2026-03-07T16:00:00.000000,2.975235939
DC,2026-03-07T17:00:00.000000,3.127948046
DC,2026-03-07T18:00:00.000000,3.257756472
DC,2026-03-07T19:00:00.000000,3.339149714
DC,2026-03-07T20:00:00.000000,3.380701065
DC,2026-03-07T21:00:00.000000,3.40158534
DC,2026-03-07T22:00:00.000000,3.41454792
DC,2026-03-07T23:00:00.000000,3.413548708
DC,2026-03-08T00:00:00.000000,3.075587988
DC,2026-03-08T01:00:00.000000,3.051080465
DC,2026-03-08T02:00:00.000000,3.144392252
DC,2026-03-08T03:00:00.000000,3.176728249
DC,2026-03-08T04:00:00.000000,3.146642447
DC,2026-03-08T05:00:00.000000,3.172045231
DC,2026-03-08T06:00:00.000000,3.251377583
DC,2026-03-08T07:00:00.000000,3.321630001
DC,2026-03-08T08:00:00.000000,3.361289978
DC,2026-03-08T09:00:00.000000,3.37816906
DC,2026-03-08T10:00:00.000000,3.393851757
DC,2026-03-08T11:00:00.000000,3.405607224
DC,2026-03-08T12:00:00.000000,3.404341459
DC,2026-03-08T13:00:00.000000,3.219111919
DC,2026-03-08T14:00:00.000000,3.255319595
DC,2026-03-08T15:00:00.000000,3.303826809
DC,2026-03-08T16:00:00.000000,3.322747231
DC,2026-03-08T17:00:00.000000,3.327450514
DC,2026-03-08T18:00:00.000000,3.342819691
DC,2026-03-08T19:00:00.000000,3.370166302
DC,2026-03-08T20:00:00.000000,3.392017603
DC,2026-03-08T21:00:00.000000,3.402728319
DC,2026-03-08T22:00:00.000000,3.402819395
DC,2026-03-08T23:00:00.000000,3.397148371
DC,2026-03-09T00:00:00.000000,3.38465476
DC,2026-03-09T01:00:00.000000,3.392549992
DC,2026-03-09T02:00:00.000000,3.404628992
DC,2026-03-09T03:00:00.000000,3.391478777
DC,2026-03-09T04:00:00.000000,3.402907133
DC,2026-03-09T05:00:00.000000,3.4262743
DC,2026-03-09T06:00:00.000000,3.446532011
DC,2026-03-09T07:00:00.000000,3.459645748
DC,2026-03-09T08:00:00.000000,3.466067791
DC,2026-03-09T09:00:00.000000,3.469867468
DC,2026-03-09T10:00:00.000000,3.469580889
DC,2026-03-09T11:00:00.000000,3.46437788
DC,2026-03-09T12:00:00.000000,3.365828991
DC,2026-03-09T13:00:00.000000,3.20904398
DC,2026-03-09T14:00:00.000000,3.196856737
DC,2026-03-09T15:00:00.000000,3.260499954
DC,2026-03-09T16:00:00.000000,3.396625996
DC,2026-03-09T17:00:00.000000,3.490659237
DC,2026-03-09T18:00:00.000000,3.539484501
DC,2026-03-09T19:00:00.000000,3.559708595
DC,2026-03-09T20:00:00.000000,3.57074976
DC,2026-03-09T21:00:00.000000,3.576941729
DC,2026-03-09T22:00:00.000000,3.582151413
DC,2026-03-09T23:00:00.000000,3.585464239
DC,2026-03-10T00:00:00.000000,3.585974932
DC,2026-03-10T01:00:00.000000,3.578691959
DC,2026-03-10T02:00:00.000000,3.542405605
DC,2026-03-10T03:00:00.000000,3.508044004
DC,2026-03-10T04:00:00.000000,3.508225679
DC,2026-03-10T05:00:00.000000,3.519480944
DC,2026-03-10T06:00:00.000000,3.52663064
DC,2026-03-10T07:00:00.000000,3.52635169
DC,2026-03-10T08:00:00.000000,3.51556778
DC,2026-03-10T09:00:00.000000,3.50467658
DC,2026-03-10T10:00:00.000000,3.500442982
DC,2026-03-10T11:00:00.000000,3.49940896
DC,2026-03-10T12:00:00.000000,3.497800827
DC,2026-03-10T13:00:00.000000,3.496268511
DC,2026-03-10T14:00:00.000000,3.497459173
DC,2026-03-10T15:00:00.000000,3.49521184
DC,2026-03-10T16:00:00.000000,3.46042037
DC,2026-03-10T17:00:00.000000,3.417652607
DC,2026-03-10T18:00:00.000000,3.401350021
DC,2026-03-10T19:00:00.000000,3.429498672
DC,2026-03-10T20:00:00.000000,3.46530652
DC,2026-03-10T21:00:00.000000,3.484828234
DC,2026-03-10T22:00:00.000000,3.494535208
DC,2026-03-10T23:00:00.000000,3.503723621
DC,2026-03-11T00:00:00.000000,3.50884676
DC,2026-03-11T01:00:00.000000,3.513018608
DC,2026-03-11T02:00:00.000000,3.526902914
DC,2026-03-11T03:00:00.000000,3.554977894
DC,2026-03-11T04:00:00.000000,3.593308687
DC,2026-03-11T05:00:00.000000,3.630611658
DC,2026-03-11T06:00:00.000000,3.65544343
DC,2026-03-11T07:00:00.000000,3.663625717
DC,2026-03-11T08:00:00.000000,3.663105726
DC,2026-03-11T09:00:00.000000,3.656626463
DC,2026-03-11T10:00:00.000000,3.64479661
DC,2026-03-11T11:00:00.000000,3.617236376
DC,2026-03-11T12:00:00.000000,3.596931219
DC,2026-03-11T13:00:00.000000,3.578417778
DC,2026-03-11T14:00:00.000000,3.566588879
DC,2026-03-11T15:00:00.000000,3.567769051
DC,2026-03-11T16:00:00.000000,3.592327118
DC,2026-03-11T17:00:00.000000,3.614403009
DC,2026-03-11T18:00:00.000000,3.630537271
DC,2026-03-11T19:00:00.000000,3.636771917
DC,2026-03-11T20:00:00.000000,3.625612259
DC,2026-03-11T21:00:00.000000,3.607610226
DC,2026-03-11T22:00:00.000000,3.602460861
DC,2026-03-11T23:00:00.000000,3.600337267
DC,2026-03-12T00:00:00.000000,3.589363575
LH,2026-03-04T00:00:00.000000,2.457053185
LH,2026-03-04T01:00:00.000000,2.343153477
LH,2026-03-04T02:00:00.000000,2.301849604
LH,2026-03-04T03:00:00.000000,2.289187908
LH,2026-03-04T04:00:00.000000,2.285853624
LH,2026-03-04T05:00:00.000000,2.286630869
LH,2026-03-04T06:00:00.000000,2.288310289
LH,2026-03-04T07:00:00.000000,2.290594339
LH,2026-03-04T08:00:00.000000,2.299863577
LH,2026-03-04T09:00:00.000000,2.335272551
LH,2026-03-04T10:00:00.000000,2.392663956
LH,2026-03-04T11:00:00.000000,2.388149261
LH,2026-03-04T12:00:00.000000,2.352394581
LH,2026-03-04T13:00:00.000000,2.316050291
LH,2026-03-04T14:00:00.000000,2.304105759
LH,2026-03-04T15:00:00.000000,2.304267883
LH,2026-03-04T16:00:00.000000,2.306881905
LH,2026-03-04T17:00:00.000000,2.309597731
LH,2026-03-04T18:00:00.000000,2.312603235
LH,2026-03-04T19:00:00.000000,2.317742109
LH,2026-03-04T20:00:00.000000,2.333995819
LH,2026-03-04T21:00:00.000000,2.373838902
LH,2026-03-04T22:00:00.000000,2.462094307
LH,2026-03-04T23:00:00.000000,2.485837221
LH,2026-03-05T00:00:00.000000,2.441329241
LH,2026-03-05T01:00:00.000000,2.414192915
LH,2026-03-05T02:00:00.000000,2.382773876
LH,2026-03-05T03:00:00.000000,2.36342144
LH,2026-03-05T04:00:00.000000,2.357278109
LH,2026-03-05T05:00:00.000000,2.357635021
LH,2026-03-05T06:00:00.000000,2.357983112
LH,2026-03-05T07:00:00.000000,2.358195305
LH,2026-03-05T08:00:00.000000,2.359206915
LH,2026-03-05T09:00:00.000000,2.359768391
LH,2026-03-05T10:00:00.000000,2.385453463
LH,2026-03-05T11:00:00.000000,2.413447857
LH,2026-03-05T12:00:00.000000,2.409792662
LH,2026-03-05T13:00:00.000000,2.388901472
LH,2026-03-05T14:00:00.000000,2.365584612
LH,2026-03-05T15:00:00.000000,2.349790096
LH,2026-03-05T16:00:00.000000,2.34165144
LH,2026-03-05T17:00:00.000000,2.338493347
LH,2026-03-05T18:00:00.000000,2.340049028
LH,2026-03-05T19:00:00.000000,2.341692209
LH,2026-03-05T20:00:00.000000,2.341490269
LH,2026-03-05T21:00:00.000000,2.345556498
LH,2026-03-05T22:00:00.000000,2.35646534
LH,2026-03-05T23:00:00.000000,2.378245115
LH,2026-03-06T00:00:00.000000,2.375204563
LH,2026-03-06T01:00:00.000000,2.362255096
LH,2026-03-06T02:00:00.000000,2.346734285
LH,2026-03-06T03:00:00.000000,2.325502396
LH,2026-03-06T04:00:00.000000,2.301389933
LH,2026-03-06T05:00:00.000000,2.282369137
LH,2026-03-06T06:00:00.000000,2.276762486
LH,2026-03-06T07:00:00.000000,2.276499987
LH,2026-03-06T08:00:00.000000,2.278694391
LH,2026-03-06T09:00:00.000000,2.288450241
LH,2026-03-06T10:00:00.000000,2.297595501
LH,2026-03-06T11:00:00.000000,2.307621717
LH,2026-03-06T12:00:00.000000,2.308593988
LH,2026-03-06T13:00:00.000000,2.28647089
LH,2026-03-06T14:00:00.000000,2.251764297
LH,2026-03-06T15:00:00.000000,2.223898172
LH,2026-03-06T16:00:00.000000,2.201442719
LH,2026-03-06T17:00:00.000000,2.180795908
LH,2026-03-06T18:00:00.000000,2.171482086
LH,2026-03-06T19:00:00.000000,2.168437004
LH,2026-03-06T20:00:00.000000,2.168725729
LH,2026-03-06T21:00:00.000000,2.171997309
LH,2026-03-06T22:00:00.000000,2.180797815
LH,2026-03-06T23:00:00.000000,2.202125311
LH,2026-03-07T00:00:00.000000,2.209809542
LH,2026-03-07T01:00:00.000000,2.205914497
LH,2026-03-07T02:00:00.000000,2.199419498
LH,2026-03-07T03:00:00.000000,2.183592319
LH,2026-03-07T04:00:00.000000,2.167342663
LH,2026-03-07T05:00:00.000000,2.15132761
LH,2026-03-07T06:00:00.000000,2.146395445
LH,2026-03-07T07:00:00.000000,2.144993544
LH,2026-03-07T08:00:00.000000,2.145730019
LH,2026-03-07T09:00:00.000000,2.156390905
LH,2026-03-07T10:00:00.000000,2.17250967
LH,2026-03-07T11:00:00.000000,2.212246656
LH,2026-03-07T12:00:00.000000,2.260591984
LH,2026-03-07T13:00:00.000000,2.25692749
LH,2026-03-07T14:00:00.000000,2.237527132
LH,2026-03-07T15:00:00.000000,2.211454153
LH,2026-03-07T16:00:00.000000,2.191791296
LH,2026-03-07T17:00:00.000000,2.182698488
LH,2026-03-07T18:00:00.000000,2.181113482
LH,2026-03-07T19:00:00.000000,2.180195808
LH,2026-03-07T20:00:00.000000,2.18116951
LH,2026-03-07T21:00:00.000000,2.19094491
LH,2026-03-07T22:00:00.000000,2.210585117
LH,2026-03-07T23:00:00.000000,2.241733789
LH,2026-03-08T00:00:00.000000,2.274167061
LH,2026-03-08T01:00:00.000000,2.273961544
LH,2026-03-08T02:00:00.000000,2.257421732
LH,2026-03-08T03:00:00.000000,2.246670485
LH,2026-03-08T04:00:00.000000,2.227962255
LH,2026-03-08T05:00:00.000000,2.211170673
LH,2026-03-08T06:00:00.000000,2.199929953
LH,2026-03-08T07:00:00.000000,2.195376873
LH,2026-03-08T08:00:00.000000,2.19239521
LH,2026-03-08T09:00:00.000000,2.196351767
LH,2026-03-08T10:00:00.000000,2.210748434
LH,2026-03-08T11:00:00.000000,2.233052015
LH,2026-03-08T12:00:00.000000,2.288993597
LH,2026-03-08T13:00:00.000000,2.322554111
LH,2026-03-08T14:00:00.000000,2.300829649
LH,2026-03-08T15:00:00.000000,2.279322624
LH,2026-03-08T16:00:00.000000,2.263913393
LH,2026-03-08T17:00:00.000000,2.250384092
LH,2026-03-08T18:00:00.000000,2.240625858
LH,2026-03-08T19:00:00.000000,2.233351231
LH,2026-03-08T20:00:00.000000,2.229371071
LH,2026-03-08T21:00:00.000000,2.231366396
LH,2026-03-08T22:00:00.000000,2.239664316
LH,2026-03-08T23:00:00.000000,2.249956846
LH,2026-03-09T00:00:00.000000,2.268219233
LH,2026-03-09T01:00:00.000000,2.279417038
LH,2026-03-09T02:00:00.000000,2.272983074
LH,2026-03-09T03:00:00.000000,2.266787291
LH,2026-03-09T04:00:00.000000,2.256600142
LH,2026-03-09T05:00:00.000000,2.241823196
LH,2026-03-09T06:00:00.000000,2.228062153
LH,2026-03-09T07:00:00.000000,2.218073368
LH,2026-03-09T08:00:00.000000,2.211907148
LH,2026-03-09T09:00:00.000000,2.209955692
LH,2026-03-09T10:00:00.000000,2.2123487
LH,2026-03-09T11:00:00.000000,2.216214895
LH,2026-03-09T12:00:00.000000,2.223082066
LH,2026-03-09T13:00:00.000000,2.246555567
LH,2026-03-09T14:00:00.000000,2.250219345
LH,2026-03-09T15:00:00.000000,2.247922659
LH,2026-03-09T16:00:00.000000,2.251962662
LH,2026-03-09T17:00:00.000000,2.251944065
LH,2026-03-09T18:00:00.000000,2.253801823
LH,2026-03-09T19:00:00.000000,2.260904789
LH,2026-03-09T20:00:00.000000,2.265078545
LH,2026-03-09T21:00:00.000000,2.267833233
LH,2026-03-09T22:00:00.000000,2.274632454
LH,2026-03-09T23:00:00.000000,2.281340361
LH,2026-03-10T00:00:00.000000,2.285726309
LH,2026-03-10T01:00:00.000000,2.291871071
LH,2026-03-10T02:00:00.000000,2.295342684
LH,2026-03-10T03:00:00.000000,2.297281742
LH,2026-03-10T04:00:00.000000,2.298884153
LH,2026-03-10T05:00:00.000000,2.30200386
LH,2026-03-10T06:00:00.000000,2.301576138
LH,2026-03-10T07:00:00.000000,2.300934553
LH,2026-03-10T08:00:00.000000,2.300622225
LH,2026-03-10T09:00:00.000000,2.300492287
LH,2026-03-10T10:00:00.000000,2.301751852
LH,2026-03-10T11:00:00.000000,2.30443716
LH,2026-03-10T12:00:00.000000,2.307436466
LH,2026-03-10T13:00:00.000000,2.316625834
LH,2026-03-10T14:00:00.000000,2.325552225
LH,2026-03-10T15:00:00.000000,2.328823566
LH,2026-03-10T16:00:00.000000,2.33097434
LH,2026-03-10T17:00:00.000000,2.335025311
LH,2026-03-10T18:00:00.000000,2.336530685
LH,2026-03-10T19:00:00.000000,2.33785677
LH,2026-03-10T20:00:00.000000,2.34005022
LH,2026-03-10T21:00:00.000000,2.340827942
LH,2026-03-10T22:00:00.000000,2.34057188
LH,2026-03-10T23:00:00.000000,2.341444731
LH,2026-03-11T00:00:00.000000,2.342636824
LH,2026-03-11T01:00:00.000000,2.34439373
LH,2026-03-11T02:00:00.000000,2.347230673
LH,2026-03-11T03:00:00.000000,2.350586414
LH,2026-03-11T04:00:00.000000,2.352337837
LH,2026-03-11T05:00:00.000000,2.353419542
LH,2026-03-11T06:00:00.000000,2.351798773
LH,2026-03-11T07:00:00.000000,2.349677801
LH,2026-03-11T08:00:00.000000,2.347450018
LH,2026-03-11T09:00:00.000000,2.345683336
LH,2026-03-11T10:00:00.000000,2.344203711
LH,2026-03-11T11:00:00.000000,2.344403505
LH,2026-03-11T12:00:00.000000,2.345721245
LH,2026-03-11T13:00:00.000000,2.34723258
LH,2026-03-11T14:00:00.000000,2.349867821
LH,2026-03-11T15:00:00.000000,2.352903128
LH,2026-03-11T16:00:00.000000,2.355927229
LH,2026-03-11T17:00:00.000000,2.357695103
LH,2026-03-11T18:00:00.000000,2.359347582
LH,2026-03-11T19:00:00.000000,2.36091733
LH,2026-03-11T20:00:00.000000,2.361903191
LH,2026-03-11T21:00:00.000000,2.362758636
LH,2026-03-11T22:00:00.000000,2.363864183
LH,2026-03-11T23:00:00.000000,2.365031958
LH,2026-03-12T00:00:00.000000,2.366114855
NB,2026-03-04T00:00:00.000000,2.759192944
NB,2026-03-04T01:00:00.000000,2.758975029
NB,2026-03-04T02:00:00.000000,2.760452271
NB,2026-03-04T03:00:00.000000,2.762429237
NB,2026-03-04T04:00:00.000000,2.767697573
NB,2026-03-04T05:00:00.000000,2.774685383
NB,2026-03-04T06:00:00.000000,2.7787292
NB,2026-03-04T07:00:00.000000,2.779891968
NB,2026-03-04T08:00:00.000000,2.776386499
NB,2026-03-04T09:00:00.000000,2.763674736
NB,2026-03-04T10:00:00.000000,2.753593206
NB,2026-03-04T11:00:00.000000,2.751177549
NB,2026-03-04T12:00:00.000000,2.750961304
NB,2026-03-04T13:00:00.000000,2.754817247
NB,2026-03-04T14:00:00.000000,2.761583328
NB,2026-03-04T15:00:00.000000,2.770146847
NB,2026-03-04T16:00:00.000000,2.782222271
NB,2026-03-04T17:00:00.000000,2.793590546
NB,2026-03-04T18:00:00.000000,2.801293373
NB,2026-03-04T19:00:00.000000,2.802905083
NB,2026-03-04T20:00:00.000000,2.800095558
NB,2026-03-04T21:00:00.000000,2.795019388
NB,2026-03-04T22:00:00.000000,2.789789915
NB,2026-03-04T23:00:00.000000,2.787595034
NB,2026-03-05T00:00:00.000000,2.789060831
NB,2026-03-05T01:00:00.000000,2.793116808
NB,2026-03-05T02:00:00.000000,2.796008348
NB,2026-03-05T03:00:00.000000,2.798731089
NB,2026-03-05T04:00:00.000000,2.801898718
NB,2026-03-05T05:00:00.000000,2.8058393
NB,2026-03-05T06:00:00.000000,2.808444023
NB,2026-03-05T07:00:00.000000,2.807982922
NB,2026-03-05T08:00:00.000000,2.797787189
NB,2026-03-05T09:00:00.000000,2.780807257
NB,2026-03-05T10:00:00.000000,2.760478973
NB,2026-03-05T11:00:00.000000,2.752920628
NB,2026-03-05T12:00:00.000000,2.752844095
NB,2026-03-05T13:00:00.000000,2.756447792
NB,2026-03-05T14:00:00.000000,2.761467218
NB,2026-03-05T15:00:00.000000,2.766122103
NB,2026-03-05T16:00:00.000000,2.772542715
NB,2026-03-05T17:00:00.000000,2.780463934
NB,2026-03-05T18:00:00.000000,2.790805578
NB,2026-03-05T19:00:00.000000,2.795553446
NB,2026-03-05T20:00:00.000000,2.796131849
NB,2026-03-05T21:00:00.000000,2.794265509
NB,2026-03-05T22:00:00.000000,2.791374922
NB,2026-03-05T23:00:00.000000,2.792726755
NB,2026-03-06T00:00:00.000000,2.798545837
NB,2026-03-06T01:00:00.000000,2.807761431
NB,2026-03-06T02:00:00.000000,2.817556381
NB,2026-03-06T03:00:00.000000,2.825894833
NB,2026-03-06T04:00:00.000000,2.831673861
NB,2026-03-06T05:00:00.000000,2.833921194
NB,2026-03-06T06:00:00.000000,2.8344872
NB,2026-03-06T07:00:00.000000,2.834209204
NB,2026-03-06T08:00:00.000000,2.832624912
NB,2026-03-06T09:00:00.000000,2.829428196
NB,2026-03-06T10:00:00.000000,2.820722818
NB,2026-03-06T11:00:00.000000,2.812230587
NB,2026-03-06T12:00:00.000000,2.804759264
NB,2026-03-06T13:00:00.000000,2.800617695
NB,2026-03-06T14:00:00.000000,2.799685478
NB,2026-03-06T15:00:00.000000,2.798942804
NB,2026-03-06T16:00:00.000000,2.797422647
NB,2026-03-06T17:00:00.000000,2.796420813
NB,2026-03-06T18:00:00.000000,2.795215368
NB,2026-03-06T19:00:00.000000,2.79451704
NB,2026-03-06T20:00:00.000000,2.793661356
NB,2026-03-06T21:00:00.000000,2.791103601
NB,2026-03-06T22:00:00.000000,2.784488201
NB,2026-03-06T23:00:00.000000,2.772741318
NB,2026-03-07T00:00:00.000000,2.763944626
NB,2026-03-07T01:00:00.000000,2.759886026
NB,2026-03-07T02:00:00.000000,2.757676601
NB,2026-03-07T03:00:00.000000,2.756707191
NB,2026-03-07T04:00:00.000000,2.756405592
NB,2026-03-07T05:00:00.000000,2.757393837
NB,2026-03-07T06:00:00.000000,2.760779142
NB,2026-03-07T07:00:00.000000,2.767868996
NB,2026-03-07T08:00:00.000000,2.778420687
NB,2026-03-07T09:00:00.000000,2.787872314
NB,2026-03-07T10:00:00.000000,2.793776512
NB,2026-03-07T11:00:00.000000,2.795867682
NB,2026-03-07T12:00:00.000000,2.792445421
NB,2026-03-07T13:00:00.000000,2.78431654
NB,2026-03-07T14:00:00.000000,2.777322054
NB,2026-03-07T15:00:00.000000,2.779849052
NB,2026-03-07T16:00:00.000000,2.788800001
NB,2026-03-07T17:00:00.000000,2.799915791
NB,2026-03-07T18:00:00.000000,2.814206839
NB,2026-03-07T19:00:00.000000,2.832641125
NB,2026-03-07T20:00:00.000000,2.881956577
NB,2026-03-07T21:00:00.000000,2.908645153
NB,2026-03-07T22:00:00.000000,2.920918226
NB,2026-03-07T23:00:00.000000,2.928260326
NB,2026-03-08T00:00:00.000000,2.93183279
NB,2026-03-08T01:00:00.000000,2.934281826
NB,2026-03-08T02:00:00.000000,2.938566685
NB,2026-03-08T03:00:00.000000,2.943868876
NB,2026-03-08T04:00:00.000000,2.950235844
NB,2026-03-08T05:00:00.000000,2.951518774
NB,2026-03-08T06:00:00.000000,2.951510429
NB,2026-03-08T07:00:00.000000,2.951518059
NB,2026-03-08T08:00:00.000000,2.955426216
NB,2026-03-08T09:00:00.000000,2.957573414
NB,2026-03-08T10:00:00.000000,2.958089113
NB,2026-03-08T11:00:00.000000,2.962724686
NB,2026-03-08T12:00:00.000000,2.969034433
NB,2026-03-08T13:00:00.000000,2.973060369
NB,2026-03-08T14:00:00.000000,2.977650642
NB,2026-03-08T15:00:00.000000,2.982514858
NB,2026-03-08T16:00:00.000000,2.991113186
NB,2026-03-08T17:00:00.000000,2.999577284
NB,2026-03-08T18:00:00.000000,3.003630877
NB,2026-03-08T19:00:00.000000,3.006457567
NB,2026-03-08T20:00:00.000000,3.008779049
NB,2026-03-08T21:00:00.000000,3.010371685
NB,2026-03-08T22:00:00.000000,3.006945848
NB,2026-03-08T23:00:00.000000,2.994430304
NB,2026-03-09T00:00:00.000000,2.977202177
NB,2026-03-09T01:00:00.000000,2.955905914
NB,2026-03-09T02:00:00.000000,2.931283951
NB,2026-03-09T03:00:00.000000,2.90363884
NB,2026-03-09T04:00:00.000000,2.87837553
NB,2026-03-09T05:00:00.000000,2.860236883
NB,2026-03-09T06:00:00.000000,2.845493555
NB,2026-03-09T07:00:00.000000,2.833235979
NB,2026-03-09T08:00:00.000000,2.822775841
NB,2026-03-09T09:00:00.000000,2.815627337
NB,2026-03-09T10:00:00.000000,2.810245037
NB,2026-03-09T11:00:00.000000,2.802539825
NB,2026-03-09T12:00:00.000000,2.795136452
NB,2026-03-09T13:00:00.000000,2.787610531
NB,2026-03-09T14:00:00.000000,2.778810024
NB,2026-03-09T15:00:00.000000,2.771088362
NB,2026-03-09T16:00:00.000000,2.767114401
NB,2026-03-09T17:00:00.000000,2.769242287
NB,2026-03-09T18:00:00.000000,2.774439096
NB,2026-03-09T19:00:00.000000,2.782000303
NB,2026-03-09T20:00:00.000000,2.791459084
NB,2026-03-09T21:00:00.000000,2.802712679
NB,2026-03-09T22:00:00.000000,2.818368435
NB,2026-03-09T23:00:00.000000,2.849336386
NB,2026-03-10T00:00:00.000000,2.888477564
NB,2026-03-10T01:00:00.000000,2.923297644
NB,2026-03-10T02:00:00.000000,2.948226452
NB,2026-03-10T03:00:00.000000,2.964869022
NB,2026-03-10T04:00:00.000000,2.985389948
NB,2026-03-10T05:00:00.000000,3.063927174
NB,2026-03-10T06:00:00.000000,3.11484313
NB,2026-03-10T07:00:00.000000,3.113353252
NB,2026-03-10T08:00:00.000000,3.107887745
NB,2026-03-10T09:00:00.000000,3.101476431
NB,2026-03-10T10:00:00.000000,3.095159292
NB,2026-03-10T11:00:00.000000,3.094818354
NB,2026-03-10T12:00:00.000000,3.09782362
NB,2026-03-10T13:00:00.000000,3.102540731
NB,2026-03-10T14:00:00.000000,3.106187105
NB,2026-03-10T15:00:00.000000,3.107091427
NB,2026-03-10T16:00:00.000000,3.105704784
NB,2026-03-10T17:00:00.000000,3.103141785
NB,2026-03-10T18:00:00.000000,3.097778082
NB,2026-03-10T19:00:00.000000,3.086650372
NB,2026-03-10T20:00:00.000000,3.069475412
NB,2026-03-10T21:00:00.000000,3.046736479
NB,2026-03-10T22:00:00.000000,3.025665998
NB,2026-03-10T23:00:00.000000,3.006217241
NB,2026-03-11T00:00:00.000000,2.987850666
NB,2026-03-11T01:00:00.000000,2.968762398
NB,2026-03-11T02:00:00.000000,2.948759079
NB,2026-03-11T03:00:00.000000,2.927671194
NB,2026-03-11T04:00:00.000000,2.905570269
NB,2026-03-11T05:00:00.000000,2.886903524
NB,2026-03-11T06:00:00.000000,2.874846697
NB,2026-03-11T07:00:00.000000,2.867950916
NB,2026-03-11T08:00:00.000000,2.864458323
NB,2026-03-11T09:00:00.000000,2.863858461
NB,2026-03-11T10:00:00.000000,2.865578175
NB,2026-03-11T11:00:00.000000,2.867998362
NB,2026-03-11T12:00:00.000000,2.87065649
NB,2026-03-11T13:00:00.000000,2.873711348
NB,2026-03-11T14:00:00.000000,2.876991987
NB,2026-03-11T15:00:00.000000,2.880409956
NB,2026-03-11T16:00:00.000000,2.883977413
NB,2026-03-11T17:00:00.000000,2.888228178
NB,2026-03-11T18:00:00.000000,2.893979073
NB,2026-03-11T19:00:00.000000,2.908283234
NB,2026-03-11T20:00:00.000000,2.932987213
NB,2026-03-11T21:00:00.000000,2.968957424
NB,2026-03-11T22:00:00.000000,3.011790991
NB,2026-03-11T23:00:00.000000,3.060445309
NB,2026-03-12T00:00:00.000000,3.120615959
PC,2026-03-04T00:00:00.000000,1.921580553
PC,2026-03-04T01:00:00.000000,1.898842216
PC,2026-03-04T02:00:00.000000,1.867070436
PC,2026-03-04T03:00:00.000000,1.860230088
PC,2026-03-04T04:00:00.000000,1.861218333
PC,2026-03-04T05:00:00.000000,1.863086224
PC,2026-03-04T06:00:00.000000,1.864214063
PC,2026-03-04T07:00:00.000000,1.865537643
PC,2026-03-04T08:00:00.000000,1.866568208
PC,2026-03-04T09:00:00.000000,1.868086696
PC,2026-03-04T10:00:00.000000,1.875811696
PC,2026-03-04T11:00:00.000000,1.882553339
PC,2026-03-04T12:00:00.000000,1.891355753
PC,2026-03-04T13:00:00.000000,1.900953174
PC,2026-03-04T14:00:00.000000,1.887647271
PC,2026-03-04T15:00:00.000000,1.880522251
PC,2026-03-04T16:00:00.000000,1.886355996
PC,2026-03-04T17:00:00.000000,1.892668962
PC,2026-03-04T18:00:00.000000,1.896282792
PC,2026-03-04T19:00:00.000000,1.899611354
PC,2026-03-04T20:00:00.000000,1.903185129
PC,2026-03-04T21:00:00.000000,1.9082582
PC,2026-03-04T22:00:00.000000,1.91986227
PC,2026-03-04T23:00:00.000000,1.929178357
PC,2026-03-05T00:00:00.000000,1.934372544
PC,2026-03-05T01:00:00.000000,1.944826365
PC,2026-03-05T02:00:00.000000,1.947486877
PC,2026-03-05T03:00:00.000000,1.934277296
PC,2026-03-05T04:00:00.000000,1.930443764
PC,2026-03-05T05:00:00.000000,1.932274818
PC,2026-03-05T06:00:00.000000,1.934079051
PC,2026-03-05T07:00:00.000000,1.934966445
PC,2026-03-05T08:00:00.000000,1.935859919
PC,2026-03-05T09:00:00.000000,1.936619163
PC,2026-03-05T10:00:00.000000,1.938258529
PC,2026-03-05T11:00:00.000000,1.943112373
PC,2026-03-05T12:00:00.000000,1.945960283
PC,2026-03-05T13:00:00.000000,1.952242255
PC,2026-03-05T14:00:00.000000,1.960426807
PC,2026-03-05T15:00:00.000000,1.960726023
PC,2026-03-05T16:00:00.000000,1.965356112
PC,2026-03-05T17:00:00.000000,1.968543053
PC,2026-03-05T18:00:00.000000,1.971435308
PC,2026-03-05T19:00:00.000000,1.972743154
PC,2026-03-05T20:00:00.000000,1.9737432
PC,2026-03-05T21:00:00.000000,1.974606633
PC,2026-03-05T22:00:00.000000,1.975646615
PC,2026-03-05T23:00:00.000000,1.97949791
PC,2026-03-06T00:00:00.000000,1.986618042
PC,2026-03-06T01:00:00.000000,1.992058992
PC,2026-03-06T02:00:00.000000,1.999077797
PC,2026-03-06T03:00:00.000000,2.00104332
PC,2026-03-06T04:00:00.000000,2.004272938
PC,2026-03-06T05:00:00.000000,2.006884575
PC,2026-03-06T06:00:00.000000,2.009890556
PC,2026-03-06T07:00:00.000000,2.01060605
PC,2026-03-06T08:00:00.000000,2.011025906
PC,2026-03-06T09:00:00.000000,2.011535168
PC,2026-03-06T10:00:00.000000,2.012410402
PC,2026-03-06T11:00:00.000000,2.014951944
PC,2026-03-06T12:00:00.000000,2.022095442
PC,2026-03-06T13:00:00.000000,2.025850773
PC,2026-03-06T14:00:00.000000,2.027776003
PC,2026-03-06T15:00:00.000000,2.031699896
PC,2026-03-06T16:00:00.000000,2.032914639
PC,2026-03-06T17:00:00.000000,2.037080288
PC,2026-03-06T18:00:00.000000,2.042886734
PC,2026-03-06T19:00:00.000000,2.04567194
PC,2026-03-06T20:00:00.000000,2.046535969
PC,2026-03-06T21:00:00.000000,2.047374249
PC,2026-03-06T22:00:00.000000,2.048362017
PC,2026-03-06T23:00:00.000000,2.050520897
PC,2026-03-07T00:00:00.000000,2.055636883
PC,2026-03-07T01:00:00.000000,2.059907675
PC,2026-03-07T02:00:00.000000,2.065917253
PC,2026-03-07T03:00:00.000000,2.069077253
PC,2026-03-07T04:00:00.000000,2.073358059
PC,2026-03-07T05:00:00.000000,2.0728724
PC,2026-03-07T06:00:00.000000,2.073826551
PC,2026-03-07T07:00:00.000000,2.075431108
PC,2026-03-07T08:00:00.000000,2.07614994
PC,2026-03-07T09:00:00.000000,2.076644659
PC,2026-03-07T10:00:00.000000,2.076964855
PC,2026-03-07T11:00:00.000000,2.077295542
PC,2026-03-07T12:00:00.000000,2.078067541
PC,2026-03-07T13:00:00.000000,2.080435514
PC,2026-03-07T14:00:00.000000,2.089354992
PC,2026-03-07T15:00:00.000000,2.099476814
PC,2026-03-07T16:00:00.000000,2.105121851
PC,2026-03-07T17:00:00.000000,2.108347893
PC,2026-03-07T18:00:00.000000,2.112804413
PC,2026-03-07T19:00:00.000000,2.117029428
PC,2026-03-07T20:00:00.000000,2.120858908
PC,2026-03-07T21:00:00.000000,2.123278618
PC,2026-03-07T22:00:00.000000,2.124494791
PC,2026-03-07T23:00:00.000000,2.124803543
PC,2026-03-08T00:00:00.000000,2.12505722
PC,2026-03-08T01:00:00.000000,2.125179768
PC,2026-03-08T02:00:00.000000,2.127214193
PC,2026-03-08T03:00:00.000000,2.134488821
PC,2026-03-08T04:00:00.000000,2.1446383
PC,2026-03-08T05:00:00.000000,2.150118113
PC,2026-03-08T06:00:00.000000,2.154034138
PC,2026-03-08T07:00:00.000000,2.15758276
PC,2026-03-08T08:00:00.000000,2.160762787
PC,2026-03-08T09:00:00.000000,2.161262035
PC,2026-03-08T10:00:00.000000,2.160203457
PC,2026-03-08T11:00:00.000000,2.158829689
PC,2026-03-08T12:00:00.000000,2.157897949
PC,2026-03-08T13:00:00.000000,2.157806158
PC,2026-03-08T14:00:00.000000,2.15860939
PC,2026-03-08T15:00:00.000000,2.161790371
PC,2026-03-08T16:00:00.000000,2.170474529
PC,2026-03-08T17:00:00.000000,2.178257227
PC,2026-03-08T18:00:00.000000,2.184568882
PC,2026-03-08T19:00:00.000000,2.191051006
PC,2026-03-08T20:00:00.000000,2.196841717
PC,2026-03-08T21:00:00.000000,2.199286461
PC,2026-03-08T22:00:00.000000,2.198925734
PC,2026-03-08T23:00:00.000000,2.198132992
PC,2026-03-09T00:00:00.000000,2.198015928
PC,2026-03-09T01:00:00.000000,2.198243141
PC,2026-03-09T02:00:00.000000,2.198748112
PC,2026-03-09T03:00:00.000000,2.200991154
PC,2026-03-09T04:00:00.000000,2.206458569
PC,2026-03-09T05:00:00.000000,2.213220835
PC,2026-03-09T06:00:00.000000,2.217583895
PC,2026-03-09T07:00:00.000000,2.221503258
PC,2026-03-09T08:00:00.000000,2.22474432
PC,2026-03-09T09:00:00.000000,2.226261377
PC,2026-03-09T10:00:00.000000,2.226022959
PC,2026-03-09T11:00:00.000000,2.225665569
PC,2026-03-09T12:00:00.000000,2.225753307
PC,2026-03-09T13:00:00.000000,2.226494551
PC,2026-03-09T14:00:00.000000,2.228340626
PC,2026-03-09T15:00:00.000000,2.232531071
PC,2026-03-09T16:00:00.000000,2.240197897
PC,2026-03-09T17:00:00.000000,2.249939919
PC,2026-03-09T18:00:00.000000,2.259072065
PC,2026-03-09T19:00:00.000000,2.268236876
PC,2026-03-09T20:00:00.000000,2.276848316
PC,2026-03-09T21:00:00.000000,2.282582045
PC,2026-03-09T22:00:00.000000,2.284672499
PC,2026-03-09T23:00:00.000000,2.28483057
PC,2026-03-10T00:00:00.000000,2.284595966
PC,2026-03-10T01:00:00.000000,2.2846241
PC,2026-03-10T02:00:00.000000,2.284828186
PC,2026-03-10T03:00:00.000000,2.285802603
PC,2026-03-10T04:00:00.000000,2.289352655
PC,2026-03-10T05:00:00.000000,2.295550108
PC,2026-03-10T06:00:00.000000,2.299954653
PC,2026-03-10T07:00:00.000000,2.302579641
PC,2026-03-10T08:00:00.000000,2.304601192
PC,2026-03-10T09:00:00.000000,2.306433439
PC,2026-03-10T10:00:00.000000,2.30711484
PC,2026-03-10T11:00:00.000000,2.306644678
PC,2026-03-10T12:00:00.000000,2.306033611
PC,2026-03-10T13:00:00.000000,2.305922508
PC,2026-03-10T14:00:00.000000,2.306152105
PC,2026-03-10T15:00:00.000000,2.307296276
PC,2026-03-10T16:00:00.000000,2.309880733
PC,2026-03-10T17:00:00.000000,2.315041542
PC,2026-03-10T18:00:00.000000,2.320858479
PC,2026-03-10T19:00:00.000000,2.325581312
PC,2026-03-10T20:00:00.000000,2.329763412
PC,2026-03-10T21:00:00.000000,2.33267355
PC,2026-03-10T22:00:00.000000,2.334565401
PC,2026-03-10T23:00:00.000000,2.335412741
PC,2026-03-11T00:00:00.000000,2.335335255
PC,2026-03-11T01:00:00.000000,2.335075378
PC,2026-03-11T02:00:00.000000,2.334700823
PC,2026-03-11T03:00:00.000000,2.334343433
PC,2026-03-11T04:00:00.000000,2.334429502
PC,2026-03-11T05:00:00.000000,2.33604908
PC,2026-03-11T06:00:00.000000,2.338998079
PC,2026-03-11T07:00:00.000000,2.342633486
PC,2026-03-11T08:00:00.000000,2.345750093
PC,2026-03-11T09:00:00.000000,2.348251104
PC,2026-03-11T10:00:00.000000,2.35048151
PC,2026-03-11T11:00:00.000000,2.351289034
PC,2026-03-11T12:00:00.000000,2.351351261
PC,2026-03-11T13:00:00.000000,2.351359367
PC,2026-03-11T14:00:00.000000,2.351832151
PC,2026-03-11T15:00:00.000000,2.35318017
PC,2026-03-11T16:00:00.000000,2.355453491
PC,2026-03-11T17:00:00.000000,2.359618664
PC,2026-03-11T18:00:00.000000,2.3644526
PC,2026-03-11T19:00:00.000000,2.368200541
PC,2026-03-11T20:00:00.000000,2.371366739
PC,2026-03-11T21:00:00.000000,2.37369585
PC,2026-03-11T22:00:00.000000,2.375391245
PC,2026-03-11T23:00:00.000000,2.376046419
PC,2026-03-12T00:00:00.000000,2.375957489
PV,2026-03-04T00:00:00.000000,2.497612238
PV,2026-03-04T01:00:00.000000,2.530782938
PV,2026-03-04T02:00:00.000000,2.542710066
PV,2026-03-04T03:00:00.000000,2.5478971
PV,2026-03-04T04:00:00.000000,2.531870365
PV,2026-03-04T05:00:00.000000,2.492209911
PV,2026-03-04T06:00:00.000000,2.445591688
PV,2026-03-04T07:00:00.000000,2.384521961
PV,2026-03-04T08:00:00.000000,2.36537528
PV,2026-03-04T09:00:00.000000,2.372071743
PV,2026-03-04T10:00:00.000000,2.387420893
PV,2026-03-04T11:00:00.000000,2.454541683
PV,2026-03-04T12:00:00.000000,2.479922056
PV,2026-03-04T13:00:00.000000,2.503963232
PV,2026-03-04T14:00:00.000000,2.520293474
PV,2026-03-04T15:00:00.000000,2.539755821
PV,2026-03-04T16:00:00.000000,2.541184187
PV,2026-03-04T17:00:00.000000,2.525656223
PV,2026-03-04T18:00:00.000000,2.496603489
PV,2026-03-04T19:00:00.000000,2.486328602
PV,2026-03-04T20:00:00.000000,2.473428488
PV,2026-03-04T21:00:00.000000,2.461559772
PV,2026-03-04T22:00:00.000000,2.452378511
PV,2026-03-04T23:00:00.000000,2.541408062
PV,2026-03-05T00:00:00.000000,2.600597858
PV,2026-03-05T01:00:00.000000,2.591071606
PV,2026-03-05T02:00:00.000000,2.559102535
PV,2026-03-05T03:00:00.000000,2.551258087
PV,2026-03-05T04:00:00.000000,2.568535089
PV,2026-03-05T05:00:00.000000,2.568535089
PV,2026-03-05T06:00:00.000000,2.568535089
PV,2026-03-05T07:00:00.000000,2.515239477
PV,2026-03-05T08:00:00.000000,2.489243746
PV,2026-03-05T09:00:00.000000,2.463126659
PV,2026-03-05T10:00:00.000000,2.439779997
PV,2026-03-05T11:00:00.000000,2.476262331
PV,2026-03-05T12:00:00.000000,2.507563114
PV,2026-03-05T13:00:00.000000,2.52229929
PV,2026-03-05T14:00:00.000000,2.530576944
PV,2026-03-05T15:00:00.000000,2.533147097
PV,2026-03-05T16:00:00.000000,2.552988529
PV,2026-03-05T17:00:00.000000,2.551301718
PV,2026-03-05T18:00:00.000000,2.515015841
PV,2026-03-05T19:00:00.000000,2.453624964
PV,2026-03-05T20:00:00.000000,2.420311451
PV,2026-03-05T21:00:00.000000,2.402431011
PV,2026-03-05T22:00:00.000000,2.404413223
PV,2026-03-05T23:00:00.000000,2.419324875
PV,2026-03-06T00:00:00.000000,2.463608027
PV,2026-03-06T01:00:00.000000,2.452908993
PV,2026-03-06T02:00:00.000000,2.437243938
PV,2026-03-06T03:00:00.000000,2.420078278
PV,2026-03-06T04:00:00.000000,2.42195487
PV,2026-03-06T05:00:00.000000,2.4217875
PV,2026-03-06T06:00:00.000000,2.392054796
PV,2026-03-06T07:00:00.000000,2.318857908
PV,2026-03-06T08:00:00.000000,2.248015642
PV,2026-03-06T09:00:00.000000,2.221464872
PV,2026-03-06T10:00:00.000000,2.218536377
PV,2026-03-06T11:00:00.000000,2.227918148
PV,2026-03-06T12:00:00.000000,2.1997962
PV,2026-03-06T13:00:00.000000,2.271414518
PV,2026-03-06T14:00:00.000000,2.287544966
PV,2026-03-06T15:00:00.000000,2.278233051
PV,2026-03-06T16:00:00.000000,2.286211729
PV,2026-03-06T17:00:00.000000,2.307791471
PV,2026-03-06T18:00:00.000000,2.307289124
PV,2026-03-06T19:00:00.000000,2.275881767
PV,2026-03-06T20:00:00.000000,2.225662231
PV,2026-03-06T21:00:00.000000,2.189960957
PV,2026-03-06T22:00:00.000000,2.184014082
PV,2026-03-06T23:00:00.000000,2.189716339
PV,2026-03-07T00:00:00.000000,2.193323135
PV,2026-03-07T01:00:00.000000,2.217924833
PV,2026-03-07T02:00:00.000000,2.243261337
PV,2026-03-07T03:00:00.000000,2.223734379
PV,2026-03-07T04:00:00.000000,2.247007847
PV,2026-03-07T05:00:00.000000,2.260476112
PV,2026-03-07T06:00:00.000000,2.260917664
PV,2026-03-07T07:00:00.000000,2.251688004
PV,2026-03-07T08:00:00.000000,2.209168196
PV,2026-03-07T09:00:00.000000,2.176177502
PV,2026-03-07T10:00:00.000000,2.164825439
PV,2026-03-07T11:00:00.000000,2.158969164
PV,2026-03-07T12:00:00.000000,2.17273283
PV,2026-03-07T13:00:00.000000,2.219145536
PV,2026-03-07T14:00:00.000000,2.231498718
PV,2026-03-07T15:00:00.000000,2.226483345
PV,2026-03-07T16:00:00.000000,2.236076593
PV,2026-03-07T17:00:00.000000,2.24583149
PV,2026-03-07T18:00:00.000000,2.250377417
PV,2026-03-07T19:00:00.000000,2.267510653
PV,2026-03-07T20:00:00.000000,2.257422209
PV,2026-03-07T21:00:00.000000,2.253689766
PV,2026-03-07T22:00:00.000000,2.249729633
PV,2026-03-07T23:00:00.000000,2.243613958
PV,2026-03-08T00:00:00.000000,2.240079165
PV,2026-03-08T01:00:00.000000,2.244454861
PV,2026-03-08T02:00:00.000000,2.249884129
PV,2026-03-08T03:00:00.000000,2.251963377
PV,2026-03-08T04:00:00.000000,2.258022785
PV,2026-03-08T05:00:00.000000,2.262318611
PV,2026-03-08T06:00:00.000000,2.262571335
PV,2026-03-08T07:00:00.000000,2.275832653
PV,2026-03-08T08:00:00.000000,2.26872611
PV,2026-03-08T09:00:00.000000,2.257719994
PV,2026-03-08T10:00:00.000000,2.261357546
PV,2026-03-08T11:00:00.000000,2.261994839
PV,2026-03-08T12:00:00.000000,2.255304813
PV,2026-03-08T13:00:00.000000,2.25566721
PV,2026-03-08T14:00:00.000000,2.253189325
PV,2026-03-08T15:00:00.000000,2.263373613
PV,2026-03-08T16:00:00.000000,2.273950815
PV,2026-03-08T17:00:00.000000,2.284008741
PV,2026-03-08T18:00:00.000000,2.299200773
PV,2026-03-08T19:00:00.000000,2.310387373
PV,2026-03-08T20:00:00.000000,2.30676198
PV,2026-03-08T21:00:00.000000,2.320921898
PV,2026-03-08T22:00:00.000000,2.306119442
PV,2026-03-08T23:00:00.000000,2.292698383
PV,2026-03-09T00:00:00.000000,2.284511566
PV,2026-03-09T01:00:00.000000,2.281107426
PV,2026-03-09T02:00:00.000000,2.273481131
PV,2026-03-09T03:00:00.000000,2.279589415
PV,2026-03-09T04:00:00.000000,2.295874596
PV,2026-03-09T05:00:00.000000,2.309395313
PV,2026-03-09T06:00:00.000000,2.320368528
PV,2026-03-09T07:00:00.000000,2.320154428
PV,2026-03-09T08:00:00.000000,2.30892849
PV,2026-03-09T09:00:00.000000,2.289279222
PV,2026-03-09T10:00:00.000000,2.268174648
PV,2026-03-09T11:00:00.000000,2.256338835
PV,2026-03-09T12:00:00.000000,2.25453043
PV,2026-03-09T13:00:00.000000,2.254775524
PV,2026-03-09T14:00:00.000000,2.26036191
PV,2026-03-09T15:00:00.000000,2.287583351
PV,2026-03-09T16:00:00.000000,2.322677374
PV,2026-03-09T17:00:00.000000,2.354870081
PV,2026-03-09T18:00:00.000000,2.368466377
PV,2026-03-09T19:00:00.000000,2.373545647
PV,2026-03-09T20:00:00.000000,2.421751261
PV,2026-03-09T21:00:00.000000,2.484887838
PV,2026-03-09T22:00:00.000000,2.5416646
PV,2026-03-09T23:00:00.000000,2.557123184
PV,2026-03-10T00:00:00.000000,2.524256468
PV,2026-03-10T01:00:00.000000,2.490221262
PV,2026-03-10T02:00:00.000000,2.462884426
PV,2026-03-10T03:00:00.000000,2.407584906
PV,2026-03-10T04:00:00.000000,2.392529011
PV,2026-03-10T05:00:00.000000,2.395681381
PV,2026-03-10T06:00:00.000000,2.401175499
PV,2026-03-10T07:00:00.000000,2.406704903
PV,2026-03-10T08:00:00.000000,2.420247793
PV,2026-03-10T09:00:00.000000,2.433668852
PV,2026-03-10T10:00:00.000000,2.42129159
PV,2026-03-10T11:00:00.000000,2.38036108
PV,2026-03-10T12:00:00.000000,2.358356714
PV,2026-03-10T13:00:00.000000,2.347452402
PV,2026-03-10T14:00:00.000000,2.354385853
PV,2026-03-10T15:00:00.000000,2.366046906
PV,2026-03-10T16:00:00.000000,2.382960081
PV,2026-03-10T17:00:00.000000,2.400964499
PV,2026-03-10T18:00:00.000000,2.438733101
PV,2026-03-10T19:00:00.000000,2.463407278
PV,2026-03-10T20:00:00.000000,2.466176748
PV,2026-03-10T21:00:00.000000,2.45843482
PV,2026-03-10T22:00:00.000000,2.452359676
PV,2026-03-10T23:00:00.000000,2.448039293
PV,2026-03-11T00:00:00.000000,2.464826107
PV,2026-03-11T01:00:00.000000,2.467242718
PV,2026-03-11T02:00:00.000000,2.468348265
PV,2026-03-11T03:00:00.000000,2.462173939
PV,2026-03-11T04:00:00.000000,2.462050915
PV,2026-03-11T05:00:00.000000,2.465466261
PV,2026-03-11T06:00:00.000000,2.48440361
PV,2026-03-11T07:00:00.000000,2.504202843
PV,2026-03-11T08:00:00.000000,2.51753521
PV,2026-03-11T09:00:00.000000,2.519009829
PV,2026-03-11T10:00:00.000000,2.513638973
PV,2026-03-11T11:00:00.000000,2.513443232
PV,2026-03-11T12:00:00.000000,2.512295485
PV,2026-03-11T13:00:00.000000,2.496407986
PV,2026-03-11T14:00:00.000000,2.484026432
PV,2026-03-11T15:00:00.000000,2.48198247
PV,2026-03-11T16:00:00.000000,2.479071617
PV,2026-03-11T17:00:00.000000,2.497047663
PV,2026-03-11T18:00:00.000000,2.544384718
PV,2026-03-11T19:00:00.000000,2.582063913
PV,2026-03-11T20:00:00.000000,2.595198154
PV,2026-03-11T21:00:00.000000,2.604401112
PV,2026-03-11T22:00:00.000000,2.603975773
PV,2026-03-11T23:00:00.000000,2.612045288
PV,2026-03-12T00:00:00.000000,2.65824461
SH,2026-03-04T00:00:00.000000,1.912613511
SH,2026-03-04T01:00:00.000000,2.018615484
SH,2026-03-04T02:00:00.000000,2.063448429
SH,2026-03-04T03:00:00.000000,2.065778971
SH,2026-03-04T04:00:00.000000,2.066799402
SH,2026-03-04T05:00:00.000000,2.066764355
SH,2026-03-04T06:00:00.000000,2.06517005
SH,2026-03-04T07:00:00.000000,2.053057909
SH,2026-03-04T08:00:00.000000,2.016489267
SH,2026-03-04T09:00:00.000000,1.97138679
SH,2026-03-04T10:00:00.000000,1.862236857
SH,2026-03-04T11:00:00.000000,1.82705462
SH,2026-03-04T12:00:00.000000,1.857479811
SH,2026-03-04T13:00:00.000000,2.023551941
SH,2026-03-04T14:00:00.000000,2.071927309
SH,2026-03-04T15:00:00.000000,2.080185652
SH,2026-03-04T16:00:00.000000,2.086837769
SH,2026-03-04T17:00:00.000000,2.093337774
SH,2026-03-04T18:00:00.000000,2.108706474
SH,2026-03-04T19:00:00.000000,2.138398409
SH,2026-03-04T20:00:00.000000,2.112269402
SH,2026-03-04T21:00:00.000000,2.064172029
SH,2026-03-04T22:00:00.000000,2.000047922
SH,2026-03-04T23:00:00.000000,1.952522397
SH,2026-03-05T00:00:00.000000,1.958421826
SH,2026-03-05T01:00:00.000000,2.049843788
SH,2026-03-05T02:00:00.000000,2.123274088
SH,2026-03-05T03:00:00.000000,2.125312567
SH,2026-03-05T04:00:00.000000,2.119234562
SH,2026-03-05T05:00:00.000000,2.116647005
SH,2026-03-05T06:00:00.000000,2.118936062
SH,2026-03-05T07:00:00.000000,2.130381584
SH,2026-03-05T08:00:00.000000,2.127958059
SH,2026-03-05T09:00:00.000000,2.09380579
SH,2026-03-05T10:00:00.000000,2.059050083
SH,2026-03-05T11:00:00.000000,1.995605111
SH,2026-03-05T12:00:00.000000,1.988228202
SH,2026-03-05T13:00:00.000000,2.045186758
SH,2026-03-05T14:00:00.000000,2.117613792
SH,2026-03-05T15:00:00.000000,2.125320911
SH,2026-03-05T16:00:00.000000,2.126233101
SH,2026-03-05T17:00:00.000000,2.126322031
SH,2026-03-05T18:00:00.000000,2.130541563
SH,2026-03-05T19:00:00.000000,2.146060467
SH,2026-03-05T20:00:00.000000,2.156095743
SH,2026-03-05T21:00:00.000000,2.131541014
SH,2026-03-05T22:00:00.000000,2.099011421
SH,2026-03-05T23:00:00.000000,2.022428751
SH,2026-03-06T00:00:00.000000,1.950902939
SH,2026-03-06T01:00:00.000000,1.984037995
SH,2026-03-06T02:00:00.000000,2.123702288
SH,2026-03-06T03:00:00.000000,2.17030859
SH,2026-03-06T04:00:00.000000,2.176424265
SH,2026-03-06T05:00:00.000000,2.178365231
SH,2026-03-06T06:00:00.000000,2.18082428
SH,2026-03-06T07:00:00.000000,2.186690807
SH,2026-03-06T08:00:00.000000,2.190899849
SH,2026-03-06T09:00:00.000000,2.171947479
SH,2026-03-06T10:00:00.000000,2.13536787
SH,2026-03-06T11:00:00.000000,2.105900049
SH,2026-03-06T12:00:00.000000,2.063075304
SH,2026-03-06T13:00:00.000000,2.058835268
SH,2026-03-06T14:00:00.000000,2.16176939
SH,2026-03-06T15:00:00.000000,2.229831457
SH,2026-03-06T16:00:00.000000,2.239881516
SH,2026-03-06T17:00:00.000000,2.243288517
SH,2026-03-06T18:00:00.000000,2.246999502
SH,2026-03-06T19:00:00.000000,2.254004002
SH,2026-03-06T20:00:00.000000,2.26554203
SH,2026-03-06T21:00:00.000000,2.255907774
SH,2026-03-06T22:00:00.000000,2.214449167
SH,2026-03-06T23:00:00.000000,2.177252054
SH,2026-03-07T00:00:00.000000,2.13604784
SH,2026-03-07T01:00:00.000000,2.102145672
SH,2026-03-07T02:00:00.000000,2.139060974
SH,2026-03-07T03:00:00.000000,2.245990515
SH,2026-03-07T04:00:00.000000,2.257354736
SH,2026-03-07T05:00:00.000000,2.251650333
SH,2026-03-07T06:00:00.000000,2.247846365
SH,2026-03-07T07:00:00.000000,2.249387503
SH,2026-03-07T08:00:00.000000,2.265118599
SH,2026-03-07T09:00:00.000000,2.27009058
SH,2026-03-07T10:00:00.000000,2.242436171
SH,2026-03-07T11:00:00.000000,2.207506895
SH,2026-03-07T12:00:00.000000,2.155550718
SH,2026-03-07T13:00:00.000000,2.116516829
SH,2026-03-07T14:00:00.000000,2.135564566
SH,2026-03-07T15:00:00.000000,2.226224661
SH,2026-03-07T16:00:00.000000,2.252423048
SH,2026-03-07T17:00:00.000000,2.252228975
SH,2026-03-07T18:00:00.000000,2.246750355
SH,2026-03-07T19:00:00.000000,2.247669697
SH,2026-03-07T20:00:00.000000,2.273556232
SH,2026-03-07T21:00:00.000000,2.316659689
SH,2026-03-07T22:00:00.000000,2.30795598
SH,2026-03-07T23:00:00.000000,2.277494192
SH,2026-03-08T00:00:00.000000,2.2535007
SH,2026-03-08T01:00:00.000000,2.223531246
SH,2026-03-08T02:00:00.000000,2.225692749
SH,2026-03-08T03:00:00.000000,2.240097523
SH,2026-03-08T04:00:00.000000,2.231560469
SH,2026-03-08T05:00:00.000000,2.218676805
SH,2026-03-08T06:00:00.000000,2.212970734
SH,2026-03-08T07:00:00.000000,2.212347984
SH,2026-03-08T08:00:00.000000,2.221426487
SH,2026-03-08T09:00:00.000000,2.253690004
SH,2026-03-08T10:00:00.000000,2.258366108
SH,2026-03-08T11:00:00.000000,2.249439001
SH,2026-03-08T12:00:00.000000,2.240257025
SH,2026-03-08T13:00:00.000000,2.203900099
SH,2026-03-08T14:00:00.000000,2.188417196
SH,2026-03-08T15:00:00.000000,2.200855255
SH,2026-03-08T16:00:00.000000,2.220183611
SH,2026-03-08T17:00:00.000000,2.216461182
SH,2026-03-08T18:00:00.000000,2.210872412
SH,2026-03-08T19:00:00.000000,2.205349684
SH,2026-03-08T20:00:00.000000,2.207762957
SH,2026-03-08T21:00:00.000000,2.23876214
SH,2026-03-08T22:00:00.000000,2.282699823
SH,2026-03-08T23:00:00.000000,2.280055285
SH,2026-03-09T00:00:00.000000,2.27677536
SH,2026-03-09T01:00:00.000000,2.269897699
SH,2026-03-09T02:00:00.000000,2.260668755
SH,2026-03-09T03:00:00.000000,2.255534887
SH,2026-03-09T04:00:00.000000,2.253897905
SH,2026-03-09T05:00:00.000000,2.253950357
SH,2026-03-09T06:00:00.000000,2.252960205
SH,2026-03-09T07:00:00.000000,2.249635696
SH,2026-03-09T08:00:00.000000,2.250781298
SH,2026-03-09T09:00:00.000000,2.271386623
SH,2026-03-09T10:00:00.000000,2.305517197
SH,2026-03-09T11:00:00.000000,2.297524452
SH,2026-03-09T12:00:00.000000,2.284699917
SH,2026-03-09T13:00:00.000000,2.274799347
SH,2026-03-09T14:00:00.000000,2.265851736
SH,2026-03-09T15:00:00.000000,2.26794672
SH,2026-03-09T16:00:00.000000,2.289729595
SH,2026-03-09T17:00:00.000000,2.321675539
SH,2026-03-09T18:00:00.000000,2.338184834
SH,2026-03-09T19:00:00.000000,2.332678556
SH,2026-03-09T20:00:00.000000,2.328162909
SH,2026-03-09T21:00:00.000000,2.348095894
SH,2026-03-09T22:00:00.000000,2.447698832
SH,2026-03-09T23:00:00.000000,2.483072996
SH,2026-03-10T00:00:00.000000,2.456664324
SH,2026-03-10T01:00:00.000000,2.434544802
SH,2026-03-10T02:00:00.000000,2.426314592
SH,2026-03-10T03:00:00.000000,2.415735722
SH,2026-03-10T04:00:00.000000,2.401907682
SH,2026-03-10T05:00:00.000000,2.362836361
SH,2026-03-10T06:00:00.000000,2.329623938
SH,2026-03-10T07:00:00.000000,2.313687086
SH,2026-03-10T08:00:00.000000,2.307641268
SH,2026-03-10T09:00:00.000000,2.308770657
SH,2026-03-10T10:00:00.000000,2.345274448
SH,2026-03-10T11:00:00.000000,2.361441612
SH,2026-03-10T12:00:00.000000,2.362850666
SH,2026-03-10T13:00:00.000000,2.363392115
SH,2026-03-10T14:00:00.000000,2.360681534
SH,2026-03-10T15:00:00.000000,2.359315872
SH,2026-03-10T16:00:00.000000,2.359463215
SH,2026-03-10T17:00:00.000000,2.36162734
SH,2026-03-10T18:00:00.000000,2.347010612
SH,2026-03-10T19:00:00.000000,2.334442139
SH,2026-03-10T20:00:00.000000,2.323764563
SH,2026-03-10T21:00:00.000000,2.320578814
SH,2026-03-10T22:00:00.000000,2.34077692
SH,2026-03-10T23:00:00.000000,2.397568941
SH,2026-03-11T00:00:00.000000,2.418241739
SH,2026-03-11T01:00:00.000000,2.412800074
SH,2026-03-11T02:00:00.000000,2.409553528
SH,2026-03-11T03:00:00.000000,2.388823271
SH,2026-03-11T04:00:00.000000,2.368293762
SH,2026-03-11T05:00:00.000000,2.372843742
SH,2026-03-11T06:00:00.000000,2.388340235
SH,2026-03-11T07:00:00.000000,2.394121885
SH,2026-03-11T08:00:00.000000,2.388598442
SH,2026-03-11T09:00:00.000000,2.386186123
SH,2026-03-11T10:00:00.000000,2.393104315
SH,2026-03-11T11:00:00.000000,2.429184675
SH,2026-03-11T12:00:00.000000,2.450348139
SH,2026-03-11T13:00:00.000000,2.43715024
SH,2026-03-11T14:00:00.000000,2.422970057
SH,2026-03-11T15:00:00.000000,2.416506767
SH,2026-03-11T16:00:00.000000,2.412787199
SH,2026-03-11T17:00:00.000000,2.412576675
SH,2026-03-11T18:00:00.000000,2.422494888
SH,2026-03-11T19:00:00.000000,2.433235884
SH,2026-03-11T20:00:00.000000,2.441822052
SH,2026-03-11T21:00:00.000000,2.445486307
SH,2026-03-11T22:00:00.000000,2.448807955
SH,2026-03-11T23:00:00.000000,2.463847876
SH,2026-03-12T00:00:00.000000,2.471462488
WB,2026-03-04T00:00:00.000000,2.529835224
WB,2026-03-04T01:00:00.000000,2.525568724
WB,2026-03-04T02:00:00.000000,2.521453619
WB,2026-03-04T03:00:00.000000,2.518902063
WB,2026-03-04T04:00:00.000000,2.515349388
WB,2026-03-04T05:00:00.000000,2.508910179
WB,2026-03-04T06:00:00.000000,2.504881144
WB,2026-03-04T07:00:00.000000,2.504930973
WB,2026-03-04T08:00:00.000000,2.506612301
WB,2026-03-04T09:00:00.000000,2.508005381
WB,2026-03-04T10:00:00.000000,2.511513233
WB,2026-03-04T11:00:00.000000,2.51432848
WB,2026-03-04T12:00:00.000000,2.518374205
WB,2026-03-04T13:00:00.000000,2.522422791
WB,2026-03-04T14:00:00.000000,2.535495758
WB,2026-03-04T15:00:00.000000,2.55031538
WB,2026-03-04T16:00:00.000000,2.563404799
WB,2026-03-04T17:00:00.000000,2.576332569
WB,2026-03-04T18:00:00.000000,2.587303162
WB,2026-03-04T19:00:00.000000,2.60017848
WB,2026-03-04T20:00:00.000000,2.612150908
WB,2026-03-04T21:00:00.000000,2.616708994
WB,2026-03-04T22:00:00.000000,2.622241497
WB,2026-03-04T23:00:00.000000,2.620733023
WB,2026-03-05T00:00:00.000000,2.615958214
WB,2026-03-05T01:00:00.000000,2.609853983
WB,2026-03-05T02:00:00.000000,2.615245581
WB,2026-03-05T03:00:00.000000,2.62285471
WB,2026-03-05T04:00:00.000000,2.628865957
WB,2026-03-05T05:00:00.000000,2.632676601
WB,2026-03-05T06:00:00.000000,2.635303974
WB,2026-03-05T07:00:00.000000,2.631325006
WB,2026-03-05T08:00:00.000000,2.60689497
WB,2026-03-05T09:00:00.000000,2.603659391
WB,2026-03-05T10:00:00.000000,2.606564283
WB,2026-03-05T11:00:00.000000,2.610127687
WB,2026-03-05T12:00:00.000000,2.614729404
WB,2026-03-05T13:00:00.000000,2.621332407
WB,2026-03-05T14:00:00.000000,2.617366791
WB,2026-03-05T15:00:00.000000,2.619329214
WB,2026-03-05T16:00:00.000000,2.626265526
WB,2026-03-05T17:00:00.000000,2.632755995
WB,2026-03-05T18:00:00.000000,2.637405872
WB,2026-03-05T19:00:00.000000,2.606312275
WB,2026-03-05T20:00:00.000000,2.567919016
WB,2026-03-05T21:00:00.000000,2.555191278
WB,2026-03-05T22:00:00.000000,2.558687449
WB,2026-03-05T23:00:00.000000,2.562021971
WB,2026-03-06T00:00:00.000000,2.557854652
WB,2026-03-06T01:00:00.000000,2.551941156
WB,2026-03-06T02:00:00.000000,2.573932171
WB,2026-03-06T03:00:00.000000,2.596602678
WB,2026-03-06T04:00:00.000000,2.608552456
WB,2026-03-06T05:00:00.000000,2.612713814
WB,2026-03-06T06:00:00.000000,2.608827829
WB,2026-03-06T07:00:00.000000,2.596000433
WB,2026-03-06T08:00:00.000000,2.580915451
WB,2026-03-06T09:00:00.000000,2.570923805
WB,2026-03-06T10:00:00.000000,2.562763453
WB,2026-03-06T11:00:00.000000,2.557877064
WB,2026-03-06T12:00:00.000000,2.557055235
WB,2026-03-06T13:00:00.000000,2.566310167
WB,2026-03-06T14:00:00.000000,2.587862253
WB,2026-03-06T15:00:00.000000,2.599320412
WB,2026-03-06T16:00:00.000000,2.603625774
WB,2026-03-06T17:00:00.000000,2.605173349
WB,2026-03-06T18:00:00.000000,2.605309963
WB,2026-03-06T19:00:00.000000,2.604171991
WB,2026-03-06T20:00:00.000000,2.601772785
WB,2026-03-06T21:00:00.000000,2.598962784
WB,2026-03-06T22:00:00.000000,2.595199108
WB,2026-03-06T23:00:00.000000,2.590685844
WB,2026-03-07T00:00:00.000000,2.58733964
WB,2026-03-07T01:00:00.000000,2.592829704
WB,2026-03-07T02:00:00.000000,2.612787485
WB,2026-03-07T03:00:00.000000,2.643476486
WB,2026-03-07T04:00:00.000000,2.665514708
WB,2026-03-07T05:00:00.000000,2.680712223
WB,2026-03-07T06:00:00.000000,2.690135717
WB,2026-03-07T07:00:00.000000,2.699942827
WB,2026-03-07T08:00:00.000000,2.705657244
WB,2026-03-07T09:00:00.000000,2.708656549
WB,2026-03-07T10:00:00.000000,2.710763693
WB,2026-03-07T11:00:00.000000,2.707174301
WB,2026-03-07T12:00:00.000000,2.701159477
WB,2026-03-07T13:00:00.000000,2.698899031
WB,2026-03-07T14:00:00.000000,2.706807375
WB,2026-03-07T15:00:00.000000,2.71972537
WB,2026-03-07T16:00:00.000000,2.730471611
WB,2026-03-07T17:00:00.000000,2.740345478
WB,2026-03-07T18:00:00.000000,2.749047041
WB,2026-03-07T19:00:00.000000,2.754650354
WB,2026-03-07T20:00:00.000000,2.764246464
WB,2026-03-07T21:00:00.000000,2.789524794
WB,2026-03-07T22:00:00.000000,2.794023514
WB,2026-03-07T23:00:00.000000,2.793767452
WB,2026-03-08T00:00:00.000000,2.786750078
WB,2026-03-08T01:00:00.000000,2.775492191
WB,2026-03-08T02:00:00.000000,2.774129152
WB,2026-03-08T03:00:00.000000,2.784398794
WB,2026-03-08T04:00:00.000000,2.789849758
WB,2026-03-08T05:00:00.000000,2.785274982
WB,2026-03-08T06:00:00.000000,2.776219368
WB,2026-03-08T07:00:00.000000,2.769478559
WB,2026-03-08T08:00:00.000000,2.76574707
WB,2026-03-08T09:00:00.000000,2.766261339
WB,2026-03-08T10:00:00.000000,2.775037289
WB,2026-03-08T11:00:00.000000,2.762895584
WB,2026-03-08T12:00:00.000000,2.739221334
WB,2026-03-08T13:00:00.000000,2.718703747
WB,2026-03-08T14:00:00.000000,2.716692686
WB,2026-03-08T15:00:00.000000,2.732964754
WB,2026-03-08T16:00:00.000000,2.743817568
WB,2026-03-08T17:00:00.000000,2.738236904
WB,2026-03-08T18:00:00.000000,2.728830099
WB,2026-03-08T19:00:00.000000,2.719558239
WB,2026-03-08T20:00:00.000000,2.713079691
WB,2026-03-08T21:00:00.000000,2.712138176
WB,2026-03-08T22:00:00.000000,2.712961435
WB,2026-03-08T23:00:00.000000,2.691336632
WB,2026-03-09T00:00:00.000000,2.668689966
WB,2026-03-09T01:00:00.000000,2.651923895
WB,2026-03-09T02:00:00.000000,2.647697926
WB,2026-03-09T03:00:00.000000,2.654809237
WB,2026-03-09T04:00:00.000000,2.662350178
WB,2026-03-09T05:00:00.000000,2.660024405
WB,2026-03-09T06:00:00.000000,2.65308094
WB,2026-03-09T07:00:00.000000,2.645668983
WB,2026-03-09T08:00:00.000000,2.638569117
WB,2026-03-09T09:00:00.000000,2.63117075
WB,2026-03-09T10:00:00.000000,2.615695477
WB,2026-03-09T11:00:00.000000,2.589166164
WB,2026-03-09T12:00:00.000000,2.566535473
WB,2026-03-09T13:00:00.000000,2.552205801
WB,2026-03-09T14:00:00.000000,2.547841549
WB,2026-03-09T15:00:00.000000,2.55471921
WB,2026-03-09T16:00:00.000000,2.573687315
WB,2026-03-09T17:00:00.000000,2.589634418
WB,2026-03-09T18:00:00.000000,2.598987579
WB,2026-03-09T19:00:00.000000,2.604401112
WB,2026-03-09T20:00:00.000000,2.607495308
WB,2026-03-09T21:00:00.000000,2.610096693
WB,2026-03-09T22:00:00.000000,2.671804905
WB,2026-03-09T23:00:00.000000,2.704816103
WB,2026-03-10T00:00:00.000000,2.706235409
WB,2026-03-10T01:00:00.000000,2.687949896
WB,2026-03-10T02:00:00.000000,2.659887075
WB,2026-03-10T03:00:00.000000,2.634082556
WB,2026-03-10T04:00:00.000000,2.619623423
WB,2026-03-10T05:00:00.000000,2.62237072
WB,2026-03-10T06:00:00.000000,2.623592615
WB,2026-03-10T07:00:00.000000,2.621672153
WB,2026-03-10T08:00:00.000000,2.61713624
WB,2026-03-10T09:00:00.000000,2.609825611
WB,2026-03-10T10:00:00.000000,2.599281073
WB,2026-03-10T11:00:00.000000,2.584240437
WB,2026-03-10T12:00:00.000000,2.560708523
WB,2026-03-10T13:00:00.000000,2.536607265
WB,2026-03-10T14:00:00.000000,2.523188114
WB,2026-03-10T15:00:00.000000,2.520448923
WB,2026-03-10T16:00:00.000000,2.529462337
WB,2026-03-10T17:00:00.000000,2.543927431
WB,2026-03-10T18:00:00.000000,2.553107738
WB,2026-03-10T19:00:00.000000,2.557216406
WB,2026-03-10T20:00:00.000000,2.559919119
WB,2026-03-10T21:00:00.000000,2.563156128
WB,2026-03-10T22:00:00.000000,2.571954966
WB,2026-03-10T23:00:00.000000,2.595323801
WB,2026-03-11T00:00:00.000000,2.640396595
WB,2026-03-11T01:00:00.000000,2.645656347
WB,2026-03-11T02:00:00.000000,2.638599634
WB,2026-03-11T03:00:00.000000,2.615321398
WB,2026-03-11T04:00:00.000000,2.600178242
WB,2026-03-11T05:00:00.000000,2.613474846
WB,2026-03-11T06:00:00.000000,2.655776024
WB,2026-03-11T07:00:00.000000,2.696384192
WB,2026-03-11T08:00:00.000000,2.700319529
WB,2026-03-11T09:00:00.000000,2.697570801
WB,2026-03-11T10:00:00.000000,2.699936628
WB,2026-03-11T11:00:00.000000,2.716239691
WB,2026-03-11T12:00:00.000000,2.774115086
WB,2026-03-11T13:00:00.000000,2.806087971
WB,2026-03-11T14:00:00.000000,2.782971621
WB,2026-03-11T15:00:00.000000,2.738173246
WB,2026-03-11T16:00:00.000000,2.695221424
WB,2026-03-11T17:00:00.000000,2.673016548
WB,2026-03-11T18:00:00.000000,2.712598324
WB,2026-03-11T19:00:00.000000,2.74245429
WB,2026-03-11T20:00:00.000000,2.766073465
WB,2026-03-11T21:00:00.000000,2.787060261
WB,2026-03-11T22:00:00.000000,2.780392408
WB,2026-03-11T23:00:00.000000,2.761719465
WB,2026-03-12T00:00:00.000000,2.743939638
CL,2026-03-04T00:00:00.000000,1.913570166
CL,2026-03-04T01:00:00.000000,1.909554601
CL,2026-03-04T02:00:00.000000,1.907932281
CL,2026-03-04T03:00:00.000000,1.903587937
CL,2026-03-04T04:00:00.000000,1.888479948
CL,2026-03-04T05:00:00.000000,1.876637816
CL,2026-03-04T06:00:00.000000,1.87063241
CL,2026-03-04T07:00:00.000000,1.868253469
CL,2026-03-04T08:00:00.000000,1.867294073
CL,2026-03-04T09:00:00.000000,1.869188905
CL,2026-03-04T10:00:00.000000,1.889120102
CL,2026-03-04T11:00:00.000000,1.891845465
CL,2026-03-04T12:00:00.000000,1.891835093
CL,2026-03-04T13:00:00.000000,1.89464891
CL,2026-03-04T14:00:00.000000,1.89839375
CL,2026-03-04T15:00:00.000000,1.900709033
CL,2026-03-04T16:00:00.000000,1.912029743
CL,2026-03-04T17:00:00.000000,1.91587162
CL,2026-03-04T18:00:00.000000,1.902527571
CL,2026-03-04T19:00:00.000000,1.894149184
CL,2026-03-04T20:00:00.000000,1.89426744
CL,2026-03-04T21:00:00.000000,1.901860952
CL,2026-03-04T22:00:00.000000,1.97555232
CL,2026-03-04T23:00:00.000000,1.986494541
CL,2026-03-05T00:00:00.000000,1.991483569
CL,2026-03-05T01:00:00.000000,1.98187685
CL,2026-03-05T02:00:00.000000,1.97400713
CL,2026-03-05T03:00:00.000000,1.985473871
CL,2026-03-05T04:00:00.000000,1.98315239
CL,2026-03-05T05:00:00.000000,1.958374381
CL,2026-03-05T06:00:00.000000,1.910155296
CL,2026-03-05T07:00:00.000000,1.896389723
CL,2026-03-05T08:00:00.000000,1.89260745
CL,2026-03-05T09:00:00.000000,1.891138673
CL,2026-03-05T10:00:00.000000,1.903970718
CL,2026-03-05T11:00:00.000000,2.055020809
CL,2026-03-05T12:00:00.000000,2.078037739
CL,2026-03-05T13:00:00.000000,2.075171232
CL,2026-03-05T14:00:00.000000,2.071051359
CL,2026-03-05T15:00:00.000000,2.067505598
CL,2026-03-05T16:00:00.000000,2.073728561
CL,2026-03-05T17:00:00.000000,2.074909449
CL,2026-03-05T18:00:00.000000,2.046333313
CL,2026-03-05T19:00:00.000000,2.002445698
CL,2026-03-05T20:00:00.000000,2.010529995
CL,2026-03-05T21:00:00.000000,1.996952891
CL,2026-03-05T22:00:00.000000,2.05342412
CL,2026-03-05T23:00:00.000000,2.079797983
CL,2026-03-06T00:00:00.000000,2.078832865
CL,2026-03-06T01:00:00.000000,2.077332735
CL,2026-03-06T02:00:00.000000,2.075258732
CL,2026-03-06T03:00:00.000000,2.07366991
CL,2026-03-06T04:00:00.000000,2.074062109
CL,2026-03-06T05:00:00.000000,2.070969105
CL,2026-03-06T06:00:00.000000,2.051163197
CL,2026-03-06T07:00:00.000000,2.009162426
CL,2026-03-06T08:00:00.000000,1.999530673
CL,2026-03-06T09:00:00.000000,1.977734685
CL,2026-03-06T10:00:00.000000,1.979760528
CL,2026-03-06T11:00:00.000000,2.067806244
CL,2026-03-06T12:00:00.000000,2.071547985
CL,2026-03-06T13:00:00.000000,2.068635464
CL,2026-03-06T14:00:00.000000,2.06748271
CL,2026-03-06T15:00:00.000000,2.068244696
CL,2026-03-06T16:00:00.000000,2.070718765
CL,2026-03-06T17:00:00.000000,2.076712132
CL,2026-03-06T18:00:00.000000,2.076985598
CL,2026-03-06T19:00:00.000000,2.058645725
CL,2026-03-06T20:00:00.000000,2.049571753
CL,2026-03-06T21:00:00.000000,2.050289869
CL,2026-03-06T22:00:00.000000,2.043502569
CL,2026-03-06T23:00:00.000000,2.096767187
CL,2026-03-07T00:00:00.000000,2.099399328
CL,2026-03-07T01:00:00.000000,2.095867395
CL,2026-03-07T02:00:00.000000,2.09270978
CL,2026-03-07T03:00:00.000000,2.091361761
CL,2026-03-07T04:00:00.000000,2.092903614
CL,2026-03-07T05:00:00.000000,2.096191883
CL,2026-03-07T06:00:00.000000,2.096020699
CL,2026-03-07T07:00:00.000000,2.075081825
CL,2026-03-07T08:00:00.000000,2.052446842
CL,2026-03-07T09:00:00.000000,2.029240608
CL,2026-03-07T10:00:00.000000,2.0242908
CL,2026-03-07T11:00:00.000000,2.028042555
CL,2026-03-07T12:00:00.000000,2.082759857
CL,2026-03-07T13:00:00.000000,2.060340881
CL,2026-03-07T14:00:00.000000,2.048672199
CL,2026-03-07T15:00:00.000000,2.049156427
CL,2026-03-07T16:00:00.000000,2.054003477
CL,2026-03-07T17:00:00.000000,2.061845064
CL,2026-03-07T18:00:00.000000,2.080942154
CL,2026-03-07T19:00:00.000000,2.066280365
CL,2026-03-07T20:00:00.000000,2.036792278
CL,2026-03-07T21:00:00.000000,2.035690069
CL,2026-03-07T22:00:00.000000,2.031194448
CL,2026-03-07T23:00:00.000000,2.034943104
CL,2026-03-08T00:00:00.000000,2.05749774
CL,2026-03-08T01:00:00.000000,2.045330524
CL,2026-03-08T02:00:00.000000,2.030076265
CL,2026-03-08T03:00:00.000000,2.019406557
CL,2026-03-08T04:00:00.000000,2.017868757
CL,2026-03-08T05:00:00.000000,2.026217222
CL,2026-03-08T06:00:00.000000,2.043385506
CL,2026-03-08T07:00:00.000000,2.049139023
CL,2026-03-08T08:00:00.000000,2.030828714
CL,2026-03-08T09:00:00.000000,2.015530825
CL,2026-03-08T10:00:00.000000,2.011964321
CL,2026-03-08T11:00:00.000000,1.993847013
CL,2026-03-08T12:00:00.000000,2.048255205
CL,2026-03-08T13:00:00.000000,2.090596437
CL,2026-03-08T14:00:00.000000,2.096428394
CL,2026-03-08T15:00:00.000000,2.098304987
CL,2026-03-08T16:00:00.000000,2.099969387
CL,2026-03-08T17:00:00.000000,2.100473404
CL,2026-03-08T18:00:00.000000,2.104036093
CL,2026-03-08T19:00:00.000000,2.059033394
CL,2026-03-08T20:00:00.000000,1.999718904
CL,2026-03-08T21:00:00.000000,1.976833224
CL,2026-03-08T22:00:00.000000,1.972207308
CL,2026-03-08T23:00:00.000000,1.975152254
CL,2026-03-09T00:00:00.000000,1.998389125
CL,2026-03-09T01:00:00.000000,2.1245749
CL,2026-03-09T02:00:00.000000,2.126063824
CL,2026-03-09T03:00:00.000000,2.126446247
CL,2026-03-09T04:00:00.000000,2.126969814
CL,2026-03-09T05:00:00.000000,2.126304388
CL,2026-03-09T06:00:00.000000,2.127052546
CL,2026-03-09T07:00:00.000000,2.126379967
CL,2026-03-09T08:00:00.000000,2.10307169
CL,2026-03-09T09:00:00.000000,2.050715208
CL,2026-03-09T10:00:00.000000,2.039446592
CL,2026-03-09T11:00:00.000000,2.01659441
CL,2026-03-09T12:00:00.000000,2.010148048
CL,2026-03-09T13:00:00.000000,2.088021517
CL,2026-03-09T14:00:00.000000,2.100240231
CL,2026-03-09T15:00:00.000000,2.097151995
CL,2026-03-09T16:00:00.000000,2.105458021
CL,2026-03-09T17:00:00.000000,2.11286521
CL,2026-03-09T18:00:00.000000,2.120169878
CL,2026-03-09T19:00:00.000000,2.132797003
CL,2026-03-09T20:00:00.000000,2.101151705
CL,2026-03-09T21:00:00.000000,2.058207035
CL,2026-03-09T22:00:00.000000,2.08219409
CL,2026-03-09T23:00:00.000000,2.106470108
CL,2026-03-10T00:00:00.000000,2.114218473
CL,2026-03-10T01:00:00.000000,2.129750729
CL,2026-03-10T02:00:00.000000,2.128751516
CL,2026-03-10T03:00:00.000000,2.11922574
CL,2026-03-10T04:00:00.000000,2.10989356
CL,2026-03-10T05:00:00.000000,2.103957891
CL,2026-03-10T06:00:00.000000,2.102256775
CL,2026-03-10T07:00:00.000000,2.112114906
CL,2026-03-10T08:00:00.000000,2.121027231
CL,2026-03-10T09:00:00.000000,2.12299633
CL,2026-03-10T10:00:00.000000,2.122732878
CL,2026-03-10T11:00:00.000000,2.119605064
CL,2026-03-10T12:00:00.000000,2.112804174
CL,2026-03-10T13:00:00.000000,2.117252827
CL,2026-03-10T14:00:00.000000,2.123284817
CL,2026-03-10T15:00:00.000000,2.12434721
CL,2026-03-10T16:00:00.000000,2.124647856
CL,2026-03-10T17:00:00.000000,2.129255295
CL,2026-03-10T18:00:00.000000,2.135324955
CL,2026-03-10T19:00:00.000000,2.144099236
CL,2026-03-10T20:00:00.000000,2.137069464
CL,2026-03-10T21:00:00.000000,2.089253187
CL,2026-03-10T22:00:00.000000,2.057488203
CL,2026-03-10T23:00:00.000000,2.051413536
CL,2026-03-11T00:00:00.000000,2.071308851
CL,2026-03-11T01:00:00.000000,2.070094347
CL,2026-03-11T02:00:00.000000,1.98333621
CL,2026-03-11T03:00:00.000000,1.952524543
CL,2026-03-11T04:00:00.000000,1.952906966
CL,2026-03-11T05:00:00.000000,1.960876226
CL,2026-03-11T06:00:00.000000,1.970899343
CL,2026-03-11T07:00:00.000000,1.969513416
CL,2026-03-11T08:00:00.000000,1.974789023
CL,2026-03-11T09:00:00.000000,1.973761797
CL,2026-03-11T10:00:00.000000,1.97323215
CL,2026-03-11T11:00:00.000000,1.975254416
CL,2026-03-11T12:00:00.000000,1.986765385
CL,2026-03-11T13:00:00.000000,2.000332117
CL,2026-03-11T14:00:00.000000,1.982875824
CL,2026-03-11T15:00:00.000000,1.926227808
CL,2026-03-11T16:00:00.000000,1.884853363
CL,2026-03-11T17:00:00.000000,1.886980653
CL,2026-03-11T18:00:00.000000,1.903824449
CL,2026-03-11T19:00:00.000000,1.922859073
CL,2026-03-11T20:00:00.000000,1.934058428
CL,2026-03-11T21:00:00.000000,1.998238921
CL,2026-03-11T22:00:00.000000,2.036384106
CL,2026-03-11T23:00:00.000000,2.041926384
CL,2026-03-12T00:00:00.000000,2.024543285
FG,2026-03-04T00:00:00.000000,1.92443037
FG,2026-03-04T01:00:00.000000,1.90415597
FG,2026-03-04T02:00:00.000000,1.950057626
FG,2026-03-04T03:00:00.000000,1.990568995
FG,2026-03-04T04:00:00.000000,2.001676083
FG,2026-03-04T05:00:00.000000,2.000822067
FG,2026-03-04T06:00:00.000000,1.887524962
FG,2026-03-04T07:00:00.000000,1.885606289
FG,2026-03-04T08:00:00.000000,1.889168024
FG,2026-03-04T09:00:00.000000,1.893361449
FG,2026-03-04T10:00:00.000000,1.902466893
FG,2026-03-04T11:00:00.000000,1.884814501
FG,2026-03-04T12:00:00.000000,1.876844645
FG,2026-03-04T13:00:00.000000,1.863416433
FG,2026-03-04T14:00:00.000000,1.890124798
FG,2026-03-04T15:00:00.000000,1.943455696
FG,2026-03-04T16:00:00.000000,2.029031515
FG,2026-03-04T17:00:00.000000,2.046591759
FG,2026-03-04T18:00:00.000000,2.084841013
FG,2026-03-04T19:00:00.000000,1.899606824
FG,2026-03-04T20:00:00.000000,1.925438523
FG,2026-03-04T21:00:00.000000,1.948060036
FG,2026-03-04T22:00:00.000000,1.971108079
FG,2026-03-04T23:00:00.000000,1.955267429
FG,2026-03-05T00:00:00.000000,1.895561457
FG,2026-03-05T01:00:00.000000,1.884481907
FG,2026-03-05T02:00:00.000000,1.930486083
FG,2026-03-05T03:00:00.000000,2.00227046
FG,2026-03-05T04:00:00.000000,2.086239815
FG,2026-03-05T05:00:00.000000,2.037165642
FG,2026-03-05T06:00:00.000000,2.006670713
FG,2026-03-05T07:00:00.000000,1.95225966
FG,2026-03-05T08:00:00.000000,1.947437763
FG,2026-03-05T09:00:00.000000,1.95185864
FG,2026-03-05T10:00:00.000000,1.960137367
FG,2026-03-05T11:00:00.000000,1.861544728
FG,2026-03-05T12:00:00.000000,1.856724739
FG,2026-03-05T13:00:00.000000,1.878060937
FG,2026-03-05T14:00:00.000000,1.9025805
FG,2026-03-05T15:00:00.000000,1.928705573
FG,2026-03-05T16:00:00.000000,1.904614806
FG,2026-03-05T17:00:00.000000,1.885519385
FG,2026-03-05T18:00:00.000000,1.908868909
FG,2026-03-05T19:00:00.000000,1.922037005
FG,2026-03-05T20:00:00.000000,1.884089708
FG,2026-03-05T21:00:00.000000,1.889317036
FG,2026-03-05T22:00:00.000000,1.909116149
FG,2026-03-05T23:00:00.000000,1.895236969
FG,2026-03-06T00:00:00.000000,1.862175345
FG,2026-03-06T01:00:00.000000,1.875852704
FG,2026-03-06T02:00:00.000000,1.888085485
FG,2026-03-06T03:00:00.000000,1.901008725
FG,2026-03-06T04:00:00.000000,1.868960261
FG,2026-03-06T05:00:00.000000,1.833614588
FG,2026-03-06T06:00:00.000000,1.858369231
FG,2026-03-06T07:00:00.000000,1.870173097
FG,2026-03-06T08:00:00.000000,1.865930676
FG,2026-03-06T09:00:00.000000,1.860722303
FG,2026-03-06T10:00:00.000000,1.861162901
FG,2026-03-06T11:00:00.000000,1.861270428
FG,2026-03-06T12:00:00.000000,1.802935362
FG,2026-03-06T13:00:00.000000,1.838681459
FG,2026-03-06T14:00:00.000000,1.852372289
FG,2026-03-06T15:00:00.000000,1.853941441
FG,2026-03-06T16:00:00.000000,1.813063025
FG,2026-03-06T17:00:00.000000,1.774654508
FG,2026-03-06T18:00:00.000000,1.798215747
FG,2026-03-06T19:00:00.000000,1.834718585
FG,2026-03-06T20:00:00.000000,1.833809972
FG,2026-03-06T21:00:00.000000,1.825372934
FG,2026-03-06T22:00:00.000000,1.82463479
FG,2026-03-06T23:00:00.000000,1.826448917
FG,2026-03-07T00:00:00.000000,1.816151381
FG,2026-03-07T01:00:00.000000,1.810713291
FG,2026-03-07T02:00:00.000000,1.832389355
FG,2026-03-07T03:00:00.000000,1.829958081
FG,2026-03-07T04:00:00.000000,1.818234086
FG,2026-03-07T05:00:00.000000,1.795262456
FG,2026-03-07T06:00:00.000000,1.80566299
FG,2026-03-07T07:00:00.000000,1.813743114
FG,2026-03-07T08:00:00.000000,1.822346807
FG,2026-03-07T09:00:00.000000,1.826344728
FG,2026-03-07T10:00:00.000000,1.826912165
FG,2026-03-07T11:00:00.000000,1.827403903
FG,2026-03-07T12:00:00.000000,1.827821851
FG,2026-03-07T13:00:00.000000,1.8122679
FG,2026-03-07T14:00:00.000000,1.819417
FG,2026-03-07T15:00:00.000000,1.823332667
FG,2026-03-07T16:00:00.000000,1.830202699
FG,2026-03-07T17:00:00.000000,1.829774499
FG,2026-03-07T18:00:00.000000,1.829600453
FG,2026-03-07T19:00:00.000000,1.833094954
FG,2026-03-07T20:00:00.000000,1.840004086
FG,2026-03-07T21:00:00.000000,1.805889249
FG,2026-03-07T22:00:00.000000,1.843422532
FG,2026-03-07T23:00:00.000000,1.823619843
FG,2026-03-08T00:00:00.000000,1.838318825
FG,2026-03-08T01:00:00.000000,1.856356263
FG,2026-03-08T02:00:00.000000,1.843651056
FG,2026-03-08T03:00:00.000000,1.819479585
FG,2026-03-08T04:00:00.000000,1.833413601
FG,2026-03-08T05:00:00.000000,1.863516092
FG,2026-03-08T06:00:00.000000,1.888203144
FG,2026-03-08T07:00:00.000000,1.889372468
FG,2026-03-08T08:00:00.000000,1.880762935
FG,2026-03-08T09:00:00.000000,1.836260438
FG,2026-03-08T10:00:00.000000,1.829560757
FG,2026-03-08T11:00:00.000000,1.837008357
FG,2026-03-08T12:00:00.000000,1.846320271
FG,2026-03-08T13:00:00.000000,1.85846138
FG,2026-03-08T14:00:00.000000,1.854993224
FG,2026-03-08T15:00:00.000000,1.834344745
FG,2026-03-08T16:00:00.000000,1.851583362
FG,2026-03-08T17:00:00.000000,1.878988504
FG,2026-03-08T18:00:00.000000,1.902295232
FG,2026-03-08T19:00:00.000000,1.897138596
FG,2026-03-08T20:00:00.000000,1.88517189
FG,2026-03-08T21:00:00.000000,1.842793107
FG,2026-03-08T22:00:00.000000,1.801362276
FG,2026-03-08T23:00:00.000000,1.860484004
FG,2026-03-09T00:00:00.000000,1.8314749
FG,2026-03-09T01:00:00.000000,1.852721691
FG,2026-03-09T02:00:00.000000,1.828472972
FG,2026-03-09T03:00:00.000000,1.798664093
FG,2026-03-09T04:00:00.000000,1.803284764
FG,2026-03-09T05:00:00.000000,1.824459791
FG,2026-03-09T06:00:00.000000,1.86082232
FG,2026-03-09T07:00:00.000000,1.87104845
FG,2026-03-09T08:00:00.000000,1.867891312
FG,2026-03-09T09:00:00.000000,1.864508748
FG,2026-03-09T10:00:00.000000,1.830304027
FG,2026-03-09T11:00:00.000000,1.847314715
FG,2026-03-09T12:00:00.000000,1.829327345
FG,2026-03-09T13:00:00.000000,1.841954589
FG,2026-03-09T14:00:00.000000,1.805271387
FG,2026-03-09T15:00:00.000000,1.774567246
FG,2026-03-09T16:00:00.000000,1.783932447
FG,2026-03-09T17:00:00.000000,1.829597235
FG,2026-03-09T18:00:00.000000,1.881489754
FG,2026-03-09T19:00:00.000000,1.902359843
FG,2026-03-09T20:00:00.000000,1.8862077
FG,2026-03-09T21:00:00.000000,1.869377136
FG,2026-03-09T22:00:00.000000,1.854401588
FG,2026-03-09T23:00:00.000000,1.908706427
FG,2026-03-10T00:00:00.000000,1.83801353
FG,2026-03-10T01:00:00.000000,1.848425746
FG,2026-03-10T02:00:00.000000,1.812891603
FG,2026-03-10T03:00:00.000000,1.763220549
FG,2026-03-10T04:00:00.000000,1.738834143
FG,2026-03-10T05:00:00.000000,1.795942068
FG,2026-03-10T06:00:00.000000,1.833238363
FG,2026-03-10T07:00:00.000000,1.875154614
FG,2026-03-10T08:00:00.000000,1.896530867
FG,2026-03-10T09:00:00.000000,1.895958781
FG,2026-03-10T10:00:00.000000,1.847612739
FG,2026-03-10T11:00:00.000000,1.814741611
FG,2026-03-10T12:00:00.000000,1.815894842
FG,2026-03-10T13:00:00.000000,1.829428315
FG,2026-03-10T14:00:00.000000,1.845471025
FG,2026-03-10T15:00:00.000000,1.771972418
FG,2026-03-10T16:00:00.000000,1.791714311
FG,2026-03-10T17:00:00.000000,1.808384299
FG,2026-03-10T18:00:00.000000,1.85318172
FG,2026-03-10T19:00:00.000000,1.884458303
FG,2026-03-10T20:00:00.000000,1.914626718
FG,2026-03-10T21:00:00.000000,1.927793622
FG,2026-03-10T22:00:00.000000,1.930333495
FG,2026-03-10T23:00:00.000000,1.794598699
FG,2026-03-11T00:00:00.000000,1.8426193
FG,2026-03-11T01:00:00.000000,1.829240918
FG,2026-03-11T02:00:00.000000,1.84864831
FG,2026-03-11T03:00:00.000000,1.803852558
FG,2026-03-11T04:00:00.000000,1.754748583
FG,2026-03-11T05:00:00.000000,1.762836456
FG,2026-03-11T06:00:00.000000,1.790962696
FG,2026-03-11T07:00:00.000000,1.830224872
FG,2026-03-11T08:00:00.000000,1.869377494
FG,2026-03-11T09:00:00.000000,1.88269794
FG,2026-03-11T10:00:00.000000,1.883957386
FG,2026-03-11T11:00:00.000000,1.829977632
FG,2026-03-11T12:00:00.000000,1.827330947
FG,2026-03-11T13:00:00.000000,1.821718454
FG,2026-03-11T14:00:00.000000,1.843547583
FG,2026-03-11T15:00:00.000000,1.770368576
FG,2026-03-11T16:00:00.000000,1.767599344
FG,2026-03-11T17:00:00.000000,1.799598098
FG,2026-03-11T18:00:00.000000,1.828324556
FG,2026-03-11T19:00:00.000000,1.905255675
FG,2026-03-11T20:00:00.000000,1.88530457
FG,2026-03-11T21:00:00.000000,1.915124655
FG,2026-03-11T22:00:00.000000,1.934548497
FG,2026-03-11T23:00:00.000000,1.917922139
FG,2026-03-12T00:00:00.000000,1.819571853
GI,2026-03-04T00:00:00.000000,1.899640799
GI,2026-03-04T01:00:00.000000,1.897334337
GI,2026-03-04T02:00:00.000000,1.894670844
GI,2026-03-04T03:00:00.000000,1.876496196
GI,2026-03-04T04:00:00.000000,1.871531248
GI,2026-03-04T05:00:00.000000,1.863333225
GI,2026-03-04T06:00:00.000000,1.841592789
GI,2026-03-04T07:00:00.000000,1.790695786
GI,2026-03-04T08:00:00.000000,1.787106872
GI,2026-03-04T09:00:00.000000,1.790531397
GI,2026-03-04T10:00:00.000000,1.827469468
GI,2026-03-04T11:00:00.000000,1.872087955
GI,2026-03-04T12:00:00.000000,1.886735916
GI,2026-03-04T13:00:00.000000,1.890418887
GI,2026-03-04T14:00:00.000000,1.893271327
GI,2026-03-04T15:00:00.000000,1.896054626
GI,2026-03-04T16:00:00.000000,1.880363345
GI,2026-03-04T17:00:00.000000,1.871838093
GI,2026-03-04T18:00:00.000000,1.866074562
GI,2026-03-04T19:00:00.000000,1.876312971
GI,2026-03-04T20:00:00.000000,1.869665384
GI,2026-03-04T21:00:00.000000,1.865880609
GI,2026-03-04T22:00:00.000000,1.880462766
GI,2026-03-04T23:00:00.000000,1.934593081
GI,2026-03-05T00:00:00.000000,1.971133947
GI,2026-03-05T01:00:00.000000,1.979340792
GI,2026-03-05T02:00:00.000000,1.979761958
GI,2026-03-05T03:00:00.000000,1.964758635
GI,2026-03-05T04:00:00.000000,1.920306206
GI,2026-03-05T05:00:00.000000,1.890892148
GI,2026-03-05T06:00:00.000000,1.905819774
GI,2026-03-05T07:00:00.000000,1.892922521
GI,2026-03-05T08:00:00.000000,1.88677454
GI,2026-03-05T09:00:00.000000,1.887675643
GI,2026-03-05T10:00:00.000000,1.880863786
GI,2026-03-05T11:00:00.000000,1.884519935
GI,2026-03-05T12:00:00.000000,2.016559839
GI,2026-03-05T13:00:00.000000,2.061930895
GI,2026-03-05T14:00:00.000000,2.067748785
GI,2026-03-05T15:00:00.000000,2.067083836
GI,2026-03-05T16:00:00.000000,2.027061462
GI,2026-03-05T17:00:00.000000,1.963020563
GI,2026-03-05T18:00:00.000000,1.927274227
GI,2026-03-05T19:00:00.000000,1.902278304
GI,2026-03-05T20:00:00.000000,1.90151763
GI,2026-03-05T21:00:00.000000,1.883820891
GI,2026-03-05T22:00:00.000000,1.899686456
GI,2026-03-05T23:00:00.000000,1.960035563
GI,2026-03-06T00:00:00.000000,2.049004555
GI,2026-03-06T01:00:00.000000,2.072542429
GI,2026-03-06T02:00:00.000000,2.074390173
GI,2026-03-06T03:00:00.000000,2.07274437
GI,2026-03-06T04:00:00.000000,2.046002865
GI,2026-03-06T05:00:00.000000,1.981022954
GI,2026-03-06T06:00:00.000000,1.933107853
GI,2026-03-06T07:00:00.000000,1.900731921
GI,2026-03-06T08:00:00.000000,1.893080354
GI,2026-03-06T09:00:00.000000,1.879508018
GI,2026-03-06T10:00:00.000000,1.88974309
GI,2026-03-06T11:00:00.000000,1.891829491
GI,2026-03-06T12:00:00.000000,1.987086177
GI,2026-03-06T13:00:00.000000,2.05279398
GI,2026-03-06T14:00:00.000000,2.063102961
GI,2026-03-06T15:00:00.000000,2.064292908
GI,2026-03-06T16:00:00.000000,2.061975241
GI,2026-03-06T17:00:00.000000,1.996590972
GI,2026-03-06T18:00:00.000000,1.958273172
GI,2026-03-06T19:00:00.000000,1.93838346
GI,2026-03-06T20:00:00.000000,1.936482668
GI,2026-03-06T21:00:00.000000,1.948764682
GI,2026-03-06T22:00:00.000000,1.947243094
GI,2026-03-06T23:00:00.000000,1.957422614
GI,2026-03-07T00:00:00.000000,1.994874001
GI,2026-03-07T01:00:00.000000,2.072026014
GI,2026-03-07T02:00:00.000000,2.087833643
GI,2026-03-07T03:00:00.000000,2.089931488
GI,2026-03-07T04:00:00.000000,2.088127851
GI,2026-03-07T05:00:00.000000,2.047411203
GI,2026-03-07T06:00:00.000000,1.994083166
GI,2026-03-07T07:00:00.000000,1.964975834
GI,2026-03-07T08:00:00.000000,1.956620574
GI,2026-03-07T09:00:00.000000,1.950570345
GI,2026-03-07T10:00:00.000000,1.953412533
GI,2026-03-07T11:00:00.000000,1.960490704
GI,2026-03-07T12:00:00.000000,1.957834482
GI,2026-03-07T13:00:00.000000,2.018487453
GI,2026-03-07T14:00:00.000000,2.060165405
GI,2026-03-07T15:00:00.000000,2.063955307
GI,2026-03-07T16:00:00.000000,2.066880465
GI,2026-03-07T17:00:00.000000,2.025916338
GI,2026-03-07T18:00:00.000000,1.989416599
GI,2026-03-07T19:00:00.000000,1.981750011
GI,2026-03-07T20:00:00.000000,1.976813316
GI,2026-03-07T21:00:00.000000,1.983534813
GI,2026-03-07T22:00:00.000000,1.983875036
GI,2026-03-07T23:00:00.000000,1.986498117
GI,2026-03-08T00:00:00.000000,1.991221786
GI,2026-03-08T01:00:00.000000,2.032008886
GI,2026-03-08T02:00:00.000000,2.045829773
GI,2026-03-08T03:00:00.000000,2.045244932
GI,2026-03-08T04:00:00.000000,2.044023514
GI,2026-03-08T05:00:00.000000,2.044501305
GI,2026-03-08T06:00:00.000000,2.024805069
GI,2026-03-08T07:00:00.000000,2.005015135
GI,2026-03-08T08:00:00.000000,1.996137023
GI,2026-03-08T09:00:00.000000,1.992559075
GI,2026-03-08T10:00:00.000000,1.989688993
GI,2026-03-08T11:00:00.000000,1.982376337
GI,2026-03-08T12:00:00.000000,1.97896421
GI,2026-03-08T13:00:00.000000,1.995109916
GI,2026-03-08T14:00:00.000000,2.029010296
GI,2026-03-08T15:00:00.000000,2.045615911
GI,2026-03-08T16:00:00.000000,2.047911644
GI,2026-03-08T17:00:00.000000,2.043520451
GI,2026-03-08T18:00:00.000000,2.007380724
GI,2026-03-08T19:00:00.000000,1.986900806
GI,2026-03-08T20:00:00.000000,1.978215694
GI,2026-03-08T21:00:00.000000,1.886986852
GI,2026-03-08T22:00:00.000000,1.879989505
GI,2026-03-08T23:00:00.000000,1.875940442
GI,2026-03-09T00:00:00.000000,1.874525547
GI,2026-03-09T01:00:00.000000,1.962900281
GI,2026-03-09T02:00:00.000000,2.047582626
GI,2026-03-09T03:00:00.000000,2.097693682
GI,2026-03-09T04:00:00.000000,2.098905563
GI,2026-03-09T05:00:00.000000,2.105628967
GI,2026-03-09T06:00:00.000000,2.054651499
GI,2026-03-09T07:00:00.000000,1.974683285
GI,2026-03-09T08:00:00.000000,1.943083405
GI,2026-03-09T09:00:00.000000,1.930880666
GI,2026-03-09T10:00:00.000000,1.933540106
GI,2026-03-09T11:00:00.000000,1.941027164
GI,2026-03-09T12:00:00.000000,1.937540054
GI,2026-03-09T13:00:00.000000,1.938741446
GI,2026-03-09T14:00:00.000000,2.001092434
GI,2026-03-09T15:00:00.000000,2.060371637
GI,2026-03-09T16:00:00.000000,2.082680941
GI,2026-03-09T17:00:00.000000,2.073685408
GI,2026-03-09T18:00:00.000000,2.05025363
GI,2026-03-09T19:00:00.000000,1.992307186
GI,2026-03-09T20:00:00.000000,1.968528986
GI,2026-03-09T21:00:00.000000,1.975724697
GI,2026-03-09T22:00:00.000000,1.966602087
GI,2026-03-09T23:00:00.000000,1.977759123
GI,2026-03-10T00:00:00.000000,2.001829624
GI,2026-03-10T01:00:00.000000,2.036592007
GI,2026-03-10T02:00:00.000000,2.082235098
GI,2026-03-10T03:00:00.000000,2.114673376
GI,2026-03-10T04:00:00.000000,2.12263608
GI,2026-03-10T05:00:00.000000,2.123728752
GI,2026-03-10T06:00:00.000000,2.123136044
GI,2026-03-10T07:00:00.000000,2.120202065
GI,2026-03-10T08:00:00.000000,2.091583252
GI,2026-03-10T09:00:00.000000,2.061897039
GI,2026-03-10T10:00:00.000000,2.053916454
GI,2026-03-10T11:00:00.000000,2.05419755
GI,2026-03-10T12:00:00.000000,2.046539783
GI,2026-03-10T13:00:00.000000,2.056546688
GI,2026-03-10T14:00:00.000000,2.075917721
GI,2026-03-10T15:00:00.000000,2.082468987
GI,2026-03-10T16:00:00.000000,2.094098091
GI,2026-03-10T17:00:00.000000,2.096949577
GI,2026-03-10T18:00:00.000000,2.105988026
GI,2026-03-10T19:00:00.000000,2.085492373
GI,2026-03-10T20:00:00.000000,2.058354855
GI,2026-03-10T21:00:00.000000,2.042035103
GI,2026-03-10T22:00:00.000000,2.055704832
GI,2026-03-10T23:00:00.000000,2.050200462
GI,2026-03-11T00:00:00.000000,2.042339325
GI,2026-03-11T01:00:00.000000,2.040809155
GI,2026-03-11T02:00:00.000000,2.062250853
GI,2026-03-11T03:00:00.000000,2.068224192
GI,2026-03-11T04:00:00.000000,2.044155359
GI,2026-03-11T05:00:00.000000,2.018396139
GI,2026-03-11T06:00:00.000000,2.004312992
GI,2026-03-11T07:00:00.000000,2.003942728
GI,2026-03-11T08:00:00.000000,2.024098635
GI,2026-03-11T09:00:00.000000,2.038767576
GI,2026-03-11T10:00:00.000000,2.038532495
GI,2026-03-11T11:00:00.000000,2.037540197
GI,2026-03-11T12:00:00.000000,2.03478384
GI,2026-03-11T13:00:00.000000,2.029310703
GI,2026-03-11T14:00:00.000000,2.025292635
GI,2026-03-11T15:00:00.000000,2.025821209
GI,2026-03-11T16:00:00.000000,2.025298595
GI,2026-03-11T17:00:00.000000,2.023299694
GI,2026-03-11T18:00:00.000000,2.019679785
GI,2026-03-11T19:00:00.000000,2.014208555
GI,2026-03-11T20:00:00.000000,2.027293444
GI,2026-03-11T21:00:00.000000,2.037547588
GI,2026-03-11T22:00:00.000000,2.038304806
GI,2026-03-11T23:00:00.000000,2.03615737
GI,2026-03-12T00:00:00.000000,2.029640198
JB,2026-03-04T00:00:00.000000,1.823586345
JB,2026-03-04T01:00:00.000000,1.837976575
JB,2026-03-04T02:00:00.000000,1.896281123
JB,2026-03-04T03:00:00.000000,1.898209095
JB,2026-03-04T04:00:00.000000,1.900850415
JB,2026-03-04T05:00:00.000000,1.885287523
JB,2026-03-04T06:00:00.000000,1.882656813
JB,2026-03-04T07:00:00.000000,1.958033681
JB,2026-03-04T08:00:00.000000,1.952285051
JB,2026-03-04T09:00:00.000000,1.871350288
JB,2026-03-04T10:00:00.000000,1.872832656
JB,2026-03-04T11:00:00.000000,1.955329299
JB,2026-03-04T12:00:00.000000,1.905583262
JB,2026-03-04T13:00:00.000000,1.836653948
JB,2026-03-04T14:00:00.000000,1.86122036
JB,2026-03-04T15:00:00.000000,1.954130769
JB,2026-03-04T16:00:00.000000,1.996086121
JB,2026-03-04T17:00:00.000000,1.959160805
JB,2026-03-04T18:00:00.000000,1.969057322
JB,2026-03-04T19:00:00.000000,2.141989946
JB,2026-03-04T20:00:00.000000,2.277000189
JB,2026-03-04T21:00:00.000000,1.982247114
JB,2026-03-04T22:00:00.000000,1.973088861
JB,2026-03-04T23:00:00.000000,1.991805553
JB,2026-03-05T00:00:00.000000,1.959851861
JB,2026-03-05T01:00:00.000000,1.904743552
JB,2026-03-05T02:00:00.000000,1.929709911
JB,2026-03-05T03:00:00.000000,2.046806812
JB,2026-03-05T04:00:00.000000,2.040671825
JB,2026-03-05T05:00:00.000000,2.025187254
JB,2026-03-05T06:00:00.000000,2.009498835
JB,2026-03-05T07:00:00.000000,2.009498835
JB,2026-03-05T08:00:00.000000,2.009498835
JB,2026-03-05T09:00:00.000000,2.026183367
JB,2026-03-05T10:00:00.000000,2.00130868
JB,2026-03-05T11:00:00.000000,2.048089743
JB,2026-03-05T12:00:00.000000,2.042454004
JB,2026-03-05T13:00:00.000000,1.962596655
JB,2026-03-05T14:00:00.000000,1.930382848
JB,2026-03-05T15:00:00.000000,1.988332033
JB,2026-03-05T16:00:00.000000,1.987652779
JB,2026-03-05T17:00:00.000000,1.983796954
JB,2026-03-05T18:00:00.000000,1.980993986
JB,2026-03-05T19:00:00.000000,1.972830772
JB,2026-03-05T20:00:00.000000,1.882323384
JB,2026-03-05T21:00:00.000000,1.965787411
JB,2026-03-05T22:00:00.000000,1.964361906
JB,2026-03-05T23:00:00.000000,1.963384509
JB,2026-03-06T00:00:00.000000,1.966809392
JB,2026-03-06T01:00:00.000000,1.955311656
JB,2026-03-06T02:00:00.000000,1.913858414
JB,2026-03-06T03:00:00.000000,1.960921049
JB,2026-03-06T04:00:00.000000,1.960276484
JB,2026-03-06T05:00:00.000000,1.955543995
JB,2026-03-06T06:00:00.000000,1.945223212
JB,2026-03-06T07:00:00.000000,1.92688942
JB,2026-03-06T08:00:00.000000,1.777904391
JB,2026-03-06T09:00:00.000000,1.864263296
JB,2026-03-06T10:00:00.000000,1.930998087
JB,2026-03-06T11:00:00.000000,1.924815655
JB,2026-03-06T12:00:00.000000,1.743274212
JB,2026-03-06T13:00:00.000000,1.866984606
JB,2026-03-06T14:00:00.000000,1.840462685
JB,2026-03-06T15:00:00.000000,1.847745657
JB,2026-03-06T16:00:00.000000,1.873407483
JB,2026-03-06T17:00:00.000000,1.875264525
JB,2026-03-06T18:00:00.000000,1.869294763
JB,2026-03-06T19:00:00.000000,1.871597409
JB,2026-03-06T20:00:00.000000,1.867325544
JB,2026-03-06T21:00:00.000000,1.858859301
JB,2026-03-06T22:00:00.000000,1.859204769
JB,2026-03-06T23:00:00.000000,1.853986859
JB,2026-03-07T00:00:00.000000,1.860285759
JB,2026-03-07T01:00:00.000000,1.854576468
JB,2026-03-07T02:00:00.000000,1.82469368
JB,2026-03-07T03:00:00.000000,1.800621986
JB,2026-03-07T04:00:00.000000,1.869732261
JB,2026-03-07T05:00:00.000000,1.867523193
JB,2026-03-07T06:00:00.000000,1.80496335
JB,2026-03-07T07:00:00.000000,1.8243469
JB,2026-03-07T08:00:00.000000,1.828825951
JB,2026-03-07T09:00:00.000000,1.829131961
JB,2026-03-07T10:00:00.000000,1.819414616
JB,2026-03-07T11:00:00.000000,1.829481602
JB,2026-03-07T12:00:00.000000,1.837870717
JB,2026-03-07T13:00:00.000000,1.839195848
JB,2026-03-07T14:00:00.000000,1.808530331
JB,2026-03-07T15:00:00.000000,1.755806088
JB,2026-03-07T16:00:00.000000,1.856083274
JB,2026-03-07T17:00:00.000000,1.861379504
JB,2026-03-07T18:00:00.000000,1.840239763
JB,2026-03-07T19:00:00.000000,1.825519085
JB,2026-03-07T20:00:00.000000,1.814242125
JB,2026-03-07T21:00:00.000000,1.835342765
JB,2026-03-07T22:00:00.000000,1.837249279
JB,2026-03-07T23:00:00.000000,1.804998159
JB,2026-03-08T00:00:00.000000,1.787500858
JB,2026-03-08T01:00:00.000000,1.799995899
JB,2026-03-08T02:00:00.000000,1.798983574
JB,2026-03-08T03:00:00.000000,1.760667086
JB,2026-03-08T04:00:00.000000,1.792875051
JB,2026-03-08T05:00:00.000000,1.844289184
JB,2026-03-08T06:00:00.000000,1.838981032
JB,2026-03-08T07:00:00.000000,1.837810397
JB,2026-03-08T08:00:00.000000,1.840795517
JB,2026-03-08T09:00:00.000000,1.832582831
JB,2026-03-08T10:00:00.000000,1.832158804
JB,2026-03-08T11:00:00.000000,1.837046862
JB,2026-03-08T12:00:00.000000,1.854858637
JB,2026-03-08T13:00:00.000000,1.850901365
JB,2026-03-08T14:00:00.000000,1.852896571
JB,2026-03-08T15:00:00.000000,1.811046004
JB,2026-03-08T16:00:00.000000,1.814486027
JB,2026-03-08T17:00:00.000000,1.895553708
JB,2026-03-08T18:00:00.000000,1.888038516
JB,2026-03-08T19:00:00.000000,1.851092339
JB,2026-03-08T20:00:00.000000,1.868096471
JB,2026-03-08T21:00:00.000000,1.860435963
JB,2026-03-08T22:00:00.000000,1.924210787
JB,2026-03-08T23:00:00.000000,1.929643989
JB,2026-03-09T00:00:00.000000,1.866694927
JB,2026-03-09T01:00:00.000000,1.844757557
JB,2026-03-09T02:00:00.000000,1.853498459
JB,2026-03-09T03:00:00.000000,1.829612255
JB,2026-03-09T04:00:00.000000,1.802567124
JB,2026-03-09T05:00:00.000000,1.904185057
JB,2026-03-09T06:00:00.000000,1.910158277
JB,2026-03-09T07:00:00.000000,1.827320695
JB,2026-03-09T08:00:00.000000,1.862866759
JB,2026-03-09T09:00:00.000000,1.86967051
JB,2026-03-09T10:00:00.000000,1.922395587
JB,2026-03-09T11:00:00.000000,1.911193252
JB,2026-03-09T12:00:00.000000,1.826621175
JB,2026-03-09T13:00:00.000000,1.893776774
JB,2026-03-09T14:00:00.000000,1.946079373
JB,2026-03-09T15:00:00.000000,1.903891325
JB,2026-03-09T16:00:00.000000,1.800186157
JB,2026-03-09T17:00:00.000000,1.884115815
JB,2026-03-09T18:00:00.000000,1.941298604
JB,2026-03-09T19:00:00.000000,1.862918019
JB,2026-03-09T20:00:00.000000,1.80591011
JB,2026-03-09T21:00:00.000000,1.817439914
JB,2026-03-09T22:00:00.000000,1.845036745
JB,2026-03-09T23:00:00.000000,1.897477746
JB,2026-03-10T00:00:00.000000,1.846840978
JB,2026-03-10T01:00:00.000000,1.801382899
JB,2026-03-10T02:00:00.000000,1.812179327
JB,2026-03-10T03:00:00.000000,1.845375061
JB,2026-03-10T04:00:00.000000,1.795871854
JB,2026-03-10T05:00:00.000000,1.782155514
JB,2026-03-10T06:00:00.000000,1.860536456
JB,2026-03-10T07:00:00.000000,1.861858487
JB,2026-03-10T08:00:00.000000,1.85115397
JB,2026-03-10T09:00:00.000000,1.856922626
JB,2026-03-10T10:00:00.000000,1.836709261
JB,2026-03-10T11:00:00.000000,1.860657573
JB,2026-03-10T12:00:00.000000,1.852824211
JB,2026-03-10T13:00:00.000000,1.835728407
JB,2026-03-10T14:00:00.000000,1.86086607
JB,2026-03-10T15:00:00.000000,1.879017472
JB,2026-03-10T16:00:00.000000,1.881638169
JB,2026-03-10T17:00:00.000000,1.849453688
JB,2026-03-10T18:00:00.000000,1.90670228
JB,2026-03-10T19:00:00.000000,1.982835293
JB,2026-03-10T20:00:00.000000,1.900443316
JB,2026-03-10T21:00:00.000000,1.941173792
JB,2026-03-10T22:00:00.000000,1.92841506
JB,2026-03-10T23:00:00.000000,2.012812138
JB,2026-03-11T00:00:00.000000,2.012860298
JB,2026-03-11T01:00:00.000000,1.903656244
JB,2026-03-11T02:00:00.000000,1.851896167
JB,2026-03-11T03:00:00.000000,1.870978832
JB,2026-03-11T04:00:00.000000,1.900563955
JB,2026-03-11T05:00:00.000000,1.863171458
JB,2026-03-11T06:00:00.000000,1.851119399
JB,2026-03-11T07:00:00.000000,1.92577827
JB,2026-03-11T08:00:00.000000,1.936800957
JB,2026-03-11T09:00:00.000000,1.879994512
JB,2026-03-11T10:00:00.000000,1.89480269
JB,2026-03-11T11:00:00.000000,1.885475159
JB,2026-03-11T12:00:00.000000,1.906365037
JB,2026-03-11T13:00:00.000000,1.881493211
JB,2026-03-11T14:00:00.000000,1.850506186
JB,2026-03-11T15:00:00.000000,1.899715543
JB,2026-03-11T16:00:00.000000,1.934668303
JB,2026-03-11T17:00:00.000000,1.896839857
JB,2026-03-11T18:00:00.000000,1.876294613
JB,2026-03-11T19:00:00.000000,1.895922184
JB,2026-03-11T20:00:00.000000,1.896214962
JB,2026-03-11T21:00:00.000000,1.894195437
JB,2026-03-11T22:00:00.000000,1.913009882
JB,2026-03-11T23:00:00.000000,1.912865043
JB,2026-03-12T00:00:00.000000,1.944031
NA,2026-03-04T00:00:00.000000,2.075137854
NA,2026-03-04T01:00:00.000000,2.072863579
NA,2026-03-04T02:00:00.000000,2.078787804
NA,2026-03-04T03:00:00.000000,2.082023859
NA,2026-03-04T04:00:00.000000,2.078399658
NA,2026-03-04T05:00:00.000000,2.062225819
NA,2026-03-04T06:00:00.000000,2.05651927
NA,2026-03-04T07:00:00.000000,2.055064201
NA,2026-03-04T08:00:00.000000,2.047924519
NA,2026-03-04T09:00:00.000000,2.038790226
NA,2026-03-04T10:00:00.000000,2.036919832
NA,2026-03-04T11:00:00.000000,2.037317514
NA,2026-03-04T12:00:00.000000,2.038581371
NA,2026-03-04T13:00:00.000000,2.043198824
NA,2026-03-04T14:00:00.000000,2.064711571
NA,2026-03-04T15:00:00.000000,2.089467764
NA,2026-03-04T16:00:00.000000,2.100463629
NA,2026-03-04T17:00:00.000000,2.105152369
NA,2026-03-04T18:00:00.000000,2.102276087
NA,2026-03-04T19:00:00.000000,2.094425678
NA,2026-03-04T20:00:00.000000,2.083328962
NA,2026-03-04T21:00:00.000000,2.077278137
NA,2026-03-04T22:00:00.000000,2.07410121
NA,2026-03-04T23:00:00.000000,2.072380066
NA,2026-03-05T00:00:00.000000,2.076041222
NA,2026-03-05T01:00:00.000000,2.098997355
NA,2026-03-05T02:00:00.000000,2.109743595
NA,2026-03-05T03:00:00.000000,2.12042737
NA,2026-03-05T04:00:00.000000,2.125232935
NA,2026-03-05T05:00:00.000000,2.12206316
NA,2026-03-05T06:00:00.000000,2.110584974
NA,2026-03-05T07:00:00.000000,2.096691132
NA,2026-03-05T08:00:00.000000,2.085455418
NA,2026-03-05T09:00:00.000000,2.076080561
NA,2026-03-05T10:00:00.000000,2.070322275
NA,2026-03-05T11:00:00.000000,2.068235159
NA,2026-03-05T12:00:00.000000,2.074796677
NA,2026-03-05T13:00:00.000000,2.093089104
NA,2026-03-05T14:00:00.000000,2.098373413
NA,2026-03-05T15:00:00.000000,2.115569353
NA,2026-03-05T16:00:00.000000,2.135255814
NA,2026-03-05T17:00:00.000000,2.14025259
NA,2026-03-05T18:00:00.000000,2.140951157
NA,2026-03-05T19:00:00.000000,2.138983011
NA,2026-03-05T20:00:00.000000,2.129503965
NA,2026-03-05T21:00:00.000000,2.112210512
NA,2026-03-05T22:00:00.000000,2.089118242
NA,2026-03-05T23:00:00.000000,2.076833963
NA,2026-03-06T00:00:00.000000,2.09291482
NA,2026-03-06T01:00:00.000000,2.114015579
NA,2026-03-06T02:00:00.000000,2.114297152
NA,2026-03-06T03:00:00.000000,2.133721352
NA,2026-03-06T04:00:00.000000,2.147720337
NA,2026-03-06T05:00:00.000000,2.148788691
NA,2026-03-06T06:00:00.000000,2.140235186
NA,2026-03-06T07:00:00.000000,2.123726845
NA,2026-03-06T08:00:00.000000,2.117241383
NA,2026-03-06T09:00:00.000000,2.109567404
NA,2026-03-06T10:00:00.000000,2.1039536
NA,2026-03-06T11:00:00.000000,2.102587938
NA,2026-03-06T12:00:00.000000,2.107011318
NA,2026-03-06T13:00:00.000000,2.126209021
NA,2026-03-06T14:00:00.000000,2.131524801
NA,2026-03-06T15:00:00.000000,2.148266077
NA,2026-03-06T16:00:00.000000,2.168870449
NA,2026-03-06T17:00:00.000000,2.179287672
NA,2026-03-06T18:00:00.000000,2.185165882
NA,2026-03-06T19:00:00.000000,2.188333988
NA,2026-03-06T20:00:00.000000,2.188227654
NA,2026-03-06T21:00:00.000000,2.184451342
NA,2026-03-06T22:00:00.000000,2.180817127
NA,2026-03-06T23:00:00.000000,2.17843461
NA,2026-03-07T00:00:00.000000,2.179428339
NA,2026-03-07T01:00:00.000000,2.195714951
NA,2026-03-07T02:00:00.000000,2.20559907
NA,2026-03-07T03:00:00.000000,2.221912861
NA,2026-03-07T04:00:00.000000,2.231822968
NA,2026-03-07T05:00:00.000000,2.233501196
NA,2026-03-07T06:00:00.000000,2.23368144
NA,2026-03-07T07:00:00.000000,2.233264685
NA,2026-03-07T08:00:00.000000,2.230819464
NA,2026-03-07T09:00:00.000000,2.223642826
NA,2026-03-07T10:00:00.000000,2.21522069
NA,2026-03-07T11:00:00.000000,2.208049774
NA,2026-03-07T12:00:00.000000,2.202263355
NA,2026-03-07T13:00:00.000000,2.200247526
NA,2026-03-07T14:00:00.000000,2.214062452
NA,2026-03-07T15:00:00.000000,2.228533983
NA,2026-03-07T16:00:00.000000,2.237300634
NA,2026-03-07T17:00:00.000000,2.246466398
NA,2026-03-07T18:00:00.000000,2.250769377
NA,2026-03-07T19:00:00.000000,2.248118162
NA,2026-03-07T20:00:00.000000,2.238774538
NA,2026-03-07T21:00:00.000000,2.229204416
NA,2026-03-07T22:00:00.000000,2.220452309
NA,2026-03-07T23:00:00.000000,2.214128971
NA,2026-03-08T00:00:00.000000,2.210932732
NA,2026-03-08T01:00:00.000000,2.21052599
NA,2026-03-08T02:00:00.000000,2.220439196
NA,2026-03-08T03:00:00.000000,2.235304832
NA,2026-03-08T04:00:00.000000,2.242362738
NA,2026-03-08T05:00:00.000000,2.254125118
NA,2026-03-08T06:00:00.000000,2.259266853
NA,2026-03-08T07:00:00.000000,2.25348568
NA,2026-03-08T08:00:00.000000,2.235486269
NA,2026-03-08T09:00:00.000000,2.219222546
NA,2026-03-08T10:00:00.000000,2.210935593
NA,2026-03-08T11:00:00.000000,2.209589243
NA,2026-03-08T12:00:00.000000,2.209914207
NA,2026-03-08T13:00:00.000000,2.211241245
NA,2026-03-08T14:00:00.000000,2.212965012
NA,2026-03-08T15:00:00.000000,2.215749264
NA,2026-03-08T16:00:00.000000,2.218600512
NA,2026-03-08T17:00:00.000000,2.221040249
NA,2026-03-08T18:00:00.000000,2.221696854
NA,2026-03-08T19:00:00.000000,2.216698885
NA,2026-03-08T20:00:00.000000,2.209132671
NA,2026-03-08T21:00:00.000000,2.208043337
NA,2026-03-08T22:00:00.000000,2.207785368
NA,2026-03-08T23:00:00.000000,2.208101273
NA,2026-03-09T00:00:00.000000,2.208498001
NA,2026-03-09T01:00:00.000000,2.208400249
NA,2026-03-09T02:00:00.000000,2.208156109
NA,2026-03-09T03:00:00.000000,2.207609892
NA,2026-03-09T04:00:00.000000,2.206716061
NA,2026-03-09T05:00:00.000000,2.208099842
NA,2026-03-09T06:00:00.000000,2.210365295
NA,2026-03-09T07:00:00.000000,2.212604046
NA,2026-03-09T08:00:00.000000,2.213562965
NA,2026-03-09T09:00:00.000000,2.211984158
NA,2026-03-09T10:00:00.000000,2.210998535
NA,2026-03-09T11:00:00.000000,2.210592508
NA,2026-03-09T12:00:00.000000,2.210389376
NA,2026-03-09T13:00:00.000000,2.210364342
NA,2026-03-09T14:00:00.000000,2.211129665
NA,2026-03-09T15:00:00.000000,2.213675022
NA,2026-03-09T16:00:00.000000,2.22039175
NA,2026-03-09T17:00:00.000000,2.229115725
NA,2026-03-09T18:00:00.000000,2.234097481
NA,2026-03-09T19:00:00.000000,2.234785795
NA,2026-03-09T20:00:00.000000,2.231231451
NA,2026-03-09T21:00:00.000000,2.22399044
NA,2026-03-09T22:00:00.000000,2.218050957
NA,2026-03-09T23:00:00.000000,2.214381695
NA,2026-03-10T00:00:00.000000,2.212141275
NA,2026-03-10T01:00:00.000000,2.211373091
NA,2026-03-10T02:00:00.000000,2.213573217
NA,2026-03-10T03:00:00.000000,2.223215342
NA,2026-03-10T04:00:00.000000,2.233877659
NA,2026-03-10T05:00:00.000000,2.253949165
NA,2026-03-10T06:00:00.000000,2.285535336
NA,2026-03-10T07:00:00.000000,2.300507069
NA,2026-03-10T08:00:00.000000,2.303124905
NA,2026-03-10T09:00:00.000000,2.303162098
NA,2026-03-10T10:00:00.000000,2.301758051
NA,2026-03-10T11:00:00.000000,2.295921564
NA,2026-03-10T12:00:00.000000,2.286278009
NA,2026-03-10T13:00:00.000000,2.275942564
NA,2026-03-10T14:00:00.000000,2.268887281
NA,2026-03-10T15:00:00.000000,2.265662432
NA,2026-03-10T16:00:00.000000,2.266296864
NA,2026-03-10T17:00:00.000000,2.269739628
NA,2026-03-10T18:00:00.000000,2.274268389
NA,2026-03-10T19:00:00.000000,2.276304483
NA,2026-03-10T20:00:00.000000,2.270533562
NA,2026-03-10T21:00:00.000000,2.260492802
NA,2026-03-10T22:00:00.000000,2.251646519
NA,2026-03-10T23:00:00.000000,2.245620012
NA,2026-03-11T00:00:00.000000,2.240789652
NA,2026-03-11T01:00:00.000000,2.237588644
NA,2026-03-11T02:00:00.000000,2.236925125
NA,2026-03-11T03:00:00.000000,2.239102602
NA,2026-03-11T04:00:00.000000,2.248281717
NA,2026-03-11T05:00:00.000000,2.266801834
NA,2026-03-11T06:00:00.000000,2.271207094
NA,2026-03-11T07:00:00.000000,2.266804934
NA,2026-03-11T08:00:00.000000,2.241980553
NA,2026-03-11T09:00:00.000000,2.218391895
NA,2026-03-11T10:00:00.000000,2.207071543
NA,2026-03-11T11:00:00.000000,2.205224752
NA,2026-03-11T12:00:00.000000,2.209813356
NA,2026-03-11T13:00:00.000000,2.213319063
NA,2026-03-11T14:00:00.000000,2.210696936
NA,2026-03-11T15:00:00.000000,2.209283829
NA,2026-03-11T16:00:00.000000,2.207440853
NA,2026-03-11T17:00:00.000000,2.204876661
NA,2026-03-11T18:00:00.000000,2.202702284
NA,2026-03-11T19:00:00.000000,2.196344614
NA,2026-03-11T20:00:00.000000,2.19030118
NA,2026-03-11T21:00:00.000000,2.193874121
NA,2026-03-11T22:00:00.000000,2.196592569
NA,2026-03-11T23:00:00.000000,2.196311235
NA,2026-03-12T00:00:00.000000,2.19333744
NK,2026-03-04T00:00:00.000000,2.073359013
NK,2026-03-04T01:00:00.000000,2.066851616
NK,2026-03-04T02:00:00.000000,2.077147007
NK,2026-03-04T03:00:00.000000,2.085973978
NK,2026-03-04T04:00:00.000000,2.078799486
NK,2026-03-04T05:00:00.000000,2.059127331
NK,2026-03-04T06:00:00.000000,2.04467082
NK,2026-03-04T07:00:00.000000,2.033137321
NK,2026-03-04T08:00:00.000000,2.030833721
NK,2026-03-04T09:00:00.000000,2.030026197
NK,2026-03-04T10:00:00.000000,2.030212641
NK,2026-03-04T11:00:00.000000,2.030651331
NK,2026-03-04T12:00:00.000000,2.031353712
NK,2026-03-04T13:00:00.000000,2.033074856
NK,2026-03-04T14:00:00.000000,2.056133747
NK,2026-03-04T15:00:00.000000,2.096931934
NK,2026-03-04T16:00:00.000000,2.111343861
NK,2026-03-04T17:00:00.000000,2.108106136
NK,2026-03-04T18:00:00.000000,2.100182295
NK,2026-03-04T19:00:00.000000,2.088527441
NK,2026-03-04T20:00:00.000000,2.079257488
NK,2026-03-04T21:00:00.000000,2.073404789
NK,2026-03-04T22:00:00.000000,2.069609642
NK,2026-03-04T23:00:00.000000,2.06750536
NK,2026-03-05T00:00:00.000000,2.066690922
NK,2026-03-05T01:00:00.000000,2.067699909
NK,2026-03-05T02:00:00.000000,2.076624632
NK,2026-03-05T03:00:00.000000,2.102205992
NK,2026-03-05T04:00:00.000000,2.114374638
NK,2026-03-05T05:00:00.000000,2.094958305
NK,2026-03-05T06:00:00.000000,2.075507402
NK,2026-03-05T07:00:00.000000,2.060510635
NK,2026-03-05T08:00:00.000000,2.052316189
NK,2026-03-05T09:00:00.000000,2.047915459
NK,2026-03-05T10:00:00.000000,2.045036077
NK,2026-03-05T11:00:00.000000,2.04280138
NK,2026-03-05T12:00:00.000000,2.040669203
NK,2026-03-05T13:00:00.000000,2.0386343
NK,2026-03-05T14:00:00.000000,2.043656826
NK,2026-03-05T15:00:00.000000,2.096231937
NK,2026-03-05T16:00:00.000000,2.141120911
NK,2026-03-05T17:00:00.000000,2.147633314
NK,2026-03-05T18:00:00.000000,2.131485462
NK,2026-03-05T19:00:00.000000,2.109217167
NK,2026-03-05T20:00:00.000000,2.075812817
NK,2026-03-05T21:00:00.000000,2.046209335
NK,2026-03-05T22:00:00.000000,2.028648376
NK,2026-03-05T23:00:00.000000,2.018741846
NK,2026-03-06T00:00:00.000000,2.01525569
NK,2026-03-06T01:00:00.000000,2.027781487
NK,2026-03-06T02:00:00.000000,2.074231386
NK,2026-03-06T03:00:00.000000,2.13496685
NK,2026-03-06T04:00:00.000000,2.160633564
NK,2026-03-06T05:00:00.000000,2.163163662
NK,2026-03-06T06:00:00.000000,2.15052557
NK,2026-03-06T07:00:00.000000,2.129235506
NK,2026-03-06T08:00:00.000000,2.105065107
NK,2026-03-06T09:00:00.000000,2.084687471
NK,2026-03-06T10:00:00.000000,2.067132711
NK,2026-03-06T11:00:00.000000,2.054488659
NK,2026-03-06T12:00:00.000000,2.050451279
NK,2026-03-06T13:00:00.000000,2.063543081
NK,2026-03-06T14:00:00.000000,2.090038776
NK,2026-03-06T15:00:00.000000,2.136980772
NK,2026-03-06T16:00:00.000000,2.177796125
NK,2026-03-06T17:00:00.000000,2.191836596
NK,2026-03-06T18:00:00.000000,2.195760965
NK,2026-03-06T19:00:00.000000,2.194038868
NK,2026-03-06T20:00:00.000000,2.185790777
NK,2026-03-06T21:00:00.000000,2.172765493
NK,2026-03-06T22:00:00.000000,2.157464743
NK,2026-03-06T23:00:00.000000,2.144800901
NK,2026-03-07T00:00:00.000000,2.141908884
NK,2026-03-07T01:00:00.000000,2.158435822
NK,2026-03-07T02:00:00.000000,2.18143487
NK,2026-03-07T03:00:00.000000,2.212128639
NK,2026-03-07T04:00:00.000000,2.237415075
NK,2026-03-07T05:00:00.000000,2.241527557
NK,2026-03-07T06:00:00.000000,2.241486311
NK,2026-03-07T07:00:00.000000,2.239250422
NK,2026-03-07T08:00:00.000000,2.228878975
NK,2026-03-07T09:00:00.000000,2.213702202
NK,2026-03-07T10:00:00.000000,2.195004702
NK,2026-03-07T11:00:00.000000,2.176244974
NK,2026-03-07T12:00:00.000000,2.160303354
NK,2026-03-07T13:00:00.000000,2.155240059
NK,2026-03-07T14:00:00.000000,2.167474747
NK,2026-03-07T15:00:00.000000,2.188875675
NK,2026-03-07T16:00:00.000000,2.212144613
NK,2026-03-07T17:00:00.000000,2.234547615
NK,2026-03-07T18:00:00.000000,2.237234116
NK,2026-03-07T19:00:00.000000,2.224586725
NK,2026-03-07T20:00:00.000000,2.207788467
NK,2026-03-07T21:00:00.000000,2.190458298
NK,2026-03-07T22:00:00.000000,2.17381835
NK,2026-03-07T23:00:00.000000,2.158120394
NK,2026-03-08T00:00:00.000000,2.145625114
NK,2026-03-08T01:00:00.000000,2.14118433
NK,2026-03-08T02:00:00.000000,2.146162033
NK,2026-03-08T03:00:00.000000,2.166216373
NK,2026-03-08T04:00:00.000000,2.196995258
NK,2026-03-08T05:00:00.000000,2.237399817
NK,2026-03-08T06:00:00.000000,2.25882411
NK,2026-03-08T07:00:00.000000,2.250986338
NK,2026-03-08T08:00:00.000000,2.233027697
NK,2026-03-08T09:00:00.000000,2.207359791
NK,2026-03-08T10:00:00.000000,2.18503952
NK,2026-03-08T11:00:00.000000,2.165096045
NK,2026-03-08T12:00:00.000000,2.148668051
NK,2026-03-08T13:00:00.000000,2.137922049
NK,2026-03-08T14:00:00.000000,2.133714676
NK,2026-03-08T15:00:00.000000,2.135011911
NK,2026-03-08T16:00:00.000000,2.138386488
NK,2026-03-08T17:00:00.000000,2.143675327
NK,2026-03-08T18:00:00.000000,2.147852182
NK,2026-03-08T19:00:00.000000,2.138961077
NK,2026-03-08T20:00:00.000000,2.129829407
NK,2026-03-08T21:00:00.000000,2.127644539
NK,2026-03-08T22:00:00.000000,2.127245188
NK,2026-03-08T23:00:00.000000,2.127609968
NK,2026-03-09T00:00:00.000000,2.12788105
NK,2026-03-09T01:00:00.000000,2.128091097
NK,2026-03-09T02:00:00.000000,2.12834692
NK,2026-03-09T03:00:00.000000,2.128499746
NK,2026-03-09T04:00:00.000000,2.128695488
NK,2026-03-09T05:00:00.000000,2.130119085
NK,2026-03-09T06:00:00.000000,2.137588739
NK,2026-03-09T07:00:00.000000,2.152802467
NK,2026-03-09T08:00:00.000000,2.143267632
NK,2026-03-09T09:00:00.000000,2.136271477
NK,2026-03-09T10:00:00.000000,2.132321835
NK,2026-03-09T11:00:00.000000,2.130397558
NK,2026-03-09T12:00:00.000000,2.129387379
NK,2026-03-09T13:00:00.000000,2.129261494
NK,2026-03-09T14:00:00.000000,2.130077124
NK,2026-03-09T15:00:00.000000,2.131901026
NK,2026-03-09T16:00:00.000000,2.133589506
NK,2026-03-09T17:00:00.000000,2.136103153
NK,2026-03-09T18:00:00.000000,2.145591497
NK,2026-03-09T19:00:00.000000,2.15681529
NK,2026-03-09T20:00:00.000000,2.149436474
NK,2026-03-09T21:00:00.000000,2.144014359
NK,2026-03-09T22:00:00.000000,2.140222549
NK,2026-03-09T23:00:00.000000,2.138102293
NK,2026-03-10T00:00:00.000000,2.136459589
NK,2026-03-10T01:00:00.000000,2.135522842
NK,2026-03-10T02:00:00.000000,2.135319233
NK,2026-03-10T03:00:00.000000,2.135577679
NK,2026-03-10T04:00:00.000000,2.145974398
NK,2026-03-10T05:00:00.000000,2.207362413
NK,2026-03-10T06:00:00.000000,2.290324926
NK,2026-03-10T07:00:00.000000,2.313796759
NK,2026-03-10T08:00:00.000000,2.315891266
NK,2026-03-10T09:00:00.000000,2.3158288
NK,2026-03-10T10:00:00.000000,2.315166473
NK,2026-03-10T11:00:00.000000,2.313993454
NK,2026-03-10T12:00:00.000000,2.311089993
NK,2026-03-10T13:00:00.000000,2.302546263
NK,2026-03-10T14:00:00.000000,2.29308486
NK,2026-03-10T15:00:00.000000,2.28878355
NK,2026-03-10T16:00:00.000000,2.294555902
NK,2026-03-10T17:00:00.000000,2.300457478
NK,2026-03-10T18:00:00.000000,2.304885626
NK,2026-03-10T19:00:00.000000,2.308213711
NK,2026-03-10T20:00:00.000000,2.303354502
NK,2026-03-10T21:00:00.000000,2.291846037
NK,2026-03-10T22:00:00.000000,2.271018028
NK,2026-03-10T23:00:00.000000,2.247512817
NK,2026-03-11T00:00:00.000000,2.222411871
NK,2026-03-11T01:00:00.000000,2.200343847
NK,2026-03-11T02:00:00.000000,2.184412718
NK,2026-03-11T03:00:00.000000,2.178780317
NK,2026-03-11T04:00:00.000000,2.186959267
NK,2026-03-11T05:00:00.000000,2.209744215
NK,2026-03-11T06:00:00.000000,2.243367195
NK,2026-03-11T07:00:00.000000,2.249885798
NK,2026-03-11T08:00:00.000000,2.227563143
NK,2026-03-11T09:00:00.000000,2.199073792
NK,2026-03-11T10:00:00.000000,2.186174631
NK,2026-03-11T11:00:00.000000,2.192989349
NK,2026-03-11T12:00:00.000000,2.201503038
NK,2026-03-11T13:00:00.000000,2.206805706
NK,2026-03-11T14:00:00.000000,2.209270954
NK,2026-03-11T15:00:00.000000,2.209811211
NK,2026-03-11T16:00:00.000000,2.209322453
NK,2026-03-11T17:00:00.000000,2.207952261
NK,2026-03-11T18:00:00.000000,2.205914021
NK,2026-03-11T19:00:00.000000,2.196193218
NK,2026-03-11T20:00:00.000000,2.185940504
NK,2026-03-11T21:00:00.000000,2.179613829
NK,2026-03-11T22:00:00.000000,2.187836885
NK,2026-03-11T23:00:00.000000,2.194662809
NK,2026-03-12T00:00:00.000000,2.198326349
PI,2026-03-04T00:00:00.000000,1.783841848
PI,2026-03-04T01:00:00.000000,1.750336409
PI,2026-03-04T02:00:00.000000,1.746235847
PI,2026-03-04T03:00:00.000000,1.766503215
PI,2026-03-04T04:00:00.000000,1.753838897
PI,2026-03-04T05:00:00.000000,1.760441899
PI,2026-03-04T06:00:00.000000,1.783185244
PI,2026-03-04T07:00:00.000000,1.775589943
PI,2026-03-04T08:00:00.000000,1.796255589
PI,2026-03-04T09:00:00.000000,1.75168705
PI,2026-03-04T10:00:00.000000,1.739275217
PI,2026-03-04T11:00:00.000000,1.780228019
PI,2026-03-04T12:00:00.000000,1.803419471
PI,2026-03-04T13:00:00.000000,1.818814516
PI,2026-03-04T14:00:00.000000,1.791300535
PI,2026-03-04T15:00:00.000000,1.791664362
PI,2026-03-04T16:00:00.000000,1.842503309
PI,2026-03-04T17:00:00.000000,1.830269933
PI,2026-03-04T18:00:00.000000,1.844056129
PI,2026-03-04T19:00:00.000000,1.911655903
PI,2026-03-04T20:00:00.000000,1.877899051
PI,2026-03-04T21:00:00.000000,1.848830819
PI,2026-03-04T22:00:00.000000,1.831351757
PI,2026-03-04T23:00:00.000000,1.844774127
PI,2026-03-05T00:00:00.000000,1.869545221
PI,2026-03-05T01:00:00.000000,1.869995832
PI,2026-03-05T02:00:00.000000,1.835513353
PI,2026-03-05T03:00:00.000000,1.879209876
PI,2026-03-05T04:00:00.000000,1.904224038
PI,2026-03-05T05:00:00.000000,1.865066171
PI,2026-03-05T06:00:00.000000,1.802155614
PI,2026-03-05T07:00:00.000000,1.775096059
PI,2026-03-05T08:00:00.000000,1.853665471
PI,2026-03-05T09:00:00.000000,1.848934412
PI,2026-03-05T10:00:00.000000,1.805120468
PI,2026-03-05T11:00:00.000000,1.855422378
PI,2026-03-05T12:00:00.000000,1.879433632
PI,2026-03-05T13:00:00.000000,1.888293624
PI,2026-03-05T14:00:00.000000,1.870126605
PI,2026-03-05T15:00:00.000000,1.841013789
PI,2026-03-05T16:00:00.000000,1.849634886
PI,2026-03-05T17:00:00.000000,1.821962237
PI,2026-03-05T18:00:00.000000,1.802930236
PI,2026-03-05T19:00:00.000000,1.731987476
PI,2026-03-05T20:00:00.000000,1.828579307
PI,2026-03-05T21:00:00.000000,1.840289712
PI,2026-03-05T22:00:00.000000,1.757918596
PI,2026-03-05T23:00:00.000000,1.774730682
PI,2026-03-06T00:00:00.000000,1.863591075
PI,2026-03-06T01:00:00.000000,1.873257875
PI,2026-03-06T02:00:00.000000,1.865068793
PI,2026-03-06T03:00:00.000000,1.82936275
PI,2026-03-06T04:00:00.000000,1.826769948
PI,2026-03-06T05:00:00.000000,1.707676053
PI,2026-03-06T06:00:00.000000,1.694810271
PI,2026-03-06T07:00:00.000000,1.642890215
PI,2026-03-06T08:00:00.000000,1.711548328
PI,2026-03-06T09:00:00.000000,1.784323573
PI,2026-03-06T10:00:00.000000,1.690327764
PI,2026-03-06T11:00:00.000000,1.693964481
PI,2026-03-06T12:00:00.000000,1.825451851
PI,2026-03-06T13:00:00.000000,1.844444633
PI,2026-03-06T14:00:00.000000,1.842177153
PI,2026-03-06T15:00:00.000000,1.820496917
PI,2026-03-06T16:00:00.000000,1.817648292
PI,2026-03-06T17:00:00.000000,1.749201536
PI,2026-03-06T18:00:00.000000,1.706202269
PI,2026-03-06T19:00:00.000000,1.68359971
PI,2026-03-06T20:00:00.000000,1.702603221
PI,2026-03-06T21:00:00.000000,1.789980292
PI,2026-03-06T22:00:00.000000,1.802012801
PI,2026-03-06T23:00:00.000000,1.767295361
PI,2026-03-07T00:00:00.000000,1.81824851
PI,2026-03-07T01:00:00.000000,1.83762002
PI,2026-03-07T02:00:00.000000,1.841441512
PI,2026-03-07T03:00:00.000000,1.817968011
PI,2026-03-07T04:00:00.000000,1.81820941
PI,2026-03-07T05:00:00.000000,1.780516267
PI,2026-03-07T06:00:00.000000,1.769769192
PI,2026-03-07T07:00:00.000000,1.746175051
PI,2026-03-07T08:00:00.000000,1.696527243
PI,2026-03-07T09:00:00.000000,1.783887863
PI,2026-03-07T10:00:00.000000,1.772693634
PI,2026-03-07T11:00:00.000000,1.747531056
PI,2026-03-07T12:00:00.000000,1.789092302
PI,2026-03-07T13:00:00.000000,1.831315756
PI,2026-03-07T14:00:00.000000,1.830055594
PI,2026-03-07T15:00:00.000000,1.794076324
PI,2026-03-07T16:00:00.000000,1.804435611
PI,2026-03-07T17:00:00.000000,1.789600134
PI,2026-03-07T18:00:00.000000,1.766640306
PI,2026-03-07T19:00:00.000000,1.758533478
PI,2026-03-07T20:00:00.000000,1.765448809
PI,2026-03-07T21:00:00.000000,1.79589355
PI,2026-03-07T22:00:00.000000,1.807389617
PI,2026-03-07T23:00:00.000000,1.786184311
PI,2026-03-08T00:00:00.000000,1.797353387
PI,2026-03-08T01:00:00.000000,1.811600566
PI,2026-03-08T02:00:00.000000,1.820477605
PI,2026-03-08T03:00:00.000000,1.818270564
PI,2026-03-08T04:00:00.000000,1.798522711
PI,2026-03-08T05:00:00.000000,1.805268645
PI,2026-03-08T06:00:00.000000,1.825104594
PI,2026-03-08T07:00:00.000000,1.808699131
PI,2026-03-08T08:00:00.000000,1.785201311
PI,2026-03-08T09:00:00.000000,1.792044163
PI,2026-03-08T10:00:00.000000,1.823136449
PI,2026-03-08T11:00:00.000000,1.80429399
PI,2026-03-08T12:00:00.000000,1.805897355
PI,2026-03-08T13:00:00.000000,1.813364983
PI,2026-03-08T14:00:00.000000,1.834017396
PI,2026-03-08T15:00:00.000000,1.825179815
PI,2026-03-08T16:00:00.000000,1.823493004
PI,2026-03-08T17:00:00.000000,1.844825625
PI,2026-03-08T18:00:00.000000,1.846587777
PI,2026-03-08T19:00:00.000000,1.869244933
PI,2026-03-08T20:00:00.000000,1.858069658
PI,2026-03-08T21:00:00.000000,1.847020149
PI,2026-03-08T22:00:00.000000,1.848062515
PI,2026-03-08T23:00:00.000000,1.853547096
PI,2026-03-09T00:00:00.000000,1.830535412
PI,2026-03-09T01:00:00.000000,1.83097744
PI,2026-03-09T02:00:00.000000,1.843155861
PI,2026-03-09T03:00:00.000000,1.850082636
PI,2026-03-09T04:00:00.000000,1.831060886
PI,2026-03-09T05:00:00.000000,1.84781301
PI,2026-03-09T06:00:00.000000,1.888552666
PI,2026-03-09T07:00:00.000000,1.887880087
PI,2026-03-09T08:00:00.000000,1.889383674
PI,2026-03-09T09:00:00.000000,1.872722507
PI,2026-03-09T10:00:00.000000,1.866963387
PI,2026-03-09T11:00:00.000000,1.86573112
PI,2026-03-09T12:00:00.000000,1.856430411
PI,2026-03-09T13:00:00.000000,1.86639154
PI,2026-03-09T14:00:00.000000,1.886572838
PI,2026-03-09T15:00:00.000000,1.879039049
PI,2026-03-09T16:00:00.000000,1.858477712
PI,2026-03-09T17:00:00.000000,1.87411046
PI,2026-03-09T18:00:00.000000,1.961673141
PI,2026-03-09T19:00:00.000000,1.962287188
PI,2026-03-09T20:00:00.000000,1.977104902
PI,2026-03-09T21:00:00.000000,1.979753971
PI,2026-03-09T22:00:00.000000,1.939532757
PI,2026-03-09T23:00:00.000000,1.940168619
PI,2026-03-10T00:00:00.000000,1.914804697
PI,2026-03-10T01:00:00.000000,1.907224178
PI,2026-03-10T02:00:00.000000,1.902914762
PI,2026-03-10T03:00:00.000000,1.889883995
PI,2026-03-10T04:00:00.000000,1.896504283
PI,2026-03-10T05:00:00.000000,1.872920036
PI,2026-03-10T06:00:00.000000,1.884917974
PI,2026-03-10T07:00:00.000000,1.968833685
PI,2026-03-10T08:00:00.000000,1.961560369
PI,2026-03-10T09:00:00.000000,1.946401358
PI,2026-03-10T10:00:00.000000,1.937114358
PI,2026-03-10T11:00:00.000000,1.932446361
PI,2026-03-10T12:00:00.000000,1.895337582
PI,2026-03-10T13:00:00.000000,1.899470925
PI,2026-03-10T14:00:00.000000,1.918602109
PI,2026-03-10T15:00:00.000000,1.949835539
PI,2026-03-10T16:00:00.000000,1.941216707
PI,2026-03-10T17:00:00.000000,1.943629622
PI,2026-03-10T18:00:00.000000,2.065149784
PI,2026-03-10T19:00:00.000000,2.113346577
PI,2026-03-10T20:00:00.000000,2.103745461
PI,2026-03-10T21:00:00.000000,2.077775955
PI,2026-03-10T22:00:00.000000,2.06789279
PI,2026-03-10T23:00:00.000000,2.025018454
PI,2026-03-11T00:00:00.000000,1.994630694
PI,2026-03-11T01:00:00.000000,1.92922461
PI,2026-03-11T02:00:00.000000,1.931341052
PI,2026-03-11T03:00:00.000000,1.943394184
PI,2026-03-11T04:00:00.000000,1.935645461
PI,2026-03-11T05:00:00.000000,1.911349177
PI,2026-03-11T06:00:00.000000,1.903250575
PI,2026-03-11T07:00:00.000000,1.977509856
PI,2026-03-11T08:00:00.000000,2.063524961
PI,2026-03-11T09:00:00.000000,2.035073519
PI,2026-03-11T10:00:00.000000,2.043324709
PI,2026-03-11T11:00:00.000000,2.005603313
PI,2026-03-11T12:00:00.000000,1.983468175
PI,2026-03-11T13:00:00.000000,1.973622441
PI,2026-03-11T14:00:00.000000,1.959199071
PI,2026-03-11T15:00:00.000000,1.975126624
PI,2026-03-11T16:00:00.000000,1.969697952
PI,2026-03-11T17:00:00.000000,1.961112738
PI,2026-03-11T18:00:00.000000,1.984423637
PI,2026-03-11T19:00:00.000000,2.057271242
PI,2026-03-11T20:00:00.000000,2.050497055
PI,2026-03-11T21:00:00.000000,2.062683821
PI,2026-03-11T22:00:00.000000,2.028573036
PI,2026-03-11T23:00:00.000000,2.035881996
PI,2026-03-12T00:00:00.000000,2.035962343
QU,2026-03-04T00:00:00.000000,2.19831872
QU,2026-03-04T01:00:00.000000,2.195720911
QU,2026-03-04T02:00:00.000000,2.195181847
QU,2026-03-04T03:00:00.000000,2.195314407
QU,2026-03-04T04:00:00.000000,2.194893599
QU,2026-03-04T05:00:00.000000,2.192313194
QU,2026-03-04T06:00:00.000000,2.188694954
QU,2026-03-04T07:00:00.000000,2.184812784
QU,2026-03-04T08:00:00.000000,2.179203033
QU,2026-03-04T09:00:00.000000,2.166022062
QU,2026-03-04T10:00:00.000000,2.162147999
QU,2026-03-04T11:00:00.000000,2.170277834
QU,2026-03-04T12:00:00.000000,2.179911375
QU,2026-03-04T13:00:00.000000,2.183730125
QU,2026-03-04T14:00:00.000000,2.185930967
QU,2026-03-04T15:00:00.000000,2.187110901
QU,2026-03-04T16:00:00.000000,2.187410355
QU,2026-03-04T17:00:00.000000,2.189303637
QU,2026-03-04T18:00:00.000000,2.192346573
QU,2026-03-04T19:00:00.000000,2.195783854
QU,2026-03-04T20:00:00.000000,2.19925189
QU,2026-03-04T21:00:00.000000,2.207897902
QU,2026-03-04T22:00:00.000000,2.212911606
QU,2026-03-04T23:00:00.000000,2.21394062
QU,2026-03-05T00:00:00.000000,2.216564655
QU,2026-03-05T01:00:00.000000,2.221395016
QU,2026-03-05T02:00:00.000000,2.226103783
QU,2026-03-05T03:00:00.000000,2.227247715
QU,2026-03-05T04:00:00.000000,2.225783587
QU,2026-03-05T05:00:00.000000,2.223307848
QU,2026-03-05T06:00:00.000000,2.220314741
QU,2026-03-05T07:00:00.000000,2.211207628
QU,2026-03-05T08:00:00.000000,2.202402115
QU,2026-03-05T09:00:00.000000,2.196712732
QU,2026-03-05T10:00:00.000000,2.196926832
QU,2026-03-05T11:00:00.000000,2.202562332
QU,2026-03-05T12:00:00.000000,2.211051464
QU,2026-03-05T13:00:00.000000,2.222171307
QU,2026-03-05T14:00:00.000000,2.225988865
QU,2026-03-05T15:00:00.000000,2.226052284
QU,2026-03-05T16:00:00.000000,2.227288723
QU,2026-03-05T17:00:00.000000,2.22807312
QU,2026-03-05T18:00:00.000000,2.228303194
QU,2026-03-05T19:00:00.000000,2.224441051
QU,2026-03-05T20:00:00.000000,2.220514774
QU,2026-03-05T21:00:00.000000,2.217043638
QU,2026-03-05T22:00:00.000000,2.209964514
QU,2026-03-05T23:00:00.000000,2.205700636
QU,2026-03-06T00:00:00.000000,2.209434748
QU,2026-03-06T01:00:00.000000,2.203605175
QU,2026-03-06T02:00:00.000000,2.194506168
QU,2026-03-06T03:00:00.000000,2.193428516
QU,2026-03-06T04:00:00.000000,2.195620298
QU,2026-03-06T05:00:00.000000,2.198376417
QU,2026-03-06T06:00:00.000000,2.198581696
QU,2026-03-06T07:00:00.000000,2.193170309
QU,2026-03-06T08:00:00.000000,2.185421944
QU,2026-03-06T09:00:00.000000,2.18800807
QU,2026-03-06T10:00:00.000000,2.191780567
QU,2026-03-06T11:00:00.000000,2.198169231
QU,2026-03-06T12:00:00.000000,2.205555677
QU,2026-03-06T13:00:00.000000,2.214372635
QU,2026-03-06T14:00:00.000000,2.224243164
QU,2026-03-06T15:00:00.000000,2.232769966
QU,2026-03-06T16:00:00.000000,2.238521814
QU,2026-03-06T17:00:00.000000,2.24012208
QU,2026-03-06T18:00:00.000000,2.241499424
QU,2026-03-06T19:00:00.000000,2.244953394
QU,2026-03-06T20:00:00.000000,2.248600006
QU,2026-03-06T21:00:00.000000,2.250157595
QU,2026-03-06T22:00:00.000000,2.251261234
QU,2026-03-06T23:00:00.000000,2.253055334
QU,2026-03-07T00:00:00.000000,2.257368803
QU,2026-03-07T01:00:00.000000,2.268306255
QU,2026-03-07T02:00:00.000000,2.282082558
QU,2026-03-07T03:00:00.000000,2.291940689
QU,2026-03-07T04:00:00.000000,2.294326305
QU,2026-03-07T05:00:00.000000,2.292262793
QU,2026-03-07T06:00:00.000000,2.289700508
QU,2026-03-07T07:00:00.000000,2.287862301
QU,2026-03-07T08:00:00.000000,2.286835909
QU,2026-03-07T09:00:00.000000,2.282637119
QU,2026-03-07T10:00:00.000000,2.272508383
QU,2026-03-07T11:00:00.000000,2.267733812
QU,2026-03-07T12:00:00.000000,2.26851368
QU,2026-03-07T13:00:00.000000,2.272464752
QU,2026-03-07T14:00:00.000000,2.279895782
QU,2026-03-07T15:00:00.000000,2.283979177
QU,2026-03-07T16:00:00.000000,2.283231497
QU,2026-03-07T17:00:00.000000,2.278007507
QU,2026-03-07T18:00:00.000000,2.278106213
QU,2026-03-07T19:00:00.000000,2.279222727
QU,2026-03-07T20:00:00.000000,2.28064847
QU,2026-03-07T21:00:00.000000,2.282054186
QU,2026-03-07T22:00:00.000000,2.284389496
QU,2026-03-07T23:00:00.000000,2.286276579
QU,2026-03-08T00:00:00.000000,2.286174297
QU,2026-03-08T01:00:00.000000,2.284889698
QU,2026-03-08T02:00:00.000000,2.284045696
QU,2026-03-08T03:00:00.000000,2.28685832
QU,2026-03-08T04:00:00.000000,2.29518795
QU,2026-03-08T05:00:00.000000,2.310276985
QU,2026-03-08T06:00:00.000000,2.328534126
QU,2026-03-08T07:00:00.000000,2.336397886
QU,2026-03-08T08:00:00.000000,2.334557056
QU,2026-03-08T09:00:00.000000,2.33203125
QU,2026-03-08T10:00:00.000000,2.330374479
QU,2026-03-08T11:00:00.000000,2.328542233
QU,2026-03-08T12:00:00.000000,2.327064991
QU,2026-03-08T13:00:00.000000,2.327909946
QU,2026-03-08T14:00:00.000000,2.331774712
QU,2026-03-08T15:00:00.000000,2.337445498
QU,2026-03-08T16:00:00.000000,2.342631578
QU,2026-03-08T17:00:00.000000,2.347703695
QU,2026-03-08T18:00:00.000000,2.350967169
QU,2026-03-08T19:00:00.000000,2.350655317
QU,2026-03-08T20:00:00.000000,2.347862005
QU,2026-03-08T21:00:00.000000,2.344119549
QU,2026-03-08T22:00:00.000000,2.33836031
QU,2026-03-08T23:00:00.000000,2.332571745
QU,2026-03-09T00:00:00.000000,2.331786633
QU,2026-03-09T01:00:00.000000,2.333621025
QU,2026-03-09T02:00:00.000000,2.338344097
QU,2026-03-09T03:00:00.000000,2.34483552
QU,2026-03-09T04:00:00.000000,2.34813571
QU,2026-03-09T05:00:00.000000,2.349266052
QU,2026-03-09T06:00:00.000000,2.349056244
QU,2026-03-09T07:00:00.000000,2.348112583
QU,2026-03-09T08:00:00.000000,2.346983194
QU,2026-03-09T09:00:00.000000,2.345873594
QU,2026-03-09T10:00:00.000000,2.345458746
QU,2026-03-09T11:00:00.000000,2.345316887
QU,2026-03-09T12:00:00.000000,2.345326424
QU,2026-03-09T13:00:00.000000,2.345731497
QU,2026-03-09T14:00:00.000000,2.346832752
QU,2026-03-09T15:00:00.000000,2.348487616
QU,2026-03-09T16:00:00.000000,2.350924969
QU,2026-03-09T17:00:00.000000,2.353986979
QU,2026-03-09T18:00:00.000000,2.357859373
QU,2026-03-09T19:00:00.000000,2.363001585
QU,2026-03-09T20:00:00.000000,2.372677565
QU,2026-03-09T21:00:00.000000,2.381759882
QU,2026-03-09T22:00:00.000000,2.381174326
QU,2026-03-09T23:00:00.000000,2.38065052
QU,2026-03-10T00:00:00.000000,2.380167246
QU,2026-03-10T01:00:00.000000,2.379918814
QU,2026-03-10T02:00:00.000000,2.380033016
QU,2026-03-10T03:00:00.000000,2.382639647
QU,2026-03-10T04:00:00.000000,2.383782387
QU,2026-03-10T05:00:00.000000,2.387041569
QU,2026-03-10T06:00:00.000000,2.38970089
QU,2026-03-10T07:00:00.000000,2.392611027
QU,2026-03-10T08:00:00.000000,2.392740011
QU,2026-03-10T09:00:00.000000,2.390156269
QU,2026-03-10T10:00:00.000000,2.386639595
QU,2026-03-10T11:00:00.000000,2.383383512
QU,2026-03-10T12:00:00.000000,2.381116629
QU,2026-03-10T13:00:00.000000,2.380529642
QU,2026-03-10T14:00:00.000000,2.382198811
QU,2026-03-10T15:00:00.000000,2.385139465
QU,2026-03-10T16:00:00.000000,2.38917613
QU,2026-03-10T17:00:00.000000,2.393443108
QU,2026-03-10T18:00:00.000000,2.397455692
QU,2026-03-10T19:00:00.000000,2.400602818
QU,2026-03-10T20:00:00.000000,2.404101372
QU,2026-03-10T21:00:00.000000,2.406708479
QU,2026-03-10T22:00:00.000000,2.408070564
QU,2026-03-10T23:00:00.000000,2.408286333
QU,2026-03-11T00:00:00.000000,2.407879591
QU,2026-03-11T01:00:00.000000,2.407832861
QU,2026-03-11T02:00:00.000000,2.408783197
QU,2026-03-11T03:00:00.000000,2.411305428
QU,2026-03-11T04:00:00.000000,2.414699078
QU,2026-03-11T05:00:00.000000,2.417517662
QU,2026-03-11T06:00:00.000000,2.420353889
QU,2026-03-11T07:00:00.000000,2.423733711
QU,2026-03-11T08:00:00.000000,2.42523551
QU,2026-03-11T09:00:00.000000,2.424343348
QU,2026-03-11T10:00:00.000000,2.42209053
QU,2026-03-11T11:00:00.000000,2.419565201
QU,2026-03-11T12:00:00.000000,2.416948795
QU,2026-03-11T13:00:00.000000,2.412174463
QU,2026-03-11T14:00:00.000000,2.410072088
QU,2026-03-11T15:00:00.000000,2.412946463
QU,2026-03-11T16:00:00.000000,2.41747427
QU,2026-03-11T17:00:00.000000,2.42269969
QU,2026-03-11T18:00:00.000000,2.428102493
QU,2026-03-11T19:00:00.000000,2.433729649
QU,2026-03-11T20:00:00.000000,2.436625242
QU,2026-03-11T21:00:00.000000,2.435927868
QU,2026-03-11T22:00:00.000000,2.433854342
QU,2026-03-11T23:00:00.000000,2.431284904
QU,2026-03-12T00:00:00.000000,2.42939353
CC,2026-03-04T00:00:00.000000,0.320249557
CC,2026-03-04T01:00:00.000000,0.32858631
CC,2026-03-04T02:00:00.000000,0.334700406
CC,2026-03-04T03:00:00.000000,0.341611654
CC,2026-03-04T04:00:00.000000,0.349625707
CC,2026-03-04T05:00:00.000000,0.355476797
CC,2026-03-04T06:00:00.000000,0.356400996
CC,2026-03-04T07:00:00.000000,0.357434779
CC,2026-03-04T08:00:00.000000,0.358930379
CC,2026-03-04T09:00:00.000000,0.36040172
CC,2026-03-04T10:00:00.000000,0.361596465
CC,2026-03-04T11:00:00.000000,0.363254309
CC,2026-03-04T12:00:00.000000,0.365061134
CC,2026-03-04T13:00:00.000000,0.366327465
CC,2026-03-04T14:00:00.000000,0.367934257
CC,2026-03-04T15:00:00.000000,0.36974448
CC,2026-03-04T16:00:00.000000,0.371569335
CC,2026-03-04T17:00:00.000000,0.37338832
CC,2026-03-04T18:00:00.000000,0.375078619
CC,2026-03-04T19:00:00.000000,0.376541346
CC,2026-03-04T20:00:00.000000,0.377932936
CC,2026-03-04T21:00:00.000000,0.378855824
CC,2026-03-04T22:00:00.000000,0.379313946
CC,2026-03-04T23:00:00.000000,0.379588425
CC,2026-03-05T00:00:00.000000,0.380566835
CC,2026-03-05T01:00:00.000000,0.383505911
CC,2026-03-05T02:00:00.000000,0.388982117
CC,2026-03-05T03:00:00.000000,0.394350767
CC,2026-03-05T04:00:00.000000,0.402632743
CC,2026-03-05T05:00:00.000000,0.411824524
CC,2026-03-05T06:00:00.000000,0.416222334
CC,2026-03-05T07:00:00.000000,0.418812394
CC,2026-03-05T08:00:00.000000,0.420628965
CC,2026-03-05T09:00:00.000000,0.422712594
CC,2026-03-05T10:00:00.000000,0.424488008
CC,2026-03-05T11:00:00.000000,0.427889735
CC,2026-03-05T12:00:00.000000,0.432321757
CC,2026-03-05T13:00:00.000000,0.435106903
CC,2026-03-05T14:00:00.000000,0.438766539
CC,2026-03-05T15:00:00.000000,0.442921847
CC,2026-03-05T16:00:00.000000,0.447235286
CC,2026-03-05T17:00:00.000000,0.452013016
CC,2026-03-05T18:00:00.000000,0.456325144
CC,2026-03-05T19:00:00.000000,0.45883432
CC,2026-03-05T20:00:00.000000,0.460601687
CC,2026-03-05T21:00:00.000000,0.461946338
CC,2026-03-05T22:00:00.000000,0.463421315
CC,2026-03-05T23:00:00.000000,0.46562773
CC,2026-03-06T00:00:00.000000,0.469173849
CC,2026-03-06T01:00:00.000000,0.471968293
CC,2026-03-06T02:00:00.000000,0.474069834
CC,2026-03-06T03:00:00.000000,0.47631216
CC,2026-03-06T04:00:00.000000,0.479092866
CC,2026-03-06T05:00:00.000000,0.483113885
CC,2026-03-06T06:00:00.000000,0.485441387
CC,2026-03-06T07:00:00.000000,0.486983955
CC,2026-03-06T08:00:00.000000,0.48818782
CC,2026-03-06T09:00:00.000000,0.489265323
CC,2026-03-06T10:00:00.000000,0.490167797
CC,2026-03-06T11:00:00.000000,0.491526306
CC,2026-03-06T12:00:00.000000,0.493895799
CC,2026-03-06T13:00:00.000000,0.497011542
CC,2026-03-06T14:00:00.000000,0.4997859
CC,2026-03-06T15:00:00.000000,0.502500713
CC,2026-03-06T16:00:00.000000,0.505442142
CC,2026-03-06T17:00:00.000000,0.509198308
CC,2026-03-06T18:00:00.000000,0.514432251
CC,2026-03-06T19:00:00.000000,0.520321488
CC,2026-03-06T20:00:00.000000,0.525098741
CC,2026-03-06T21:00:00.000000,0.529175103
CC,2026-03-06T22:00:00.000000,0.533141017
CC,2026-03-06T23:00:00.000000,0.53749913
CC,2026-03-07T00:00:00.000000,0.542302191
CC,2026-03-07T01:00:00.000000,0.547501683
CC,2026-03-07T02:00:00.000000,0.552735865
CC,2026-03-07T03:00:00.000000,0.559702337
CC,2026-03-07T04:00:00.000000,0.592057645
CC,2026-03-07T05:00:00.000000,0.610778213
CC,2026-03-07T06:00:00.000000,0.614923298
CC,2026-03-07T07:00:00.000000,0.619459212
CC,2026-03-07T08:00:00.000000,0.621786654
CC,2026-03-07T09:00:00.000000,0.624330819
CC,2026-03-07T10:00:00.000000,0.627358675
CC,2026-03-07T11:00:00.000000,0.63059324
CC,2026-03-07T12:00:00.000000,0.63362056
CC,2026-03-07T13:00:00.000000,0.635742962
CC,2026-03-07T14:00:00.000000,0.640027404
CC,2026-03-07T15:00:00.000000,0.647100031
CC,2026-03-07T16:00:00.000000,0.657270789
CC,2026-03-07T17:00:00.000000,0.667896271
CC,2026-03-07T18:00:00.000000,0.680071592
CC,2026-03-07T19:00:00.000000,0.692279041
CC,2026-03-07T20:00:00.000000,0.700603485
CC,2026-03-07T21:00:00.000000,0.707748353
CC,2026-03-07T22:00:00.000000,0.715960324
CC,2026-03-07T23:00:00.000000,0.727436662
CC,2026-03-08T00:00:00.000000,0.739373684
CC,2026-03-08T01:00:00.000000,0.75355649
CC,2026-03-08T02:00:00.000000,0.768098474
CC,2026-03-08T03:00:00.000000,0.785608053
CC,2026-03-08T04:00:00.000000,0.807784259
CC,2026-03-08T05:00:00.000000,0.827220738
CC,2026-03-08T06:00:00.000000,0.84282428
CC,2026-03-08T07:00:00.000000,0.854817688
CC,2026-03-08T08:00:00.000000,0.862507284
CC,2026-03-08T09:00:00.000000,0.86707902
CC,2026-03-08T10:00:00.000000,0.870631814
CC,2026-03-08T11:00:00.000000,0.874568939
CC,2026-03-08T12:00:00.000000,0.874754667
CC,2026-03-08T13:00:00.000000,0.874101639
CC,2026-03-08T14:00:00.000000,0.87257266
CC,2026-03-08T15:00:00.000000,0.871347666
CC,2026-03-08T16:00:00.000000,0.870717406
CC,2026-03-08T17:00:00.000000,0.870283782
CC,2026-03-08T18:00:00.000000,0.869805992
CC,2026-03-08T19:00:00.000000,0.869177699
CC,2026-03-08T20:00:00.000000,0.868878365
CC,2026-03-08T21:00:00.000000,0.868669868
CC,2026-03-08T22:00:00.000000,0.867715359
CC,2026-03-08T23:00:00.000000,0.866562366
CC,2026-03-09T00:00:00.000000,0.86575073
CC,2026-03-09T01:00:00.000000,0.86436981
CC,2026-03-09T02:00:00.000000,0.862124443
CC,2026-03-09T03:00:00.000000,0.860233665
CC,2026-03-09T04:00:00.000000,0.859052181
CC,2026-03-09T05:00:00.000000,0.858201981
CC,2026-03-09T06:00:00.000000,0.857227087
CC,2026-03-09T07:00:00.000000,0.856176257
CC,2026-03-09T08:00:00.000000,0.855288982
CC,2026-03-09T09:00:00.000000,0.854161084
CC,2026-03-09T10:00:00.000000,0.852849782
CC,2026-03-09T11:00:00.000000,0.851674199
CC,2026-03-09T12:00:00.000000,0.850935996
CC,2026-03-09T13:00:00.000000,0.850212872
CC,2026-03-09T14:00:00.000000,0.849847674
CC,2026-03-09T15:00:00.000000,0.85098654
CC,2026-03-09T16:00:00.000000,0.854564667
CC,2026-03-09T17:00:00.000000,0.860589504
CC,2026-03-09T18:00:00.000000,0.866930962
CC,2026-03-09T19:00:00.000000,0.873190343
CC,2026-03-09T20:00:00.000000,0.880381286
CC,2026-03-09T21:00:00.000000,0.886720359
CC,2026-03-09T22:00:00.000000,0.891342521
CC,2026-03-09T23:00:00.000000,0.89623642
CC,2026-03-10T00:00:00.000000,0.904311121
CC,2026-03-10T01:00:00.000000,0.914862871
CC,2026-03-10T02:00:00.000000,0.921239436
CC,2026-03-10T03:00:00.000000,0.926858127
CC,2026-03-10T04:00:00.000000,0.932270169
CC,2026-03-10T05:00:00.000000,0.934449077
CC,2026-03-10T06:00:00.000000,0.933282256
CC,2026-03-10T07:00:00.000000,0.931430519
CC,2026-03-10T08:00:00.000000,0.929286361
CC,2026-03-10T09:00:00.000000,0.927035868
CC,2026-03-10T10:00:00.000000,0.925193131
CC,2026-03-10T11:00:00.000000,0.923084557
CC,2026-03-10T12:00:00.000000,0.920484424
CC,2026-03-10T13:00:00.000000,0.917988956
CC,2026-03-10T14:00:00.000000,0.91648066
CC,2026-03-10T15:00:00.000000,0.91519779
CC,2026-03-10T16:00:00.000000,0.914637864
CC,2026-03-10T17:00:00.000000,0.914468169
CC,2026-03-10T18:00:00.000000,0.914081573
CC,2026-03-10T19:00:00.000000,0.911501169
CC,2026-03-10T20:00:00.000000,0.90820688
CC,2026-03-10T21:00:00.000000,0.90740782
CC,2026-03-10T22:00:00.000000,0.907819331
CC,2026-03-10T23:00:00.000000,0.908388019
CC,2026-03-11T00:00:00.000000,0.910037577
CC,2026-03-11T01:00:00.000000,0.912204862
CC,2026-03-11T02:00:00.000000,0.915025234
CC,2026-03-11T03:00:00.000000,0.918481767
CC,2026-03-11T04:00:00.000000,0.922115088
CC,2026-03-11T05:00:00.000000,0.925508559
CC,2026-03-11T06:00:00.000000,0.928507507
CC,2026-03-11T07:00:00.000000,0.931097329
CC,2026-03-11T08:00:00.000000,0.933382094
CC,2026-03-11T09:00:00.000000,0.937129676
CC,2026-03-11T10:00:00.000000,0.941974998
CC,2026-03-11T11:00:00.000000,0.946969569
CC,2026-03-11T12:00:00.000000,0.951615036
CC,2026-03-11T13:00:00.000000,0.954304576
CC,2026-03-11T14:00:00.000000,0.954388261
CC,2026-03-11T15:00:00.000000,0.953322411
CC,2026-03-11T16:00:00.000000,0.951462805
CC,2026-03-11T17:00:00.000000,0.950042605
CC,2026-03-11T18:00:00.000000,0.951834083
CC,2026-03-11T19:00:00.000000,0.95668155
CC,2026-03-11T20:00:00.000000,0.963105023
CC,2026-03-11T21:00:00.000000,0.969759226
CC,2026-03-11T22:00:00.000000,0.975306809
CC,2026-03-11T23:00:00.000000,0.979497969
CC,2026-03-12T00:00:00.000000,0.982862711
DL,2026-03-04T00:00:00.000000,0.604584217
DL,2026-03-04T01:00:00.000000,0.695600152
DL,2026-03-04T02:00:00.000000,0.733971
DL,2026-03-04T03:00:00.000000,0.739700317
DL,2026-03-04T04:00:00.000000,1.39057827
DL,2026-03-04T05:00:00.000000,2.106936693
DL,2026-03-04T06:00:00.000000,1.634769917
DL,2026-03-04T07:00:00.000000,0.841628075
DL,2026-03-04T08:00:00.000000,0.62868768
DL,2026-03-04T09:00:00.000000,0.728867948
DL,2026-03-04T10:00:00.000000,0.605370104
DL,2026-03-04T11:00:00.000000,0.592495859
DL,2026-03-04T12:00:00.000000,0.590864539
DL,2026-03-04T13:00:00.000000,0.601046205
DL,2026-03-04T14:00:00.000000,0.659547091
DL,2026-03-04T15:00:00.000000,0.696585536
DL,2026-03-04T16:00:00.000000,1.393419266
DL,2026-03-04T17:00:00.000000,1.773171067
DL,2026-03-04T18:00:00.000000,2.086482525
DL,2026-03-04T19:00:00.000000,1.979778171
DL,2026-03-04T20:00:00.000000,1.145503283
DL,2026-03-04T21:00:00.000000,0.968944371
DL,2026-03-04T22:00:00.000000,0.851278663
DL,2026-03-04T23:00:00.000000,0.764582336
DL,2026-03-05T00:00:00.000000,0.709258139
DL,2026-03-05T01:00:00.000000,0.69133842
DL,2026-03-05T02:00:00.000000,0.699282825
DL,2026-03-05T03:00:00.000000,0.735380173
DL,2026-03-05T04:00:00.000000,1.445288658
DL,2026-03-05T05:00:00.000000,1.605308652
DL,2026-03-05T06:00:00.000000,1.940829158
DL,2026-03-05T07:00:00.000000,1.958547473
DL,2026-03-05T08:00:00.000000,1.958547473
DL,2026-03-05T09:00:00.000000,0.984074533
DL,2026-03-05T10:00:00.000000,0.923083961
DL,2026-03-05T11:00:00.000000,0.822237551
DL,2026-03-05T12:00:00.000000,0.749439418
DL,2026-03-05T13:00:00.000000,0.732900679
DL,2026-03-05T14:00:00.000000,0.729645908
DL,2026-03-05T15:00:00.000000,0.744781077
DL,2026-03-05T16:00:00.000000,0.760739267
DL,2026-03-05T17:00:00.000000,1.631989956
DL,2026-03-05T18:00:00.000000,2.069925308
DL,2026-03-05T19:00:00.000000,1.631452084
DL,2026-03-05T20:00:00.000000,1.362308979
DL,2026-03-05T21:00:00.000000,1.072214961
DL,2026-03-05T22:00:00.000000,1.09397006
DL,2026-03-05T23:00:00.000000,1.009273767
DL,2026-03-06T00:00:00.000000,0.93562454
DL,2026-03-06T01:00:00.000000,0.894133687
DL,2026-03-06T02:00:00.000000,0.83691448
DL,2026-03-06T03:00:00.000000,0.792174935
DL,2026-03-06T04:00:00.000000,0.801031649
DL,2026-03-06T05:00:00.000000,1.739262104
DL,2026-03-06T06:00:00.000000,1.912226796
DL,2026-03-06T07:00:00.000000,2.094262362
DL,2026-03-06T08:00:00.000000,1.635182381
DL,2026-03-06T09:00:00.000000,1.583777189
DL,2026-03-06T10:00:00.000000,1.141666651
DL,2026-03-06T11:00:00.000000,1.100186706
DL,2026-03-06T12:00:00.000000,1.007862687
DL,2026-03-06T13:00:00.000000,0.94821012
DL,2026-03-06T14:00:00.000000,0.90479362
DL,2026-03-06T15:00:00.000000,0.858639002
DL,2026-03-06T16:00:00.000000,0.844039559
DL,2026-03-06T17:00:00.000000,1.290105343
DL,2026-03-06T18:00:00.000000,1.857905984
DL,2026-03-06T19:00:00.000000,1.856343865
DL,2026-03-06T20:00:00.000000,1.461769223
DL,2026-03-06T21:00:00.000000,1.150547743
DL,2026-03-06T22:00:00.000000,1.088911295
DL,2026-03-06T23:00:00.000000,1.016895771
DL,2026-03-07T00:00:00.000000,0.950871825
DL,2026-03-07T01:00:00.000000,0.90898782
DL,2026-03-07T02:00:00.000000,0.8674227
DL,2026-03-07T03:00:00.000000,0.833712101
DL,2026-03-07T04:00:00.000000,0.862484455
DL,2026-03-07T05:00:00.000000,0.957392216
DL,2026-03-07T06:00:00.000000,1.857211709
DL,2026-03-07T07:00:00.000000,1.569304347
DL,2026-03-07T08:00:00.000000,1.232214928
DL,2026-03-07T09:00:00.000000,1.168394446
DL,2026-03-07T10:00:00.000000,1.110153198
DL,2026-03-07T11:00:00.000000,1.064783931
DL,2026-03-07T12:00:00.000000,1.010501981
DL,2026-03-07T13:00:00.000000,0.929999888
DL,2026-03-07T14:00:00.000000,0.88220489
DL,2026-03-07T15:00:00.000000,0.865191698
DL,2026-03-07T16:00:00.000000,0.908912182
DL,2026-03-07T17:00:00.000000,0.984587312
DL,2026-03-07T18:00:00.000000,1.72714901
DL,2026-03-07T19:00:00.000000,1.995811939
DL,2026-03-07T20:00:00.000000,1.735639095
DL,2026-03-07T21:00:00.000000,1.201695919
DL,2026-03-07T22:00:00.000000,0.979320407
DL,2026-03-07T23:00:00.000000,0.92694521
DL,2026-03-08T00:00:00.000000,0.92878741
DL,2026-03-08T01:00:00.000000,0.915148258
DL,2026-03-08T02:00:00.000000,0.907936394
DL,2026-03-08T03:00:00.000000,0.908488989
DL,2026-03-08T04:00:00.000000,0.919616103
DL,2026-03-08T05:00:00.000000,0.979889691
DL,2026-03-08T06:00:00.000000,1.024355769
DL,2026-03-08T07:00:00.000000,1.519811153
DL,2026-03-08T08:00:00.000000,1.804254532
DL,2026-03-08T09:00:00.000000,1.132657886
DL,2026-03-08T10:00:00.000000,0.927529752
DL,2026-03-08T11:00:00.000000,0.940481365
DL,2026-03-08T12:00:00.000000,0.935101628
DL,2026-03-08T13:00:00.000000,0.936973393
DL,2026-03-08T14:00:00.000000,0.945323408
DL,2026-03-08T15:00:00.000000,0.950917304
DL,2026-03-08T16:00:00.000000,0.954865873
DL,2026-03-08T17:00:00.000000,0.96083349
DL,2026-03-08T18:00:00.000000,1.237250924
DL,2026-03-08T19:00:00.000000,1.672676086
DL,2026-03-08T20:00:00.000000,1.817774415
DL,2026-03-08T21:00:00.000000,1.555530787
DL,2026-03-08T22:00:00.000000,0.993794143
DL,2026-03-08T23:00:00.000000,0.986210108
DL,2026-03-09T00:00:00.000000,0.984884799
DL,2026-03-09T01:00:00.000000,0.987345576
DL,2026-03-09T02:00:00.000000,0.988224089
DL,2026-03-09T03:00:00.000000,0.988157809
DL,2026-03-09T04:00:00.000000,0.990710795
DL,2026-03-09T05:00:00.000000,1.009213924
DL,2026-03-09T06:00:00.000000,1.001047611
DL,2026-03-09T07:00:00.000000,1.389809847
DL,2026-03-09T08:00:00.000000,1.592760444
DL,2026-03-09T09:00:00.000000,1.64492178
DL,2026-03-09T10:00:00.000000,1.444326997
DL,2026-03-09T11:00:00.000000,1.451610565
DL,2026-03-09T12:00:00.000000,1.533676386
DL,2026-03-09T13:00:00.000000,1.245875597
DL,2026-03-09T14:00:00.000000,1.170467734
DL,2026-03-09T15:00:00.000000,1.108276606
DL,2026-03-09T16:00:00.000000,1.087929726
DL,2026-03-09T17:00:00.000000,1.10722065
DL,2026-03-09T18:00:00.000000,1.172207952
DL,2026-03-09T19:00:00.000000,1.21900034
DL,2026-03-09T20:00:00.000000,1.752096653
DL,2026-03-09T21:00:00.000000,1.641435146
DL,2026-03-09T22:00:00.000000,1.14682281
DL,2026-03-09T23:00:00.000000,1.046865225
DL,2026-03-10T00:00:00.000000,1.028323174
DL,2026-03-10T01:00:00.000000,1.014036894
DL,2026-03-10T02:00:00.000000,1.012649536
DL,2026-03-10T03:00:00.000000,1.01124239
DL,2026-03-10T04:00:00.000000,1.012265801
DL,2026-03-10T05:00:00.000000,1.014074087
DL,2026-03-10T06:00:00.000000,1.017929673
DL,2026-03-10T07:00:00.000000,1.040063977
DL,2026-03-10T08:00:00.000000,1.04890275
DL,2026-03-10T09:00:00.000000,1.411842704
DL,2026-03-10T10:00:00.000000,1.247422695
DL,2026-03-10T11:00:00.000000,1.212324977
DL,2026-03-10T12:00:00.000000,1.112114429
DL,2026-03-10T13:00:00.000000,1.293549895
DL,2026-03-10T14:00:00.000000,1.128816009
DL,2026-03-10T15:00:00.000000,1.068101168
DL,2026-03-10T16:00:00.000000,1.046591997
DL,2026-03-10T17:00:00.000000,1.063871741
DL,2026-03-10T18:00:00.000000,1.088009953
DL,2026-03-10T19:00:00.000000,1.245419383
DL,2026-03-10T20:00:00.000000,1.535648704
DL,2026-03-10T21:00:00.000000,1.762840509
DL,2026-03-10T22:00:00.000000,1.759250402
DL,2026-03-10T23:00:00.000000,1.423299313
DL,2026-03-11T00:00:00.000000,1.279182196
DL,2026-03-11T01:00:00.000000,1.242401719
DL,2026-03-11T02:00:00.000000,1.193198204
DL,2026-03-11T03:00:00.000000,1.141631246
DL,2026-03-11T04:00:00.000000,1.118361235
DL,2026-03-11T05:00:00.000000,1.123018861
DL,2026-03-11T06:00:00.000000,1.14296782
DL,2026-03-11T07:00:00.000000,1.167966366
DL,2026-03-11T08:00:00.000000,1.160508275
DL,2026-03-11T09:00:00.000000,1.171655059
DL,2026-03-11T10:00:00.000000,1.184098721
DL,2026-03-11T11:00:00.000000,1.201471686
DL,2026-03-11T12:00:00.000000,1.163113475
DL,2026-03-11T13:00:00.000000,1.234771729
DL,2026-03-11T14:00:00.000000,1.078310847
DL,2026-03-11T15:00:00.000000,1.077702522
DL,2026-03-11T16:00:00.000000,1.080747843
DL,2026-03-11T17:00:00.000000,1.087744713
DL,2026-03-11T18:00:00.000000,1.095923305
DL,2026-03-11T19:00:00.000000,1.10577178
DL,2026-03-11T20:00:00.000000,1.115452051
DL,2026-03-11T21:00:00.000000,1.205505848
DL,2026-03-11T22:00:00.000000,1.275481105
DL,2026-03-11T23:00:00.000000,1.20014894
DL,2026-03-12T00:00:00.000000,1.138507724
GB,2026-03-04T00:00:00.000000,0.743915558
GB,2026-03-04T01:00:00.000000,0.683444977
GB,2026-03-04T02:00:00.000000,0.65116477
GB,2026-03-04T03:00:00.000000,0.634398758
GB,2026-03-04T04:00:00.000000,0.611452758
GB,2026-03-04T05:00:00.000000,0.615133822
GB,2026-03-04T06:00:00.000000,0.672833383
GB,2026-03-04T07:00:00.000000,0.706874788
GB,2026-03-04T08:00:00.000000,0.735703468
GB,2026-03-04T09:00:00.000000,0.748334706
GB,2026-03-04T10:00:00.000000,0.750365436
GB,2026-03-04T11:00:00.000000,0.755663931
GB,2026-03-04T12:00:00.000000,0.80516392
GB,2026-03-04T13:00:00.000000,0.783501983
GB,2026-03-04T14:00:00.000000,0.749498606
GB,2026-03-04T15:00:00.000000,0.737800062
GB,2026-03-04T16:00:00.000000,0.741642118
GB,2026-03-04T17:00:00.000000,0.749432504
GB,2026-03-04T18:00:00.000000,0.802892029
GB,2026-03-04T19:00:00.000000,0.823284388
GB,2026-03-04T20:00:00.000000,0.879879594
GB,2026-03-04T21:00:00.000000,0.914934754
GB,2026-03-04T22:00:00.000000,0.926296353
GB,2026-03-04T23:00:00.000000,0.932098567
GB,2026-03-05T00:00:00.000000,0.970534384
GB,2026-03-05T01:00:00.000000,0.951330125
GB,2026-03-05T02:00:00.000000,0.909373283
GB,2026-03-05T03:00:00.000000,0.886919677
GB,2026-03-05T04:00:00.000000,0.875712931
GB,2026-03-05T05:00:00.000000,0.867025554
GB,2026-03-05T06:00:00.000000,0.882699549
GB,2026-03-05T07:00:00.000000,0.923306286
GB,2026-03-05T08:00:00.000000,0.956205845
GB,2026-03-05T09:00:00.000000,0.97771138
GB,2026-03-05T10:00:00.000000,0.994618833
GB,2026-03-05T11:00:00.000000,0.999643385
GB,2026-03-05T12:00:00.000000,1.005177021
GB,2026-03-05T13:00:00.000000,1.046775699
GB,2026-03-05T14:00:00.000000,0.997190535
GB,2026-03-05T15:00:00.000000,0.943065524
GB,2026-03-05T16:00:00.000000,0.906642914
GB,2026-03-05T17:00:00.000000,0.871469975
GB,2026-03-05T18:00:00.000000,0.875861228
GB,2026-03-05T19:00:00.000000,0.980945945
GB,2026-03-05T20:00:00.000000,1.026796937
GB,2026-03-05T21:00:00.000000,1.061018348
GB,2026-03-05T22:00:00.000000,1.063939214
GB,2026-03-05T23:00:00.000000,1.063209653
GB,2026-03-06T00:00:00.000000,1.070052862
GB,2026-03-06T01:00:00.000000,1.128235936
GB,2026-03-06T02:00:00.000000,1.081321001
GB,2026-03-06T03:00:00.000000,0.998010099
GB,2026-03-06T04:00:00.000000,0.929594874
GB,2026-03-06T05:00:00.000000,0.877780855
GB,2026-03-06T06:00:00.000000,0.84983021
GB,2026-03-06T07:00:00.000000,1.033694625
GB,2026-03-06T08:00:00.000000,1.093486428
GB,2026-03-06T09:00:00.000000,1.159132719
GB,2026-03-06T10:00:00.000000,1.218076348
GB,2026-03-06T11:00:00.000000,1.220948935
GB,2026-03-06T12:00:00.000000,1.205161572
GB,2026-03-06T13:00:00.000000,1.267704844
GB,2026-03-06T14:00:00.000000,1.319722295
GB,2026-03-06T15:00:00.000000,1.179820061
GB,2026-03-06T16:00:00.000000,1.051671743
GB,2026-03-06T17:00:00.000000,0.961033285
GB,2026-03-06T18:00:00.000000,0.867590427
GB,2026-03-06T19:00:00.000000,1.043664575
GB,2026-03-06T20:00:00.000000,1.266573191
GB,2026-03-06T21:00:00.000000,1.345418453
GB,2026-03-06T22:00:00.000000,1.37808013
GB,2026-03-06T23:00:00.000000,1.347202778
GB,2026-03-07T00:00:00.000000,1.319002151
GB,2026-03-07T01:00:00.000000,1.393000126
GB,2026-03-07T02:00:00.000000,1.431521416
GB,2026-03-07T03:00:00.000000,1.273849249
GB,2026-03-07T04:00:00.000000,1.138136625
GB,2026-03-07T05:00:00.000000,1.044970036
GB,2026-03-07T06:00:00.000000,0.953188956
GB,2026-03-07T07:00:00.000000,0.975040376
GB,2026-03-07T08:00:00.000000,1.328689456
GB,2026-03-07T09:00:00.000000,1.367173433
GB,2026-03-07T10:00:00.000000,1.380888343
GB,2026-03-07T11:00:00.000000,1.397348166
GB,2026-03-07T12:00:00.000000,1.386912107
GB,2026-03-07T13:00:00.000000,1.385062933
GB,2026-03-07T14:00:00.000000,1.475010276
GB,2026-03-07T15:00:00.000000,1.371430993
GB,2026-03-07T16:00:00.000000,1.246167779
GB,2026-03-07T17:00:00.000000,1.173536777
GB,2026-03-07T18:00:00.000000,1.120394111
GB,2026-03-07T19:00:00.000000,1.042343259
GB,2026-03-07T20:00:00.000000,1.260034919
GB,2026-03-07T21:00:00.000000,1.415712237
GB,2026-03-07T22:00:00.000000,1.421025038
GB,2026-03-07T23:00:00.000000,1.413389206
GB,2026-03-08T00:00:00.000000,1.403966308
GB,2026-03-08T01:00:00.000000,1.404138684
GB,2026-03-08T02:00:00.000000,1.428305387
GB,2026-03-08T03:00:00.000000,1.375637412
GB,2026-03-08T04:00:00.000000,1.302661061
GB,2026-03-08T05:00:00.000000,1.262322426
GB,2026-03-08T06:00:00.000000,1.236239791
GB,2026-03-08T07:00:00.000000,1.196801901
GB,2026-03-08T08:00:00.000000,1.235561848
GB,2026-03-08T09:00:00.000000,1.423300147
GB,2026-03-08T10:00:00.000000,1.433913112
GB,2026-03-08T11:00:00.000000,1.438666582
GB,2026-03-08T12:00:00.000000,1.43853426
GB,2026-03-08T13:00:00.000000,1.449778676
GB,2026-03-08T14:00:00.000000,1.462676644
GB,2026-03-08T15:00:00.000000,1.464439154
GB,2026-03-08T16:00:00.000000,1.413241148
GB,2026-03-08T17:00:00.000000,1.381643414
GB,2026-03-08T18:00:00.000000,1.367356777
GB,2026-03-08T19:00:00.000000,1.353981614
GB,2026-03-08T20:00:00.000000,1.323289156
GB,2026-03-08T21:00:00.000000,1.429402471
GB,2026-03-08T22:00:00.000000,1.494089842
GB,2026-03-08T23:00:00.000000,1.505993843
GB,2026-03-09T00:00:00.000000,1.508208871
GB,2026-03-09T01:00:00.000000,1.507678747
GB,2026-03-09T02:00:00.000000,1.509420276
GB,2026-03-09T03:00:00.000000,1.525648355
GB,2026-03-09T04:00:00.000000,1.494465828
GB,2026-03-09T05:00:00.000000,1.460465908
GB,2026-03-09T06:00:00.000000,1.437693119
GB,2026-03-09T07:00:00.000000,1.416940928
GB,2026-03-09T08:00:00.000000,1.386516929
GB,2026-03-09T09:00:00.000000,1.482575655
GB,2026-03-09T10:00:00.000000,1.536196113
GB,2026-03-09T11:00:00.000000,1.558611631
GB,2026-03-09T12:00:00.000000,1.562921047
GB,2026-03-09T13:00:00.000000,1.569161773
GB,2026-03-09T14:00:00.000000,1.574098587
GB,2026-03-09T15:00:00.000000,1.606984019
GB,2026-03-09T16:00:00.000000,1.6382128
GB,2026-03-09T17:00:00.000000,1.608106494
GB,2026-03-09T18:00:00.000000,1.574751139
GB,2026-03-09T19:00:00.000000,1.552223086
GB,2026-03-09T20:00:00.000000,1.533681154
GB,2026-03-09T21:00:00.000000,1.562268972
GB,2026-03-09T22:00:00.000000,1.659369588
GB,2026-03-09T23:00:00.000000,1.68325901
GB,2026-03-10T00:00:00.000000,1.695126176
GB,2026-03-10T01:00:00.000000,1.697642803
GB,2026-03-10T02:00:00.000000,1.701950431
GB,2026-03-10T03:00:00.000000,1.709709167
GB,2026-03-10T04:00:00.000000,1.736914515
GB,2026-03-10T05:00:00.000000,1.718899608
GB,2026-03-10T06:00:00.000000,1.686998844
GB,2026-03-10T07:00:00.000000,1.663486838
GB,2026-03-10T08:00:00.000000,1.640600801
GB,2026-03-10T09:00:00.000000,1.6148386
GB,2026-03-10T10:00:00.000000,1.702537656
GB,2026-03-10T11:00:00.000000,1.760715365
GB,2026-03-10T12:00:00.000000,1.772046924
GB,2026-03-10T13:00:00.000000,1.76962018
GB,2026-03-10T14:00:00.000000,1.770593882
GB,2026-03-10T15:00:00.000000,1.777887225
GB,2026-03-10T16:00:00.000000,1.802465558
GB,2026-03-10T17:00:00.000000,1.794734001
GB,2026-03-10T18:00:00.000000,1.771208882
GB,2026-03-10T19:00:00.000000,1.760141015
GB,2026-03-10T20:00:00.000000,1.755543828
GB,2026-03-10T21:00:00.000000,1.739909172
GB,2026-03-10T22:00:00.000000,1.756446362
GB,2026-03-10T23:00:00.000000,1.796620846
GB,2026-03-11T00:00:00.000000,1.813331127
GB,2026-03-11T01:00:00.000000,1.824510217
GB,2026-03-11T02:00:00.000000,1.829353571
GB,2026-03-11T03:00:00.000000,1.830448747
GB,2026-03-11T04:00:00.000000,1.834534287
GB,2026-03-11T05:00:00.000000,1.842140675
GB,2026-03-11T06:00:00.000000,1.827123761
GB,2026-03-11T07:00:00.000000,1.812435746
GB,2026-03-11T08:00:00.000000,1.800877333
GB,2026-03-11T09:00:00.000000,1.782429576
GB,2026-03-11T10:00:00.000000,1.780486465
GB,2026-03-11T11:00:00.000000,1.855446219
GB,2026-03-11T12:00:00.000000,1.882280231
GB,2026-03-11T13:00:00.000000,1.898069739
GB,2026-03-11T14:00:00.000000,1.908266664
GB,2026-03-11T15:00:00.000000,1.920296311
GB,2026-03-11T16:00:00.000000,1.926420212
GB,2026-03-11T17:00:00.000000,1.953289509
GB,2026-03-11T18:00:00.000000,1.94664216
GB,2026-03-11T19:00:00.000000,1.929935336
GB,2026-03-11T20:00:00.000000,1.917462707
GB,2026-03-11T21:00:00.000000,1.906133413
GB,2026-03-11T22:00:00.000000,1.885531425
GB,2026-03-11T23:00:00.000000,1.910590529
GB,2026-03-12T00:00:00.000000,1.973865986
LI,2026-03-04T00:00:00.000000,0.592148185
LI,2026-03-04T01:00:00.000000,0.589374125
LI,2026-03-04T02:00:00.000000,0.587554038
LI,2026-03-04T03:00:00.000000,0.588205099
LI,2026-03-04T04:00:00.000000,0.605856001
LI,2026-03-04T05:00:00.000000,0.617341995
LI,2026-03-04T06:00:00.000000,0.610039949
LI,2026-03-04T07:00:00.000000,0.62388128
LI,2026-03-04T08:00:00.000000,0.664078295
LI,2026-03-04T09:00:00.000000,0.696969688
LI,2026-03-04T10:00:00.000000,0.712955534
LI,2026-03-04T11:00:00.000000,0.727267265
LI,2026-03-04T12:00:00.000000,0.74318558
LI,2026-03-04T13:00:00.000000,0.751251578
LI,2026-03-04T14:00:00.000000,0.757220089
LI,2026-03-04T15:00:00.000000,0.749652803
LI,2026-03-04T16:00:00.000000,0.777988493
LI,2026-03-04T17:00:00.000000,0.779209614
LI,2026-03-04T18:00:00.000000,0.800168991
LI,2026-03-04T19:00:00.000000,0.784655511
LI,2026-03-04T20:00:00.000000,0.789395392
LI,2026-03-04T21:00:00.000000,0.79671061
LI,2026-03-04T22:00:00.000000,0.798029602
LI,2026-03-04T23:00:00.000000,0.776871741
LI,2026-03-05T00:00:00.000000,0.77353096
LI,2026-03-05T01:00:00.000000,0.777396679
LI,2026-03-05T02:00:00.000000,0.787500203
LI,2026-03-05T03:00:00.000000,0.797177553
LI,2026-03-05T04:00:00.000000,0.806254268
LI,2026-03-05T05:00:00.000000,0.815461993
LI,2026-03-05T06:00:00.000000,0.844156563
LI,2026-03-05T07:00:00.000000,0.825513005
LI,2026-03-05T08:00:00.000000,0.828523993
LI,2026-03-05T09:00:00.000000,0.844165981
LI,2026-03-05T10:00:00.000000,0.863706112
LI,2026-03-05T11:00:00.000000,0.894245327
LI,2026-03-05T12:00:00.000000,0.911642313
LI,2026-03-05T13:00:00.000000,0.907765329
LI,2026-03-05T14:00:00.000000,0.909888387
LI,2026-03-05T15:00:00.000000,0.911662877
LI,2026-03-05T16:00:00.000000,0.909262657
LI,2026-03-05T17:00:00.000000,0.91059804
LI,2026-03-05T18:00:00.000000,0.920107365
LI,2026-03-05T19:00:00.000000,0.931986213
LI,2026-03-05T20:00:00.000000,0.921417534
LI,2026-03-05T21:00:00.000000,0.91305542
LI,2026-03-05T22:00:00.000000,0.913830638
LI,2026-03-05T23:00:00.000000,0.899677932
LI,2026-03-06T00:00:00.000000,0.899188399
LI,2026-03-06T01:00:00.000000,0.913640857
LI,2026-03-06T02:00:00.000000,0.920761704
LI,2026-03-06T03:00:00.000000,0.920222044
LI,2026-03-06T04:00:00.000000,0.91922611
LI,2026-03-06T05:00:00.000000,0.925347567
LI,2026-03-06T06:00:00.000000,0.940146208
LI,2026-03-06T07:00:00.000000,0.937719285
LI,2026-03-06T08:00:00.000000,0.938296854
LI,2026-03-06T09:00:00.000000,0.936720431
LI,2026-03-06T10:00:00.000000,0.935806453
LI,2026-03-06T11:00:00.000000,0.93540442
LI,2026-03-06T12:00:00.000000,0.914966464
LI,2026-03-06T13:00:00.000000,0.935626507
LI,2026-03-06T14:00:00.000000,0.952123404
LI,2026-03-06T15:00:00.000000,0.957183301
LI,2026-03-06T16:00:00.000000,0.945398629
LI,2026-03-06T17:00:00.000000,0.939614236
LI,2026-03-06T18:00:00.000000,0.934709609
LI,2026-03-06T19:00:00.000000,0.936835766
LI,2026-03-06T20:00:00.000000,0.949026048
LI,2026-03-06T21:00:00.000000,0.971942663
LI,2026-03-06T22:00:00.000000,0.981930614
LI,2026-03-06T23:00:00.000000,0.987798929
LI,2026-03-07T00:00:00.000000,0.997327805
LI,2026-03-07T01:00:00.000000,0.998564422
LI,2026-03-07T02:00:00.000000,1.000251174
LI,2026-03-07T03:00:00.000000,1.003330946
LI,2026-03-07T04:00:00.000000,1.000753641
LI,2026-03-07T05:00:00.000000,0.978306949
LI,2026-03-07T06:00:00.000000,0.948173463
LI,2026-03-07T07:00:00.000000,0.937649012
LI,2026-03-07T08:00:00.000000,0.938854098
LI,2026-03-07T09:00:00.000000,0.943803251
LI,2026-03-07T10:00:00.000000,0.953777075
LI,2026-03-07T11:00:00.000000,0.959010303
LI,2026-03-07T12:00:00.000000,0.986227036
LI,2026-03-07T13:00:00.000000,0.993376195
LI,2026-03-07T14:00:00.000000,0.999216795
LI,2026-03-07T15:00:00.000000,1.004831672
LI,2026-03-07T16:00:00.000000,1.006958365
LI,2026-03-07T17:00:00.000000,0.99705261
LI,2026-03-07T18:00:00.000000,0.993941128
LI,2026-03-07T19:00:00.000000,0.999836624
LI,2026-03-07T20:00:00.000000,1.01849699
LI,2026-03-07T21:00:00.000000,1.03118217
LI,2026-03-07T22:00:00.000000,1.134076715
LI,2026-03-07T23:00:00.000000,1.240504265
LI,2026-03-08T00:00:00.000000,1.312116623
LI,2026-03-08T01:00:00.000000,1.362853527
LI,2026-03-08T02:00:00.000000,1.357142091
LI,2026-03-08T03:00:00.000000,1.346848249
LI,2026-03-08T04:00:00.000000,1.342976809
LI,2026-03-08T05:00:00.000000,1.34196806
LI,2026-03-08T06:00:00.000000,1.344514728
LI,2026-03-08T07:00:00.000000,1.344968915
LI,2026-03-08T08:00:00.000000,1.339068294
LI,2026-03-08T09:00:00.000000,1.305128336
LI,2026-03-08T10:00:00.000000,1.279874802
LI,2026-03-08T11:00:00.000000,1.268556714
LI,2026-03-08T12:00:00.000000,1.244017005
LI,2026-03-08T13:00:00.000000,1.231746316
LI,2026-03-08T14:00:00.000000,1.233384013
LI,2026-03-08T15:00:00.000000,1.237073779
LI,2026-03-08T16:00:00.000000,1.240452766
LI,2026-03-08T17:00:00.000000,1.243169308
LI,2026-03-08T18:00:00.000000,1.245970964
LI,2026-03-08T19:00:00.000000,1.247568727
LI,2026-03-08T20:00:00.000000,1.249856591
LI,2026-03-08T21:00:00.000000,1.237408519
LI,2026-03-08T22:00:00.000000,1.222424507
LI,2026-03-08T23:00:00.000000,1.223152518
LI,2026-03-09T00:00:00.000000,1.24257195
LI,2026-03-09T01:00:00.000000,1.260239601
LI,2026-03-09T02:00:00.000000,1.281469464
LI,2026-03-09T03:00:00.000000,1.299363136
LI,2026-03-09T04:00:00.000000,1.300228238
LI,2026-03-09T05:00:00.000000,1.288570762
LI,2026-03-09T06:00:00.000000,1.284067035
LI,2026-03-09T07:00:00.000000,1.284448743
LI,2026-03-09T08:00:00.000000,1.286131978
LI,2026-03-09T09:00:00.000000,1.288325191
LI,2026-03-09T10:00:00.000000,1.286312342
LI,2026-03-09T11:00:00.000000,1.276342511
LI,2026-03-09T12:00:00.000000,1.280913234
LI,2026-03-09T13:00:00.000000,1.281301737
LI,2026-03-09T14:00:00.000000,1.324599028
LI,2026-03-09T15:00:00.000000,1.360868812
LI,2026-03-09T16:00:00.000000,1.362362027
LI,2026-03-09T17:00:00.000000,1.356517315
LI,2026-03-09T18:00:00.000000,1.351540804
LI,2026-03-09T19:00:00.000000,1.3520751
LI,2026-03-09T20:00:00.000000,1.351564765
LI,2026-03-09T21:00:00.000000,1.351406574
LI,2026-03-09T22:00:00.000000,1.350410342
LI,2026-03-09T23:00:00.000000,1.357294321
LI,2026-03-10T00:00:00.000000,1.383167982
LI,2026-03-10T01:00:00.000000,1.401522636
LI,2026-03-10T02:00:00.000000,1.413696289
LI,2026-03-10T03:00:00.000000,1.407591224
LI,2026-03-10T04:00:00.000000,1.407665968
LI,2026-03-10T05:00:00.000000,1.408113003
LI,2026-03-10T06:00:00.000000,1.408982038
LI,2026-03-10T07:00:00.000000,1.410030603
LI,2026-03-10T08:00:00.000000,1.410368204
LI,2026-03-10T09:00:00.000000,1.410527825
LI,2026-03-10T10:00:00.000000,1.411927581
LI,2026-03-10T11:00:00.000000,1.412280083
LI,2026-03-10T12:00:00.000000,1.41306448
LI,2026-03-10T13:00:00.000000,1.415311813
LI,2026-03-10T14:00:00.000000,1.432163239
LI,2026-03-10T15:00:00.000000,1.464148164
LI,2026-03-10T16:00:00.000000,1.489546418
LI,2026-03-10T17:00:00.000000,1.506673217
LI,2026-03-10T18:00:00.000000,1.524350166
LI,2026-03-10T19:00:00.000000,1.538194299
LI,2026-03-10T20:00:00.000000,1.528752089
LI,2026-03-10T21:00:00.000000,1.515633702
LI,2026-03-10T22:00:00.000000,1.514174819
LI,2026-03-10T23:00:00.000000,1.510568976
LI,2026-03-11T00:00:00.000000,1.510806203
LI,2026-03-11T01:00:00.000000,1.540054083
LI,2026-03-11T02:00:00.000000,1.601457834
LI,2026-03-11T03:00:00.000000,1.655517578
LI,2026-03-11T04:00:00.000000,1.666002393
LI,2026-03-11T05:00:00.000000,1.667358756
LI,2026-03-11T06:00:00.000000,1.662469625
LI,2026-03-11T07:00:00.000000,1.655882359
LI,2026-03-11T08:00:00.000000,1.640866995
LI,2026-03-11T09:00:00.000000,1.607809901
LI,2026-03-11T10:00:00.000000,1.585799932
LI,2026-03-11T11:00:00.000000,1.580579162
LI,2026-03-11T12:00:00.000000,1.575335383
LI,2026-03-11T13:00:00.000000,1.574921727
LI,2026-03-11T14:00:00.000000,1.596858978
LI,2026-03-11T15:00:00.000000,1.649686098
LI,2026-03-11T16:00:00.000000,1.68170023
LI,2026-03-11T17:00:00.000000,1.703746557
LI,2026-03-11T18:00:00.000000,1.718188286
LI,2026-03-11T19:00:00.000000,1.730835915
LI,2026-03-11T20:00:00.000000,1.740756869
LI,2026-03-11T21:00:00.000000,1.745525002
LI,2026-03-11T22:00:00.000000,1.746688962
LI,2026-03-11T23:00:00.000000,1.747141242
LI,2026-03-12T00:00:00.000000,1.747950435
OB,2026-03-04T00:00:00.000000,1.00617826
OB,2026-03-04T01:00:00.000000,1.044711232
OB,2026-03-04T02:00:00.000000,1.069357753
OB,2026-03-04T03:00:00.000000,1.090818882
OB,2026-03-04T04:00:00.000000,1.090208769
OB,2026-03-04T05:00:00.000000,1.051491737
OB,2026-03-04T06:00:00.000000,1.023351312
OB,2026-03-04T07:00:00.000000,1.013282895
OB,2026-03-04T08:00:00.000000,1.009692788
OB,2026-03-04T09:00:00.000000,1.007113218
OB,2026-03-04T10:00:00.000000,1.002386212
OB,2026-03-04T11:00:00.000000,1.002929449
OB,2026-03-04T12:00:00.000000,1.008436203
OB,2026-03-04T13:00:00.000000,1.017905593
OB,2026-03-04T14:00:00.000000,1.088394761
OB,2026-03-04T15:00:00.000000,1.140103579
OB,2026-03-04T16:00:00.000000,1.153743148
OB,2026-03-04T17:00:00.000000,1.089373231
OB,2026-03-04T18:00:00.000000,1.059023619
OB,2026-03-04T19:00:00.000000,1.049495339
OB,2026-03-04T20:00:00.000000,1.045341253
OB,2026-03-04T21:00:00.000000,1.040588617
OB,2026-03-04T22:00:00.000000,1.036698222
OB,2026-03-04T23:00:00.000000,1.037014842
OB,2026-03-05T00:00:00.000000,1.041072726
OB,2026-03-05T01:00:00.000000,1.057159066
OB,2026-03-05T02:00:00.000000,1.166443348
OB,2026-03-05T03:00:00.000000,1.280498981
OB,2026-03-05T04:00:00.000000,1.316631556
OB,2026-03-05T05:00:00.000000,1.287784457
OB,2026-03-05T06:00:00.000000,1.239531279
OB,2026-03-05T07:00:00.000000,1.221331954
OB,2026-03-05T08:00:00.000000,1.207810402
OB,2026-03-05T09:00:00.000000,1.195824265
OB,2026-03-05T10:00:00.000000,1.182409763
OB,2026-03-05T11:00:00.000000,1.1812253
OB,2026-03-05T12:00:00.000000,1.186438322
OB,2026-03-05T13:00:00.000000,1.205632091
OB,2026-03-05T14:00:00.000000,1.235995293
OB,2026-03-05T15:00:00.000000,1.268918276
OB,2026-03-05T16:00:00.000000,1.304486871
OB,2026-03-05T17:00:00.000000,1.305354595
OB,2026-03-05T18:00:00.000000,1.267052054
OB,2026-03-05T19:00:00.000000,1.242448926
OB,2026-03-05T20:00:00.000000,1.22881484
OB,2026-03-05T21:00:00.000000,1.220538259
OB,2026-03-05T22:00:00.000000,1.215349317
OB,2026-03-05T23:00:00.000000,1.207810283
OB,2026-03-06T00:00:00.000000,1.207331777
OB,2026-03-06T01:00:00.000000,1.211645365
OB,2026-03-06T02:00:00.000000,1.225114346
OB,2026-03-06T03:00:00.000000,1.256204963
OB,2026-03-06T04:00:00.000000,1.299256086
OB,2026-03-06T05:00:00.000000,1.305892467
OB,2026-03-06T06:00:00.000000,1.275726914
OB,2026-03-06T07:00:00.000000,1.267142773
OB,2026-03-06T08:00:00.000000,1.262259722
OB,2026-03-06T09:00:00.000000,1.258502364
OB,2026-03-06T10:00:00.000000,1.260141611
OB,2026-03-06T11:00:00.000000,1.265066981
OB,2026-03-06T12:00:00.000000,1.268578053
OB,2026-03-06T13:00:00.000000,1.270548224
OB,2026-03-06T14:00:00.000000,1.288256645
OB,2026-03-06T15:00:00.000000,1.313298583
OB,2026-03-06T16:00:00.000000,1.340214729
OB,2026-03-06T17:00:00.000000,1.352930188
OB,2026-03-06T18:00:00.000000,1.348540545
OB,2026-03-06T19:00:00.000000,1.355526924
OB,2026-03-06T20:00:00.000000,1.357121468
OB,2026-03-06T21:00:00.000000,1.356251001
OB,2026-03-06T22:00:00.000000,1.359231234
OB,2026-03-06T23:00:00.000000,1.364949226
OB,2026-03-07T00:00:00.000000,1.36902225
OB,2026-03-07T01:00:00.000000,1.371363521
OB,2026-03-07T02:00:00.000000,1.379057527
OB,2026-03-07T03:00:00.000000,1.389350891
OB,2026-03-07T04:00:00.000000,1.398103476
OB,2026-03-07T05:00:00.000000,1.405546784
OB,2026-03-07T06:00:00.000000,1.408494949
OB,2026-03-07T07:00:00.000000,1.406207204
OB,2026-03-07T08:00:00.000000,1.402891755
OB,2026-03-07T09:00:00.000000,1.401007891
OB,2026-03-07T10:00:00.000000,1.400047541
OB,2026-03-07T11:00:00.000000,1.399324298
OB,2026-03-07T12:00:00.000000,1.399104953
OB,2026-03-07T13:00:00.000000,1.399552107
OB,2026-03-07T14:00:00.000000,1.40070951
OB,2026-03-07T15:00:00.000000,1.401973486
OB,2026-03-07T16:00:00.000000,1.411212921
OB,2026-03-07T17:00:00.000000,1.467360497
OB,2026-03-07T18:00:00.000000,1.47758007
OB,2026-03-07T19:00:00.000000,1.47661972
OB,2026-03-07T20:00:00.000000,1.469839454
OB,2026-03-07T21:00:00.000000,1.462942243
OB,2026-03-07T22:00:00.000000,1.457870007
OB,2026-03-07T23:00:00.000000,1.450224996
OB,2026-03-08T00:00:00.000000,1.43933475
OB,2026-03-08T01:00:00.000000,1.435035825
OB,2026-03-08T02:00:00.000000,1.441652656
OB,2026-03-08T03:00:00.000000,1.455300808
OB,2026-03-08T04:00:00.000000,1.467387319
OB,2026-03-08T05:00:00.000000,1.472208142
OB,2026-03-08T06:00:00.000000,1.471350551
OB,2026-03-08T07:00:00.000000,1.463674664
OB,2026-03-08T08:00:00.000000,1.449087739
OB,2026-03-08T09:00:00.000000,1.43948555
OB,2026-03-08T10:00:00.000000,1.432995558
OB,2026-03-08T11:00:00.000000,1.428135991
OB,2026-03-08T12:00:00.000000,1.417581916
OB,2026-03-08T13:00:00.000000,1.415356636
OB,2026-03-08T14:00:00.000000,1.418270111
OB,2026-03-08T15:00:00.000000,1.429538488
OB,2026-03-08T16:00:00.000000,1.443516254
OB,2026-03-08T17:00:00.000000,1.453452229
OB,2026-03-08T18:00:00.000000,1.460021615
OB,2026-03-08T19:00:00.000000,1.462454557
OB,2026-03-08T20:00:00.000000,1.456900239
OB,2026-03-08T21:00:00.000000,1.451859951
OB,2026-03-08T22:00:00.000000,1.448423386
OB,2026-03-08T23:00:00.000000,1.446160197
OB,2026-03-09T00:00:00.000000,1.44296968
OB,2026-03-09T01:00:00.000000,1.439480186
OB,2026-03-09T02:00:00.000000,1.440052629
OB,2026-03-09T03:00:00.000000,1.445832968
OB,2026-03-09T04:00:00.000000,1.452959538
OB,2026-03-09T05:00:00.000000,1.460357308
OB,2026-03-09T06:00:00.000000,1.466592193
OB,2026-03-09T07:00:00.000000,1.468945503
OB,2026-03-09T08:00:00.000000,1.468595743
OB,2026-03-09T09:00:00.000000,1.467357039
OB,2026-03-09T10:00:00.000000,1.466769695
OB,2026-03-09T11:00:00.000000,1.466473937
OB,2026-03-09T12:00:00.000000,1.465313315
OB,2026-03-09T13:00:00.000000,1.464814544
OB,2026-03-09T14:00:00.000000,1.467657208
OB,2026-03-09T15:00:00.000000,1.471846223
OB,2026-03-09T16:00:00.000000,1.48006022
OB,2026-03-09T17:00:00.000000,1.497498512
OB,2026-03-09T18:00:00.000000,1.507102132
OB,2026-03-09T19:00:00.000000,1.510672569
OB,2026-03-09T20:00:00.000000,1.505738378
OB,2026-03-09T21:00:00.000000,1.491327524
OB,2026-03-09T22:00:00.000000,1.480371475
OB,2026-03-09T23:00:00.000000,1.471503258
OB,2026-03-10T00:00:00.000000,1.466908574
OB,2026-03-10T01:00:00.000000,1.457780838
OB,2026-03-10T02:00:00.000000,1.455192924
OB,2026-03-10T03:00:00.000000,1.471611977
OB,2026-03-10T04:00:00.000000,1.490172863
OB,2026-03-10T05:00:00.000000,1.504566789
OB,2026-03-10T06:00:00.000000,1.509248376
OB,2026-03-10T07:00:00.000000,1.509742618
OB,2026-03-10T08:00:00.000000,1.50410831
OB,2026-03-10T09:00:00.000000,1.491306663
OB,2026-03-10T10:00:00.000000,1.476434112
OB,2026-03-10T11:00:00.000000,1.467015266
OB,2026-03-10T12:00:00.000000,1.462088704
OB,2026-03-10T13:00:00.000000,1.460053444
OB,2026-03-10T14:00:00.000000,1.460877538
OB,2026-03-10T15:00:00.000000,1.466410518
OB,2026-03-10T16:00:00.000000,1.474170208
OB,2026-03-10T17:00:00.000000,1.482944727
OB,2026-03-10T18:00:00.000000,1.488583446
OB,2026-03-10T19:00:00.000000,1.492955565
OB,2026-03-10T20:00:00.000000,1.489696264
OB,2026-03-10T21:00:00.000000,1.478131771
OB,2026-03-10T22:00:00.000000,1.464802146
OB,2026-03-10T23:00:00.000000,1.45674789
OB,2026-03-11T00:00:00.000000,1.45085609
OB,2026-03-11T01:00:00.000000,1.445385575
OB,2026-03-11T02:00:00.000000,1.442682147
OB,2026-03-11T03:00:00.000000,1.442504764
OB,2026-03-11T04:00:00.000000,1.447318077
OB,2026-03-11T05:00:00.000000,1.453944921
OB,2026-03-11T06:00:00.000000,1.458689928
OB,2026-03-11T07:00:00.000000,1.462017059
OB,2026-03-11T08:00:00.000000,1.465776205
OB,2026-03-11T09:00:00.000000,1.465200782
OB,2026-03-11T10:00:00.000000,1.462110996
OB,2026-03-11T11:00:00.000000,1.456947207
OB,2026-03-11T12:00:00.000000,1.452083468
OB,2026-03-11T13:00:00.000000,1.446303844
OB,2026-03-11T14:00:00.000000,1.439798951
OB,2026-03-11T15:00:00.000000,1.439026356
OB,2026-03-11T16:00:00.000000,1.447002649
OB,2026-03-11T17:00:00.000000,1.454589367
OB,2026-03-11T18:00:00.000000,1.462458849
OB,2026-03-11T19:00:00.000000,1.471431255
OB,2026-03-11T20:00:00.000000,1.476541877
OB,2026-03-11T21:00:00.000000,1.477630615
OB,2026-03-11T22:00:00.000000,1.471807003
OB,2026-03-11T23:00:00.000000,1.460373282
OB,2026-03-12T00:00:00.000000,1.449147344
WC,2026-03-04T00:00:00.000000,0.598871529
WC,2026-03-04T01:00:00.000000,0.598148823
WC,2026-03-04T02:00:00.000000,0.602936625
WC,2026-03-04T03:00:00.000000,0.597211719
WC,2026-03-04T04:00:00.000000,0.593226314
WC,2026-03-04T05:00:00.000000,0.643306553
WC,2026-03-04T06:00:00.000000,0.679688454
WC,2026-03-04T07:00:00.000000,0.703127742
WC,2026-03-04T08:00:00.000000,0.740823865
WC,2026-03-04T09:00:00.000000,0.776153803
WC,2026-03-04T10:00:00.000000,0.783940911
WC,2026-03-04T11:00:00.000000,0.705580056
WC,2026-03-04T12:00:00.000000,0.687278271
WC,2026-03-04T13:00:00.000000,0.715228498
WC,2026-03-04T14:00:00.000000,0.750205517
WC,2026-03-04T15:00:00.000000,0.767561555
WC,2026-03-04T16:00:00.000000,0.763071418
WC,2026-03-04T17:00:00.000000,0.733876228
WC,2026-03-04T18:00:00.000000,0.77166152
WC,2026-03-04T19:00:00.000000,0.81052649
WC,2026-03-04T20:00:00.000000,0.842243254
WC,2026-03-04T21:00:00.000000,0.863551378
WC,2026-03-04T22:00:00.000000,0.883041561
WC,2026-03-04T23:00:00.000000,0.913914561
WC,2026-03-05T00:00:00.000000,0.889281034
WC,2026-03-05T01:00:00.000000,0.890551329
WC,2026-03-05T02:00:00.000000,0.914092064
WC,2026-03-05T03:00:00.000000,0.931491971
WC,2026-03-05T04:00:00.000000,0.921682179
WC,2026-03-05T05:00:00.000000,0.874379516
WC,2026-03-05T06:00:00.000000,0.874943614
WC,2026-03-05T07:00:00.000000,0.898172617
WC,2026-03-05T08:00:00.000000,0.917871356
WC,2026-03-05T09:00:00.000000,0.924592435
WC,2026-03-05T10:00:00.000000,0.944367111
WC,2026-03-05T11:00:00.000000,0.937624574
WC,2026-03-05T12:00:00.000000,0.945560396
WC,2026-03-05T13:00:00.000000,0.947344661
WC,2026-03-05T14:00:00.000000,0.948745966
WC,2026-03-05T15:00:00.000000,0.951371074
WC,2026-03-05T16:00:00.000000,0.952230155
WC,2026-03-05T17:00:00.000000,0.948467791
WC,2026-03-05T18:00:00.000000,0.95194912
WC,2026-03-05T19:00:00.000000,0.967515111
WC,2026-03-05T20:00:00.000000,0.986488819
WC,2026-03-05T21:00:00.000000,0.991794884
WC,2026-03-05T22:00:00.000000,1.008279085
WC,2026-03-05T23:00:00.000000,1.008298874
WC,2026-03-06T00:00:00.000000,1.00756526
WC,2026-03-06T01:00:00.000000,0.99331218
WC,2026-03-06T02:00:00.000000,0.994546711
WC,2026-03-06T03:00:00.000000,0.990364909
WC,2026-03-06T04:00:00.000000,0.988611519
WC,2026-03-06T05:00:00.000000,0.991776228
WC,2026-03-06T06:00:00.000000,0.996491671
WC,2026-03-06T07:00:00.000000,1.013429284
WC,2026-03-06T08:00:00.000000,1.036867142
WC,2026-03-06T09:00:00.000000,1.042300105
WC,2026-03-06T10:00:00.000000,1.075202465
WC,2026-03-06T11:00:00.000000,1.103406191
WC,2026-03-06T12:00:00.000000,1.070492744
WC,2026-03-06T13:00:00.000000,1.01149416
WC,2026-03-06T14:00:00.000000,1.014135838
WC,2026-03-06T15:00:00.000000,1.01239872
WC,2026-03-06T16:00:00.000000,1.013293862
WC,2026-03-06T17:00:00.000000,1.013553619
WC,2026-03-06T18:00:00.000000,1.019600987
WC,2026-03-06T19:00:00.000000,1.067502141
WC,2026-03-06T20:00:00.000000,1.090442538
WC,2026-03-06T21:00:00.000000,1.118200779
WC,2026-03-06T22:00:00.000000,1.133443713
WC,2026-03-06T23:00:00.000000,1.154503107
WC,2026-03-07T00:00:00.000000,1.143333793
WC,2026-03-07T01:00:00.000000,1.077088118
WC,2026-03-07T02:00:00.000000,1.051457167
WC,2026-03-07T03:00:00.000000,1.043994665
WC,2026-03-07T04:00:00.000000,1.038756371
WC,2026-03-07T05:00:00.000000,1.038580656
WC,2026-03-07T06:00:00.000000,1.043182254
WC,2026-03-07T07:00:00.000000,1.088420272
WC,2026-03-07T08:00:00.000000,1.122109294
WC,2026-03-07T09:00:00.000000,1.143210769
WC,2026-03-07T10:00:00.000000,1.155040264
WC,2026-03-07T11:00:00.000000,1.174011469
WC,2026-03-07T12:00:00.000000,1.167308927
WC,2026-03-07T13:00:00.000000,1.074128151
WC,2026-03-07T14:00:00.000000,1.015181422
WC,2026-03-07T15:00:00.000000,1.003891945
WC,2026-03-07T16:00:00.000000,1.000099063
WC,2026-03-07T17:00:00.000000,1.000709653
WC,2026-03-07T18:00:00.000000,1.005720496
WC,2026-03-07T19:00:00.000000,1.034916043
WC,2026-03-07T20:00:00.000000,1.105191112
WC,2026-03-07T21:00:00.000000,1.141286135
WC,2026-03-07T22:00:00.000000,1.157405615
WC,2026-03-07T23:00:00.000000,1.164651871
WC,2026-03-08T00:00:00.000000,1.166644335
WC,2026-03-08T01:00:00.000000,1.121065974
WC,2026-03-08T02:00:00.000000,1.069698453
WC,2026-03-08T03:00:00.000000,1.069711685
WC,2026-03-08T04:00:00.000000,1.078773499
WC,2026-03-08T05:00:00.000000,1.091597199
WC,2026-03-08T06:00:00.000000,1.085178256
WC,2026-03-08T07:00:00.000000,1.075205207
WC,2026-03-08T08:00:00.000000,1.105345845
WC,2026-03-08T09:00:00.000000,1.131859899
WC,2026-03-08T10:00:00.000000,1.149220943
WC,2026-03-08T11:00:00.000000,1.154902339
WC,2026-03-08T12:00:00.000000,1.158672333
WC,2026-03-08T13:00:00.000000,1.15123117
WC,2026-03-08T14:00:00.000000,1.118947506
WC,2026-03-08T15:00:00.000000,1.124452829
WC,2026-03-08T16:00:00.000000,1.144318342
WC,2026-03-08T17:00:00.000000,1.16024971
WC,2026-03-08T18:00:00.000000,1.165459156
WC,2026-03-08T19:00:00.000000,1.158649087
WC,2026-03-08T20:00:00.000000,1.152188063
WC,2026-03-08T21:00:00.000000,1.17185092
WC,2026-03-08T22:00:00.000000,1.18732512
WC,2026-03-08T23:00:00.000000,1.199580789
WC,2026-03-09T00:00:00.000000,1.203344107
WC,2026-03-09T01:00:00.000000,1.203222036
WC,2026-03-09T02:00:00.000000,1.190242171
WC,2026-03-09T03:00:00.000000,1.191494107
WC,2026-03-09T04:00:00.000000,1.204992414
WC,2026-03-09T05:00:00.000000,1.214766979
WC,2026-03-09T06:00:00.000000,1.215712428
WC,2026-03-09T07:00:00.000000,1.20313096
WC,2026-03-09T08:00:00.000000,1.195338011
WC,2026-03-09T09:00:00.000000,1.204167485
WC,2026-03-09T10:00:00.000000,1.214627624
WC,2026-03-09T11:00:00.000000,1.220785856
WC,2026-03-09T12:00:00.000000,1.231294751
WC,2026-03-09T13:00:00.000000,1.240617037
WC,2026-03-09T14:00:00.000000,1.222444057
WC,2026-03-09T15:00:00.000000,1.230121017
WC,2026-03-09T16:00:00.000000,1.246911168
WC,2026-03-09T17:00:00.000000,1.2603544
WC,2026-03-09T18:00:00.000000,1.269529939
WC,2026-03-09T19:00:00.000000,1.274105072
WC,2026-03-09T20:00:00.000000,1.271216393
WC,2026-03-09T21:00:00.000000,1.27019763
WC,2026-03-09T22:00:00.000000,1.278633595
WC,2026-03-09T23:00:00.000000,1.286625862
WC,2026-03-10T00:00:00.000000,1.296002984
WC,2026-03-10T01:00:00.000000,1.302983403
WC,2026-03-10T02:00:00.000000,1.291385412
WC,2026-03-10T03:00:00.000000,1.296035528
WC,2026-03-10T04:00:00.000000,1.298551917
WC,2026-03-10T05:00:00.000000,1.310210347
WC,2026-03-10T06:00:00.000000,1.323339343
WC,2026-03-10T07:00:00.000000,1.326592565
WC,2026-03-10T08:00:00.000000,1.313938498
WC,2026-03-10T09:00:00.000000,1.299932122
WC,2026-03-10T10:00:00.000000,1.29573679
WC,2026-03-10T11:00:00.000000,1.299316645
WC,2026-03-10T12:00:00.000000,1.304102302
WC,2026-03-10T13:00:00.000000,1.307701349
WC,2026-03-10T14:00:00.000000,1.309934497
WC,2026-03-10T15:00:00.000000,1.333406568
WC,2026-03-10T16:00:00.000000,1.352144599
WC,2026-03-10T17:00:00.000000,1.366744876
WC,2026-03-10T18:00:00.000000,1.380100369
WC,2026-03-10T19:00:00.000000,1.390740275
WC,2026-03-10T20:00:00.000000,1.393058777
WC,2026-03-10T21:00:00.000000,1.382061124
WC,2026-03-10T22:00:00.000000,1.365858078
WC,2026-03-10T23:00:00.000000,1.3538481
WC,2026-03-11T00:00:00.000000,1.349217892
WC,2026-03-11T01:00:00.000000,1.348503113
WC,2026-03-11T02:00:00.000000,1.347344398
WC,2026-03-11T03:00:00.000000,1.343708754
WC,2026-03-11T04:00:00.000000,1.375514865
WC,2026-03-11T05:00:00.000000,1.394189119
WC,2026-03-11T06:00:00.000000,1.406718135
WC,2026-03-11T07:00:00.000000,1.411779046
WC,2026-03-11T08:00:00.000000,1.410002351
WC,2026-03-11T09:00:00.000000,1.396777272
WC,2026-03-11T10:00:00.000000,1.372498393
WC,2026-03-11T11:00:00.000000,1.357245445
WC,2026-03-11T12:00:00.000000,1.352763772
WC,2026-03-11T13:00:00.000000,1.352755666
WC,2026-03-11T14:00:00.000000,1.353279233
WC,2026-03-11T15:00:00.000000,1.354011059
WC,2026-03-11T16:00:00.000000,1.389602542
WC,2026-03-11T17:00:00.000000,1.429335117
WC,2026-03-11T18:00:00.000000,1.442003489
WC,2026-03-11T19:00:00.000000,1.451488376
WC,2026-03-11T20:00:00.000000,1.45735085
WC,2026-03-11T21:00:00.000000,1.459150553
WC,2026-03-11T22:00:00.000000,1.446151257
WC,2026-03-11T23:00:00.000000,1.423639774
WC,2026-03-12T00:00:00.000000,1.404282928
WI,2026-03-04T00:00:00.000000,0.362688124
WI,2026-03-04T01:00:00.000000,0.373074889
WI,2026-03-04T02:00:00.000000,0.380811125
WI,2026-03-04T03:00:00.000000,0.378445864
WI,2026-03-04T04:00:00.000000,0.378465474
WI,2026-03-04T05:00:00.000000,0.379807174
WI,2026-03-04T06:00:00.000000,0.367171228
WI,2026-03-04T07:00:00.000000,0.363259584
WI,2026-03-04T08:00:00.000000,0.365647227
WI,2026-03-04T09:00:00.000000,0.379514277
WI,2026-03-04T10:00:00.000000,0.388876379
WI,2026-03-04T11:00:00.000000,0.427092105
WI,2026-03-04T12:00:00.000000,0.441986918
WI,2026-03-04T13:00:00.000000,0.452783465
WI,2026-03-04T14:00:00.000000,0.441688001
WI,2026-03-04T15:00:00.000000,0.435268998
WI,2026-03-04T16:00:00.000000,0.448678553
WI,2026-03-04T17:00:00.000000,0.487835944
WI,2026-03-04T18:00:00.000000,0.488412857
WI,2026-03-04T19:00:00.000000,0.476286739
WI,2026-03-04T20:00:00.000000,0.476784617
WI,2026-03-04T21:00:00.000000,0.483942956
WI,2026-03-04T22:00:00.000000,0.515582204
WI,2026-03-04T23:00:00.000000,0.568310678
WI,2026-03-05T00:00:00.000000,0.587949574
WI,2026-03-05T01:00:00.000000,0.588816941
WI,2026-03-05T02:00:00.000000,0.573213995
WI,2026-03-05T03:00:00.000000,0.562733114
WI,2026-03-05T04:00:00.000000,0.545914888
WI,2026-03-05T05:00:00.000000,0.533150673
WI,2026-03-05T06:00:00.000000,0.558827162
WI,2026-03-05T07:00:00.000000,0.564604044
WI,2026-03-05T08:00:00.000000,0.574230015
WI,2026-03-05T09:00:00.000000,0.558942378
WI,2026-03-05T10:00:00.000000,0.562970519
WI,2026-03-05T11:00:00.000000,0.572862267
WI,2026-03-05T12:00:00.000000,0.584087849
WI,2026-03-05T13:00:00.000000,0.589715004
WI,2026-03-05T14:00:00.000000,0.590760171
WI,2026-03-05T15:00:00.000000,0.589759588
WI,2026-03-05T16:00:00.000000,0.602188587
WI,2026-03-05T17:00:00.000000,0.621495545
WI,2026-03-05T18:00:00.000000,0.640090942
WI,2026-03-05T19:00:00.000000,0.605581224
WI,2026-03-05T20:00:00.000000,0.579617023
WI,2026-03-05T21:00:00.000000,0.567771792
WI,2026-03-05T22:00:00.000000,0.633173347
WI,2026-03-05T23:00:00.000000,0.577210844
WI,2026-03-06T00:00:00.000000,0.593460917
WI,2026-03-06T01:00:00.000000,0.612232864
WI,2026-03-06T02:00:00.000000,0.613930583
WI,2026-03-06T03:00:00.000000,0.640698671
WI,2026-03-06T04:00:00.000000,0.74143666
WI,2026-03-06T05:00:00.000000,0.78074497
WI,2026-03-06T06:00:00.000000,0.813338816
WI,2026-03-06T07:00:00.000000,0.811779976
WI,2026-03-06T08:00:00.000000,0.736267567
WI,2026-03-06T09:00:00.000000,0.730228305
WI,2026-03-06T10:00:00.000000,0.724787533
WI,2026-03-06T11:00:00.000000,0.717841148
WI,2026-03-06T12:00:00.000000,0.632964194
WI,2026-03-06T13:00:00.000000,0.654478014
WI,2026-03-06T14:00:00.000000,0.664950669
WI,2026-03-06T15:00:00.000000,0.705479264
WI,2026-03-06T16:00:00.000000,0.874081135
WI,2026-03-06T17:00:00.000000,0.932623744
WI,2026-03-06T18:00:00.000000,0.960645974
WI,2026-03-06T19:00:00.000000,0.950861514
WI,2026-03-06T20:00:00.000000,0.828353703
WI,2026-03-06T21:00:00.000000,0.776079297
WI,2026-03-06T22:00:00.000000,0.885687649
WI,2026-03-06T23:00:00.000000,0.940321684
WI,2026-03-07T00:00:00.000000,0.716006458
WI,2026-03-07T01:00:00.000000,0.729723752
WI,2026-03-07T02:00:00.000000,0.746640027
WI,2026-03-07T03:00:00.000000,0.75494343
WI,2026-03-07T04:00:00.000000,0.964958131
WI,2026-03-07T05:00:00.000000,1.052712798
WI,2026-03-07T06:00:00.000000,1.073638558
WI,2026-03-07T07:00:00.000000,1.083280325
WI,2026-03-07T08:00:00.000000,1.006798983
WI,2026-03-07T09:00:00.000000,0.92705673
WI,2026-03-07T10:00:00.000000,0.954119384
WI,2026-03-07T11:00:00.000000,1.014773965
WI,2026-03-07T12:00:00.000000,0.819929898
WI,2026-03-07T13:00:00.000000,0.796145916
WI,2026-03-07T14:00:00.000000,0.829984665
WI,2026-03-07T15:00:00.000000,0.831533909
WI,2026-03-07T16:00:00.000000,0.969792783
WI,2026-03-07T17:00:00.000000,1.068264723
WI,2026-03-07T18:00:00.000000,1.088626504
WI,2026-03-07T19:00:00.000000,1.087968588
WI,2026-03-07T20:00:00.000000,1.087828159
WI,2026-03-07T21:00:00.000000,1.013373017
WI,2026-03-07T22:00:00.000000,0.985779881
WI,2026-03-07T23:00:00.000000,0.968246996
WI,2026-03-08T00:00:00.000000,0.958855987
WI,2026-03-08T01:00:00.000000,0.936074436
WI,2026-03-08T02:00:00.000000,0.917163134
WI,2026-03-08T03:00:00.000000,0.911295116
WI,2026-03-08T04:00:00.000000,0.944087982
WI,2026-03-08T05:00:00.000000,0.9709512
WI,2026-03-08T06:00:00.000000,0.963706732
WI,2026-03-08T07:00:00.000000,0.943913221
WI,2026-03-08T08:00:00.000000,0.962814927
WI,2026-03-08T09:00:00.000000,0.954016685
WI,2026-03-08T10:00:00.000000,0.958882511
WI,2026-03-08T11:00:00.000000,0.965853274
WI,2026-03-08T12:00:00.000000,0.966065407
WI,2026-03-08T13:00:00.000000,0.972542584
WI,2026-03-08T14:00:00.000000,0.98058331
WI,2026-03-08T15:00:00.000000,0.984161019
WI,2026-03-08T16:00:00.000000,0.940370798
WI,2026-03-08T17:00:00.000000,0.876094818
WI,2026-03-08T18:00:00.000000,0.850844204
WI,2026-03-08T19:00:00.000000,0.844038188
WI,2026-03-08T20:00:00.000000,0.855596244
WI,2026-03-08T21:00:00.000000,0.896015644
WI,2026-03-08T22:00:00.000000,0.940340042
WI,2026-03-08T23:00:00.000000,0.958909571
WI,2026-03-09T00:00:00.000000,0.959413528
WI,2026-03-09T01:00:00.000000,0.974331856
WI,2026-03-09T02:00:00.000000,0.988569975
WI,2026-03-09T03:00:00.000000,1.001576185
WI,2026-03-09T04:00:00.000000,0.955127597
WI,2026-03-09T05:00:00.000000,0.883528173
WI,2026-03-09T06:00:00.000000,0.868988097
WI,2026-03-09T07:00:00.000000,0.863905311
WI,2026-03-09T08:00:00.000000,0.865867555
WI,2026-03-09T09:00:00.000000,0.88469702
WI,2026-03-09T10:00:00.000000,0.927060485
WI,2026-03-09T11:00:00.000000,0.92705667
WI,2026-03-09T12:00:00.000000,0.95496136
WI,2026-03-09T13:00:00.000000,0.945804656
WI,2026-03-09T14:00:00.000000,0.944266081
WI,2026-03-09T15:00:00.000000,0.958884537
WI,2026-03-09T16:00:00.000000,0.966537178
WI,2026-03-09T17:00:00.000000,0.968493342
WI,2026-03-09T18:00:00.000000,0.972063661
WI,2026-03-09T19:00:00.000000,0.972656786
WI,2026-03-09T20:00:00.000000,0.974914908
WI,2026-03-09T21:00:00.000000,0.979852319
WI,2026-03-09T22:00:00.000000,0.988998711
WI,2026-03-09T23:00:00.000000,0.994346559
WI,2026-03-10T00:00:00.000000,0.995414793
WI,2026-03-10T01:00:00.000000,1.001660824
WI,2026-03-10T02:00:00.000000,1.006265759
WI,2026-03-10T03:00:00.000000,1.009473324
WI,2026-03-10T04:00:00.000000,1.018287659
WI,2026-03-10T05:00:00.000000,1.022915125
WI,2026-03-10T06:00:00.000000,1.007500291
WI,2026-03-10T07:00:00.000000,0.960691333
WI,2026-03-10T08:00:00.000000,0.939945996
WI,2026-03-10T09:00:00.000000,0.937059879
WI,2026-03-10T10:00:00.000000,0.950934231
WI,2026-03-10T11:00:00.000000,0.988384008
WI,2026-03-10T12:00:00.000000,0.986793876
WI,2026-03-10T13:00:00.000000,0.959961653
WI,2026-03-10T14:00:00.000000,1.013856292
WI,2026-03-10T15:00:00.000000,1.033514857
WI,2026-03-10T16:00:00.000000,1.049301267
WI,2026-03-10T17:00:00.000000,1.047263026
WI,2026-03-10T18:00:00.000000,1.049678564
WI,2026-03-10T19:00:00.000000,1.01550889
WI,2026-03-10T20:00:00.000000,0.983388245
WI,2026-03-10T21:00:00.000000,0.983645141
WI,2026-03-10T22:00:00.000000,0.989327371
WI,2026-03-10T23:00:00.000000,1.032715321
WI,2026-03-11T00:00:00.000000,1.053217888
WI,2026-03-11T01:00:00.000000,1.048401833
WI,2026-03-11T02:00:00.000000,1.071165085
WI,2026-03-11T03:00:00.000000,1.09863019
WI,2026-03-11T04:00:00.000000,1.116402149
WI,2026-03-11T05:00:00.000000,1.123787522
WI,2026-03-11T06:00:00.000000,1.101593018
WI,2026-03-11T07:00:00.000000,1.068300724
WI,2026-03-11T08:00:00.000000,1.044412971
WI,2026-03-11T09:00:00.000000,1.039732814
WI,2026-03-11T10:00:00.000000,1.04014504
WI,2026-03-11T11:00:00.000000,1.045818329
WI,2026-03-11T12:00:00.000000,1.049676538
WI,2026-03-11T13:00:00.000000,1.054449916
WI,2026-03-11T14:00:00.000000,1.062511206
WI,2026-03-11T15:00:00.000000,1.078410268
WI,2026-03-11T16:00:00.000000,1.094794869
WI,2026-03-11T17:00:00.000000,1.111123681
WI,2026-03-11T18:00:00.000000,1.12849772
WI,2026-03-11T19:00:00.000000,1.143540144
WI,2026-03-11T20:00:00.000000,1.15322268
WI,2026-03-11T21:00:00.000000,1.149121404
WI,2026-03-11T22:00:00.000000,1.128656864
WI,2026-03-11T23:00:00.000000,1.133919358
WI,2026-03-12T00:00:00.000000,1.167401314
